AMINO ACID, DSSP, SASA, GYRATE, ENERGY, RMSF
ALA, 10, 25.598, 0.821041, -80668.640625, 0.251659259259
ARG, 8, 28.188, 0.849128, -80402.492188, 0.298462962963
ASN, 4, 29.156, 0.868313, -80199.437500, 0.210481481481
ASP, 2, 27.754, 0.851658, -80462.906250, 0.207903703704
CYS, 10, 26.951, 0.813265, -79593.351562, 0.307162962963
GLN, 14, 25.618, 0.804518, -79888.328125, 0.290562962963
GLU, 8, 27.039, 0.821755, -79946.187500, 0.207940740741
GLY, 10, 24.942, 0.812149, -80564.531250, 0.230159259259
HIS, 12, 27.677, 0.861297, -80019.492188, 0.336788888889
ILE, 6, 27.795, 0.823976, -80419.140625, 0.278788888889
LEU, 14, 25.182, 0.811405, -79710.132812, 0.349325925926
LYS, 14, 26.122, 0.82015, -80249.960938, 0.242707407407
MET, 12, 27.390, 0.823831, -79975.132812, 0.221622222222
PHE, 10, 26.655, 0.817845, -79842.828125, 0.339081481481
PRO, 10, 26.341, 0.804386, -80634.179688, 0.268974074074
SER, 8, 26.903, 0.836486, -79999.562500, 0.234703703704
THR, 10, 27.717, 0.821159, -80483.242188, 0.375159259259
TRP, 12, 26.738, 0.867105, -80375.781250, 0.314955555556
TYR, 10, 27.125, 0.827731, -79775.039062, 0.270355555556
VAL, 8, 27.498, 0.840532, -80299.796875, 0.221659259259
