AMINO ACID, DSSP, SASA, GYRATE, ENERGY, RMSF
ALA, 10, 25.410, 0.814544, -79759.015625, 0.251659259259
ARG, 8, 29.687, 0.853498, -80728.375000, 0.298462962963
ASN, 8, 29.265, 0.853109, -80193.195312, 0.210481481481
ASP, 6, 26.275, 0.836581, -80253.554688, 0.207903703704
CYS, 8, 25.191, 0.806992, -79779.671875, 0.307162962963
GLN, 12, 26.145, 0.800308, -80487.273438, 0.290562962963
GLU, 10, 26.498, 0.813123, -80025.890625, 0.207940740741
GLY, 10, 24.439, 0.804457, -80500.046875, 0.230159259259
HIS, 10, 27.548, 0.855029, -80467.781250, 0.336788888889
ILE, 10, 26.521, 0.833034, -80607.921875, 0.278788888889
LEU, 14, 25.274, 0.815104, -80198.453125, 0.349325925926
LYS, 14, 26.508, 0.817384, -81147.421875, 0.242707407407
MET, 10, 25.996, 0.812923, -80249.460938, 0.221622222222
PHE, 8, 26.970, 0.834796, -80177.070312, 0.339081481481
PRO, 14, 27.394, 0.810251, -80268.656250, 0.268974074074
SER, 10, 26.480, 0.832061, -80500.890625, 0.234703703704
THR, 10, 26.122, 0.805663, -80153.781250, 0.375159259259
TRP, 8, 27.900, 0.877604, -80466.984375, 0.314955555556
TYR, 4, 28.799, 0.852546, -80291.867188, 0.270355555556
VAL, 10, 28.925, 0.84699, -80849.156250, 0.221659259259
