AMINO ACID, DSSP, SASA, GYRATE, ENERGY, RMSF
ALA, 8, 24.299, 0.807986, -80533.234375, 0.251659259259
ARG, 4, 29.203, 0.874897, -80139.507812, 0.298462962963
ASN, 8, 29.685, 0.875772, -80677.000000, 0.210481481481
ASP, 6, 25.905, 0.839211, -80586.890625, 0.207903703704
CYS, 12, 26.203, 0.807532, -79564.445312, 0.307162962963
GLN, 10, 24.683, 0.809702, -80677.539062, 0.290562962963
GLU, 6, 26.175, 0.806283, -81078.796875, 0.207940740741
GLY, 10, 26.665, 0.812785, -80763.078125, 0.230159259259
HIS, 8, 28.399, 0.850547, -79709.039062, 0.336788888889
ILE, 8, 26.645, 0.817426, -80346.359375, 0.278788888889
LEU, 8, 26.801, 0.808117, -80502.000000, 0.349325925926
LYS, 14, 26.819, 0.826002, -81076.687500, 0.242707407407
MET, 16, 25.466, 0.807701, -79699.671875, 0.221622222222
PHE, 8, 27.537, 0.813588, -79943.945312, 0.339081481481
PRO, 14, 25.800, 0.802234, -80387.343750, 0.268974074074
SER, 10, 26.222, 0.835929, -80413.640625, 0.234703703704
THR, 10, 26.472, 0.815773, -79611.531250, 0.375159259259
TRP, 6, 28.058, 0.86151, -80132.156250, 0.314955555556
TYR, 8, 28.271, 0.850441, -80683.390625, 0.270355555556
VAL, 10, 28.832, 0.882505, -79361.750000, 0.221659259259
