AMINO ACID, DSSP, SASA, GYRATE, ENERGY, RMSF
ALA, 12, 25.412, 0.815685, -80073.375000, 0.251659259259
ARG, 7, 28.427, 0.87301, -79734.023438, 0.298462962963
ASN, 8, 28.643, 0.862994, -80172.960938, 0.210481481481
ASP, 10, 27.004, 0.84347, -78874.937500, 0.207903703704
CYS, 10, 25.719, 0.810391, -80444.695312, 0.307162962963
GLN, 10, 25.580, 0.811014, -80653.281250, 0.290562962963
GLU, 6, 25.829, 0.804554, -80501.375000, 0.207940740741
GLY, 8, 25.372, 0.8057, -80624.007812, 0.230159259259
HIS, 10, 28.025, 0.853254, -80123.664062, 0.336788888889
ILE, 8, 25.940, 0.824159, -79378.812500, 0.278788888889
LEU, 14, 27.036, 0.816537, -80032.156250, 0.349325925926
LYS, 9, 26.037, 0.821198, -80469.523438, 0.242707407407
MET, 8, 24.911, 0.803779, -79518.898438, 0.221622222222
PHE, 6, 27.229, 0.82542, -79761.750000, 0.339081481481
PRO, 12, 25.603, 0.810237, -79659.320312, 0.268974074074
SER, 6, 26.873, 0.841835, -79045.320312, 0.234703703704
THR, 12, 25.590, 0.816358, -79998.789062, 0.375159259259
TRP, 14, 27.548, 0.851075, -80163.671875, 0.314955555556
TYR, 6, 29.328, 0.859098, -80068.625000, 0.270355555556
VAL, 8, 29.498, 0.873801, -80514.703125, 0.221659259259
