AMINO ACID, DSSP, SASA, GYRATE, ENERGY, RMSF
ALA, 8, 25.620, 0.81803, -80057.585938, 0.251659259259
ARG, 4, 30.063, 0.877247, -80629.085938, 0.298462962963
ASN, 6, 29.322, 0.87247, -80381.578125, 0.210481481481
ASP, 12, 27.142, 0.838107, -81021.375000, 0.207903703704
CYS, 14, 26.209, 0.805117, -81424.843750, 0.307162962963
GLN, 14, 25.853, 0.81671, -79809.859375, 0.290562962963
GLU, 12, 25.985, 0.806886, -80071.843750, 0.207940740741
GLY, 8, 24.399, 0.797327, -80927.640625, 0.230159259259
HIS, 12, 28.358, 0.866499, -80784.578125, 0.336788888889
ILE, 8, 25.826, 0.827095, -80200.375000, 0.278788888889
LEU, 12, 26.979, 0.847884, -79873.953125, 0.349325925926
LYS, 12, 24.319, 0.806878, -80168.375000, 0.242707407407
MET, 11, 26.733, 0.81033, -79838.960938, 0.221622222222
PHE, 8, 26.690, 0.809638, -79951.406250, 0.339081481481
PRO, 12, 26.731, 0.847866, -80181.593750, 0.268974074074
SER, 8, 26.375, 0.838601, -79920.000000, 0.234703703704
THR, 15, 26.536, 0.816602, -80089.101562, 0.375159259259
TRP, 12, 27.383, 0.842949, -80236.718750, 0.314955555556
TYR, 6, 29.172, 0.879634, -80015.484375, 0.270355555556
VAL, 6, 29.995, 0.897149, -80856.453125, 0.221659259259
