AMINO ACID, DSSP, SASA, GYRATE, ENERGY, RMSF
ALA, 6, 25.345, 0.815381, -79599.218750, 0.251659259259
ARG, 7, 27.044, 0.844625, -80584.812500, 0.298462962963
ASN, 6, 25.897, 0.848034, -80987.804688, 0.210481481481
ASP, 6, 28.594, 0.841695, -79492.804688, 0.207903703704
CYS, 14, 27.707, 0.814035, -80464.250000, 0.307162962963
GLN, 10, 25.641, 0.808863, -80047.945312, 0.290562962963
GLU, 8, 25.743, 0.814984, -80016.828125, 0.207940740741
GLY, 11, 24.295, 0.801109, -79990.648438, 0.230159259259
HIS, 12, 28.096, 0.85422, -80246.101562, 0.336788888889
ILE, 6, 27.985, 0.83027, -80482.468750, 0.278788888889
LEU, 6, 26.650, 0.817827, -79910.953125, 0.349325925926
LYS, 12, 26.967, 0.821592, -80131.984375, 0.242707407407
MET, 10, 27.911, 0.820707, -80790.085938, 0.221622222222
PHE, 8, 26.445, 0.816846, -79318.437500, 0.339081481481
PRO, 8, 26.711, 0.84482, -79956.546875, 0.268974074074
SER, 6, 29.940, 0.85329, -81015.031250, 0.234703703704
THR, 16, 26.866, 0.812175, -79630.656250, 0.375159259259
TRP, 8, 28.284, 0.869041, -80515.250000, 0.314955555556
TYR, 12, 27.356, 0.850462, -80961.593750, 0.270355555556
VAL, 4, 30.008, 0.892373, -80057.281250, 0.221659259259
