AMINO ACID, DSSP, SASA, GYRATE, ENERGY, RMSF
ALA, 6, 26.947, 0.843626, -80408.531250, 0.251659259259
ARG, 7, 27.942, 0.847995, -80787.750000, 0.298462962963
ASN, 8, 26.320, 0.833241, -80425.390625, 0.210481481481
ASP, 4, 26.075, 0.833225, -79807.390625, 0.207903703704
CYS, 12, 24.993, 0.801938, -80635.765625, 0.307162962963
GLN, 10, 23.940, 0.788294, -80297.835938, 0.290562962963
GLU, 8, 28.064, 0.841188, -80676.773438, 0.207940740741
GLY, 12, 26.133, 0.800174, -80941.062500, 0.230159259259
HIS, 10, 28.372, 0.864486, -79535.148438, 0.336788888889
ILE, 6, 29.843, 0.845567, -79165.843750, 0.278788888889
LEU, 4, 27.961, 0.82839, -80233.609375, 0.349325925926
LYS, 10, 26.926, 0.82572, -80116.562500, 0.242707407407
MET, 6, 26.804, 0.803352, -81014.757812, 0.221622222222
PHE, 6, 27.044, 0.829324, -79303.625000, 0.339081481481
PRO, 6, 27.474, 0.832912, -80570.453125, 0.268974074074
SER, 13, 26.856, 0.836301, -80095.468750, 0.234703703704
THR, 12, 27.331, 0.840734, -80383.109375, 0.375159259259
TRP, 10, 27.807, 0.862184, -79081.968750, 0.314955555556
TYR, 8, 28.278, 0.846669, -80404.289062, 0.270355555556
VAL, 8, 27.679, 0.864671, -80114.156250, 0.221659259259
