AMINO ACID, DSSP, SASA, GYRATE, ENERGY, RMSF
ALA, 6, 26.593, 0.841583, -79832.523438, 0.251659259259
ARG, 9, 28.071, 0.847052, -80853.023438, 0.298462962963
ASN, 12, 27.595, 0.823318, -80996.687500, 0.210481481481
ASP, 2, 29.181, 0.847681, -79932.164062, 0.207903703704
CYS, 9, 24.826, 0.803348, -79991.515625, 0.307162962963
GLN, 10, 24.829, 0.808137, -80461.093750, 0.290562962963
GLU, 8, 27.304, 0.82213, -79232.062500, 0.207940740741
GLY, 4, 26.813, 0.831531, -79779.656250, 0.230159259259
HIS, 8, 28.093, 0.850489, -80207.406250, 0.336788888889
ILE, 6, 26.833, 0.84035, -80580.304688, 0.278788888889
LEU, 10, 27.719, 0.836845, -80518.906250, 0.349325925926
LYS, 10, 25.988, 0.814314, -79946.203125, 0.242707407407
MET, 6, 27.144, 0.835449, -79846.203125, 0.221622222222
PHE, 12, 26.276, 0.812395, -79921.695312, 0.339081481481
PRO, 6, 27.951, 0.857674, -79916.500000, 0.268974074074
SER, 6, 28.562, 0.843743, -81382.382812, 0.234703703704
THR, 10, 26.306, 0.843333, -79412.835938, 0.375159259259
TRP, 12, 27.322, 0.864662, -80835.515625, 0.314955555556
TYR, 12, 28.202, 0.85335, -80063.593750, 0.270355555556
VAL, 7, 27.655, 0.857277, -79558.718750, 0.221659259259
