AMINO ACID, DSSP, SASA, GYRATE, ENERGY, RMSF
ALA, 6, 27.028, 0.847105, -80056.601562, 0.251659259259
ARG, 9, 28.591, 0.863952, -80165.609375, 0.298462962963
ASN, 8, 28.277, 0.833357, -81048.906250, 0.210481481481
ASP, 9, 26.255, 0.808444, -80301.757812, 0.207903703704
CYS, 11, 27.383, 0.844417, -80720.335938, 0.307162962963
GLN, 6, 26.345, 0.83232, -80970.031250, 0.290562962963
GLU, 4, 28.622, 0.867615, -81452.968750, 0.207940740741
GLY, 6, 29.265, 0.872328, -79374.453125, 0.230159259259
HIS, 12, 28.946, 0.873462, -79115.546875, 0.336788888889
ILE, 12, 28.071, 0.843937, -80046.734375, 0.278788888889
LEU, 9, 26.641, 0.831197, -80419.156250, 0.349325925926
LYS, 6, 27.720, 0.848504, -80697.210938, 0.242707407407
MET, 0, 27.569, 0.838807, -80342.234375, 0.221622222222
PHE, 12, 24.143, 0.788081, -79963.210938, 0.339081481481
PRO, 4, 25.787, 0.828454, -80432.398438, 0.268974074074
SER, 10, 25.630, 0.798467, -80166.531250, 0.234703703704
THR, 8, 27.367, 0.834994, -80217.515625, 0.375159259259
TRP, 6, 28.162, 0.839632, -80337.867188, 0.314955555556
TYR, 7, 29.021, 0.854017, -80590.906250, 0.270355555556
VAL, 8, 25.815, 0.822467, -79790.484375, 0.221659259259
