AMINO ACID, DSSP, SASA, GYRATE, ENERGY, RMSF
ALA, 7, 27.084, 0.826335, -80550.359375, 0.251659259259
ARG, 7, 26.651, 0.851992, -81059.054688, 0.298462962963
ASN, 14, 26.745, 0.810911, -80488.617188, 0.210481481481
ASP, 10, 26.900, 0.812237, -80901.023438, 0.207903703704
CYS, 9, 24.365, 0.785237, -79810.054688, 0.307162962963
GLN, 12, 24.873, 0.801917, -80258.296875, 0.290562962963
GLU, 10, 26.928, 0.819497, -80642.984375, 0.207940740741
GLY, 6, 28.330, 0.829283, -80598.101562, 0.230159259259
HIS, 8, 27.508, 0.853976, -80905.421875, 0.336788888889
ILE, 4, 30.836, 0.860995, -80267.476562, 0.278788888889
LEU, 10, 25.962, 0.821006, -80383.078125, 0.349325925926
LYS, 10, 26.474, 0.819252, -80944.437500, 0.242707407407
MET, 6, 25.450, 0.818259, -79416.179688, 0.221622222222
PHE, 8, 27.166, 0.831917, -78545.218750, 0.339081481481
PRO, 9, 27.258, 0.84511, -80739.195312, 0.268974074074
SER, 6, 28.984, 0.839488, -80060.062500, 0.234703703704
THR, 8, 27.675, 0.868126, -80926.117188, 0.375159259259
TRP, 12, 26.666, 0.852854, -79656.140625, 0.314955555556
TYR, 10, 28.408, 0.855949, -80734.328125, 0.270355555556
VAL, 6, 27.537, 0.865323, -80441.750000, 0.221659259259
