AMINO ACID, DSSP, SASA, GYRATE, ENERGY, RMSF
ALA, 8, 25.969, 0.831886, -80514.015625, 0.251659259259
ARG, 5, 28.910, 0.853676, -81878.296875, 0.298462962963
ASN, 8, 25.589, 0.82149, -80968.914062, 0.210481481481
ASP, 8, 25.941, 0.83511, -80183.000000, 0.207903703704
CYS, 11, 25.552, 0.801895, -79420.320312, 0.307162962963
GLN, 8, 24.648, 0.804237, -80638.859375, 0.290562962963
GLU, 8, 26.956, 0.828363, -80910.507812, 0.207940740741
GLY, 8, 27.413, 0.829352, -80524.570312, 0.230159259259
HIS, 10, 27.525, 0.824554, -80812.992188, 0.336788888889
ILE, 6, 27.993, 0.846976, -79794.546875, 0.278788888889
LEU, 12, 27.070, 0.819566, -79339.421875, 0.349325925926
LYS, 8, 27.213, 0.830198, -80236.187500, 0.242707407407
MET, 10, 25.120, 0.818062, -80178.203125, 0.221622222222
PHE, 6, 27.475, 0.821278, -79694.367188, 0.339081481481
PRO, 6, 27.081, 0.828754, -79834.515625, 0.268974074074
SER, 8, 28.301, 0.83417, -80465.984375, 0.234703703704
THR, 8, 28.366, 0.86776, -80359.828125, 0.375159259259
TRP, 10, 26.460, 0.84827, -79863.617188, 0.314955555556
TYR, 10, 29.932, 0.855086, -79692.546875, 0.270355555556
VAL, 4, 29.070, 0.858266, -80184.742188, 0.221659259259
