AMINO ACID, DSSP, SASA, GYRATE, ENERGY, RMSF
ALA, 5, 27.344, 0.855551, -80318.875000, 0.251659259259
ARG, 6, 28.778, 0.850861, -80933.882812, 0.298462962963
ASN, 12, 26.672, 0.818869, -80891.171875, 0.210481481481
ASP, 12, 25.952, 0.822426, -79437.179688, 0.207903703704
CYS, 12, 24.776, 0.795439, -80406.453125, 0.307162962963
GLN, 12, 28.480, 0.861753, -80595.343750, 0.290562962963
GLU, 8, 27.110, 0.840089, -79563.554688, 0.207940740741
GLY, 8, 26.541, 0.813783, -80551.351562, 0.230159259259
HIS, 8, 29.042, 0.85792, -80339.828125, 0.336788888889
ILE, 4, 30.138, 0.855943, -80406.359375, 0.278788888889
LEU, 12, 26.454, 0.827018, -80212.585938, 0.349325925926
LYS, 8, 24.436, 0.802098, -81521.414062, 0.242707407407
MET, 12, 25.641, 0.815187, -80607.773438, 0.221622222222
PHE, 8, 25.549, 0.816176, -79370.578125, 0.339081481481
PRO, 6, 28.093, 0.857503, -80430.703125, 0.268974074074
SER, 11, 26.943, 0.822489, -81108.382812, 0.234703703704
THR, 8, 27.774, 0.884573, -80304.226562, 0.375159259259
TRP, 10, 26.625, 0.860543, -79602.992188, 0.314955555556
TYR, 10, 27.896, 0.834484, -80915.078125, 0.270355555556
VAL, 8, 27.388, 0.852347, -79629.468750, 0.221659259259
