AMINO ACID, DSSP, SASA, GYRATE, ENERGY, RMSF
ALA, 5, 26.785, 0.836659, -80229.109375, 0.251659259259
ARG, 7, 29.749, 0.848122, -81597.046875, 0.298462962963
ASN, 12, 24.850, 0.807887, -79882.671875, 0.210481481481
ASP, 8, 25.420, 0.812354, -79730.046875, 0.207903703704
CYS, 9, 24.178, 0.782414, -80421.187500, 0.307162962963
GLN, 14, 27.072, 0.844794, -80756.460938, 0.290562962963
GLU, 6, 28.414, 0.859106, -79710.281250, 0.207940740741
GLY, 4, 24.045, 0.801271, -80285.601562, 0.230159259259
HIS, 10, 27.189, 0.833139, -80593.546875, 0.336788888889
ILE, 10, 27.585, 0.847578, -79785.070312, 0.278788888889
LEU, 14, 26.863, 0.825953, -80083.328125, 0.349325925926
LYS, 6, 24.035, 0.798815, -80808.593750, 0.242707407407
MET, 8, 25.927, 0.816813, -80334.250000, 0.221622222222
PHE, 6, 25.620, 0.825688, -80177.828125, 0.339081481481
PRO, 6, 27.174, 0.839097, -80286.085938, 0.268974074074
SER, 8, 25.720, 0.798973, -79544.265625, 0.234703703704
THR, 8, 26.756, 0.8729, -80126.718750, 0.375159259259
TRP, 10, 27.737, 0.845971, -80385.531250, 0.314955555556
TYR, 9, 26.169, 0.823127, -79510.289062, 0.270355555556
VAL, 6, 27.788, 0.849624, -80168.609375, 0.221659259259
