AMINO ACID, DSSP, SASA, GYRATE, ENERGY, RMSF
ALA, 5, 27.446, 0.852285, -80539.765625, 0.251659259259
ARG, 7, 29.050, 0.857999, -81286.257812, 0.298462962963
ASN, 8, 26.896, 0.817841, -80477.070312, 0.210481481481
ASP, 8, 26.413, 0.830519, -81015.265625, 0.207903703704
CYS, 10, 24.494, 0.783119, -80553.632812, 0.307162962963
GLN, 8, 29.062, 0.884366, -80429.679688, 0.290562962963
GLU, 8, 27.041, 0.846875, -79708.867188, 0.207940740741
GLY, 10, 26.973, 0.830211, -80977.390625, 0.230159259259
HIS, 14, 27.425, 0.823117, -79762.828125, 0.336788888889
ILE, 10, 28.853, 0.853314, -80325.523438, 0.278788888889
LEU, 6, 28.484, 0.83748, -80209.546875, 0.349325925926
LYS, 13, 25.488, 0.802567, -80904.015625, 0.242707407407
MET, 8, 28.643, 0.841484, -79683.546875, 0.221622222222
PHE, 11, 27.547, 0.832122, -78554.414062, 0.339081481481
PRO, 6, 27.194, 0.830575, -80208.281250, 0.268974074074
SER, 8, 26.186, 0.814664, -80727.125000, 0.234703703704
THR, 8, 27.838, 0.89259, -80207.296875, 0.375159259259
TRP, 6, 28.758, 0.871024, -80385.351562, 0.314955555556
TYR, 4, 26.684, 0.845257, -80575.546875, 0.270355555556
VAL, 4, 26.006, 0.842332, -80941.921875, 0.221659259259
