AMINO ACID, DSSP, SASA, GYRATE, ENERGY, RMSF
ALA, 2, 27.345, 0.84112, -80470.406250, 0.251659259259
ARG, 7, 26.969, 0.848047, -80280.671875, 0.298462962963
ASN, 8, 27.284, 0.830772, -80070.015625, 0.210481481481
ASP, 8, 25.064, 0.819519, -80258.210938, 0.207903703704
CYS, 12, 24.241, 0.787371, -79357.062500, 0.307162962963
GLN, 6, 29.009, 0.877039, -80698.804688, 0.290562962963
GLU, 6, 27.094, 0.84786, -81020.421875, 0.207940740741
GLY, 12, 27.762, 0.828258, -79563.812500, 0.230159259259
HIS, 14, 25.714, 0.818476, -80259.640625, 0.336788888889
ILE, 2, 27.811, 0.839652, -79970.601562, 0.278788888889
LEU, 8, 27.595, 0.832897, -80177.171875, 0.349325925926
LYS, 11, 25.958, 0.811956, -81067.390625, 0.242707407407
MET, 6, 28.071, 0.845154, -79087.828125, 0.221622222222
PHE, 8, 27.663, 0.831992, -79375.937500, 0.339081481481
PRO, 4, 27.476, 0.826073, -80119.257812, 0.268974074074
SER, 12, 26.205, 0.80609, -80215.718750, 0.234703703704
THR, 8, 25.978, 0.882446, -80262.773438, 0.375159259259
TRP, 8, 29.751, 0.875718, -80026.609375, 0.314955555556
TYR, 8, 29.250, 0.870903, -80238.062500, 0.270355555556
VAL, 6, 27.887, 0.845167, -80533.859375, 0.221659259259
