AMINO ACID, DSSP, SASA, GYRATE, ENERGY, RMSF
ALA, 8, 27.340, 0.851916, -80620.562500, 0.251659259259
ARG, 7, 27.233, 0.852912, -81361.648438, 0.298462962963
ASN, 12, 27.622, 0.832236, -79821.164062, 0.210481481481
ASP, 8, 26.165, 0.818788, -79839.328125, 0.207903703704
CYS, 8, 24.896, 0.788719, -79336.828125, 0.307162962963
GLN, 10, 28.624, 0.866984, -80424.734375, 0.290562962963
GLU, 8, 29.299, 0.850317, -80307.906250, 0.207940740741
GLY, 12, 26.804, 0.819423, -80175.953125, 0.230159259259
HIS, 12, 26.266, 0.822861, -79470.007812, 0.336788888889
ILE, 6, 29.004, 0.855786, -80419.859375, 0.278788888889
LEU, 8, 26.983, 0.82852, -80465.765625, 0.349325925926
LYS, 5, 25.394, 0.812563, -80879.960938, 0.242707407407
MET, 4, 27.990, 0.860489, -80181.726562, 0.221622222222
PHE, 9, 27.858, 0.826781, -80037.125000, 0.339081481481
PRO, 8, 27.683, 0.817687, -79857.898438, 0.268974074074
SER, 10, 25.177, 0.808353, -80002.140625, 0.234703703704
THR, 10, 26.987, 0.880047, -79900.390625, 0.375159259259
TRP, 6, 30.285, 0.874292, -80334.171875, 0.314955555556
TYR, 8, 28.097, 0.851778, -79421.703125, 0.270355555556
VAL, 8, 28.177, 0.854493, -80917.351562, 0.221659259259
