AMINO ACID, DSSP, SASA, GYRATE, ENERGY, RMSF
ALA, 10, 27.364, 0.833514, -80163.953125, 0.251659259259
ARG, 7, 26.329, 0.829732, -80855.140625, 0.298462962963
ASN, 8, 28.226, 0.854696, -79812.773438, 0.210481481481
ASP, 9, 25.727, 0.807954, -79691.898438, 0.207903703704
CYS, 10, 24.423, 0.795053, -80420.250000, 0.307162962963
GLN, 12, 27.994, 0.858708, -80056.781250, 0.290562962963
GLU, 4, 27.609, 0.852874, -80029.171875, 0.207940740741
GLY, 8, 26.102, 0.825335, -80600.414062, 0.230159259259
HIS, 10, 28.662, 0.840051, -79859.000000, 0.336788888889
ILE, 6, 29.804, 0.859376, -80244.664062, 0.278788888889
LEU, 14, 27.261, 0.824103, -80860.906250, 0.349325925926
LYS, 9, 26.068, 0.809359, -79948.515625, 0.242707407407
MET, 8, 26.778, 0.837273, -81003.593750, 0.221622222222
PHE, 6, 28.423, 0.845358, -80216.835938, 0.339081481481
PRO, 6, 25.815, 0.806136, -80003.390625, 0.268974074074
SER, 9, 26.839, 0.811435, -80539.890625, 0.234703703704
THR, 14, 26.260, 0.878363, -80475.382812, 0.375159259259
TRP, 4, 29.610, 0.871796, -79812.578125, 0.314955555556
TYR, 8, 28.470, 0.84975, -80395.625000, 0.270355555556
VAL, 6, 26.932, 0.83619, -80280.453125, 0.221659259259
