AMINO ACID, DSSP, SASA, GYRATE, ENERGY, RMSF
ALA, 7, 26.760, 0.825202, -81244.398438, 0.251659259259
ARG, 5, 28.271, 0.852439, -80927.593750, 0.298462962963
ASN, 6, 29.526, 0.849334, -80672.312500, 0.210481481481
ASP, 10, 26.068, 0.802676, -79611.859375, 0.207903703704
CYS, 14, 24.919, 0.808822, -80381.242188, 0.307162962963
GLN, 8, 27.401, 0.859487, -80349.859375, 0.290562962963
GLU, 4, 28.520, 0.84177, -80703.757812, 0.207940740741
GLY, 10, 26.078, 0.821072, -79334.921875, 0.230159259259
HIS, 12, 28.470, 0.83987, -80209.484375, 0.336788888889
ILE, 6, 29.057, 0.848247, -79373.140625, 0.278788888889
LEU, 8, 27.476, 0.822245, -79792.585938, 0.349325925926
LYS, 9, 25.397, 0.808313, -79555.156250, 0.242707407407
MET, 6, 27.426, 0.846013, -80281.015625, 0.221622222222
PHE, 4, 27.628, 0.839656, -79212.929688, 0.339081481481
PRO, 12, 26.861, 0.804583, -80158.468750, 0.268974074074
SER, 10, 25.313, 0.799724, -79940.171875, 0.234703703704
THR, 12, 26.810, 0.872192, -80916.085938, 0.375159259259
TRP, 6, 29.863, 0.890373, -79768.289062, 0.314955555556
TYR, 6, 27.766, 0.852109, -79702.867188, 0.270355555556
VAL, 8, 27.596, 0.84291, -80236.281250, 0.221659259259
