AMINO ACID, DSSP, SASA, GYRATE, ENERGY, RMSF
ALA, 5, 27.631, 0.84022, -80627.671875, 0.251659259259
ARG, 5, 28.355, 0.856767, -80986.210938, 0.298462962963
ASN, 12, 28.385, 0.845998, -81208.820312, 0.210481481481
ASP, 12, 26.468, 0.820348, -80338.039062, 0.207903703704
CYS, 12, 25.227, 0.812501, -79734.093750, 0.307162962963
GLN, 10, 28.394, 0.888929, -80967.125000, 0.290562962963
GLU, 2, 27.617, 0.834067, -80655.390625, 0.207940740741
GLY, 6, 27.086, 0.83655, -80900.734375, 0.230159259259
HIS, 12, 27.084, 0.829855, -80629.218750, 0.336788888889
ILE, 4, 27.945, 0.854478, -79801.890625, 0.278788888889
LEU, 8, 29.965, 0.853669, -80460.898438, 0.349325925926
LYS, 11, 25.562, 0.799131, -81443.578125, 0.242707407407
MET, 6, 28.857, 0.834947, -80245.382812, 0.221622222222
PHE, 6, 27.400, 0.842254, -79811.359375, 0.339081481481
PRO, 14, 27.660, 0.829519, -79768.843750, 0.268974074074
SER, 12, 25.690, 0.807181, -80338.476562, 0.234703703704
THR, 10, 27.941, 0.887912, -80067.312500, 0.375159259259
TRP, 8, 28.093, 0.870692, -80667.906250, 0.314955555556
TYR, 8, 27.440, 0.850855, -80100.453125, 0.270355555556
VAL, 8, 27.220, 0.839164, -80077.734375, 0.221659259259
