AMINO ACID, DSSP, SASA, GYRATE, ENERGY, RMSF
ALA, 7, 26.370, 0.834483, -80288.359375, 0.251659259259
ARG, 7, 29.290, 0.868718, -80889.093750, 0.298462962963
ASN, 11, 28.196, 0.839227, -80250.382812, 0.210481481481
ASP, 9, 25.357, 0.808479, -80019.859375, 0.207903703704
CYS, 10, 25.227, 0.810021, -79404.375000, 0.307162962963
GLN, 9, 26.276, 0.858565, -80418.742188, 0.290562962963
GLU, 6, 28.748, 0.85176, -80283.921875, 0.207940740741
GLY, 8, 25.954, 0.813759, -80088.093750, 0.230159259259
HIS, 10, 28.006, 0.831084, -79853.046875, 0.336788888889
ILE, 10, 28.718, 0.840944, -79398.421875, 0.278788888889
LEU, 10, 28.030, 0.835056, -80882.906250, 0.349325925926
LYS, 11, 25.870, 0.810533, -80561.273438, 0.242707407407
MET, 8, 28.439, 0.831812, -79414.156250, 0.221622222222
PHE, 6, 27.218, 0.831528, -79670.343750, 0.339081481481
PRO, 12, 25.236, 0.812785, -80040.484375, 0.268974074074
SER, 8, 25.611, 0.813828, -79306.468750, 0.234703703704
THR, 12, 27.205, 0.868518, -80116.031250, 0.375159259259
TRP, 4, 28.873, 0.88162, -79983.835938, 0.314955555556
TYR, 4, 26.649, 0.849923, -79822.828125, 0.270355555556
VAL, 6, 28.195, 0.838139, -79816.234375, 0.221659259259
