AMINO ACID, DSSP, SASA, GYRATE, ENERGY, RMSF
ALA, 8, 27.175, 0.834513, -80363.140625, 0.251659259259
ARG, 7, 29.375, 0.874318, -81240.062500, 0.298462962963
ASN, 10, 27.954, 0.82972, -80660.031250, 0.210481481481
ASP, 8, 26.223, 0.82096, -80804.960938, 0.207903703704
CYS, 13, 26.542, 0.808455, -80633.257812, 0.307162962963
GLN, 10, 27.100, 0.857988, -79962.765625, 0.290562962963
GLU, 10, 28.174, 0.831693, -80088.492188, 0.207940740741
GLY, 6, 26.806, 0.82369, -80379.390625, 0.230159259259
HIS, 8, 27.650, 0.852596, -80363.437500, 0.336788888889
ILE, 10, 27.467, 0.835949, -80025.531250, 0.278788888889
LEU, 10, 27.881, 0.83802, -80219.007812, 0.349325925926
LYS, 11, 26.165, 0.803222, -79876.828125, 0.242707407407
MET, 7, 27.675, 0.829019, -80393.578125, 0.221622222222
PHE, 4, 27.945, 0.842761, -79886.750000, 0.339081481481
PRO, 10, 25.352, 0.804295, -80520.281250, 0.268974074074
SER, 6, 25.465, 0.81592, -80646.093750, 0.234703703704
THR, 12, 24.118, 0.856544, -79141.687500, 0.375159259259
TRP, 6, 29.850, 0.880075, -79229.750000, 0.314955555556
TYR, 6, 29.477, 0.858861, -80009.140625, 0.270355555556
VAL, 8, 28.483, 0.82727, -79067.359375, 0.221659259259
