AMINO ACID, DSSP, SASA, GYRATE, ENERGY, RMSF
ALA, 8, 26.366, 0.820288, -80041.945312, 0.251659259259
ARG, 7, 27.434, 0.84465, -80950.687500, 0.298462962963
ASN, 8, 26.260, 0.823915, -80370.500000, 0.210481481481
ASP, 10, 27.056, 0.820108, -80244.046875, 0.207903703704
CYS, 8, 27.086, 0.823795, -79812.632812, 0.307162962963
GLN, 12, 27.850, 0.858423, -81142.695312, 0.290562962963
GLU, 6, 27.518, 0.861392, -80274.656250, 0.207940740741
GLY, 6, 27.781, 0.828871, -80190.976562, 0.230159259259
HIS, 14, 27.658, 0.839822, -79810.585938, 0.336788888889
ILE, 8, 29.321, 0.844627, -80518.453125, 0.278788888889
LEU, 9, 27.230, 0.840919, -79419.867188, 0.349325925926
LYS, 8, 26.211, 0.814159, -80469.953125, 0.242707407407
MET, 8, 25.463, 0.820507, -79495.156250, 0.221622222222
PHE, 6, 29.329, 0.847696, -80600.406250, 0.339081481481
PRO, 6, 26.705, 0.823245, -79940.289062, 0.268974074074
SER, 12, 25.752, 0.816944, -80037.734375, 0.234703703704
THR, 8, 25.444, 0.871811, -79851.890625, 0.375159259259
TRP, 4, 30.280, 0.889705, -80218.312500, 0.314955555556
TYR, 8, 27.360, 0.855746, -79219.031250, 0.270355555556
VAL, 8, 27.837, 0.846022, -79983.101562, 0.221659259259
