AMINO ACID, DSSP, SASA, GYRATE, ENERGY, RMSF
ALA, 6, 29.367, 0.864429, -80292.945312, 0.251659259259
ARG, 8, 25.380, 0.808444, -80895.937500, 0.298462962963
ASN, 13, 27.365, 0.831505, -80897.085938, 0.210481481481
ASP, 9, 26.114, 0.81197, -80632.375000, 0.207903703704
CYS, 8, 27.402, 0.84592, -80307.687500, 0.307162962963
GLN, 2, 27.411, 0.843494, -80280.242188, 0.290562962963
GLU, 10, 26.693, 0.846461, -80491.429688, 0.207940740741
GLY, 6, 26.564, 0.828362, -80238.804688, 0.230159259259
HIS, 10, 28.849, 0.85364, -80532.781250, 0.336788888889
ILE, 8, 27.839, 0.839734, -80256.695312, 0.278788888889
LEU, 8, 27.098, 0.831646, -79828.148438, 0.349325925926
LYS, 11, 26.815, 0.841219, -80058.984375, 0.242707407407
MET, 7, 26.437, 0.818453, -80224.804688, 0.221622222222
PHE, 10, 24.957, 0.803426, -80439.539062, 0.339081481481
PRO, 8, 25.717, 0.830668, -79721.250000, 0.268974074074
SER, 4, 25.845, 0.810801, -80376.859375, 0.234703703704
THR, 8, 27.794, 0.834022, -80632.304688, 0.375159259259
TRP, 4, 28.041, 0.855883, -80052.765625, 0.314955555556
TYR, 7, 29.444, 0.874459, -80079.265625, 0.270355555556
VAL, 8, 26.275, 0.820433, -79557.859375, 0.221659259259
