AMINO ACID, DSSP, SASA, GYRATE, ENERGY, RMSF
ALA, 2, 25.473, 0.824693, -80946.843750, 0.251659259259
ARG, 7, 28.469, 0.854199, -80232.843750, 0.298462962963
ASN, 12, 25.100, 0.810689, -79991.640625, 0.210481481481
ASP, 10, 25.596, 0.813546, -79947.546875, 0.207903703704
CYS, 10, 26.754, 0.811111, -80394.359375, 0.307162962963
GLN, 6, 25.535, 0.842843, -80324.203125, 0.290562962963
GLU, 4, 26.930, 0.849091, -79913.218750, 0.207940740741
GLY, 8, 27.404, 0.843727, -79515.640625, 0.230159259259
HIS, 6, 26.134, 0.834354, -79145.875000, 0.336788888889
ILE, 4, 27.118, 0.8433, -79865.687500, 0.278788888889
LEU, 4, 26.936, 0.835545, -80233.210938, 0.349325925926
LYS, 6, 27.089, 0.831746, -80964.882812, 0.242707407407
MET, 11, 25.968, 0.816678, -79757.171875, 0.221622222222
PHE, 10, 28.630, 0.846944, -80153.445312, 0.339081481481
PRO, 6, 25.552, 0.803281, -79586.265625, 0.268974074074
SER, 6, 27.762, 0.838268, -80209.640625, 0.234703703704
THR, 8, 27.412, 0.89008, -81117.750000, 0.375159259259
TRP, 5, 27.180, 0.870963, -79800.328125, 0.314955555556
TYR, 8, 28.350, 0.847314, -79634.257812, 0.270355555556
VAL, 8, 26.410, 0.842643, -80317.546875, 0.221659259259
