AMINO ACID, DSSP, SASA, GYRATE, ENERGY, RMSF
ALA, 3, 27.200, 0.840036, -79727.164062, 0.251659259259
ARG, 7, 27.521, 0.848082, -80542.796875, 0.298462962963
ASN, 6, 26.274, 0.816856, -80063.781250, 0.210481481481
ASP, 6, 26.033, 0.824775, -80800.648438, 0.207903703704
CYS, 13, 26.592, 0.80972, -79768.500000, 0.307162962963
GLN, 12, 26.039, 0.839036, -80115.812500, 0.290562962963
GLU, 8, 27.148, 0.846965, -79733.156250, 0.207940740741
GLY, 6, 26.398, 0.847794, -81594.796875, 0.230159259259
HIS, 8, 26.897, 0.835265, -80657.140625, 0.336788888889
ILE, 10, 28.643, 0.853756, -80276.890625, 0.278788888889
LEU, 8, 26.647, 0.828938, -78890.687500, 0.349325925926
LYS, 6, 26.232, 0.826765, -80283.671875, 0.242707407407
MET, 9, 26.498, 0.814603, -79727.453125, 0.221622222222
PHE, 6, 27.373, 0.840181, -79128.992188, 0.339081481481
PRO, 10, 26.504, 0.814455, -80378.375000, 0.268974074074
SER, 4, 27.381, 0.844194, -80983.625000, 0.234703703704
THR, 6, 26.633, 0.873224, -80077.140625, 0.375159259259
TRP, 2, 28.644, 0.88059, -79300.664062, 0.314955555556
TYR, 6, 28.525, 0.85966, -79729.257812, 0.270355555556
VAL, 4, 27.883, 0.841544, -80431.171875, 0.221659259259
