AMINO ACID, DSSP, SASA, GYRATE, ENERGY, RMSF
ALA, 8, 26.136, 0.821292, -79444.914062, 0.251659259259
ARG, 7, 26.637, 0.834568, -80340.648438, 0.298462962963
ASN, 6, 24.804, 0.816818, -80644.843750, 0.210481481481
ASP, 10, 26.943, 0.816347, -80296.789062, 0.207903703704
CYS, 12, 25.508, 0.804402, -80449.304688, 0.307162962963
GLN, 8, 27.636, 0.86771, -79320.984375, 0.290562962963
GLU, 6, 29.200, 0.851358, -80015.937500, 0.207940740741
GLY, 8, 27.530, 0.84001, -79994.257812, 0.230159259259
HIS, 10, 25.698, 0.809471, -80155.046875, 0.336788888889
ILE, 10, 26.636, 0.850808, -80446.414062, 0.278788888889
LEU, 8, 28.042, 0.828594, -79502.945312, 0.349325925926
LYS, 8, 25.756, 0.813, -80309.953125, 0.242707407407
MET, 8, 26.712, 0.824101, -80016.773438, 0.221622222222
PHE, 8, 29.115, 0.845989, -80083.898438, 0.339081481481
PRO, 8, 25.043, 0.808164, -79773.398438, 0.268974074074
SER, 10, 25.494, 0.840255, -80666.398438, 0.234703703704
THR, 6, 26.258, 0.887014, -80787.781250, 0.375159259259
TRP, 4, 28.213, 0.870984, -79616.820312, 0.314955555556
TYR, 6, 28.743, 0.831528, -80328.054688, 0.270355555556
VAL, 4, 27.868, 0.84983, -79594.007812, 0.221659259259
