AMINO ACID, DSSP, SASA, GYRATE, ENERGY, RMSF
ALA, 6, 28.336, 0.865926, -80725.140625, 0.251659259259
ARG, 8, 27.139, 0.818446, -80690.890625, 0.298462962963
ASN, 8, 26.335, 0.815239, -80231.187500, 0.210481481481
ASP, 9, 25.749, 0.818381, -80973.843750, 0.207903703704
CYS, 8, 27.977, 0.850775, -79753.335938, 0.307162962963
GLN, 6, 26.252, 0.825324, -79926.328125, 0.290562962963
GLU, 6, 28.840, 0.870789, -79847.921875, 0.207940740741
GLY, 8, 26.872, 0.847937, -79503.703125, 0.230159259259
HIS, 10, 30.816, 0.881641, -80965.484375, 0.336788888889
ILE, 8, 26.748, 0.832087, -79464.648438, 0.278788888889
LEU, 8, 27.562, 0.828016, -79540.609375, 0.349325925926
LYS, 11, 26.799, 0.837687, -80098.195312, 0.242707407407
MET, 2, 27.261, 0.822048, -80073.250000, 0.221622222222
PHE, 12, 25.250, 0.808032, -79918.640625, 0.339081481481
PRO, 8, 25.570, 0.817541, -79651.320312, 0.268974074074
SER, 8, 26.494, 0.817135, -81125.804688, 0.234703703704
THR, 6, 25.669, 0.820272, -80052.601562, 0.375159259259
TRP, 4, 29.181, 0.852657, -80376.250000, 0.314955555556
TYR, 7, 30.032, 0.860985, -79871.476562, 0.270355555556
VAL, 8, 26.924, 0.81532, -79485.562500, 0.221659259259
