AMINO ACID, DSSP, SASA, GYRATE, ENERGY, RMSF
ALA, 6, 27.593, 0.858494, -79689.250000, 0.251659259259
ARG, 6, 27.600, 0.822535, -80616.531250, 0.298462962963
ASN, 10, 26.278, 0.819222, -80367.156250, 0.210481481481
ASP, 7, 26.075, 0.818378, -80165.359375, 0.207903703704
CYS, 8, 26.297, 0.84405, -80547.070312, 0.307162962963
GLN, 4, 26.248, 0.83203, -80725.523438, 0.290562962963
GLU, 8, 28.279, 0.856345, -80260.156250, 0.207940740741
GLY, 6, 27.198, 0.849855, -80749.375000, 0.230159259259
HIS, 10, 29.887, 0.882811, -79759.437500, 0.336788888889
ILE, 12, 28.017, 0.836329, -80410.734375, 0.278788888889
LEU, 8, 25.859, 0.814121, -79801.710938, 0.349325925926
LYS, 7, 27.344, 0.842838, -81141.382812, 0.242707407407
MET, 5, 27.381, 0.826665, -80335.828125, 0.221622222222
PHE, 9, 25.100, 0.810521, -80439.968750, 0.339081481481
PRO, 6, 25.037, 0.8088, -80141.984375, 0.268974074074
SER, 12, 26.740, 0.815622, -80621.804688, 0.234703703704
THR, 6, 25.270, 0.821644, -80702.554688, 0.375159259259
TRP, 2, 29.049, 0.849365, -79133.187500, 0.314955555556
TYR, 9, 28.228, 0.861763, -79690.718750, 0.270355555556
VAL, 8, 25.412, 0.818654, -79546.921875, 0.221659259259
