AMINO ACID, DSSP, SASA, GYRATE, ENERGY, RMSF
ALA, 7, 28.943, 0.846169, -79740.976562, 0.251659259259
ARG, 9, 29.502, 0.850712, -80787.218750, 0.298462962963
ASN, 6, 26.424, 0.835611, -81706.609375, 0.210481481481
ASP, 6, 25.218, 0.8257, -79629.789062, 0.207903703704
CYS, 12, 25.145, 0.806184, -80264.343750, 0.307162962963
GLN, 8, 28.201, 0.860213, -81012.421875, 0.290562962963
GLU, 8, 26.707, 0.828023, -80610.734375, 0.207940740741
GLY, 8, 28.689, 0.852978, -81042.531250, 0.230159259259
HIS, 12, 26.997, 0.822176, -79767.820312, 0.336788888889
ILE, 7, 28.502, 0.849886, -80192.835938, 0.278788888889
LEU, 8, 28.809, 0.819763, -80444.304688, 0.349325925926
LYS, 8, 25.825, 0.819791, -81361.812500, 0.242707407407
MET, 8, 27.569, 0.841666, -79506.507812, 0.221622222222
PHE, 9, 27.019, 0.832328, -80276.781250, 0.339081481481
PRO, 8, 24.426, 0.79542, -80177.968750, 0.268974074074
SER, 8, 27.267, 0.838954, -80044.390625, 0.234703703704
THR, 6, 27.955, 0.898236, -80601.781250, 0.375159259259
TRP, 2, 28.524, 0.883743, -80422.953125, 0.314955555556
TYR, 6, 27.780, 0.85857, -80339.671875, 0.270355555556
VAL, 4, 28.923, 0.85081, -80260.289062, 0.221659259259
