AMINO ACID, DSSP, SASA, GYRATE, ENERGY, RMSF
ALA, 6, 29.679, 0.856955, -79635.109375, 0.251659259259
ARG, 9, 28.684, 0.864824, -81282.054688, 0.298462962963
ASN, 6, 26.570, 0.835942, -80606.500000, 0.210481481481
ASP, 8, 25.686, 0.831011, -80612.609375, 0.207903703704
CYS, 13, 24.572, 0.795373, -79338.296875, 0.307162962963
GLN, 11, 27.820, 0.869788, -80762.156250, 0.290562962963
GLU, 8, 26.790, 0.836843, -80385.250000, 0.207940740741
GLY, 8, 27.416, 0.836703, -80328.953125, 0.230159259259
HIS, 12, 26.736, 0.816691, -80568.953125, 0.336788888889
ILE, 5, 29.091, 0.866588, -79678.140625, 0.278788888889
LEU, 8, 28.771, 0.838942, -79495.812500, 0.349325925926
LYS, 8, 26.664, 0.817012, -79897.484375, 0.242707407407
MET, 8, 28.121, 0.840004, -81244.687500, 0.221622222222
PHE, 9, 26.546, 0.825647, -80587.015625, 0.339081481481
PRO, 6, 23.929, 0.788279, -80359.921875, 0.268974074074
SER, 10, 27.181, 0.836385, -80004.468750, 0.234703703704
THR, 6, 27.007, 0.880365, -80364.343750, 0.375159259259
TRP, 4, 27.318, 0.879567, -79455.859375, 0.314955555556
TYR, 6, 27.803, 0.862878, -80717.156250, 0.270355555556
VAL, 6, 28.887, 0.858637, -80564.492188, 0.221659259259
