AMINO ACID, DSSP, SASA, GYRATE, ENERGY, RMSF
ALA, 9, 27.789, 0.84622, -80065.546875, 0.251659259259
ARG, 7, 27.793, 0.844736, -80397.281250, 0.298462962963
ASN, 8, 27.188, 0.836119, -80017.546875, 0.210481481481
ASP, 10, 25.874, 0.823136, -79681.007812, 0.207903703704
CYS, 13, 24.043, 0.790235, -79394.437500, 0.307162962963
GLN, 10, 26.386, 0.850008, -80225.171875, 0.290562962963
GLU, 6, 28.024, 0.847774, -80179.429688, 0.207940740741
GLY, 8, 28.647, 0.843213, -80072.640625, 0.230159259259
HIS, 10, 27.272, 0.821025, -80960.671875, 0.336788888889
ILE, 10, 26.413, 0.824132, -80705.117188, 0.278788888889
LEU, 10, 28.317, 0.825666, -79332.867188, 0.349325925926
LYS, 8, 25.879, 0.825028, -80996.437500, 0.242707407407
MET, 6, 28.788, 0.858357, -80650.945312, 0.221622222222
PHE, 8, 27.738, 0.831134, -80428.804688, 0.339081481481
PRO, 6, 25.565, 0.799366, -80345.812500, 0.268974074074
SER, 10, 25.500, 0.825009, -80802.562500, 0.234703703704
THR, 4, 25.870, 0.870562, -79223.359375, 0.375159259259
TRP, 4, 28.022, 0.866081, -79636.671875, 0.314955555556
TYR, 6, 28.410, 0.849959, -79638.789062, 0.270355555556
VAL, 6, 26.802, 0.833529, -80096.078125, 0.221659259259
