AMINO ACID, DSSP, SASA, GYRATE, ENERGY, RMSF
ALA, 12, 28.224, 0.85086, -80373.359375, 0.251659259259
ARG, 9, 28.399, 0.853137, -79694.312500, 0.298462962963
ASN, 6, 27.150, 0.838797, -80655.015625, 0.210481481481
ASP, 10, 25.659, 0.818284, -80524.757812, 0.207903703704
CYS, 14, 25.717, 0.795579, -79615.898438, 0.307162962963
GLN, 9, 25.886, 0.840762, -80219.492188, 0.290562962963
GLU, 6, 29.106, 0.851651, -79917.585938, 0.207940740741
GLY, 8, 28.725, 0.842776, -80076.140625, 0.230159259259
HIS, 12, 26.235, 0.813505, -80482.390625, 0.336788888889
ILE, 4, 29.031, 0.851932, -79983.593750, 0.278788888889
LEU, 10, 27.885, 0.828751, -81519.914062, 0.349325925926
LYS, 8, 25.346, 0.815234, -80685.945312, 0.242707407407
MET, 2, 26.617, 0.843046, -80353.921875, 0.221622222222
PHE, 7, 27.738, 0.844754, -79535.257812, 0.339081481481
PRO, 8, 26.225, 0.81585, -79684.109375, 0.268974074074
SER, 8, 26.664, 0.822466, -80480.046875, 0.234703703704
THR, 8, 29.112, 0.895596, -80143.625000, 0.375159259259
TRP, 2, 28.389, 0.883969, -79286.632812, 0.314955555556
TYR, 8, 26.986, 0.843174, -79910.804688, 0.270355555556
VAL, 7, 29.038, 0.851632, -79999.070312, 0.221659259259
