AMINO ACID, DSSP, SASA, GYRATE, ENERGY, RMSF
ALA, 7, 27.224, 0.830928, -80925.437500, 0.251659259259
ARG, 7, 28.458, 0.848635, -80569.671875, 0.298462962963
ASN, 6, 27.011, 0.845815, -80358.382812, 0.210481481481
ASP, 6, 25.126, 0.809921, -80314.031250, 0.207903703704
CYS, 10, 24.844, 0.788347, -80328.609375, 0.307162962963
GLN, 11, 28.676, 0.842905, -80990.867188, 0.290562962963
GLU, 4, 25.959, 0.819695, -80184.500000, 0.207940740741
GLY, 6, 28.503, 0.857978, -80092.109375, 0.230159259259
HIS, 14, 26.512, 0.825777, -80248.117188, 0.336788888889
ILE, 8, 28.577, 0.85883, -78846.468750, 0.278788888889
LEU, 10, 26.697, 0.827788, -79442.765625, 0.349325925926
LYS, 6, 26.409, 0.823617, -80340.875000, 0.242707407407
MET, 4, 26.495, 0.847511, -80834.343750, 0.221622222222
PHE, 8, 27.536, 0.82905, -79583.617188, 0.339081481481
PRO, 12, 26.023, 0.813553, -79839.437500, 0.268974074074
SER, 8, 26.071, 0.814443, -79717.953125, 0.234703703704
THR, 10, 26.989, 0.884234, -79796.203125, 0.375159259259
TRP, 2, 27.740, 0.881068, -80280.148438, 0.314955555556
TYR, 10, 28.445, 0.843014, -79667.281250, 0.270355555556
VAL, 4, 28.711, 0.863808, -80610.187500, 0.221659259259
