AMINO ACID, DSSP, SASA, GYRATE, ENERGY, RMSF
ALA, 10, 27.328, 0.837713, -80539.601562, 0.251659259259
ARG, 7, 29.167, 0.863773, -80298.671875, 0.298462962963
ASN, 8, 26.631, 0.838794, -80247.570312, 0.210481481481
ASP, 6, 26.281, 0.817506, -80127.593750, 0.207903703704
CYS, 15, 24.763, 0.792025, -79363.937500, 0.307162962963
GLN, 13, 28.443, 0.845478, -79349.976562, 0.290562962963
GLU, 4, 26.004, 0.811416, -79267.453125, 0.207940740741
GLY, 6, 27.477, 0.852417, -81527.445312, 0.230159259259
HIS, 10, 25.555, 0.826103, -80146.476562, 0.336788888889
ILE, 6, 29.690, 0.860967, -79373.679688, 0.278788888889
LEU, 10, 27.823, 0.831541, -80318.539062, 0.349325925926
LYS, 8, 26.909, 0.837159, -79979.148438, 0.242707407407
MET, 4, 27.558, 0.852356, -80739.851562, 0.221622222222
PHE, 6, 26.923, 0.827601, -79780.859375, 0.339081481481
PRO, 12, 26.302, 0.81711, -80755.796875, 0.268974074074
SER, 8, 25.865, 0.816215, -79423.390625, 0.234703703704
THR, 8, 27.213, 0.892433, -80043.843750, 0.375159259259
TRP, 0, 27.585, 0.873137, -80909.382812, 0.314955555556
TYR, 8, 27.196, 0.842987, -79841.093750, 0.270355555556
VAL, 6, 28.826, 0.861056, -79813.781250, 0.221659259259
