AMINO ACID, DSSP, SASA, GYRATE, ENERGY, RMSF
ALA, 4, 28.350, 0.841765, -81026.156250, 0.251659259259
ARG, 7, 28.444, 0.857557, -81345.460938, 0.298462962963
ASN, 8, 27.143, 0.828821, -80401.812500, 0.210481481481
ASP, 2, 24.917, 0.809393, -80263.070312, 0.207903703704
CYS, 13, 24.354, 0.795681, -80092.695312, 0.307162962963
GLN, 9, 28.066, 0.856038, -80164.000000, 0.290562962963
GLU, 6, 27.056, 0.82439, -80560.445312, 0.207940740741
GLY, 4, 26.856, 0.840546, -80474.703125, 0.230159259259
HIS, 12, 25.865, 0.807241, -79215.312500, 0.336788888889
ILE, 8, 29.246, 0.862597, -80829.867188, 0.278788888889
LEU, 8, 27.840, 0.840476, -80942.484375, 0.349325925926
LYS, 8, 27.741, 0.825451, -80077.679688, 0.242707407407
MET, 6, 27.661, 0.835059, -80336.281250, 0.221622222222
PHE, 4, 28.282, 0.826714, -79932.078125, 0.339081481481
PRO, 14, 25.562, 0.800762, -79527.789062, 0.268974074074
SER, 9, 25.048, 0.816973, -81069.265625, 0.234703703704
THR, 6, 26.285, 0.880816, -80095.992188, 0.375159259259
TRP, 4, 27.822, 0.866018, -79387.460938, 0.314955555556
TYR, 4, 27.536, 0.846501, -80290.273438, 0.270355555556
VAL, 6, 28.200, 0.845612, -80279.414062, 0.221659259259
