AMINO ACID, DSSP, SASA, GYRATE, ENERGY, RMSF
ALA, 6, 27.061, 0.858905, -79075.156250, 0.251659259259
ARG, 8, 27.560, 0.827293, -81218.515625, 0.298462962963
ASN, 10, 29.747, 0.842897, -80344.414062, 0.210481481481
ASP, 9, 24.739, 0.809403, -80049.312500, 0.207903703704
CYS, 10, 28.785, 0.851438, -80802.625000, 0.307162962963
GLN, 9, 26.025, 0.819329, -80554.406250, 0.290562962963
GLU, 4, 28.507, 0.86047, -81043.109375, 0.207940740741
GLY, 10, 27.827, 0.851345, -80653.593750, 0.230159259259
HIS, 6, 29.474, 0.845572, -80489.765625, 0.336788888889
ILE, 14, 28.810, 0.843515, -79900.625000, 0.278788888889
LEU, 11, 26.779, 0.809701, -79877.453125, 0.349325925926
LYS, 9, 26.696, 0.825424, -80302.921875, 0.242707407407
MET, 7, 27.716, 0.828759, -80973.554688, 0.221622222222
PHE, 12, 24.041, 0.792345, -80054.781250, 0.339081481481
PRO, 8, 25.207, 0.827468, -79449.171875, 0.268974074074
SER, 12, 25.083, 0.810867, -80692.031250, 0.234703703704
THR, 6, 26.627, 0.827177, -79731.179688, 0.375159259259
TRP, 4, 27.930, 0.845995, -79938.304688, 0.314955555556
TYR, 9, 28.721, 0.872816, -79635.406250, 0.270355555556
VAL, 8, 25.983, 0.819647, -79296.796875, 0.221659259259
