AMINO ACID, DSSP, SASA, GYRATE, ENERGY, RMSF
ALA, 2, 26.770, 0.840537, -79935.718750, 0.251659259259
ARG, 7, 27.840, 0.855223, -80542.406250, 0.298462962963
ASN, 10, 25.314, 0.804557, -80311.140625, 0.210481481481
ASP, 4, 25.670, 0.813902, -80006.671875, 0.207903703704
CYS, 10, 25.235, 0.796085, -81388.171875, 0.307162962963
GLN, 11, 28.530, 0.841286, -80828.296875, 0.290562962963
GLU, 8, 24.984, 0.816259, -80881.796875, 0.207940740741
GLY, 10, 25.777, 0.819135, -79490.640625, 0.230159259259
HIS, 10, 26.492, 0.824251, -80104.523438, 0.336788888889
ILE, 6, 28.052, 0.853494, -80060.500000, 0.278788888889
LEU, 6, 28.930, 0.845056, -80283.562500, 0.349325925926
LYS, 9, 27.726, 0.827428, -81076.750000, 0.242707407407
MET, 4, 25.169, 0.81954, -79944.414062, 0.221622222222
PHE, 4, 27.161, 0.826049, -79749.492188, 0.339081481481
PRO, 10, 25.611, 0.802928, -80135.000000, 0.268974074074
SER, 4, 26.064, 0.82284, -80280.187500, 0.234703703704
THR, 8, 26.749, 0.898033, -79987.109375, 0.375159259259
TRP, 2, 28.407, 0.866443, -79975.601562, 0.314955555556
TYR, 6, 27.907, 0.834616, -79678.320312, 0.270355555556
VAL, 6, 28.327, 0.855431, -80557.015625, 0.221659259259
