AMINO ACID, DSSP, SASA, GYRATE, ENERGY, RMSF
ALA, 6, 28.099, 0.868865, -79974.601562, 0.251659259259
ARG, 6, 27.090, 0.831568, -80985.742188, 0.298462962963
ASN, 12, 28.827, 0.84398, -80695.000000, 0.210481481481
ASP, 9, 25.203, 0.808287, -80763.062500, 0.207903703704
CYS, 8, 28.767, 0.849409, -80408.445312, 0.307162962963
GLN, 2, 26.456, 0.816607, -81859.351562, 0.290562962963
GLU, 4, 28.384, 0.850371, -80151.617188, 0.207940740741
GLY, 10, 26.691, 0.846316, -79571.132812, 0.230159259259
HIS, 10, 29.531, 0.849014, -79504.765625, 0.336788888889
ILE, 6, 28.561, 0.853015, -80333.343750, 0.278788888889
LEU, 11, 27.688, 0.819525, -79380.015625, 0.349325925926
LYS, 7, 26.239, 0.831042, -81219.210938, 0.242707407407
MET, 9, 26.578, 0.828447, -80131.234375, 0.221622222222
PHE, 12, 24.579, 0.795207, -80449.000000, 0.339081481481
PRO, 6, 25.531, 0.834076, -80335.835938, 0.268974074074
SER, 12, 25.832, 0.81167, -81000.046875, 0.234703703704
THR, 6, 28.148, 0.828444, -80528.867188, 0.375159259259
TRP, 6, 28.181, 0.854013, -79116.671875, 0.314955555556
TYR, 11, 28.052, 0.86579, -80273.320312, 0.270355555556
VAL, 8, 25.231, 0.823875, -79718.609375, 0.221659259259
