AMINO ACID, DSSP, SASA, GYRATE, ENERGY, RMSF
ALA, 4, 27.706, 0.847316, -80206.695312, 0.251659259259
ARG, 7, 27.043, 0.847223, -80384.617188, 0.298462962963
ASN, 10, 24.261, 0.813519, -80118.984375, 0.210481481481
ASP, 4, 25.457, 0.815683, -80724.140625, 0.207903703704
CYS, 11, 24.646, 0.790391, -79957.531250, 0.307162962963
GLN, 7, 27.507, 0.85931, -80340.718750, 0.290562962963
GLU, 6, 25.224, 0.816549, -80406.562500, 0.207940740741
GLY, 4, 26.929, 0.82985, -79761.437500, 0.230159259259
HIS, 12, 26.057, 0.812545, -80557.492188, 0.336788888889
ILE, 6, 27.119, 0.849776, -79632.992188, 0.278788888889
LEU, 10, 27.322, 0.834185, -79311.851562, 0.349325925926
LYS, 8, 28.090, 0.826508, -80559.960938, 0.242707407407
MET, 2, 25.012, 0.824711, -80447.484375, 0.221622222222
PHE, 6, 28.347, 0.832451, -79558.656250, 0.339081481481
PRO, 8, 25.687, 0.807912, -79943.390625, 0.268974074074
SER, 6, 25.616, 0.81712, -80584.203125, 0.234703703704
THR, 8, 25.898, 0.884716, -80111.695312, 0.375159259259
TRP, 4, 27.566, 0.855827, -80929.687500, 0.314955555556
TYR, 10, 28.035, 0.838814, -79337.312500, 0.270355555556
VAL, 6, 29.514, 0.869148, -80960.757812, 0.221659259259
