AMINO ACID, DSSP, SASA, GYRATE, ENERGY, RMSF
ALA, 6, 26.580, 0.852745, -80021.656250, 0.251659259259
ARG, 7, 28.779, 0.861715, -80865.593750, 0.298462962963
ASN, 10, 26.618, 0.809858, -80624.726562, 0.210481481481
ASP, 2, 26.562, 0.832652, -81508.718750, 0.207903703704
CYS, 13, 25.997, 0.800682, -80118.867188, 0.307162962963
GLN, 11, 28.494, 0.867371, -79610.804688, 0.290562962963
GLU, 4, 25.403, 0.8207, -79798.734375, 0.207940740741
GLY, 7, 26.421, 0.834396, -79714.484375, 0.230159259259
HIS, 12, 26.542, 0.827659, -80629.703125, 0.336788888889
ILE, 4, 27.878, 0.839651, -80037.320312, 0.278788888889
LEU, 8, 26.950, 0.837342, -80613.507812, 0.349325925926
LYS, 8, 26.272, 0.812356, -80872.460938, 0.242707407407
MET, 8, 24.981, 0.813836, -79744.914062, 0.221622222222
PHE, 4, 26.888, 0.818866, -79369.593750, 0.339081481481
PRO, 8, 26.922, 0.819603, -80196.859375, 0.268974074074
SER, 7, 26.144, 0.824108, -80728.203125, 0.234703703704
THR, 8, 26.348, 0.886151, -79928.671875, 0.375159259259
TRP, 4, 26.392, 0.854161, -80259.507812, 0.314955555556
TYR, 10, 27.829, 0.850898, -80153.484375, 0.270355555556
VAL, 6, 28.749, 0.856771, -80162.906250, 0.221659259259
