AMINO ACID, DSSP, SASA, GYRATE, ENERGY, RMSF
ALA, 2, 28.623, 0.859779, -80203.289062, 0.251659259259
ARG, 7, 28.771, 0.837559, -81154.234375, 0.298462962963
ASN, 10, 26.199, 0.815701, -80686.000000, 0.210481481481
ASP, 4, 26.357, 0.830458, -80007.429688, 0.207903703704
CYS, 12, 24.236, 0.795223, -80635.703125, 0.307162962963
GLN, 9, 26.596, 0.845989, -80083.312500, 0.290562962963
GLU, 4, 26.165, 0.832908, -79634.054688, 0.207940740741
GLY, 6, 25.327, 0.817539, -81113.382812, 0.230159259259
HIS, 14, 26.297, 0.812801, -80446.953125, 0.336788888889
ILE, 6, 27.592, 0.850027, -79818.093750, 0.278788888889
LEU, 10, 25.800, 0.822757, -80171.007812, 0.349325925926
LYS, 9, 26.938, 0.803286, -80396.539062, 0.242707407407
MET, 6, 25.596, 0.830064, -80037.468750, 0.221622222222
PHE, 4, 26.682, 0.825385, -80103.875000, 0.339081481481
PRO, 8, 26.460, 0.812853, -80846.015625, 0.268974074074
SER, 6, 27.395, 0.828622, -80217.695312, 0.234703703704
THR, 8, 25.584, 0.883544, -80870.835938, 0.375159259259
TRP, 2, 28.587, 0.876147, -79243.242188, 0.314955555556
TYR, 10, 27.968, 0.84243, -79950.226562, 0.270355555556
VAL, 6, 26.676, 0.833278, -79804.445312, 0.221659259259
