AMINO ACID, DSSP, SASA, GYRATE, ENERGY, RMSF
ALA, 4, 28.843, 0.850394, -79609.109375, 0.251659259259
ARG, 5, 26.810, 0.824995, -80525.507812, 0.298462962963
ASN, 10, 25.598, 0.808289, -81199.406250, 0.210481481481
ASP, 9, 25.523, 0.812706, -80303.203125, 0.207903703704
CYS, 12, 25.177, 0.799558, -81048.125000, 0.307162962963
GLN, 7, 27.371, 0.869386, -79510.757812, 0.290562962963
GLU, 6, 27.531, 0.836344, -80119.460938, 0.207940740741
GLY, 8, 25.966, 0.824656, -79554.562500, 0.230159259259
HIS, 12, 25.737, 0.819411, -80253.132812, 0.336788888889
ILE, 8, 28.960, 0.860515, -81362.031250, 0.278788888889
LEU, 12, 28.984, 0.840414, -80895.164062, 0.349325925926
LYS, 12, 27.174, 0.812089, -80791.593750, 0.242707407407
MET, 4, 26.893, 0.827863, -79942.359375, 0.221622222222
PHE, 4, 28.807, 0.835676, -79518.992188, 0.339081481481
PRO, 12, 26.010, 0.821193, -79877.695312, 0.268974074074
SER, 6, 24.765, 0.814525, -80264.648438, 0.234703703704
THR, 6, 27.419, 0.892672, -80853.242188, 0.375159259259
TRP, 6, 30.086, 0.885493, -80101.312500, 0.314955555556
TYR, 8, 28.004, 0.840831, -79397.976562, 0.270355555556
VAL, 6, 27.148, 0.847983, -80985.734375, 0.221659259259
