AMINO ACID, DSSP, SASA, GYRATE, ENERGY, RMSF
ALA, 4, 28.299, 0.856041, -80251.046875, 0.251659259259
ARG, 11, 27.398, 0.833493, -81515.421875, 0.298462962963
ASN, 8, 24.687, 0.810276, -80648.562500, 0.210481481481
ASP, 6, 26.474, 0.816532, -80762.484375, 0.207903703704
CYS, 12, 25.647, 0.804954, -80702.132812, 0.307162962963
GLN, 5, 28.387, 0.881903, -79805.812500, 0.290562962963
GLU, 4, 27.759, 0.839793, -79614.343750, 0.207940740741
GLY, 8, 25.754, 0.831086, -80091.953125, 0.230159259259
HIS, 10, 27.182, 0.831053, -81084.312500, 0.336788888889
ILE, 6, 29.714, 0.857303, -79636.843750, 0.278788888889
LEU, 8, 29.126, 0.830832, -79655.281250, 0.349325925926
LYS, 10, 26.878, 0.812228, -80463.429688, 0.242707407407
MET, 4, 25.002, 0.816591, -80144.062500, 0.221622222222
PHE, 6, 28.855, 0.836156, -80438.765625, 0.339081481481
PRO, 12, 25.178, 0.814385, -79934.125000, 0.268974074074
SER, 6, 26.577, 0.822884, -80205.781250, 0.234703703704
THR, 6, 27.584, 0.895222, -80020.328125, 0.375159259259
TRP, 6, 29.733, 0.8827, -80590.367188, 0.314955555556
TYR, 8, 27.714, 0.829337, -80358.656250, 0.270355555556
VAL, 6, 27.732, 0.840083, -80719.804688, 0.221659259259
