AMINO ACID, DSSP, SASA, GYRATE, ENERGY, RMSF
ALA, 4, 28.543, 0.848479, -79707.085938, 0.251659259259
ARG, 7, 27.558, 0.826963, -80738.203125, 0.298462962963
ASN, 8, 24.743, 0.809257, -79477.945312, 0.210481481481
ASP, 8, 27.330, 0.806025, -79983.062500, 0.207903703704
CYS, 12, 25.360, 0.802655, -80404.906250, 0.307162962963
GLN, 9, 27.022, 0.869902, -80671.789062, 0.290562962963
GLU, 4, 27.558, 0.835656, -80171.265625, 0.207940740741
GLY, 8, 25.111, 0.820107, -79977.289062, 0.230159259259
HIS, 10, 26.716, 0.820745, -80327.593750, 0.336788888889
ILE, 8, 28.239, 0.852085, -79532.328125, 0.278788888889
LEU, 12, 27.099, 0.821788, -81186.656250, 0.349325925926
LYS, 8, 27.408, 0.8234, -81010.851562, 0.242707407407
MET, 4, 26.114, 0.834068, -79711.875000, 0.221622222222
PHE, 6, 26.438, 0.823743, -79541.875000, 0.339081481481
PRO, 6, 26.628, 0.83181, -80162.421875, 0.268974074074
SER, 6, 24.623, 0.814646, -79577.125000, 0.234703703704
THR, 6, 26.495, 0.872313, -80420.906250, 0.375159259259
TRP, 6, 29.262, 0.887164, -79950.960938, 0.314955555556
TYR, 8, 27.762, 0.841772, -80506.945312, 0.270355555556
VAL, 6, 27.246, 0.836754, -80698.203125, 0.221659259259
