AMINO ACID, DSSP, SASA, GYRATE, ENERGY, RMSF
ALA, 2, 28.671, 0.838009, -81320.507812, 0.251659259259
ARG, 7, 27.204, 0.819923, -80129.132812, 0.298462962963
ASN, 10, 25.964, 0.808192, -80599.851562, 0.210481481481
ASP, 10, 26.725, 0.82141, -79523.773438, 0.207903703704
CYS, 10, 25.147, 0.803247, -79430.078125, 0.307162962963
GLN, 6, 26.583, 0.871065, -80571.554688, 0.290562962963
GLU, 2, 27.232, 0.834414, -80703.515625, 0.207940740741
GLY, 10, 26.366, 0.824419, -80344.390625, 0.230159259259
HIS, 10, 27.081, 0.822252, -80536.695312, 0.336788888889
ILE, 8, 28.913, 0.851795, -80227.242188, 0.278788888889
LEU, 10, 28.143, 0.833247, -79922.687500, 0.349325925926
LYS, 13, 27.180, 0.824896, -80995.250000, 0.242707407407
MET, 0, 26.613, 0.827255, -80400.796875, 0.221622222222
PHE, 4, 26.649, 0.824851, -80292.421875, 0.339081481481
PRO, 10, 26.695, 0.835513, -79800.296875, 0.268974074074
SER, 8, 24.572, 0.816759, -80121.578125, 0.234703703704
THR, 6, 27.063, 0.895603, -81180.250000, 0.375159259259
TRP, 6, 29.295, 0.879618, -80691.734375, 0.314955555556
TYR, 8, 27.629, 0.844917, -80234.328125, 0.270355555556
VAL, 2, 27.135, 0.83915, -81217.554688, 0.221659259259
