AMINO ACID, DSSP, SASA, GYRATE, ENERGY, RMSF
ALA, 4, 28.576, 0.851172, -80376.101562, 0.251659259259
ARG, 8, 26.596, 0.832996, -79977.000000, 0.298462962963
ASN, 10, 27.734, 0.831068, -80209.390625, 0.210481481481
ASP, 9, 26.889, 0.816244, -80557.031250, 0.207903703704
CYS, 8, 30.001, 0.874974, -80589.109375, 0.307162962963
GLN, 2, 26.024, 0.820725, -80115.140625, 0.290562962963
GLU, 10, 28.256, 0.847796, -80317.171875, 0.207940740741
GLY, 6, 28.999, 0.872551, -80703.968750, 0.230159259259
HIS, 4, 28.674, 0.858502, -79905.773438, 0.336788888889
ILE, 6, 28.048, 0.845689, -80363.796875, 0.278788888889
LEU, 9, 26.808, 0.814317, -80172.468750, 0.349325925926
LYS, 4, 28.952, 0.848758, -80792.460938, 0.242707407407
MET, 7, 26.475, 0.8371, -80249.953125, 0.221622222222
PHE, 7, 24.605, 0.805969, -80314.023438, 0.339081481481
PRO, 6, 25.584, 0.823902, -79929.656250, 0.268974074074
SER, 12, 26.767, 0.804716, -80065.007812, 0.234703703704
THR, 10, 24.939, 0.808135, -80430.406250, 0.375159259259
TRP, 6, 27.158, 0.840257, -80116.382812, 0.314955555556
TYR, 7, 28.297, 0.856975, -79881.250000, 0.270355555556
VAL, 8, 29.206, 0.854044, -80898.437500, 0.221659259259
