AMINO ACID, DSSP, SASA, GYRATE, ENERGY, RMSF
ALA, 4, 27.958, 0.842757, -80442.257812, 0.251659259259
ARG, 6, 28.910, 0.83824, -80872.875000, 0.298462962963
ASN, 8, 28.000, 0.831448, -81391.273438, 0.210481481481
ASP, 11, 26.219, 0.810362, -79890.234375, 0.207903703704
CYS, 8, 27.887, 0.867939, -79825.414062, 0.307162962963
GLN, 4, 25.972, 0.831177, -80405.218750, 0.290562962963
GLU, 4, 28.167, 0.845679, -78778.078125, 0.207940740741
GLY, 8, 28.092, 0.856134, -80587.242188, 0.230159259259
HIS, 8, 27.209, 0.842623, -78907.750000, 0.336788888889
ILE, 6, 26.854, 0.832175, -80593.101562, 0.278788888889
LEU, 9, 26.808, 0.814368, -80396.664062, 0.349325925926
LYS, 11, 27.293, 0.824957, -80436.828125, 0.242707407407
MET, 6, 27.095, 0.831837, -79503.171875, 0.221622222222
PHE, 10, 24.432, 0.792056, -80180.671875, 0.339081481481
PRO, 8, 25.410, 0.817227, -80500.492188, 0.268974074074
SER, 12, 25.751, 0.794709, -81089.843750, 0.234703703704
THR, 6, 25.779, 0.8268, -80273.812500, 0.375159259259
TRP, 4, 27.579, 0.839693, -79170.156250, 0.314955555556
TYR, 7, 28.095, 0.865558, -79695.101562, 0.270355555556
VAL, 8, 28.030, 0.830878, -79783.218750, 0.221659259259
