AMINO ACID, DSSP, SASA, GYRATE, ENERGY, RMSF
ALA, 2, 28.345, 0.866997, -80676.609375, 0.251659259259
ARG, 6, 27.182, 0.842963, -80998.578125, 0.298462962963
ASN, 10, 26.128, 0.817328, -80666.945312, 0.210481481481
ASP, 8, 25.948, 0.812561, -79997.453125, 0.207903703704
CYS, 11, 25.645, 0.806759, -80083.203125, 0.307162962963
GLN, 3, 26.080, 0.87139, -80829.382812, 0.290562962963
GLU, 4, 25.417, 0.815882, -79871.203125, 0.207940740741
GLY, 8, 26.124, 0.818503, -79885.250000, 0.230159259259
HIS, 10, 26.539, 0.82112, -81124.812500, 0.336788888889
ILE, 6, 27.477, 0.842716, -79403.796875, 0.278788888889
LEU, 12, 29.701, 0.839277, -79567.132812, 0.349325925926
LYS, 11, 25.954, 0.802579, -80223.875000, 0.242707407407
MET, 8, 25.136, 0.820097, -80029.421875, 0.221622222222
PHE, 7, 25.816, 0.823232, -79280.539062, 0.339081481481
PRO, 10, 26.081, 0.822992, -79908.218750, 0.268974074074
SER, 8, 24.707, 0.809465, -80347.312500, 0.234703703704
THR, 8, 27.062, 0.884779, -79667.671875, 0.375159259259
TRP, 7, 28.147, 0.876019, -80318.460938, 0.314955555556
TYR, 14, 27.564, 0.832884, -79838.250000, 0.270355555556
VAL, 6, 28.732, 0.851267, -80569.015625, 0.221659259259
