AMINO ACID, DSSP, SASA, GYRATE, ENERGY, RMSF
ALA, 2, 28.138, 0.858274, -79997.742188, 0.251659259259
ARG, 5, 28.043, 0.841766, -81008.796875, 0.298462962963
ASN, 10, 26.658, 0.824053, -80945.429688, 0.210481481481
ASP, 12, 26.487, 0.821269, -79332.015625, 0.207903703704
CYS, 13, 25.917, 0.813766, -80239.484375, 0.307162962963
GLN, 5, 26.475, 0.872668, -80038.179688, 0.290562962963
GLU, 4, 24.480, 0.815812, -79578.960938, 0.207940740741
GLY, 8, 25.820, 0.806346, -79494.679688, 0.230159259259
HIS, 13, 26.052, 0.81405, -80047.601562, 0.336788888889
ILE, 6, 28.332, 0.849722, -79985.343750, 0.278788888889
LEU, 10, 29.513, 0.849636, -80071.679688, 0.349325925926
LYS, 13, 24.811, 0.801401, -80415.914062, 0.242707407407
MET, 8, 26.144, 0.823603, -79878.812500, 0.221622222222
PHE, 7, 25.241, 0.819355, -79418.507812, 0.339081481481
PRO, 10, 25.887, 0.814195, -80188.281250, 0.268974074074
SER, 8, 25.497, 0.799409, -80091.210938, 0.234703703704
THR, 8, 25.604, 0.871016, -79480.492188, 0.375159259259
TRP, 6, 27.490, 0.869, -80259.359375, 0.314955555556
TYR, 8, 27.334, 0.841536, -79437.859375, 0.270355555556
VAL, 6, 28.763, 0.852681, -80630.101562, 0.221659259259
