AMINO ACID, DSSP, SASA, GYRATE, ENERGY, RMSF
ALA, 4, 28.284, 0.849161, -81204.804688, 0.251659259259
ARG, 9, 27.642, 0.842118, -79837.187500, 0.298462962963
ASN, 10, 26.664, 0.816866, -80764.960938, 0.210481481481
ASP, 12, 25.959, 0.806548, -80491.554688, 0.207903703704
CYS, 13, 24.912, 0.798611, -79866.132812, 0.307162962963
GLN, 6, 26.247, 0.837945, -80073.289062, 0.290562962963
GLU, 4, 25.486, 0.81156, -79693.468750, 0.207940740741
GLY, 10, 26.578, 0.844833, -80062.968750, 0.230159259259
HIS, 10, 27.204, 0.841916, -80785.671875, 0.336788888889
ILE, 8, 28.414, 0.84081, -78562.570312, 0.278788888889
LEU, 10, 28.405, 0.852769, -80165.281250, 0.349325925926
LYS, 9, 25.968, 0.81088, -80219.992188, 0.242707407407
MET, 10, 26.224, 0.821755, -80926.125000, 0.221622222222
PHE, 2, 25.789, 0.809157, -79422.828125, 0.339081481481
PRO, 8, 25.153, 0.813669, -79999.562500, 0.268974074074
SER, 10, 24.332, 0.802459, -79615.789062, 0.234703703704
THR, 4, 28.052, 0.914328, -80685.406250, 0.375159259259
TRP, 2, 27.843, 0.863593, -79429.906250, 0.314955555556
TYR, 10, 28.284, 0.854529, -80297.546875, 0.270355555556
VAL, 4, 27.001, 0.858714, -80324.734375, 0.221659259259
