AMINO ACID, DSSP, SASA, GYRATE, ENERGY, RMSF
ALA, 4, 27.651, 0.856153, -81148.835938, 0.251659259259
ARG, 5, 27.052, 0.835134, -80851.859375, 0.298462962963
ASN, 10, 26.214, 0.83418, -80069.835938, 0.210481481481
ASP, 10, 27.194, 0.814921, -80429.835938, 0.207903703704
CYS, 13, 24.871, 0.792223, -80653.843750, 0.307162962963
GLN, 8, 26.268, 0.849714, -80858.093750, 0.290562962963
GLU, 6, 26.239, 0.822978, -81006.078125, 0.207940740741
GLY, 11, 26.372, 0.818328, -80472.921875, 0.230159259259
HIS, 12, 27.041, 0.835757, -79948.148438, 0.336788888889
ILE, 6, 27.298, 0.843238, -79433.695312, 0.278788888889
LEU, 8, 28.648, 0.853186, -80331.531250, 0.349325925926
LYS, 13, 26.927, 0.820768, -80973.351562, 0.242707407407
MET, 8, 25.620, 0.81455, -80076.109375, 0.221622222222
PHE, 6, 25.304, 0.808845, -80229.468750, 0.339081481481
PRO, 10, 25.364, 0.80971, -80052.351562, 0.268974074074
SER, 4, 25.593, 0.804956, -80431.101562, 0.234703703704
THR, 10, 26.224, 0.875559, -81249.484375, 0.375159259259
TRP, 2, 27.878, 0.869929, -80119.585938, 0.314955555556
TYR, 10, 26.485, 0.846793, -79657.523438, 0.270355555556
VAL, 8, 28.127, 0.865238, -79780.617188, 0.221659259259
