AMINO ACID, DSSP, SASA, GYRATE, ENERGY, RMSF
ALA, 2, 29.084, 0.877683, -80044.171875, 0.251659259259
ARG, 7, 26.578, 0.825529, -80596.593750, 0.298462962963
ASN, 6, 27.775, 0.848339, -79807.007812, 0.210481481481
ASP, 10, 26.387, 0.808242, -79528.921875, 0.207903703704
CYS, 12, 27.106, 0.810009, -79725.859375, 0.307162962963
GLN, 6, 26.326, 0.845159, -80685.156250, 0.290562962963
GLU, 4, 25.171, 0.807452, -79503.890625, 0.207940740741
GLY, 11, 26.009, 0.808137, -80083.703125, 0.230159259259
HIS, 12, 27.183, 0.827999, -80194.992188, 0.336788888889
ILE, 6, 27.914, 0.856684, -80361.132812, 0.278788888889
LEU, 12, 27.799, 0.842937, -79826.625000, 0.349325925926
LYS, 13, 25.209, 0.798392, -80285.328125, 0.242707407407
MET, 8, 26.023, 0.819585, -79932.132812, 0.221622222222
PHE, 6, 24.849, 0.821656, -79479.625000, 0.339081481481
PRO, 12, 25.499, 0.800965, -80772.273438, 0.268974074074
SER, 4, 25.174, 0.799764, -80620.539062, 0.234703703704
THR, 6, 25.665, 0.86123, -80930.820312, 0.375159259259
TRP, 7, 26.670, 0.869299, -80118.125000, 0.314955555556
TYR, 8, 28.224, 0.850818, -80507.773438, 0.270355555556
VAL, 6, 26.115, 0.833289, -80164.796875, 0.221659259259
