AMINO ACID, DSSP, SASA, GYRATE, ENERGY, RMSF
ALA, 6, 28.833, 0.848169, -80132.656250, 0.251659259259
ARG, 4, 27.249, 0.834594, -80919.000000, 0.298462962963
ASN, 6, 24.573, 0.813764, -80253.843750, 0.210481481481
ASP, 10, 27.005, 0.825118, -80942.039062, 0.207903703704
CYS, 11, 24.792, 0.793837, -79088.437500, 0.307162962963
GLN, 8, 26.386, 0.841367, -80378.359375, 0.290562962963
GLU, 4, 25.982, 0.81978, -79479.406250, 0.207940740741
GLY, 11, 24.688, 0.799214, -80837.281250, 0.230159259259
HIS, 12, 27.038, 0.849097, -80840.375000, 0.336788888889
ILE, 8, 28.268, 0.839899, -80202.351562, 0.278788888889
LEU, 12, 28.472, 0.857591, -80953.398438, 0.349325925926
LYS, 15, 26.413, 0.805746, -80329.968750, 0.242707407407
MET, 8, 25.316, 0.829275, -79970.585938, 0.221622222222
PHE, 2, 25.188, 0.824586, -78988.851562, 0.339081481481
PRO, 6, 25.990, 0.807853, -80424.781250, 0.268974074074
SER, 8, 24.363, 0.796717, -80550.234375, 0.234703703704
THR, 8, 28.054, 0.87204, -80771.226562, 0.375159259259
TRP, 4, 26.912, 0.868165, -79116.875000, 0.314955555556
TYR, 8, 27.343, 0.827483, -80010.007812, 0.270355555556
VAL, 6, 26.527, 0.851345, -80865.640625, 0.221659259259
