AMINO ACID, DSSP, SASA, GYRATE, ENERGY, RMSF
ALA, 2, 28.522, 0.847167, -80639.609375, 0.251659259259
ARG, 9, 28.442, 0.837579, -80645.437500, 0.298462962963
ASN, 10, 24.957, 0.815968, -80852.843750, 0.210481481481
ASP, 8, 25.291, 0.809124, -80059.843750, 0.207903703704
CYS, 11, 25.024, 0.800726, -80926.546875, 0.307162962963
GLN, 8, 27.748, 0.847783, -79727.312500, 0.290562962963
GLU, 6, 26.399, 0.810256, -79500.718750, 0.207940740741
GLY, 9, 25.177, 0.805156, -80329.468750, 0.230159259259
HIS, 10, 27.576, 0.873956, -80362.000000, 0.336788888889
ILE, 6, 28.327, 0.849373, -80262.093750, 0.278788888889
LEU, 10, 28.519, 0.843406, -80652.421875, 0.349325925926
LYS, 17, 25.288, 0.793784, -80186.421875, 0.242707407407
MET, 8, 26.771, 0.839739, -79028.031250, 0.221622222222
PHE, 6, 25.555, 0.82291, -80267.125000, 0.339081481481
PRO, 12, 25.272, 0.816145, -79796.625000, 0.268974074074
SER, 4, 25.411, 0.805227, -80461.718750, 0.234703703704
THR, 6, 26.920, 0.891972, -81193.531250, 0.375159259259
TRP, 4, 26.209, 0.860553, -79812.062500, 0.314955555556
TYR, 6, 27.076, 0.854441, -81007.351562, 0.270355555556
VAL, 6, 27.395, 0.84613, -79756.765625, 0.221659259259
