AMINO ACID, DSSP, SASA, GYRATE, ENERGY, RMSF
ALA, 2, 29.200, 0.870564, -80441.156250, 0.251659259259
ARG, 7, 27.753, 0.845712, -80469.273438, 0.298462962963
ASN, 11, 26.275, 0.826075, -79968.703125, 0.210481481481
ASP, 10, 26.316, 0.815437, -79926.625000, 0.207903703704
CYS, 12, 25.577, 0.79652, -80090.468750, 0.307162962963
GLN, 7, 27.742, 0.847387, -80070.085938, 0.290562962963
GLU, 2, 27.355, 0.825902, -80205.250000, 0.207940740741
GLY, 4, 25.699, 0.805009, -81127.109375, 0.230159259259
HIS, 9, 25.821, 0.840866, -80463.359375, 0.336788888889
ILE, 6, 29.618, 0.860024, -80149.968750, 0.278788888889
LEU, 10, 26.671, 0.828964, -80124.328125, 0.349325925926
LYS, 11, 24.946, 0.80215, -80490.679688, 0.242707407407
MET, 8, 27.250, 0.825101, -81307.265625, 0.221622222222
PHE, 6, 25.856, 0.821104, -80373.062500, 0.339081481481
PRO, 6, 26.975, 0.82208, -80517.609375, 0.268974074074
SER, 6, 24.701, 0.797298, -80705.039062, 0.234703703704
THR, 8, 26.526, 0.852122, -80151.671875, 0.375159259259
TRP, 4, 27.182, 0.858818, -79496.609375, 0.314955555556
TYR, 12, 27.484, 0.841566, -80563.968750, 0.270355555556
VAL, 6, 27.318, 0.834802, -80520.101562, 0.221659259259
