AMINO ACID, DSSP, SASA, GYRATE, ENERGY, RMSF
ALA, 4, 27.726, 0.853739, -80792.812500, 0.251659259259
ARG, 7, 27.011, 0.837825, -80985.781250, 0.298462962963
ASN, 10, 26.598, 0.814971, -80429.835938, 0.210481481481
ASP, 8, 26.530, 0.82256, -80296.296875, 0.207903703704
CYS, 12, 26.221, 0.79958, -79272.703125, 0.307162962963
GLN, 8, 26.597, 0.837449, -80684.867188, 0.290562962963
GLU, 6, 26.774, 0.816996, -81052.109375, 0.207940740741
GLY, 9, 26.104, 0.802599, -79323.046875, 0.230159259259
HIS, 11, 25.688, 0.843253, -80130.304688, 0.336788888889
ILE, 6, 30.422, 0.856346, -80166.437500, 0.278788888889
LEU, 12, 26.955, 0.837557, -80618.265625, 0.349325925926
LYS, 9, 24.758, 0.797654, -80369.640625, 0.242707407407
MET, 8, 26.827, 0.820542, -79514.562500, 0.221622222222
PHE, 4, 24.777, 0.818801, -79845.203125, 0.339081481481
PRO, 8, 28.272, 0.83975, -79385.273438, 0.268974074074
SER, 6, 24.771, 0.804352, -80589.531250, 0.234703703704
THR, 4, 27.938, 0.876467, -79635.828125, 0.375159259259
TRP, 6, 28.970, 0.872843, -81114.500000, 0.314955555556
TYR, 6, 27.273, 0.834687, -79782.726562, 0.270355555556
VAL, 8, 26.282, 0.832939, -80107.734375, 0.221659259259
