AMINO ACID, DSSP, SASA, GYRATE, ENERGY, RMSF
ALA, 2, 28.171, 0.854985, -79800.289062, 0.251659259259
ARG, 7, 27.214, 0.837988, -80081.015625, 0.298462962963
ASN, 14, 25.178, 0.811366, -79811.539062, 0.210481481481
ASP, 8, 25.729, 0.807069, -79488.921875, 0.207903703704
CYS, 9, 25.980, 0.798209, -81075.390625, 0.307162962963
GLN, 6, 27.476, 0.845223, -80927.781250, 0.290562962963
GLU, 2, 26.651, 0.82236, -80333.726562, 0.207940740741
GLY, 9, 24.932, 0.799313, -79916.507812, 0.230159259259
HIS, 6, 26.414, 0.844514, -79561.359375, 0.336788888889
ILE, 6, 29.738, 0.861695, -80762.109375, 0.278788888889
LEU, 12, 26.713, 0.821771, -79602.187500, 0.349325925926
LYS, 13, 24.553, 0.803412, -80367.234375, 0.242707407407
MET, 8, 25.623, 0.817405, -80040.179688, 0.221622222222
PHE, 6, 26.323, 0.822326, -80664.562500, 0.339081481481
PRO, 8, 26.689, 0.824222, -79003.960938, 0.268974074074
SER, 6, 25.100, 0.813945, -79881.546875, 0.234703703704
THR, 8, 26.969, 0.859657, -79989.546875, 0.375159259259
TRP, 4, 28.777, 0.873799, -79901.898438, 0.314955555556
TYR, 10, 27.250, 0.843143, -79701.234375, 0.270355555556
VAL, 8, 26.961, 0.835839, -79075.953125, 0.221659259259
