AMINO ACID, DSSP, SASA, GYRATE, ENERGY, RMSF
ALA, 2, 27.872, 0.843278, -79825.437500, 0.251659259259
ARG, 9, 26.065, 0.820884, -80257.054688, 0.298462962963
ASN, 10, 27.124, 0.825088, -80114.101562, 0.210481481481
ASP, 10, 25.486, 0.821537, -79926.796875, 0.207903703704
CYS, 11, 25.685, 0.806195, -80876.734375, 0.307162962963
GLN, 10, 26.686, 0.846964, -79972.960938, 0.290562962963
GLU, 2, 25.999, 0.807252, -79647.609375, 0.207940740741
GLY, 6, 26.126, 0.811672, -80039.921875, 0.230159259259
HIS, 9, 27.761, 0.853389, -81097.015625, 0.336788888889
ILE, 6, 29.446, 0.8431, -80445.234375, 0.278788888889
LEU, 10, 26.493, 0.83483, -79264.851562, 0.349325925926
LYS, 11, 27.053, 0.816767, -80163.265625, 0.242707407407
MET, 8, 25.426, 0.815364, -79749.140625, 0.221622222222
PHE, 5, 24.569, 0.819882, -79279.335938, 0.339081481481
PRO, 10, 28.121, 0.836942, -80050.531250, 0.268974074074
SER, 6, 24.280, 0.800865, -79383.671875, 0.234703703704
THR, 4, 26.288, 0.867262, -80625.093750, 0.375159259259
TRP, 4, 27.775, 0.886149, -79642.429688, 0.314955555556
TYR, 8, 27.347, 0.828692, -79769.273438, 0.270355555556
VAL, 8, 26.589, 0.831821, -80958.867188, 0.221659259259
