AMINO ACID, DSSP, SASA, GYRATE, ENERGY, RMSF
ALA, 4, 28.293, 0.843312, -80314.828125, 0.251659259259
ARG, 7, 28.826, 0.849971, -81473.554688, 0.298462962963
ASN, 8, 25.390, 0.825542, -80072.968750, 0.210481481481
ASP, 8, 27.711, 0.822415, -79816.687500, 0.207903703704
CYS, 7, 25.262, 0.807377, -80515.968750, 0.307162962963
GLN, 5, 27.966, 0.867038, -80238.703125, 0.290562962963
GLU, 2, 26.771, 0.820225, -79307.414062, 0.207940740741
GLY, 6, 25.281, 0.818513, -79938.718750, 0.230159259259
HIS, 7, 28.071, 0.861729, -79082.273438, 0.336788888889
ILE, 8, 28.496, 0.865992, -79631.898438, 0.278788888889
LEU, 8, 27.890, 0.843812, -79940.656250, 0.349325925926
LYS, 11, 26.666, 0.800347, -81018.406250, 0.242707407407
MET, 8, 25.137, 0.814998, -80614.359375, 0.221622222222
PHE, 0, 26.007, 0.818925, -79762.945312, 0.339081481481
PRO, 10, 26.891, 0.818376, -80241.640625, 0.268974074074
SER, 8, 25.457, 0.813524, -80787.953125, 0.234703703704
THR, 10, 26.889, 0.840269, -79651.023438, 0.375159259259
TRP, 2, 27.825, 0.845129, -79923.828125, 0.314955555556
TYR, 8, 26.970, 0.815551, -80776.484375, 0.270355555556
VAL, 8, 27.026, 0.849722, -80103.359375, 0.221659259259
