AMINO ACID, DSSP, SASA, GYRATE, ENERGY, RMSF
ALA, 2, 28.332, 0.839991, -79802.562500, 0.251659259259
ARG, 9, 26.374, 0.829349, -80824.109375, 0.298462962963
ASN, 8, 26.307, 0.82169, -80983.359375, 0.210481481481
ASP, 10, 24.487, 0.799384, -80844.765625, 0.207903703704
CYS, 8, 25.699, 0.799979, -80218.687500, 0.307162962963
GLN, 8, 25.780, 0.857392, -79642.562500, 0.290562962963
GLU, 2, 26.598, 0.815563, -79815.781250, 0.207940740741
GLY, 8, 26.561, 0.817343, -80234.609375, 0.230159259259
HIS, 5, 26.719, 0.839717, -80449.312500, 0.336788888889
ILE, 6, 28.532, 0.885536, -79501.085938, 0.278788888889
LEU, 6, 28.647, 0.852674, -80090.390625, 0.349325925926
LYS, 13, 27.268, 0.829129, -79993.257812, 0.242707407407
MET, 8, 24.838, 0.814361, -80848.390625, 0.221622222222
PHE, 8, 26.479, 0.821021, -79663.882812, 0.339081481481
PRO, 10, 24.991, 0.817382, -80882.218750, 0.268974074074
SER, 4, 25.983, 0.829157, -79745.500000, 0.234703703704
THR, 4, 26.560, 0.828289, -80264.765625, 0.375159259259
TRP, 6, 27.923, 0.878379, -79588.921875, 0.314955555556
TYR, 8, 26.250, 0.820405, -79141.640625, 0.270355555556
VAL, 10, 26.155, 0.83773, -79897.070312, 0.221659259259
