AMINO ACID, DSSP, SASA, GYRATE, ENERGY, RMSF
ALA, 8, 28.009, 0.839956, -80127.531250, 0.251659259259
ARG, 9, 26.311, 0.819837, -80212.984375, 0.298462962963
ASN, 8, 25.997, 0.831667, -80791.312500, 0.210481481481
ASP, 12, 25.781, 0.804891, -80135.335938, 0.207903703704
CYS, 7, 25.426, 0.804036, -80682.265625, 0.307162962963
GLN, 6, 25.465, 0.873261, -79530.382812, 0.290562962963
GLU, 4, 25.863, 0.820481, -80058.828125, 0.207940740741
GLY, 6, 26.340, 0.826608, -81187.640625, 0.230159259259
HIS, 10, 27.417, 0.831348, -80326.953125, 0.336788888889
ILE, 4, 29.769, 0.864429, -80254.578125, 0.278788888889
LEU, 8, 27.944, 0.854184, -79281.500000, 0.349325925926
LYS, 11, 26.039, 0.822174, -80689.179688, 0.242707407407
MET, 8, 23.778, 0.797915, -80281.984375, 0.221622222222
PHE, 6, 26.107, 0.824499, -79109.218750, 0.339081481481
PRO, 12, 25.753, 0.811078, -80273.625000, 0.268974074074
SER, 8, 25.625, 0.821656, -80208.890625, 0.234703703704
THR, 10, 25.524, 0.821688, -80362.546875, 0.375159259259
TRP, 7, 27.092, 0.854519, -80229.031250, 0.314955555556
TYR, 12, 26.855, 0.827345, -79684.984375, 0.270355555556
VAL, 6, 26.155, 0.830167, -79343.703125, 0.221659259259
