AMINO ACID, DSSP, SASA, GYRATE, ENERGY, RMSF
ALA, 4, 27.634, 0.835601, -80569.890625, 0.251659259259
ARG, 11, 26.965, 0.837096, -80446.843750, 0.298462962963
ASN, 11, 25.279, 0.814995, -80352.593750, 0.210481481481
ASP, 12, 26.231, 0.810247, -80039.390625, 0.207903703704
CYS, 7, 25.159, 0.791509, -79876.820312, 0.307162962963
GLN, 6, 26.171, 0.883534, -79626.273438, 0.290562962963
GLU, 5, 26.491, 0.822942, -80216.609375, 0.207940740741
GLY, 4, 25.876, 0.836162, -79830.507812, 0.230159259259
HIS, 4, 28.114, 0.830426, -81081.859375, 0.336788888889
ILE, 4, 29.509, 0.875853, -79409.625000, 0.278788888889
LEU, 6, 27.784, 0.8505, -79468.398438, 0.349325925926
LYS, 11, 27.333, 0.828457, -80835.617188, 0.242707407407
MET, 8, 23.508, 0.798401, -80991.367188, 0.221622222222
PHE, 6, 25.000, 0.821477, -80283.250000, 0.339081481481
PRO, 10, 26.019, 0.808998, -79901.664062, 0.268974074074
SER, 8, 24.938, 0.813382, -80837.554688, 0.234703703704
THR, 8, 26.902, 0.834276, -80357.609375, 0.375159259259
TRP, 6, 27.026, 0.855696, -80407.742188, 0.314955555556
TYR, 6, 27.477, 0.833729, -79946.484375, 0.270355555556
VAL, 8, 25.974, 0.840724, -80436.843750, 0.221659259259
