AMINO ACID, DSSP, SASA, GYRATE, ENERGY, RMSF
ALA, 7, 28.011, 0.851771, -80064.015625, 0.251659259259
ARG, 9, 28.127, 0.842323, -81004.890625, 0.298462962963
ASN, 10, 26.687, 0.827285, -80647.390625, 0.210481481481
ASP, 6, 26.015, 0.817308, -80695.250000, 0.207903703704
CYS, 11, 26.546, 0.810836, -81162.218750, 0.307162962963
GLN, 4, 26.364, 0.86404, -81153.046875, 0.290562962963
GLU, 6, 25.207, 0.818049, -79912.804688, 0.207940740741
GLY, 6, 25.966, 0.818796, -79572.726562, 0.230159259259
HIS, 13, 27.007, 0.823837, -80450.648438, 0.336788888889
ILE, 2, 30.839, 0.865496, -79413.828125, 0.278788888889
LEU, 12, 27.647, 0.865092, -79516.500000, 0.349325925926
LYS, 10, 26.569, 0.825665, -80517.187500, 0.242707407407
MET, 6, 25.064, 0.824305, -79840.187500, 0.221622222222
PHE, 6, 26.146, 0.817727, -80052.820312, 0.339081481481
PRO, 12, 25.090, 0.801433, -80057.515625, 0.268974074074
SER, 6, 25.672, 0.826585, -81034.898438, 0.234703703704
THR, 8, 25.561, 0.831753, -80114.906250, 0.375159259259
TRP, 4, 26.456, 0.86496, -79752.742188, 0.314955555556
TYR, 10, 26.701, 0.833876, -79940.156250, 0.270355555556
VAL, 10, 27.820, 0.848546, -80116.656250, 0.221659259259
