AMINO ACID, DSSP, SASA, GYRATE, ENERGY, RMSF
ALA, 4, 28.876, 0.861348, -80925.625000, 0.251659259259
ARG, 9, 28.093, 0.835808, -80171.914062, 0.298462962963
ASN, 10, 26.719, 0.83171, -81687.726562, 0.210481481481
ASP, 10, 26.107, 0.817462, -78830.226562, 0.207903703704
CYS, 9, 27.486, 0.820375, -79261.757812, 0.307162962963
GLN, 6, 26.126, 0.867722, -80521.062500, 0.290562962963
GLU, 10, 25.340, 0.818857, -80329.593750, 0.207940740741
GLY, 6, 26.707, 0.816667, -80077.164062, 0.230159259259
HIS, 10, 28.970, 0.839637, -80435.273438, 0.336788888889
ILE, 9, 29.517, 0.890156, -79679.421875, 0.278788888889
LEU, 10, 28.408, 0.869422, -79856.554688, 0.349325925926
LYS, 11, 26.872, 0.829692, -81469.281250, 0.242707407407
MET, 4, 25.774, 0.825503, -79880.046875, 0.221622222222
PHE, 6, 25.728, 0.825543, -79695.453125, 0.339081481481
PRO, 12, 26.202, 0.806996, -80137.820312, 0.268974074074
SER, 8, 25.618, 0.815675, -79801.453125, 0.234703703704
THR, 6, 26.148, 0.83822, -79725.890625, 0.375159259259
TRP, 2, 27.551, 0.86597, -79107.437500, 0.314955555556
TYR, 8, 26.412, 0.821878, -80594.851562, 0.270355555556
VAL, 6, 26.748, 0.84711, -79990.796875, 0.221659259259
