AMINO ACID, DSSP, SASA, GYRATE, ENERGY, RMSF
ALA, 2, 26.119, 0.847335, -80666.640625, 0.251659259259
ARG, 7, 26.502, 0.82567, -80219.882812, 0.298462962963
ASN, 6, 25.194, 0.821669, -80716.742188, 0.210481481481
ASP, 8, 26.719, 0.824073, -80414.218750, 0.207903703704
CYS, 7, 25.449, 0.812895, -79659.218750, 0.307162962963
GLN, 7, 27.968, 0.87675, -80451.507812, 0.290562962963
GLU, 6, 27.821, 0.847696, -80145.218750, 0.207940740741
GLY, 8, 27.377, 0.836504, -79762.218750, 0.230159259259
HIS, 10, 27.135, 0.844203, -79039.046875, 0.336788888889
ILE, 8, 30.436, 0.878005, -79489.781250, 0.278788888889
LEU, 6, 29.125, 0.859126, -79751.250000, 0.349325925926
LYS, 11, 27.306, 0.816074, -80555.953125, 0.242707407407
MET, 6, 25.699, 0.825323, -80927.390625, 0.221622222222
PHE, 4, 26.463, 0.828465, -80225.843750, 0.339081481481
PRO, 12, 26.304, 0.822108, -80153.265625, 0.268974074074
SER, 8, 24.412, 0.798301, -81128.890625, 0.234703703704
THR, 6, 26.822, 0.843224, -80234.398438, 0.375159259259
TRP, 2, 28.136, 0.868311, -78962.945312, 0.314955555556
TYR, 8, 27.753, 0.829998, -79982.312500, 0.270355555556
VAL, 10, 26.055, 0.836481, -80662.515625, 0.221659259259
