AMINO ACID, DSSP, SASA, GYRATE, ENERGY, RMSF
ALA, 2, 26.924, 0.839574, -80443.718750, 0.251659259259
ARG, 9, 28.180, 0.832479, -81419.031250, 0.298462962963
ASN, 6, 27.067, 0.823851, -80749.179688, 0.210481481481
ASP, 10, 26.750, 0.825336, -79992.406250, 0.207903703704
CYS, 8, 25.989, 0.813676, -80654.234375, 0.307162962963
GLN, 5, 26.996, 0.893679, -79915.484375, 0.290562962963
GLU, 6, 27.281, 0.835317, -80375.960938, 0.207940740741
GLY, 12, 26.662, 0.820097, -80128.960938, 0.230159259259
HIS, 10, 27.873, 0.838491, -79703.656250, 0.336788888889
ILE, 2, 29.571, 0.87574, -80390.429688, 0.278788888889
LEU, 6, 28.718, 0.870396, -80689.484375, 0.349325925926
LYS, 11, 27.676, 0.817443, -80767.171875, 0.242707407407
MET, 6, 25.891, 0.823652, -79947.476562, 0.221622222222
PHE, 4, 25.807, 0.819239, -80126.859375, 0.339081481481
PRO, 14, 26.289, 0.818163, -80805.765625, 0.268974074074
SER, 6, 25.739, 0.821556, -79162.734375, 0.234703703704
THR, 8, 26.526, 0.858686, -80675.898438, 0.375159259259
TRP, 2, 28.724, 0.87669, -80227.093750, 0.314955555556
TYR, 8, 26.353, 0.82687, -80933.609375, 0.270355555556
VAL, 10, 25.379, 0.831399, -80004.578125, 0.221659259259
