AMINO ACID, DSSP, SASA, GYRATE, ENERGY, RMSF
ALA, 4, 27.866, 0.847516, -81150.921875, 0.251659259259
ARG, 7, 27.264, 0.84017, -80843.546875, 0.298462962963
ASN, 10, 25.199, 0.809731, -79932.859375, 0.210481481481
ASP, 10, 27.094, 0.80771, -80241.023438, 0.207903703704
CYS, 8, 25.668, 0.805267, -79998.726562, 0.307162962963
GLN, 3, 27.094, 0.884763, -79953.382812, 0.290562962963
GLU, 6, 27.391, 0.824537, -79690.335938, 0.207940740741
GLY, 6, 26.979, 0.83219, -79133.796875, 0.230159259259
HIS, 6, 26.719, 0.845887, -79923.437500, 0.336788888889
ILE, 4, 28.398, 0.848551, -80027.757812, 0.278788888889
LEU, 9, 28.919, 0.857734, -79607.500000, 0.349325925926
LYS, 11, 27.971, 0.825587, -81234.039062, 0.242707407407
MET, 4, 25.220, 0.830085, -79822.671875, 0.221622222222
PHE, 6, 25.694, 0.819306, -79795.234375, 0.339081481481
PRO, 10, 24.581, 0.806978, -80280.484375, 0.268974074074
SER, 8, 27.081, 0.82794, -80115.257812, 0.234703703704
THR, 10, 26.699, 0.850882, -80865.968750, 0.375159259259
TRP, 4, 27.649, 0.865582, -80120.781250, 0.314955555556
TYR, 10, 27.152, 0.823939, -80879.289062, 0.270355555556
VAL, 10, 26.232, 0.844553, -80109.437500, 0.221659259259
