AMINO ACID, DSSP, SASA, GYRATE, ENERGY, RMSF
ALA, 6, 27.167, 0.841225, -80575.250000, 0.251659259259
ARG, 9, 26.725, 0.834434, -81228.085938, 0.298462962963
ASN, 10, 24.946, 0.812242, -81009.562500, 0.210481481481
ASP, 8, 27.515, 0.818013, -79654.648438, 0.207903703704
CYS, 7, 25.804, 0.8061, -80012.289062, 0.307162962963
GLN, 5, 27.835, 0.892818, -79490.742188, 0.290562962963
GLU, 6, 27.327, 0.832014, -79960.632812, 0.207940740741
GLY, 8, 27.369, 0.825658, -80545.062500, 0.230159259259
HIS, 8, 27.797, 0.840175, -80520.640625, 0.336788888889
ILE, 6, 28.147, 0.858569, -80908.937500, 0.278788888889
LEU, 6, 28.146, 0.856514, -81105.914062, 0.349325925926
LYS, 10, 26.783, 0.822023, -79981.125000, 0.242707407407
MET, 6, 27.240, 0.844545, -80217.359375, 0.221622222222
PHE, 6, 26.342, 0.817182, -80185.171875, 0.339081481481
PRO, 16, 25.988, 0.820786, -80437.968750, 0.268974074074
SER, 6, 25.092, 0.815408, -80700.359375, 0.234703703704
THR, 10, 25.071, 0.835215, -79815.515625, 0.375159259259
TRP, 6, 27.833, 0.860636, -79224.281250, 0.314955555556
TYR, 8, 25.986, 0.829923, -80032.171875, 0.270355555556
VAL, 10, 26.370, 0.842138, -80494.125000, 0.221659259259
