AMINO ACID, DSSP, SASA, GYRATE, ENERGY, RMSF
ALA, 4, 26.939, 0.8438, -80597.281250, 0.251659259259
ARG, 9, 25.195, 0.83027, -81106.273438, 0.298462962963
ASN, 8, 24.847, 0.81006, -80647.820312, 0.210481481481
ASP, 6, 27.256, 0.814673, -79872.312500, 0.207903703704
CYS, 7, 25.175, 0.802619, -79531.078125, 0.307162962963
GLN, 5, 28.170, 0.88293, -80781.281250, 0.290562962963
GLU, 4, 26.518, 0.827495, -79742.015625, 0.207940740741
GLY, 8, 26.692, 0.84096, -80495.593750, 0.230159259259
HIS, 6, 27.391, 0.832857, -80235.015625, 0.336788888889
ILE, 2, 29.056, 0.845813, -80034.375000, 0.278788888889
LEU, 6, 28.510, 0.854056, -79294.640625, 0.349325925926
LYS, 13, 27.521, 0.816337, -80554.945312, 0.242707407407
MET, 4, 25.833, 0.829548, -79940.062500, 0.221622222222
PHE, 8, 25.452, 0.813584, -80789.031250, 0.339081481481
PRO, 12, 24.313, 0.812202, -80487.507812, 0.268974074074
SER, 6, 25.476, 0.806398, -79902.226562, 0.234703703704
THR, 8, 25.378, 0.821993, -81023.710938, 0.375159259259
TRP, 4, 27.904, 0.886149, -79887.382812, 0.314955555556
TYR, 10, 26.792, 0.8243, -80614.875000, 0.270355555556
VAL, 10, 27.037, 0.833014, -79997.515625, 0.221659259259
