AMINO ACID, DSSP, SASA, GYRATE, ENERGY, RMSF
ALA, 7, 27.505, 0.837191, -80083.421875, 0.251659259259
ARG, 6, 28.207, 0.824697, -80993.664062, 0.298462962963
ASN, 10, 28.062, 0.837079, -80524.718750, 0.210481481481
ASP, 9, 25.652, 0.810928, -80300.335938, 0.207903703704
CYS, 8, 28.670, 0.86918, -80543.406250, 0.307162962963
GLN, 2, 26.597, 0.827481, -80451.953125, 0.290562962963
GLU, 6, 28.737, 0.852437, -79756.343750, 0.207940740741
GLY, 6, 28.243, 0.839707, -80778.257812, 0.230159259259
HIS, 10, 27.132, 0.845373, -80868.726562, 0.336788888889
ILE, 12, 29.230, 0.842315, -79983.531250, 0.278788888889
LEU, 8, 29.008, 0.8348, -79700.320312, 0.349325925926
LYS, 6, 28.045, 0.845347, -81322.867188, 0.242707407407
MET, 9, 28.106, 0.837009, -79906.554688, 0.221622222222
PHE, 7, 25.878, 0.808082, -80567.179688, 0.339081481481
PRO, 7, 27.039, 0.827622, -80081.593750, 0.268974074074
SER, 12, 26.162, 0.826459, -79535.750000, 0.234703703704
THR, 10, 26.835, 0.829534, -80624.546875, 0.375159259259
TRP, 6, 27.842, 0.846953, -79677.039062, 0.314955555556
TYR, 5, 28.295, 0.862947, -80113.843750, 0.270355555556
VAL, 8, 27.844, 0.839843, -80961.015625, 0.221659259259
