AMINO ACID, DSSP, SASA, GYRATE, ENERGY, RMSF
ALA, 4, 28.130, 0.855281, -80375.351562, 0.251659259259
ARG, 7, 27.035, 0.828449, -81044.859375, 0.298462962963
ASN, 4, 26.426, 0.826443, -80416.015625, 0.210481481481
ASP, 8, 27.370, 0.832289, -80908.968750, 0.207903703704
CYS, 10, 26.488, 0.808354, -80004.140625, 0.307162962963
GLN, 8, 26.434, 0.854486, -80077.171875, 0.290562962963
GLU, 4, 27.731, 0.839794, -80005.296875, 0.207940740741
GLY, 6, 26.504, 0.824693, -80815.914062, 0.230159259259
HIS, 10, 25.900, 0.828684, -80722.304688, 0.336788888889
ILE, 6, 28.220, 0.85679, -79746.687500, 0.278788888889
LEU, 6, 27.870, 0.855587, -78931.234375, 0.349325925926
LYS, 13, 26.241, 0.810267, -80890.484375, 0.242707407407
MET, 8, 24.755, 0.81578, -80881.695312, 0.221622222222
PHE, 4, 25.021, 0.809666, -79224.578125, 0.339081481481
PRO, 9, 25.052, 0.810977, -80807.656250, 0.268974074074
SER, 8, 26.595, 0.814669, -79980.656250, 0.234703703704
THR, 8, 24.555, 0.82581, -80788.562500, 0.375159259259
TRP, 7, 27.994, 0.8858, -80114.781250, 0.314955555556
TYR, 8, 26.235, 0.83196, -79480.906250, 0.270355555556
VAL, 10, 27.041, 0.843441, -79273.062500, 0.221659259259
