AMINO ACID, DSSP, SASA, GYRATE, ENERGY, RMSF
ALA, 6, 27.081, 0.841716, -80445.445312, 0.251659259259
ARG, 7, 28.169, 0.854088, -82017.296875, 0.298462962963
ASN, 8, 24.584, 0.810914, -79969.937500, 0.210481481481
ASP, 9, 26.488, 0.823294, -80245.984375, 0.207903703704
CYS, 10, 25.340, 0.818833, -81028.937500, 0.307162962963
GLN, 7, 26.899, 0.863545, -80572.750000, 0.290562962963
GLU, 4, 28.473, 0.827061, -80333.250000, 0.207940740741
GLY, 8, 26.225, 0.832456, -80357.734375, 0.230159259259
HIS, 8, 26.420, 0.839123, -79441.531250, 0.336788888889
ILE, 8, 26.995, 0.857989, -79798.906250, 0.278788888889
LEU, 6, 26.508, 0.847385, -79390.312500, 0.349325925926
LYS, 13, 25.271, 0.809272, -80427.718750, 0.242707407407
MET, 8, 25.462, 0.808592, -79564.101562, 0.221622222222
PHE, 8, 25.724, 0.819189, -80068.687500, 0.339081481481
PRO, 10, 25.976, 0.839988, -80395.914062, 0.268974074074
SER, 8, 24.604, 0.805077, -80337.703125, 0.234703703704
THR, 10, 25.324, 0.820402, -80541.820312, 0.375159259259
TRP, 6, 28.086, 0.872651, -80298.906250, 0.314955555556
TYR, 8, 27.157, 0.844675, -79814.976562, 0.270355555556
VAL, 10, 26.692, 0.844677, -81270.765625, 0.221659259259
