AMINO ACID, DSSP, SASA, GYRATE, ENERGY, RMSF
ALA, 5, 25.858, 0.839245, -80898.781250, 0.251659259259
ARG, 9, 26.772, 0.832539, -80901.421875, 0.298462962963
ASN, 8, 26.199, 0.816803, -80490.828125, 0.210481481481
ASP, 10, 26.499, 0.812753, -79412.070312, 0.207903703704
CYS, 12, 24.890, 0.811132, -79593.023438, 0.307162962963
GLN, 2, 26.234, 0.839798, -80018.187500, 0.290562962963
GLU, 6, 26.478, 0.826423, -79577.171875, 0.207940740741
GLY, 8, 28.952, 0.845362, -80072.859375, 0.230159259259
HIS, 8, 25.495, 0.837299, -79982.914062, 0.336788888889
ILE, 8, 27.553, 0.843405, -81148.851562, 0.278788888889
LEU, 6, 28.290, 0.863194, -79829.859375, 0.349325925926
LYS, 11, 27.465, 0.817776, -81166.429688, 0.242707407407
MET, 6, 25.987, 0.824329, -79923.515625, 0.221622222222
PHE, 4, 26.059, 0.816127, -79392.078125, 0.339081481481
PRO, 14, 26.506, 0.829033, -79884.609375, 0.268974074074
SER, 6, 26.803, 0.829885, -79913.562500, 0.234703703704
THR, 10, 25.711, 0.833449, -80011.359375, 0.375159259259
TRP, 4, 30.400, 0.893197, -79799.867188, 0.314955555556
TYR, 6, 27.655, 0.854591, -79962.843750, 0.270355555556
VAL, 8, 25.406, 0.824219, -79257.515625, 0.221659259259
