AMINO ACID, DSSP, SASA, GYRATE, ENERGY, RMSF
ALA, 9, 26.338, 0.834796, -79800.062500, 0.251659259259
ARG, 9, 27.436, 0.845325, -80731.656250, 0.298462962963
ASN, 6, 25.410, 0.809171, -80621.226562, 0.210481481481
ASP, 10, 27.167, 0.815605, -80441.703125, 0.207903703704
CYS, 8, 27.771, 0.817548, -80305.554688, 0.307162962963
GLN, 9, 26.660, 0.831725, -79901.359375, 0.290562962963
GLU, 4, 26.410, 0.822864, -80756.328125, 0.207940740741
GLY, 8, 28.102, 0.846644, -80839.578125, 0.230159259259
HIS, 8, 26.975, 0.844939, -80450.375000, 0.336788888889
ILE, 6, 26.967, 0.844415, -79895.359375, 0.278788888889
LEU, 6, 28.539, 0.849717, -80559.671875, 0.349325925926
LYS, 13, 26.518, 0.81618, -79995.843750, 0.242707407407
MET, 8, 26.569, 0.831413, -79649.640625, 0.221622222222
PHE, 4, 25.820, 0.808071, -79485.390625, 0.339081481481
PRO, 14, 26.396, 0.827008, -80241.468750, 0.268974074074
SER, 6, 27.111, 0.822924, -80214.656250, 0.234703703704
THR, 10, 25.908, 0.842973, -80444.828125, 0.375159259259
TRP, 7, 29.050, 0.895394, -79627.429688, 0.314955555556
TYR, 2, 28.557, 0.843573, -79505.156250, 0.270355555556
VAL, 6, 27.003, 0.839594, -80411.984375, 0.221659259259
