AMINO ACID, DSSP, SASA, GYRATE, ENERGY, RMSF
ALA, 4, 27.571, 0.8485, -79981.640625, 0.251659259259
ARG, 6, 28.279, 0.842162, -79653.968750, 0.298462962963
ASN, 10, 27.101, 0.830566, -81363.515625, 0.210481481481
ASP, 9, 26.602, 0.820956, -79877.062500, 0.207903703704
CYS, 10, 27.613, 0.851133, -79158.281250, 0.307162962963
GLN, 6, 26.208, 0.818916, -80044.007812, 0.290562962963
GLU, 8, 28.390, 0.859898, -80066.046875, 0.207940740741
GLY, 8, 28.141, 0.848812, -80518.484375, 0.230159259259
HIS, 10, 27.734, 0.843525, -79639.250000, 0.336788888889
ILE, 8, 27.784, 0.849163, -80591.609375, 0.278788888889
LEU, 10, 26.809, 0.820388, -80963.179688, 0.349325925926
LYS, 7, 27.867, 0.838675, -80902.789062, 0.242707407407
MET, 7, 26.927, 0.83982, -80548.164062, 0.221622222222
PHE, 10, 25.568, 0.803428, -80267.609375, 0.339081481481
PRO, 9, 25.400, 0.823165, -79084.929688, 0.268974074074
SER, 12, 25.682, 0.810742, -80836.507812, 0.234703703704
THR, 8, 27.057, 0.834765, -79449.125000, 0.375159259259
TRP, 4, 27.980, 0.832871, -79775.187500, 0.314955555556
TYR, 12, 28.173, 0.860804, -79881.046875, 0.270355555556
VAL, 8, 27.346, 0.836352, -80661.718750, 0.221659259259
