AMINO ACID, DSSP, SASA, GYRATE, ENERGY, RMSF
ALA, 5, 26.103, 0.82787, -80273.390625, 0.251659259259
ARG, 9, 26.638, 0.837711, -79653.171875, 0.298462962963
ASN, 10, 26.100, 0.818697, -79994.929688, 0.210481481481
ASP, 8, 26.587, 0.814182, -80133.984375, 0.207903703704
CYS, 8, 26.608, 0.815648, -79792.890625, 0.307162962963
GLN, 2, 25.539, 0.836295, -80620.023438, 0.290562962963
GLU, 4, 26.794, 0.833317, -80956.015625, 0.207940740741
GLY, 6, 27.920, 0.841002, -79991.710938, 0.230159259259
HIS, 12, 26.690, 0.847653, -80250.375000, 0.336788888889
ILE, 4, 27.819, 0.843933, -80402.890625, 0.278788888889
LEU, 6, 29.726, 0.858858, -81149.710938, 0.349325925926
LYS, 15, 26.165, 0.809096, -80868.695312, 0.242707407407
MET, 8, 25.569, 0.828173, -79462.656250, 0.221622222222
PHE, 7, 24.404, 0.821687, -79793.062500, 0.339081481481
PRO, 13, 26.038, 0.828067, -80028.781250, 0.268974074074
SER, 4, 27.398, 0.821577, -80313.648438, 0.234703703704
THR, 6, 26.886, 0.851421, -79898.046875, 0.375159259259
TRP, 9, 30.735, 0.916204, -80290.265625, 0.314955555556
TYR, 6, 28.210, 0.840069, -79947.703125, 0.270355555556
VAL, 6, 26.422, 0.845664, -79281.171875, 0.221659259259
