AMINO ACID, DSSP, SASA, GYRATE, ENERGY, RMSF
ALA, 7, 24.886, 0.841717, -80163.054688, 0.251659259259
ARG, 9, 28.054, 0.848045, -79872.054688, 0.298462962963
ASN, 11, 25.261, 0.816668, -80867.000000, 0.210481481481
ASP, 8, 27.981, 0.830175, -80729.632812, 0.207903703704
CYS, 10, 26.837, 0.807977, -80934.953125, 0.307162962963
GLN, 4, 26.859, 0.853108, -80610.726562, 0.290562962963
GLU, 4, 24.820, 0.80423, -80115.843750, 0.207940740741
GLY, 6, 27.574, 0.843168, -80080.062500, 0.230159259259
HIS, 10, 27.919, 0.843287, -80272.406250, 0.336788888889
ILE, 2, 29.287, 0.844792, -79843.765625, 0.278788888889
LEU, 8, 27.152, 0.844953, -80080.085938, 0.349325925926
LYS, 10, 26.718, 0.810573, -80502.976562, 0.242707407407
MET, 10, 25.669, 0.818309, -79602.796875, 0.221622222222
PHE, 9, 27.189, 0.830894, -79522.406250, 0.339081481481
PRO, 10, 25.748, 0.813784, -80256.195312, 0.268974074074
SER, 10, 26.739, 0.82107, -81010.351562, 0.234703703704
THR, 10, 25.380, 0.821603, -80528.351562, 0.375159259259
TRP, 4, 27.530, 0.894501, -80572.093750, 0.314955555556
TYR, 4, 28.289, 0.856969, -79995.179688, 0.270355555556
VAL, 8, 26.107, 0.837602, -80009.765625, 0.221659259259
