AMINO ACID, DSSP, SASA, GYRATE, ENERGY, RMSF
ALA, 7, 26.452, 0.862575, -79522.929688, 0.251659259259
ARG, 7, 26.345, 0.833913, -80810.859375, 0.298462962963
ASN, 6, 24.382, 0.811932, -80247.046875, 0.210481481481
ASP, 6, 26.393, 0.828125, -80498.664062, 0.207903703704
CYS, 7, 27.337, 0.822295, -80730.218750, 0.307162962963
GLN, 7, 27.657, 0.867059, -80072.335938, 0.290562962963
GLU, 7, 27.219, 0.818451, -79455.218750, 0.207940740741
GLY, 8, 25.410, 0.821603, -80155.406250, 0.230159259259
HIS, 10, 27.895, 0.856114, -80204.046875, 0.336788888889
ILE, 6, 28.062, 0.845244, -80194.828125, 0.278788888889
LEU, 6, 28.378, 0.855742, -79710.062500, 0.349325925926
LYS, 11, 27.414, 0.808462, -81400.609375, 0.242707407407
MET, 8, 27.048, 0.833137, -80070.492188, 0.221622222222
PHE, 5, 24.920, 0.817953, -80141.671875, 0.339081481481
PRO, 11, 26.641, 0.827259, -80361.843750, 0.268974074074
SER, 8, 25.614, 0.823072, -80583.984375, 0.234703703704
THR, 10, 25.914, 0.848233, -80854.851562, 0.375159259259
TRP, 9, 27.671, 0.90482, -80431.367188, 0.314955555556
TYR, 6, 31.141, 0.879621, -80884.484375, 0.270355555556
VAL, 4, 26.705, 0.83502, -80673.039062, 0.221659259259
