AMINO ACID, DSSP, SASA, GYRATE, ENERGY, RMSF
ALA, 7, 28.089, 0.864061, -80630.421875, 0.251659259259
ARG, 9, 27.119, 0.832547, -80591.875000, 0.298462962963
ASN, 10, 25.515, 0.809213, -80288.140625, 0.210481481481
ASP, 6, 27.141, 0.827469, -80278.125000, 0.207903703704
CYS, 7, 26.149, 0.796447, -80155.937500, 0.307162962963
GLN, 6, 27.761, 0.857774, -80076.671875, 0.290562962963
GLU, 5, 25.884, 0.811306, -79005.234375, 0.207940740741
GLY, 6, 25.128, 0.831096, -80745.835938, 0.230159259259
HIS, 11, 29.631, 0.863902, -79710.562500, 0.336788888889
ILE, 6, 27.942, 0.823149, -80331.781250, 0.278788888889
LEU, 6, 28.114, 0.844324, -80184.484375, 0.349325925926
LYS, 12, 28.337, 0.826039, -79869.656250, 0.242707407407
MET, 8, 26.983, 0.82655, -80012.898438, 0.221622222222
PHE, 8, 26.367, 0.834003, -79930.187500, 0.339081481481
PRO, 10, 26.956, 0.818188, -79307.976562, 0.268974074074
SER, 6, 24.855, 0.810601, -80503.445312, 0.234703703704
THR, 10, 25.616, 0.85062, -80236.078125, 0.375159259259
TRP, 9, 28.436, 0.880794, -79719.046875, 0.314955555556
TYR, 8, 29.599, 0.86919, -79731.171875, 0.270355555556
VAL, 8, 25.303, 0.821812, -80519.093750, 0.221659259259
