AMINO ACID, DSSP, SASA, GYRATE, ENERGY, RMSF
ALA, 7, 26.462, 0.852056, -80078.875000, 0.251659259259
ARG, 11, 25.974, 0.832687, -81505.476562, 0.298462962963
ASN, 8, 26.128, 0.808362, -80693.703125, 0.210481481481
ASP, 8, 27.225, 0.825017, -79502.382812, 0.207903703704
CYS, 7, 26.251, 0.809805, -80079.351562, 0.307162962963
GLN, 8, 27.447, 0.848327, -80424.414062, 0.290562962963
GLU, 4, 26.408, 0.818221, -80024.953125, 0.207940740741
GLY, 8, 25.493, 0.81315, -80729.554688, 0.230159259259
HIS, 8, 27.055, 0.853417, -80149.726562, 0.336788888889
ILE, 2, 27.290, 0.832945, -79928.421875, 0.278788888889
LEU, 6, 27.154, 0.838752, -79707.140625, 0.349325925926
LYS, 10, 27.532, 0.822011, -80898.117188, 0.242707407407
MET, 8, 26.726, 0.836276, -81499.000000, 0.221622222222
PHE, 6, 26.001, 0.836193, -79620.429688, 0.339081481481
PRO, 12, 26.272, 0.817603, -80181.750000, 0.268974074074
SER, 8, 24.213, 0.807878, -80251.296875, 0.234703703704
THR, 8, 27.435, 0.842709, -79520.625000, 0.375159259259
TRP, 5, 28.694, 0.882411, -79297.210938, 0.314955555556
TYR, 4, 28.482, 0.857088, -80666.484375, 0.270355555556
VAL, 10, 25.377, 0.828091, -80243.890625, 0.221659259259
