AMINO ACID, DSSP, SASA, GYRATE, ENERGY, RMSF
ALA, 7, 25.689, 0.836137, -80001.109375, 0.251659259259
ARG, 9, 26.781, 0.831853, -80908.296875, 0.298462962963
ASN, 11, 26.124, 0.809161, -80608.375000, 0.210481481481
ASP, 11, 26.512, 0.833259, -81260.117188, 0.207903703704
CYS, 6, 26.876, 0.806905, -81308.460938, 0.307162962963
GLN, 7, 27.598, 0.849785, -80573.921875, 0.290562962963
GLU, 5, 24.850, 0.806306, -80085.546875, 0.207940740741
GLY, 6, 26.216, 0.824294, -81145.125000, 0.230159259259
HIS, 8, 27.548, 0.86039, -79661.531250, 0.336788888889
ILE, 4, 27.865, 0.841907, -80502.039062, 0.278788888889
LEU, 6, 27.623, 0.849742, -79611.796875, 0.349325925926
LYS, 12, 27.293, 0.830663, -80731.859375, 0.242707407407
MET, 8, 25.529, 0.816744, -80789.421875, 0.221622222222
PHE, 4, 25.408, 0.829014, -79224.250000, 0.339081481481
PRO, 12, 25.786, 0.821416, -80390.921875, 0.268974074074
SER, 8, 24.898, 0.804892, -80763.273438, 0.234703703704
THR, 8, 25.953, 0.828633, -79612.906250, 0.375159259259
TRP, 7, 27.773, 0.876529, -80740.328125, 0.314955555556
TYR, 6, 28.451, 0.857891, -80321.070312, 0.270355555556
VAL, 6, 25.784, 0.831868, -80638.898438, 0.221659259259
