AMINO ACID, DSSP, SASA, GYRATE, ENERGY, RMSF
ALA, 7, 26.574, 0.847199, -80102.726562, 0.251659259259
ARG, 9, 25.830, 0.820144, -80409.890625, 0.298462962963
ASN, 8, 26.439, 0.813776, -80286.273438, 0.210481481481
ASP, 10, 26.719, 0.828171, -81105.617188, 0.207903703704
CYS, 10, 25.503, 0.794917, -80165.929688, 0.307162962963
GLN, 5, 28.094, 0.840508, -80650.468750, 0.290562962963
GLU, 4, 26.501, 0.816968, -79867.601562, 0.207940740741
GLY, 6, 26.194, 0.847065, -80879.250000, 0.230159259259
HIS, 10, 27.623, 0.843146, -80122.757812, 0.336788888889
ILE, 6, 28.000, 0.82841, -80038.796875, 0.278788888889
LEU, 10, 26.856, 0.834616, -79996.242188, 0.349325925926
LYS, 6, 29.548, 0.853068, -80669.156250, 0.242707407407
MET, 8, 25.732, 0.829235, -80436.906250, 0.221622222222
PHE, 4, 25.441, 0.820289, -79878.468750, 0.339081481481
PRO, 8, 26.573, 0.826127, -80852.414062, 0.268974074074
SER, 8, 25.414, 0.812126, -80818.078125, 0.234703703704
THR, 10, 27.143, 0.8425, -79299.484375, 0.375159259259
TRP, 4, 28.460, 0.908174, -79317.250000, 0.314955555556
TYR, 9, 29.303, 0.857228, -80403.578125, 0.270355555556
VAL, 10, 25.725, 0.838236, -80312.765625, 0.221659259259
