AMINO ACID, DSSP, SASA, GYRATE, ENERGY, RMSF
ALA, 2, 27.646, 0.852592, -80719.140625, 0.251659259259
ARG, 9, 25.803, 0.828538, -80159.703125, 0.298462962963
ASN, 8, 26.344, 0.81524, -81250.640625, 0.210481481481
ASP, 8, 26.716, 0.833799, -81150.203125, 0.207903703704
CYS, 8, 25.070, 0.795985, -80556.921875, 0.307162962963
GLN, 7, 27.583, 0.842251, -80386.320312, 0.290562962963
GLU, 6, 25.314, 0.809782, -79837.984375, 0.207940740741
GLY, 4, 25.991, 0.834621, -80711.257812, 0.230159259259
HIS, 9, 27.265, 0.850159, -80577.953125, 0.336788888889
ILE, 9, 26.660, 0.82803, -79658.828125, 0.278788888889
LEU, 8, 25.170, 0.827147, -80148.187500, 0.349325925926
LYS, 4, 29.296, 0.854832, -80461.656250, 0.242707407407
MET, 8, 25.378, 0.821426, -80249.125000, 0.221622222222
PHE, 4, 26.747, 0.811264, -80054.523438, 0.339081481481
PRO, 10, 26.428, 0.820327, -80124.062500, 0.268974074074
SER, 8, 26.903, 0.816832, -80450.492188, 0.234703703704
THR, 10, 26.511, 0.836289, -81141.343750, 0.375159259259
TRP, 4, 28.601, 0.916848, -80291.234375, 0.314955555556
TYR, 8, 27.920, 0.840649, -79970.304688, 0.270355555556
VAL, 8, 25.987, 0.845297, -80183.421875, 0.221659259259
