AMINO ACID, DSSP, SASA, GYRATE, ENERGY, RMSF
ALA, 7, 27.294, 0.860165, -79182.406250, 0.251659259259
ARG, 11, 26.653, 0.824801, -80252.023438, 0.298462962963
ASN, 10, 26.833, 0.810206, -80163.523438, 0.210481481481
ASP, 10, 27.307, 0.823004, -80120.023438, 0.207903703704
CYS, 10, 27.185, 0.816141, -80052.601562, 0.307162962963
GLN, 7, 28.689, 0.853896, -79982.851562, 0.290562962963
GLU, 7, 27.153, 0.840818, -80462.000000, 0.207940740741
GLY, 6, 26.239, 0.841677, -80038.390625, 0.230159259259
HIS, 10, 26.646, 0.826331, -80184.765625, 0.336788888889
ILE, 4, 27.015, 0.823591, -80392.859375, 0.278788888889
LEU, 10, 28.640, 0.860405, -79736.687500, 0.349325925926
LYS, 7, 30.022, 0.848252, -80860.531250, 0.242707407407
MET, 8, 24.910, 0.817342, -80411.226562, 0.221622222222
PHE, 4, 26.403, 0.807073, -79018.171875, 0.339081481481
PRO, 10, 25.410, 0.811819, -79033.703125, 0.268974074074
SER, 8, 26.209, 0.82274, -80804.812500, 0.234703703704
THR, 10, 26.854, 0.855433, -80727.031250, 0.375159259259
TRP, 6, 28.800, 0.902945, -80079.710938, 0.314955555556
TYR, 8, 27.707, 0.854904, -79806.679688, 0.270355555556
VAL, 10, 25.904, 0.838235, -80267.703125, 0.221659259259
