AMINO ACID, DSSP, SASA, GYRATE, ENERGY, RMSF
ALA, 5, 27.796, 0.855617, -80424.953125, 0.251659259259
ARG, 11, 25.919, 0.830309, -80810.976562, 0.298462962963
ASN, 8, 27.492, 0.829574, -80927.609375, 0.210481481481
ASP, 8, 27.522, 0.839935, -79976.625000, 0.207903703704
CYS, 5, 25.530, 0.798613, -79968.250000, 0.307162962963
GLN, 7, 28.860, 0.838876, -80017.843750, 0.290562962963
GLU, 2, 26.734, 0.825152, -79681.984375, 0.207940740741
GLY, 6, 26.244, 0.846776, -79894.601562, 0.230159259259
HIS, 12, 28.014, 0.852824, -81000.406250, 0.336788888889
ILE, 8, 25.715, 0.814514, -80733.804688, 0.278788888889
LEU, 6, 28.331, 0.866495, -79714.578125, 0.349325925926
LYS, 4, 30.512, 0.844465, -81288.968750, 0.242707407407
MET, 8, 26.078, 0.823602, -80538.101562, 0.221622222222
PHE, 2, 26.191, 0.820767, -80177.921875, 0.339081481481
PRO, 10, 24.328, 0.806146, -80244.859375, 0.268974074074
SER, 8, 26.288, 0.819079, -80089.445312, 0.234703703704
THR, 10, 26.065, 0.84722, -80345.531250, 0.375159259259
TRP, 4, 28.054, 0.918474, -80173.117188, 0.314955555556
TYR, 4, 28.056, 0.853628, -79920.726562, 0.270355555556
VAL, 6, 26.722, 0.829576, -79277.140625, 0.221659259259
