AMINO ACID, DSSP, SASA, GYRATE, ENERGY, RMSF
ALA, 8, 28.035, 0.860157, -81411.710938, 0.251659259259
ARG, 6, 27.133, 0.833753, -79497.312500, 0.298462962963
ASN, 6, 27.702, 0.85333, -80741.867188, 0.210481481481
ASP, 9, 26.366, 0.812886, -80902.867188, 0.207903703704
CYS, 6, 26.773, 0.842402, -80485.390625, 0.307162962963
GLN, 6, 25.891, 0.827253, -80314.039062, 0.290562962963
GLU, 8, 26.331, 0.846736, -80382.000000, 0.207940740741
GLY, 8, 25.450, 0.808448, -80385.328125, 0.230159259259
HIS, 8, 26.531, 0.83347, -80063.046875, 0.336788888889
ILE, 8, 28.551, 0.86241, -80046.851562, 0.278788888889
LEU, 10, 25.783, 0.795779, -79960.132812, 0.349325925926
LYS, 5, 27.411, 0.83123, -79785.109375, 0.242707407407
MET, 7, 26.884, 0.83656, -80702.085938, 0.221622222222
PHE, 12, 24.069, 0.788995, -79970.500000, 0.339081481481
PRO, 6, 26.444, 0.846006, -80293.156250, 0.268974074074
SER, 12, 26.305, 0.803736, -80952.468750, 0.234703703704
THR, 2, 26.673, 0.843254, -79883.367188, 0.375159259259
TRP, 8, 27.722, 0.842655, -79412.734375, 0.314955555556
TYR, 11, 27.103, 0.864979, -80129.609375, 0.270355555556
VAL, 6, 26.185, 0.832327, -80562.234375, 0.221659259259
