AMINO ACID, DSSP, SASA, GYRATE, ENERGY, RMSF
ALA, 4, 26.642, 0.841536, -80455.578125, 0.251659259259
ARG, 11, 25.227, 0.812921, -80771.531250, 0.298462962963
ASN, 10, 26.117, 0.822382, -80604.984375, 0.210481481481
ASP, 8, 26.535, 0.81633, -79674.890625, 0.207903703704
CYS, 7, 26.433, 0.815101, -79706.515625, 0.307162962963
GLN, 8, 27.750, 0.84932, -80201.921875, 0.290562962963
GLU, 4, 26.123, 0.823653, -80439.671875, 0.207940740741
GLY, 6, 26.740, 0.820937, -80475.929688, 0.230159259259
HIS, 10, 26.069, 0.82484, -80720.046875, 0.336788888889
ILE, 9, 27.646, 0.823089, -79841.843750, 0.278788888889
LEU, 10, 27.338, 0.848023, -79796.281250, 0.349325925926
LYS, 6, 28.268, 0.84323, -80811.171875, 0.242707407407
MET, 8, 25.692, 0.81806, -79943.375000, 0.221622222222
PHE, 7, 24.573, 0.810081, -79841.750000, 0.339081481481
PRO, 9, 26.136, 0.812525, -80584.312500, 0.268974074074
SER, 8, 24.818, 0.814846, -80195.703125, 0.234703703704
THR, 9, 27.577, 0.857669, -80321.687500, 0.375159259259
TRP, 6, 28.585, 0.885788, -79472.828125, 0.314955555556
TYR, 4, 26.341, 0.823218, -80025.476562, 0.270355555556
VAL, 10, 26.394, 0.83866, -80502.414062, 0.221659259259
