AMINO ACID, DSSP, SASA, GYRATE, ENERGY, RMSF
ALA, 7, 27.730, 0.841457, -80857.578125, 0.251659259259
ARG, 11, 25.191, 0.82196, -80947.578125, 0.298462962963
ASN, 11, 28.195, 0.833152, -80877.218750, 0.210481481481
ASP, 10, 25.365, 0.80891, -80072.562500, 0.207903703704
CYS, 7, 26.776, 0.814336, -80267.867188, 0.307162962963
GLN, 10, 28.065, 0.844649, -80960.125000, 0.290562962963
GLU, 5, 27.562, 0.82857, -80132.015625, 0.207940740741
GLY, 8, 25.876, 0.815111, -80227.218750, 0.230159259259
HIS, 10, 25.553, 0.817784, -81370.406250, 0.336788888889
ILE, 4, 25.896, 0.812093, -81257.789062, 0.278788888889
LEU, 10, 27.845, 0.841518, -80455.546875, 0.349325925926
LYS, 6, 28.093, 0.838291, -79721.648438, 0.242707407407
MET, 8, 24.721, 0.821375, -80619.085938, 0.221622222222
PHE, 4, 24.243, 0.816981, -80354.078125, 0.339081481481
PRO, 6, 25.025, 0.812641, -78857.210938, 0.268974074074
SER, 10, 24.120, 0.802655, -80172.179688, 0.234703703704
THR, 10, 27.427, 0.860222, -79916.710938, 0.375159259259
TRP, 7, 29.790, 0.893832, -79393.914062, 0.314955555556
TYR, 4, 26.248, 0.816696, -79904.304688, 0.270355555556
VAL, 4, 26.032, 0.847687, -80454.515625, 0.221659259259
