AMINO ACID, DSSP, SASA, GYRATE, ENERGY, RMSF
ALA, 5, 25.344, 0.842605, -79957.960938, 0.251659259259
ARG, 10, 25.436, 0.805629, -81131.789062, 0.298462962963
ASN, 10, 27.883, 0.825685, -80342.640625, 0.210481481481
ASP, 8, 27.124, 0.819188, -80402.164062, 0.207903703704
CYS, 9, 27.082, 0.821207, -80298.843750, 0.307162962963
GLN, 6, 27.722, 0.863798, -79869.117188, 0.290562962963
GLU, 5, 26.551, 0.82666, -80691.812500, 0.207940740741
GLY, 8, 26.593, 0.815666, -80718.406250, 0.230159259259
HIS, 6, 28.063, 0.830637, -79983.343750, 0.336788888889
ILE, 8, 26.108, 0.814533, -80073.484375, 0.278788888889
LEU, 6, 29.672, 0.874348, -80168.546875, 0.349325925926
LYS, 8, 27.698, 0.837004, -80388.015625, 0.242707407407
MET, 8, 25.466, 0.815186, -79891.546875, 0.221622222222
PHE, 5, 24.752, 0.806202, -80241.648438, 0.339081481481
PRO, 10, 26.741, 0.819403, -80024.500000, 0.268974074074
SER, 6, 24.226, 0.813703, -80974.039062, 0.234703703704
THR, 6, 26.544, 0.875676, -80135.546875, 0.375159259259
TRP, 10, 29.063, 0.869394, -79521.250000, 0.314955555556
TYR, 6, 25.480, 0.819025, -81185.257812, 0.270355555556
VAL, 10, 26.446, 0.844275, -80744.328125, 0.221659259259
