AMINO ACID, DSSP, SASA, GYRATE, ENERGY, RMSF
ALA, 5, 27.830, 0.855621, -79926.968750, 0.251659259259
ARG, 5, 25.320, 0.819337, -80008.398438, 0.298462962963
ASN, 9, 27.021, 0.816871, -80155.296875, 0.210481481481
ASP, 8, 26.947, 0.81792, -80403.671875, 0.207903703704
CYS, 7, 25.905, 0.80368, -80360.335938, 0.307162962963
GLN, 11, 28.545, 0.843301, -81164.632812, 0.290562962963
GLU, 5, 27.625, 0.826166, -80168.656250, 0.207940740741
GLY, 9, 25.970, 0.821745, -80876.328125, 0.230159259259
HIS, 8, 26.347, 0.828389, -80481.617188, 0.336788888889
ILE, 8, 24.587, 0.80597, -80358.867188, 0.278788888889
LEU, 9, 27.411, 0.837544, -79632.656250, 0.349325925926
LYS, 8, 26.464, 0.841903, -81421.148438, 0.242707407407
MET, 8, 25.464, 0.825113, -80509.406250, 0.221622222222
PHE, 4, 23.905, 0.806794, -80702.640625, 0.339081481481
PRO, 13, 26.441, 0.803753, -79759.500000, 0.268974074074
SER, 6, 24.276, 0.820104, -80759.984375, 0.234703703704
THR, 10, 27.509, 0.902217, -80508.195312, 0.375159259259
TRP, 9, 28.326, 0.881567, -80261.921875, 0.314955555556
TYR, 4, 25.619, 0.823257, -80647.437500, 0.270355555556
VAL, 10, 25.933, 0.849225, -80762.257812, 0.221659259259
