AMINO ACID, DSSP, SASA, GYRATE, ENERGY, RMSF
ALA, 2, 27.752, 0.857667, -80291.015625, 0.251659259259
ARG, 9, 26.012, 0.828398, -80566.656250, 0.298462962963
ASN, 10, 28.463, 0.837836, -81115.710938, 0.210481481481
ASP, 10, 26.800, 0.821893, -79350.546875, 0.207903703704
CYS, 10, 26.910, 0.797777, -79947.531250, 0.307162962963
GLN, 10, 29.261, 0.862587, -80566.156250, 0.290562962963
GLU, 6, 26.055, 0.819979, -79491.250000, 0.207940740741
GLY, 6, 24.077, 0.803636, -80034.460938, 0.230159259259
HIS, 8, 28.081, 0.85149, -80514.070312, 0.336788888889
ILE, 9, 24.787, 0.813459, -80832.710938, 0.278788888889
LEU, 8, 26.217, 0.839725, -79948.445312, 0.349325925926
LYS, 10, 26.982, 0.825068, -81126.500000, 0.242707407407
MET, 8, 24.815, 0.805339, -81062.195312, 0.221622222222
PHE, 4, 24.508, 0.817548, -80702.046875, 0.339081481481
PRO, 12, 27.657, 0.818561, -79495.328125, 0.268974074074
SER, 10, 27.045, 0.823601, -81461.921875, 0.234703703704
THR, 6, 26.762, 0.866322, -80534.109375, 0.375159259259
TRP, 5, 30.679, 0.90259, -79481.875000, 0.314955555556
TYR, 9, 27.217, 0.833353, -79871.789062, 0.270355555556
VAL, 8, 24.906, 0.82927, -80327.796875, 0.221659259259
