AMINO ACID, DSSP, SASA, GYRATE, ENERGY, RMSF
ALA, 7, 26.937, 0.850922, -80101.968750, 0.251659259259
ARG, 11, 25.597, 0.827675, -80585.773438, 0.298462962963
ASN, 10, 27.825, 0.843245, -80212.187500, 0.210481481481
ASP, 12, 26.164, 0.816485, -80131.953125, 0.207903703704
CYS, 10, 27.063, 0.81019, -80357.390625, 0.307162962963
GLN, 7, 29.196, 0.868951, -80844.093750, 0.290562962963
GLU, 7, 26.191, 0.821894, -80993.781250, 0.207940740741
GLY, 6, 26.648, 0.81759, -79661.945312, 0.230159259259
HIS, 10, 25.942, 0.841172, -79598.781250, 0.336788888889
ILE, 10, 27.436, 0.814849, -80169.484375, 0.278788888889
LEU, 10, 27.693, 0.853088, -79994.859375, 0.349325925926
LYS, 8, 26.709, 0.836871, -79920.500000, 0.242707407407
MET, 6, 24.820, 0.809885, -79672.859375, 0.221622222222
PHE, 2, 24.533, 0.819632, -80133.656250, 0.339081481481
PRO, 10, 26.821, 0.81484, -80007.070312, 0.268974074074
SER, 4, 25.017, 0.803524, -80410.031250, 0.234703703704
THR, 6, 26.799, 0.85415, -80978.015625, 0.375159259259
TRP, 7, 30.514, 0.890225, -79962.328125, 0.314955555556
TYR, 2, 24.852, 0.813429, -80512.171875, 0.270355555556
VAL, 8, 25.425, 0.844386, -80552.820312, 0.221659259259
