AMINO ACID, DSSP, SASA, GYRATE, ENERGY, RMSF
ALA, 4, 26.506, 0.858411, -80904.960938, 0.251659259259
ARG, 11, 27.027, 0.833997, -81335.000000, 0.298462962963
ASN, 8, 25.853, 0.815933, -80472.539062, 0.210481481481
ASP, 8, 26.859, 0.819854, -79752.273438, 0.207903703704
CYS, 10, 25.614, 0.799741, -79810.710938, 0.307162962963
GLN, 6, 28.178, 0.858235, -80819.562500, 0.290562962963
GLU, 4, 26.973, 0.8317, -79611.460938, 0.207940740741
GLY, 6, 25.132, 0.80962, -80242.515625, 0.230159259259
HIS, 6, 25.805, 0.830085, -80737.101562, 0.336788888889
ILE, 9, 25.770, 0.805744, -80435.960938, 0.278788888889
LEU, 10, 29.189, 0.869151, -79595.437500, 0.349325925926
LYS, 8, 29.071, 0.835473, -80241.937500, 0.242707407407
MET, 6, 26.249, 0.833688, -79687.679688, 0.221622222222
PHE, 7, 25.993, 0.839207, -80500.781250, 0.339081481481
PRO, 11, 27.897, 0.818805, -79972.773438, 0.268974074074
SER, 10, 24.975, 0.808945, -80680.328125, 0.234703703704
THR, 8, 25.828, 0.848079, -80536.171875, 0.375159259259
TRP, 9, 30.569, 0.924516, -80386.921875, 0.314955555556
TYR, 2, 26.238, 0.827409, -80162.390625, 0.270355555556
VAL, 8, 25.686, 0.829456, -79714.617188, 0.221659259259
