AMINO ACID, DSSP, SASA, GYRATE, ENERGY, RMSF
ALA, 4, 26.405, 0.848849, -80402.242188, 0.251659259259
ARG, 11, 25.085, 0.823361, -81018.421875, 0.298462962963
ASN, 10, 25.283, 0.823302, -80035.250000, 0.210481481481
ASP, 10, 27.194, 0.826024, -80752.945312, 0.207903703704
CYS, 10, 25.191, 0.797789, -81434.507812, 0.307162962963
GLN, 8, 28.657, 0.85249, -79397.687500, 0.290562962963
GLU, 8, 26.282, 0.833066, -79676.210938, 0.207940740741
GLY, 6, 25.152, 0.808241, -79688.531250, 0.230159259259
HIS, 6, 27.466, 0.84842, -80462.968750, 0.336788888889
ILE, 9, 25.679, 0.803998, -79462.492188, 0.278788888889
LEU, 10, 27.970, 0.854488, -79785.859375, 0.349325925926
LYS, 7, 27.453, 0.825785, -81295.765625, 0.242707407407
MET, 8, 25.335, 0.84741, -80121.234375, 0.221622222222
PHE, 0, 26.401, 0.831065, -80978.062500, 0.339081481481
PRO, 10, 26.509, 0.813206, -80703.625000, 0.268974074074
SER, 4, 26.859, 0.830505, -79802.234375, 0.234703703704
THR, 6, 27.304, 0.854163, -79940.328125, 0.375159259259
TRP, 7, 29.431, 0.902204, -80893.437500, 0.314955555556
TYR, 2, 27.175, 0.830737, -80413.765625, 0.270355555556
VAL, 8, 27.254, 0.83421, -81206.742188, 0.221659259259
