AMINO ACID, DSSP, SASA, GYRATE, ENERGY, RMSF
ALA, 4, 26.124, 0.839845, -80421.984375, 0.251659259259
ARG, 9, 25.813, 0.823794, -81705.140625, 0.298462962963
ASN, 12, 25.442, 0.807414, -79794.671875, 0.210481481481
ASP, 8, 26.058, 0.81596, -81397.937500, 0.207903703704
CYS, 10, 25.347, 0.788939, -80512.656250, 0.307162962963
GLN, 12, 27.919, 0.85918, -79709.625000, 0.290562962963
GLU, 2, 27.934, 0.832091, -81167.726562, 0.207940740741
GLY, 9, 25.833, 0.80913, -80726.578125, 0.230159259259
HIS, 8, 26.330, 0.829856, -80786.867188, 0.336788888889
ILE, 9, 25.448, 0.804377, -80281.343750, 0.278788888889
LEU, 10, 28.954, 0.855192, -79412.656250, 0.349325925926
LYS, 8, 26.925, 0.815327, -81157.023438, 0.242707407407
MET, 9, 27.679, 0.844807, -80132.101562, 0.221622222222
PHE, 2, 25.330, 0.821742, -80977.140625, 0.339081481481
PRO, 8, 27.034, 0.822708, -79724.968750, 0.268974074074
SER, 8, 26.470, 0.822346, -80908.953125, 0.234703703704
THR, 2, 27.575, 0.863106, -80572.804688, 0.375159259259
TRP, 7, 28.574, 0.88901, -79086.492188, 0.314955555556
TYR, 4, 25.642, 0.820066, -80600.382812, 0.270355555556
VAL, 8, 26.935, 0.840103, -80160.882812, 0.221659259259
