AMINO ACID, DSSP, SASA, GYRATE, ENERGY, RMSF
ALA, 6, 26.586, 0.841607, -80270.335938, 0.251659259259
ARG, 11, 26.138, 0.818249, -80799.132812, 0.298462962963
ASN, 12, 25.260, 0.804547, -80527.414062, 0.210481481481
ASP, 6, 26.105, 0.807772, -80579.500000, 0.207903703704
CYS, 12, 24.902, 0.790906, -80608.312500, 0.307162962963
GLN, 10, 27.416, 0.857069, -80277.460938, 0.290562962963
GLU, 2, 28.342, 0.851088, -80440.750000, 0.207940740741
GLY, 9, 25.350, 0.800011, -80172.234375, 0.230159259259
HIS, 10, 28.648, 0.843039, -79648.453125, 0.336788888889
ILE, 8, 26.884, 0.822014, -79521.898438, 0.278788888889
LEU, 8, 28.025, 0.851696, -80166.984375, 0.349325925926
LYS, 10, 28.104, 0.844362, -79952.460938, 0.242707407407
MET, 6, 27.517, 0.852974, -80596.093750, 0.221622222222
PHE, 4, 25.362, 0.816642, -80499.914062, 0.339081481481
PRO, 10, 26.710, 0.821209, -79563.296875, 0.268974074074
SER, 6, 26.444, 0.823101, -80130.773438, 0.234703703704
THR, 2, 27.079, 0.883606, -80835.281250, 0.375159259259
TRP, 7, 29.110, 0.891881, -80849.812500, 0.314955555556
TYR, 2, 24.855, 0.821071, -80345.578125, 0.270355555556
VAL, 10, 26.991, 0.834962, -80157.218750, 0.221659259259
