AMINO ACID, DSSP, SASA, GYRATE, ENERGY, RMSF
ALA, 6, 27.285, 0.840903, -81419.132812, 0.251659259259
ARG, 9, 24.822, 0.809484, -80587.765625, 0.298462962963
ASN, 10, 25.633, 0.816073, -79442.828125, 0.210481481481
ASP, 11, 26.549, 0.815452, -79693.460938, 0.207903703704
CYS, 10, 25.657, 0.799247, -79927.421875, 0.307162962963
GLN, 12, 26.607, 0.849454, -80181.234375, 0.290562962963
GLU, 2, 27.240, 0.847112, -79982.437500, 0.207940740741
GLY, 6, 23.411, 0.788487, -80394.812500, 0.230159259259
HIS, 6, 28.377, 0.842365, -80927.789062, 0.336788888889
ILE, 8, 26.147, 0.81477, -81042.609375, 0.278788888889
LEU, 10, 28.029, 0.852935, -80728.914062, 0.349325925926
LYS, 10, 26.749, 0.830752, -80557.562500, 0.242707407407
MET, 7, 25.433, 0.826619, -80964.781250, 0.221622222222
PHE, 4, 25.587, 0.829073, -79657.710938, 0.339081481481
PRO, 10, 26.686, 0.820818, -79469.015625, 0.268974074074
SER, 10, 24.784, 0.813701, -80331.429688, 0.234703703704
THR, 4, 26.312, 0.855645, -80565.015625, 0.375159259259
TRP, 7, 28.243, 0.887434, -79971.773438, 0.314955555556
TYR, 12, 25.513, 0.807683, -79971.000000, 0.270355555556
VAL, 10, 27.102, 0.858969, -80226.960938, 0.221659259259
