AMINO ACID, DSSP, SASA, GYRATE, ENERGY, RMSF
ALA, 6, 27.852, 0.842381, -81180.851562, 0.251659259259
ARG, 9, 26.033, 0.836779, -79898.445312, 0.298462962963
ASN, 10, 25.742, 0.819189, -79787.515625, 0.210481481481
ASP, 10, 26.296, 0.83943, -80584.914062, 0.207903703704
CYS, 10, 26.771, 0.810874, -80367.554688, 0.307162962963
GLN, 13, 27.791, 0.854733, -80244.109375, 0.290562962963
GLU, 0, 26.069, 0.830607, -79557.437500, 0.207940740741
GLY, 9, 26.908, 0.814348, -79577.437500, 0.230159259259
HIS, 10, 27.520, 0.840379, -80743.156250, 0.336788888889
ILE, 6, 25.891, 0.812723, -80385.617188, 0.278788888889
LEU, 8, 29.993, 0.886093, -79502.703125, 0.349325925926
LYS, 12, 27.725, 0.836289, -80688.984375, 0.242707407407
MET, 6, 25.629, 0.83473, -80024.101562, 0.221622222222
PHE, 4, 27.288, 0.843251, -80225.218750, 0.339081481481
PRO, 10, 25.968, 0.824034, -80377.984375, 0.268974074074
SER, 8, 25.414, 0.806198, -80132.132812, 0.234703703704
THR, 4, 27.022, 0.866305, -79910.523438, 0.375159259259
TRP, 7, 30.716, 0.907721, -79687.101562, 0.314955555556
TYR, 6, 26.625, 0.816639, -79496.187500, 0.270355555556
VAL, 10, 27.309, 0.851217, -79963.992188, 0.221659259259
