AMINO ACID, DSSP, SASA, GYRATE, ENERGY, RMSF
ALA, 9, 26.705, 0.855454, -79723.515625, 0.251659259259
ARG, 8, 28.573, 0.838276, -80775.015625, 0.298462962963
ASN, 6, 28.723, 0.851678, -80384.625000, 0.210481481481
ASP, 11, 24.735, 0.810388, -79712.734375, 0.207903703704
CYS, 6, 27.257, 0.852915, -80762.632812, 0.307162962963
GLN, 4, 26.240, 0.806287, -80790.492188, 0.290562962963
GLU, 9, 28.247, 0.835034, -79514.414062, 0.207940740741
GLY, 8, 26.813, 0.824899, -80409.617188, 0.230159259259
HIS, 8, 26.469, 0.837082, -80189.054688, 0.336788888889
ILE, 10, 27.568, 0.847449, -80759.671875, 0.278788888889
LEU, 8, 24.544, 0.805105, -80110.671875, 0.349325925926
LYS, 7, 28.051, 0.844788, -80608.203125, 0.242707407407
MET, 7, 27.159, 0.832955, -81190.765625, 0.221622222222
PHE, 12, 24.424, 0.795386, -79744.203125, 0.339081481481
PRO, 6, 24.995, 0.822834, -80263.625000, 0.268974074074
SER, 14, 25.274, 0.804444, -79389.781250, 0.234703703704
THR, 8, 29.762, 0.858356, -80286.703125, 0.375159259259
TRP, 8, 29.352, 0.833037, -79862.539062, 0.314955555556
TYR, 11, 27.131, 0.847764, -80663.250000, 0.270355555556
VAL, 8, 26.010, 0.820198, -80441.226562, 0.221659259259
