AMINO ACID, DSSP, SASA, GYRATE, ENERGY, RMSF
ALA, 8, 26.242, 0.8442, -80475.601562, 0.251659259259
ARG, 7, 25.710, 0.840798, -81358.617188, 0.298462962963
ASN, 8, 24.018, 0.805635, -80581.484375, 0.210481481481
ASP, 8, 25.713, 0.837636, -79869.796875, 0.207903703704
CYS, 12, 25.850, 0.804515, -80469.250000, 0.307162962963
GLN, 5, 29.347, 0.875697, -79963.265625, 0.290562962963
GLU, 0, 25.597, 0.816689, -80072.343750, 0.207940740741
GLY, 6, 27.031, 0.829737, -80277.562500, 0.230159259259
HIS, 8, 27.306, 0.856917, -80338.265625, 0.336788888889
ILE, 4, 26.600, 0.817021, -80086.890625, 0.278788888889
LEU, 8, 28.371, 0.868368, -80514.398438, 0.349325925926
LYS, 8, 28.219, 0.832345, -80211.578125, 0.242707407407
MET, 6, 27.591, 0.840052, -80389.203125, 0.221622222222
PHE, 6, 27.562, 0.839352, -81301.468750, 0.339081481481
PRO, 6, 26.400, 0.840484, -80938.468750, 0.268974074074
SER, 9, 24.322, 0.80397, -80607.539062, 0.234703703704
THR, 4, 27.008, 0.845609, -79980.507812, 0.375159259259
TRP, 5, 29.554, 0.872346, -80195.828125, 0.314955555556
TYR, 6, 27.046, 0.819415, -80836.734375, 0.270355555556
VAL, 10, 25.973, 0.834803, -79966.593750, 0.221659259259
