AMINO ACID, DSSP, SASA, GYRATE, ENERGY, RMSF
ALA, 7, 26.379, 0.853121, -80289.531250, 0.251659259259
ARG, 11, 25.065, 0.815695, -80338.062500, 0.298462962963
ASN, 10, 26.257, 0.815303, -79838.375000, 0.210481481481
ASP, 4, 26.413, 0.818585, -79477.125000, 0.207903703704
CYS, 12, 25.039, 0.795741, -79276.507812, 0.307162962963
GLN, 8, 28.814, 0.8743, -80663.843750, 0.290562962963
GLU, 0, 27.343, 0.844986, -80536.937500, 0.207940740741
GLY, 6, 26.106, 0.812084, -79632.710938, 0.230159259259
HIS, 6, 27.380, 0.849913, -79880.554688, 0.336788888889
ILE, 6, 25.999, 0.809715, -80590.421875, 0.278788888889
LEU, 8, 29.237, 0.848243, -79945.953125, 0.349325925926
LYS, 4, 28.865, 0.84402, -79928.421875, 0.242707407407
MET, 6, 25.646, 0.823316, -79819.625000, 0.221622222222
PHE, 2, 25.629, 0.818381, -79285.312500, 0.339081481481
PRO, 16, 28.288, 0.833572, -79203.796875, 0.268974074074
SER, 8, 25.989, 0.814445, -80034.062500, 0.234703703704
THR, 2, 28.630, 0.879804, -80605.343750, 0.375159259259
TRP, 7, 29.129, 0.887861, -80530.609375, 0.314955555556
TYR, 6, 26.597, 0.813976, -78763.132812, 0.270355555556
VAL, 10, 25.005, 0.824161, -80489.492188, 0.221659259259
