AMINO ACID, DSSP, SASA, GYRATE, ENERGY, RMSF
ALA, 7, 27.887, 0.855438, -80819.656250, 0.251659259259
ARG, 7, 26.579, 0.828116, -81025.078125, 0.298462962963
ASN, 11, 27.385, 0.8369, -79880.609375, 0.210481481481
ASP, 10, 26.505, 0.820847, -79967.421875, 0.207903703704
CYS, 10, 26.524, 0.808426, -80216.656250, 0.307162962963
GLN, 5, 29.456, 0.872504, -80815.843750, 0.290562962963
GLU, 6, 26.061, 0.810513, -79494.359375, 0.207940740741
GLY, 6, 24.980, 0.801949, -81035.750000, 0.230159259259
HIS, 8, 27.385, 0.85947, -80221.164062, 0.336788888889
ILE, 4, 25.841, 0.821583, -79969.062500, 0.278788888889
LEU, 6, 29.879, 0.88453, -80588.125000, 0.349325925926
LYS, 4, 27.675, 0.831172, -80308.140625, 0.242707407407
MET, 4, 26.011, 0.839275, -80467.007812, 0.221622222222
PHE, 6, 25.880, 0.834364, -80894.671875, 0.339081481481
PRO, 11, 25.204, 0.815225, -79630.906250, 0.268974074074
SER, 8, 25.244, 0.822289, -81113.820312, 0.234703703704
THR, 2, 26.526, 0.872795, -80313.171875, 0.375159259259
TRP, 7, 27.433, 0.848346, -79772.835938, 0.314955555556
TYR, 4, 27.202, 0.832119, -80230.171875, 0.270355555556
VAL, 8, 26.432, 0.84974, -80617.632812, 0.221659259259
