AMINO ACID, DSSP, SASA, GYRATE, ENERGY, RMSF
ALA, 7, 28.457, 0.866414, -79958.132812, 0.251659259259
ARG, 13, 26.425, 0.820171, -80496.773438, 0.298462962963
ASN, 8, 26.829, 0.826262, -80084.078125, 0.210481481481
ASP, 10, 26.478, 0.835728, -80357.718750, 0.207903703704
CYS, 7, 25.744, 0.803837, -80096.437500, 0.307162962963
GLN, 7, 28.210, 0.867956, -79314.500000, 0.290562962963
GLU, 4, 25.423, 0.803444, -80135.281250, 0.207940740741
GLY, 8, 25.545, 0.814915, -79829.250000, 0.230159259259
HIS, 8, 27.245, 0.834614, -79711.773438, 0.336788888889
ILE, 8, 26.535, 0.816626, -79966.781250, 0.278788888889
LEU, 4, 28.336, 0.848398, -79874.914062, 0.349325925926
LYS, 4, 27.068, 0.827955, -80947.375000, 0.242707407407
MET, 4, 25.556, 0.825011, -80018.406250, 0.221622222222
PHE, 6, 25.998, 0.830676, -80343.875000, 0.339081481481
PRO, 4, 28.005, 0.855725, -79993.468750, 0.268974074074
SER, 10, 27.585, 0.831634, -79820.562500, 0.234703703704
THR, 2, 27.903, 0.854918, -80533.828125, 0.375159259259
TRP, 5, 29.489, 0.895817, -79922.804688, 0.314955555556
TYR, 6, 26.378, 0.80222, -79619.671875, 0.270355555556
VAL, 10, 25.488, 0.833408, -80818.593750, 0.221659259259
