AMINO ACID, DSSP, SASA, GYRATE, ENERGY, RMSF
ALA, 7, 27.168, 0.866291, -80765.265625, 0.251659259259
ARG, 9, 26.368, 0.829392, -80872.570312, 0.298462962963
ASN, 8, 28.228, 0.839195, -80362.312500, 0.210481481481
ASP, 8, 25.843, 0.804031, -79357.992188, 0.207903703704
CYS, 8, 25.051, 0.798764, -79898.187500, 0.307162962963
GLN, 10, 27.869, 0.871979, -79780.437500, 0.290562962963
GLU, 6, 27.495, 0.836035, -79205.171875, 0.207940740741
GLY, 5, 26.173, 0.826919, -80269.132812, 0.230159259259
HIS, 6, 27.254, 0.833991, -79218.765625, 0.336788888889
ILE, 4, 25.891, 0.822662, -79471.625000, 0.278788888889
LEU, 4, 27.815, 0.851094, -80317.562500, 0.349325925926
LYS, 4, 28.302, 0.841312, -81245.492188, 0.242707407407
MET, 6, 25.101, 0.828979, -80184.031250, 0.221622222222
PHE, 7, 26.116, 0.838101, -80154.554688, 0.339081481481
PRO, 8, 27.685, 0.842951, -79934.296875, 0.268974074074
SER, 10, 24.903, 0.816937, -80402.554688, 0.234703703704
THR, 4, 26.666, 0.855336, -80009.421875, 0.375159259259
TRP, 5, 26.341, 0.857197, -79721.390625, 0.314955555556
TYR, 10, 26.418, 0.81409, -80994.789062, 0.270355555556
VAL, 10, 26.602, 0.836333, -80376.125000, 0.221659259259
