AMINO ACID, DSSP, SASA, GYRATE, ENERGY, RMSF
ALA, 9, 28.311, 0.870793, -80148.875000, 0.251659259259
ARG, 9, 28.422, 0.831279, -79912.890625, 0.298462962963
ASN, 10, 26.678, 0.825182, -80316.710938, 0.210481481481
ASP, 8, 25.865, 0.823808, -81292.078125, 0.207903703704
CYS, 8, 24.570, 0.80249, -80592.656250, 0.307162962963
GLN, 8, 28.536, 0.855654, -81054.125000, 0.290562962963
GLU, 2, 27.379, 0.839841, -79951.046875, 0.207940740741
GLY, 5, 26.291, 0.815636, -81013.117188, 0.230159259259
HIS, 4, 28.103, 0.838472, -80631.765625, 0.336788888889
ILE, 8, 26.320, 0.821179, -79755.273438, 0.278788888889
LEU, 4, 28.886, 0.851813, -79861.421875, 0.349325925926
LYS, 4, 29.401, 0.848507, -80661.578125, 0.242707407407
MET, 4, 26.741, 0.83761, -80867.093750, 0.221622222222
PHE, 8, 26.331, 0.82745, -79918.281250, 0.339081481481
PRO, 8, 26.545, 0.826795, -80395.039062, 0.268974074074
SER, 10, 25.623, 0.81779, -79796.359375, 0.234703703704
THR, 4, 25.498, 0.83882, -79725.945312, 0.375159259259
TRP, 5, 25.983, 0.859024, -79400.359375, 0.314955555556
TYR, 8, 26.197, 0.81311, -80109.304688, 0.270355555556
VAL, 10, 25.444, 0.825728, -80157.078125, 0.221659259259
