AMINO ACID, DSSP, SASA, GYRATE, ENERGY, RMSF
ALA, 11, 27.160, 0.862035, -79729.375000, 0.251659259259
ARG, 9, 26.573, 0.836927, -81062.171875, 0.298462962963
ASN, 8, 27.788, 0.821244, -80844.820312, 0.210481481481
ASP, 8, 25.586, 0.805271, -80758.382812, 0.207903703704
CYS, 7, 25.746, 0.805705, -79788.546875, 0.307162962963
GLN, 8, 28.221, 0.874772, -79715.070312, 0.290562962963
GLU, 2, 26.763, 0.836174, -80719.390625, 0.207940740741
GLY, 7, 26.004, 0.831201, -79991.750000, 0.230159259259
HIS, 8, 28.275, 0.846294, -80146.242188, 0.336788888889
ILE, 6, 25.728, 0.815883, -81002.000000, 0.278788888889
LEU, 8, 28.140, 0.840757, -80356.054688, 0.349325925926
LYS, 8, 29.057, 0.836616, -80799.257812, 0.242707407407
MET, 4, 26.085, 0.832946, -80634.945312, 0.221622222222
PHE, 2, 26.184, 0.826845, -80127.648438, 0.339081481481
PRO, 10, 25.739, 0.818771, -79841.585938, 0.268974074074
SER, 10, 24.794, 0.8146, -80022.226562, 0.234703703704
THR, 4, 25.825, 0.841574, -79183.132812, 0.375159259259
TRP, 5, 27.586, 0.862278, -80414.093750, 0.314955555556
TYR, 6, 27.391, 0.820595, -79458.078125, 0.270355555556
VAL, 10, 25.825, 0.832606, -79513.937500, 0.221659259259
