AMINO ACID, DSSP, SASA, GYRATE, ENERGY, RMSF
ALA, 6, 29.612, 0.864117, -79840.203125, 0.251659259259
ARG, 7, 27.651, 0.84406, -81339.093750, 0.298462962963
ASN, 6, 26.139, 0.823798, -80132.328125, 0.210481481481
ASP, 10, 25.062, 0.816591, -79451.796875, 0.207903703704
CYS, 9, 24.980, 0.798728, -81040.062500, 0.307162962963
GLN, 8, 25.866, 0.857483, -79217.171875, 0.290562962963
GLU, 6, 24.818, 0.80604, -80202.773438, 0.207940740741
GLY, 11, 24.767, 0.799371, -80314.656250, 0.230159259259
HIS, 6, 26.057, 0.819424, -79960.789062, 0.336788888889
ILE, 4, 27.961, 0.820443, -79632.343750, 0.278788888889
LEU, 6, 29.663, 0.872463, -80195.648438, 0.349325925926
LYS, 6, 27.982, 0.832551, -78702.250000, 0.242707407407
MET, 6, 26.067, 0.811852, -79595.546875, 0.221622222222
PHE, 4, 26.102, 0.820178, -79948.984375, 0.339081481481
PRO, 6, 26.384, 0.841613, -80681.687500, 0.268974074074
SER, 9, 25.926, 0.809645, -80632.406250, 0.234703703704
THR, 4, 25.952, 0.852877, -80404.593750, 0.375159259259
TRP, 5, 27.840, 0.860217, -80134.718750, 0.314955555556
TYR, 6, 26.595, 0.821737, -80166.125000, 0.270355555556
VAL, 10, 25.547, 0.834792, -80871.070312, 0.221659259259
