AMINO ACID, DSSP, SASA, GYRATE, ENERGY, RMSF
ALA, 6, 28.266, 0.861785, -80814.796875, 0.251659259259
ARG, 9, 27.559, 0.829478, -80832.468750, 0.298462962963
ASN, 9, 24.891, 0.818894, -81016.437500, 0.210481481481
ASP, 10, 25.205, 0.808707, -80198.429688, 0.207903703704
CYS, 10, 25.181, 0.802371, -81305.328125, 0.307162962963
GLN, 8, 26.335, 0.861246, -80339.632812, 0.290562962963
GLU, 6, 25.733, 0.812432, -79740.664062, 0.207940740741
GLY, 11, 24.303, 0.809882, -80180.968750, 0.230159259259
HIS, 6, 25.555, 0.812337, -80224.468750, 0.336788888889
ILE, 6, 27.592, 0.832421, -80673.835938, 0.278788888889
LEU, 8, 28.689, 0.867714, -81173.132812, 0.349325925926
LYS, 4, 28.156, 0.823679, -80116.437500, 0.242707407407
MET, 6, 26.994, 0.829236, -80563.015625, 0.221622222222
PHE, 8, 25.157, 0.820677, -79999.234375, 0.339081481481
PRO, 8, 25.819, 0.820154, -80476.984375, 0.268974074074
SER, 6, 26.421, 0.821413, -80891.664062, 0.234703703704
THR, 4, 27.461, 0.851826, -80295.703125, 0.375159259259
TRP, 5, 28.023, 0.858361, -80383.226562, 0.314955555556
TYR, 4, 25.795, 0.795729, -79972.648438, 0.270355555556
VAL, 8, 26.281, 0.834255, -80075.804688, 0.221659259259
