AMINO ACID, DSSP, SASA, GYRATE, ENERGY, RMSF
ALA, 6, 28.831, 0.872446, -79764.046875, 0.251659259259
ARG, 9, 27.958, 0.850928, -80599.531250, 0.298462962963
ASN, 6, 27.204, 0.819872, -80344.125000, 0.210481481481
ASP, 10, 24.332, 0.814674, -79915.671875, 0.207903703704
CYS, 7, 24.888, 0.796413, -80070.257812, 0.307162962963
GLN, 9, 28.751, 0.860709, -80728.476562, 0.290562962963
GLU, 4, 27.317, 0.820687, -80107.117188, 0.207940740741
GLY, 7, 26.596, 0.814216, -80360.796875, 0.230159259259
HIS, 6, 25.411, 0.807765, -80823.945312, 0.336788888889
ILE, 4, 25.088, 0.810209, -79852.328125, 0.278788888889
LEU, 9, 29.322, 0.855269, -79208.984375, 0.349325925926
LYS, 4, 27.858, 0.83651, -80035.351562, 0.242707407407
MET, 6, 26.898, 0.836272, -79774.062500, 0.221622222222
PHE, 5, 27.452, 0.830329, -79137.101562, 0.339081481481
PRO, 4, 27.303, 0.835094, -79992.546875, 0.268974074074
SER, 10, 27.105, 0.816302, -79159.867188, 0.234703703704
THR, 4, 27.307, 0.860553, -79810.750000, 0.375159259259
TRP, 5, 27.162, 0.864076, -80764.921875, 0.314955555556
TYR, 6, 26.152, 0.818235, -80543.421875, 0.270355555556
VAL, 12, 25.947, 0.832261, -80104.500000, 0.221659259259
