AMINO ACID, DSSP, SASA, GYRATE, ENERGY, RMSF
ALA, 8, 26.679, 0.852213, -80493.484375, 0.251659259259
ARG, 9, 25.357, 0.833389, -80884.906250, 0.298462962963
ASN, 4, 28.021, 0.857432, -80984.015625, 0.210481481481
ASP, 10, 24.520, 0.81091, -80649.890625, 0.207903703704
CYS, 10, 25.355, 0.816076, -80763.515625, 0.307162962963
GLN, 6, 28.748, 0.854264, -80249.421875, 0.290562962963
GLU, 4, 25.067, 0.812067, -80769.750000, 0.207940740741
GLY, 7, 25.798, 0.815101, -81075.296875, 0.230159259259
HIS, 8, 25.719, 0.805321, -79538.554688, 0.336788888889
ILE, 6, 26.806, 0.812465, -80447.460938, 0.278788888889
LEU, 8, 27.994, 0.849421, -80100.390625, 0.349325925926
LYS, 4, 28.460, 0.833016, -79780.171875, 0.242707407407
MET, 6, 26.018, 0.835164, -80319.828125, 0.221622222222
PHE, 7, 25.007, 0.812394, -79407.070312, 0.339081481481
PRO, 6, 27.890, 0.839063, -80086.507812, 0.268974074074
SER, 6, 26.366, 0.834822, -80501.070312, 0.234703703704
THR, 6, 25.736, 0.84809, -79712.453125, 0.375159259259
TRP, 0, 27.458, 0.870307, -79303.273438, 0.314955555556
TYR, 4, 25.782, 0.822749, -79900.953125, 0.270355555556
VAL, 8, 26.921, 0.836787, -80504.742188, 0.221659259259
