AMINO ACID, DSSP, SASA, GYRATE, ENERGY, RMSF
ALA, 4, 28.010, 0.866333, -80334.804688, 0.251659259259
ARG, 9, 26.588, 0.835908, -81102.312500, 0.298462962963
ASN, 8, 26.810, 0.84212, -80696.328125, 0.210481481481
ASP, 12, 24.888, 0.810282, -81109.984375, 0.207903703704
CYS, 12, 25.657, 0.812521, -80331.890625, 0.307162962963
GLN, 6, 28.236, 0.875203, -80369.460938, 0.290562962963
GLU, 4, 26.000, 0.824817, -79143.734375, 0.207940740741
GLY, 7, 25.456, 0.808339, -79324.335938, 0.230159259259
HIS, 4, 25.343, 0.805523, -79831.968750, 0.336788888889
ILE, 6, 26.617, 0.811516, -80284.304688, 0.278788888889
LEU, 4, 27.445, 0.853981, -80086.031250, 0.349325925926
LYS, 6, 26.731, 0.843582, -80945.773438, 0.242707407407
MET, 6, 26.226, 0.828111, -80241.492188, 0.221622222222
PHE, 5, 26.950, 0.820093, -80033.179688, 0.339081481481
PRO, 8, 26.111, 0.822439, -80400.140625, 0.268974074074
SER, 10, 26.184, 0.822383, -79977.054688, 0.234703703704
THR, 6, 26.245, 0.842454, -80198.804688, 0.375159259259
TRP, 0, 26.737, 0.850717, -78837.453125, 0.314955555556
TYR, 6, 27.955, 0.826094, -80279.937500, 0.270355555556
VAL, 10, 25.644, 0.839178, -80041.031250, 0.221659259259
