AMINO ACID, DSSP, SASA, GYRATE, ENERGY, RMSF
ALA, 6, 27.544, 0.838577, -80485.734375, 0.251659259259
ARG, 9, 26.356, 0.848088, -79405.218750, 0.298462962963
ASN, 6, 28.263, 0.85063, -79986.492188, 0.210481481481
ASP, 12, 24.870, 0.812374, -80471.117188, 0.207903703704
CYS, 8, 25.096, 0.802119, -80205.585938, 0.307162962963
GLN, 6, 29.265, 0.866829, -80172.281250, 0.290562962963
GLU, 6, 26.286, 0.818834, -80324.609375, 0.207940740741
GLY, 7, 25.102, 0.811313, -80868.914062, 0.230159259259
HIS, 8, 25.446, 0.804788, -80302.171875, 0.336788888889
ILE, 4, 27.813, 0.834537, -79870.679688, 0.278788888889
LEU, 8, 28.953, 0.852052, -80407.218750, 0.349325925926
LYS, 8, 26.123, 0.839715, -80224.781250, 0.242707407407
MET, 6, 27.475, 0.836692, -80251.078125, 0.221622222222
PHE, 9, 25.619, 0.82215, -80757.867188, 0.339081481481
PRO, 12, 27.315, 0.842524, -79920.468750, 0.268974074074
SER, 10, 26.534, 0.829177, -80229.859375, 0.234703703704
THR, 8, 26.643, 0.883664, -80545.953125, 0.375159259259
TRP, 0, 24.562, 0.839273, -79466.367188, 0.314955555556
TYR, 6, 26.133, 0.807831, -80964.851562, 0.270355555556
VAL, 10, 26.559, 0.847474, -80045.312500, 0.221659259259
