AMINO ACID, DSSP, SASA, GYRATE, ENERGY, RMSF
ALA, 6, 26.592, 0.83546, -80088.515625, 0.251659259259
ARG, 11, 26.755, 0.83263, -80576.710938, 0.298462962963
ASN, 6, 28.080, 0.852421, -79916.070312, 0.210481481481
ASP, 10, 24.908, 0.804172, -80453.218750, 0.207903703704
CYS, 7, 24.271, 0.802432, -80149.218750, 0.307162962963
GLN, 6, 27.681, 0.852558, -80224.226562, 0.290562962963
GLU, 2, 24.324, 0.802246, -81015.226562, 0.207940740741
GLY, 9, 25.897, 0.815693, -80436.218750, 0.230159259259
HIS, 8, 25.688, 0.803904, -79355.125000, 0.336788888889
ILE, 4, 27.801, 0.835067, -79854.562500, 0.278788888889
LEU, 6, 27.946, 0.853651, -79792.812500, 0.349325925926
LYS, 6, 28.929, 0.838013, -81526.929688, 0.242707407407
MET, 8, 27.348, 0.840217, -80413.984375, 0.221622222222
PHE, 4, 25.129, 0.81399, -80825.164062, 0.339081481481
PRO, 6, 27.695, 0.838284, -79393.203125, 0.268974074074
SER, 10, 26.205, 0.821041, -80603.000000, 0.234703703704
THR, 4, 26.519, 0.873621, -78870.523438, 0.375159259259
TRP, 5, 26.819, 0.862199, -80756.882812, 0.314955555556
TYR, 6, 27.506, 0.826377, -79595.242188, 0.270355555556
VAL, 8, 27.250, 0.847205, -79780.375000, 0.221659259259
