AMINO ACID, DSSP, SASA, GYRATE, ENERGY, RMSF
ALA, 6, 27.218, 0.862575, -80715.093750, 0.251659259259
ARG, 11, 26.532, 0.841779, -81472.453125, 0.298462962963
ASN, 4, 26.614, 0.824876, -81036.171875, 0.210481481481
ASP, 12, 25.909, 0.805937, -80077.312500, 0.207903703704
CYS, 8, 24.852, 0.813155, -80269.195312, 0.307162962963
GLN, 6, 26.716, 0.865088, -79291.500000, 0.290562962963
GLU, 6, 24.550, 0.813515, -79986.953125, 0.207940740741
GLY, 11, 25.026, 0.806615, -79718.171875, 0.230159259259
HIS, 8, 25.035, 0.804665, -79941.335938, 0.336788888889
ILE, 6, 26.271, 0.824884, -80466.921875, 0.278788888889
LEU, 8, 27.879, 0.858557, -79321.679688, 0.349325925926
LYS, 8, 28.713, 0.8309, -81529.070312, 0.242707407407
MET, 8, 26.781, 0.833808, -79734.984375, 0.221622222222
PHE, 9, 24.640, 0.822601, -79731.226562, 0.339081481481
PRO, 8, 26.690, 0.855135, -80853.187500, 0.268974074074
SER, 12, 25.934, 0.822786, -79850.968750, 0.234703703704
THR, 4, 26.846, 0.867706, -80031.039062, 0.375159259259
TRP, 2, 26.536, 0.853144, -80340.937500, 0.314955555556
TYR, 6, 25.867, 0.803021, -80846.140625, 0.270355555556
VAL, 8, 26.472, 0.837961, -79906.812500, 0.221659259259
