AMINO ACID, DSSP, SASA, GYRATE, ENERGY, RMSF
ALA, 6, 27.279, 0.867955, -80576.437500, 0.251659259259
ARG, 9, 27.048, 0.846198, -80807.343750, 0.298462962963
ASN, 4, 26.351, 0.830649, -79618.421875, 0.210481481481
ASP, 10, 26.036, 0.806587, -79679.367188, 0.207903703704
CYS, 8, 25.354, 0.813476, -79841.023438, 0.307162962963
GLN, 4, 26.689, 0.864661, -79694.015625, 0.290562962963
GLU, 6, 25.784, 0.821176, -79977.835938, 0.207940740741
GLY, 8, 24.429, 0.806857, -80528.750000, 0.230159259259
HIS, 4, 26.007, 0.823569, -79979.085938, 0.336788888889
ILE, 6, 25.914, 0.812852, -79444.125000, 0.278788888889
LEU, 6, 27.495, 0.855886, -79532.140625, 0.349325925926
LYS, 6, 29.624, 0.840473, -79911.062500, 0.242707407407
MET, 6, 26.843, 0.83987, -79615.664062, 0.221622222222
PHE, 10, 24.838, 0.826973, -79690.359375, 0.339081481481
PRO, 8, 27.442, 0.851697, -79443.250000, 0.268974074074
SER, 10, 25.532, 0.824577, -79554.828125, 0.234703703704
THR, 6, 26.842, 0.860624, -81308.210938, 0.375159259259
TRP, 7, 27.818, 0.842458, -79564.007812, 0.314955555556
TYR, 6, 25.356, 0.804974, -79291.531250, 0.270355555556
VAL, 8, 25.436, 0.830366, -80608.445312, 0.221659259259
