AMINO ACID, DSSP, SASA, GYRATE, ENERGY, RMSF
ALA, 8, 27.450, 0.850169, -79302.617188, 0.251659259259
ARG, 9, 26.381, 0.836993, -80494.273438, 0.298462962963
ASN, 4, 26.224, 0.807694, -80851.812500, 0.210481481481
ASP, 8, 26.368, 0.815287, -80712.890625, 0.207903703704
CYS, 9, 25.707, 0.821772, -79775.101562, 0.307162962963
GLN, 6, 27.063, 0.86535, -79460.476562, 0.290562962963
GLU, 4, 25.607, 0.818589, -80527.585938, 0.207940740741
GLY, 9, 26.224, 0.815324, -79467.085938, 0.230159259259
HIS, 6, 26.946, 0.830273, -79731.750000, 0.336788888889
ILE, 6, 25.248, 0.815438, -79430.750000, 0.278788888889
LEU, 8, 28.308, 0.867795, -81158.343750, 0.349325925926
LYS, 8, 29.117, 0.839475, -81807.750000, 0.242707407407
MET, 6, 27.475, 0.839052, -81561.070312, 0.221622222222
PHE, 4, 25.889, 0.819762, -79840.203125, 0.339081481481
PRO, 8, 27.023, 0.844913, -79834.054688, 0.268974074074
SER, 10, 26.088, 0.813608, -80871.625000, 0.234703703704
THR, 6, 27.148, 0.873255, -81658.164062, 0.375159259259
TRP, 5, 27.055, 0.846346, -80679.750000, 0.314955555556
TYR, 6, 25.103, 0.807784, -80475.859375, 0.270355555556
VAL, 8, 25.337, 0.825159, -80267.820312, 0.221659259259
