AMINO ACID, DSSP, SASA, GYRATE, ENERGY, RMSF
ALA, 6, 27.386, 0.871563, -80353.578125, 0.251659259259
ARG, 9, 26.909, 0.843867, -80461.234375, 0.298462962963
ASN, 8, 27.505, 0.826626, -80120.796875, 0.210481481481
ASP, 8, 26.207, 0.821348, -79915.257812, 0.207903703704
CYS, 8, 26.072, 0.837606, -80550.742188, 0.307162962963
GLN, 6, 26.709, 0.873731, -81144.468750, 0.290562962963
GLU, 4, 25.920, 0.818875, -79723.546875, 0.207940740741
GLY, 7, 26.034, 0.820885, -80328.125000, 0.230159259259
HIS, 10, 26.242, 0.807613, -79409.234375, 0.336788888889
ILE, 9, 26.845, 0.815333, -80241.562500, 0.278788888889
LEU, 8, 28.756, 0.863383, -80870.875000, 0.349325925926
LYS, 8, 28.541, 0.83864, -80472.250000, 0.242707407407
MET, 6, 26.405, 0.828973, -80794.593750, 0.221622222222
PHE, 5, 26.524, 0.831901, -79835.171875, 0.339081481481
PRO, 6, 26.554, 0.837275, -80855.843750, 0.268974074074
SER, 8, 26.023, 0.820258, -80446.140625, 0.234703703704
THR, 6, 25.994, 0.842857, -79928.671875, 0.375159259259
TRP, 5, 26.808, 0.853513, -81023.195312, 0.314955555556
TYR, 6, 26.448, 0.813319, -80234.875000, 0.270355555556
VAL, 10, 26.356, 0.83593, -80796.515625, 0.221659259259
