AMINO ACID, DSSP, SASA, GYRATE, ENERGY, RMSF
ALA, 10, 27.216, 0.871899, -80881.453125, 0.251659259259
ARG, 9, 26.713, 0.836563, -80863.156250, 0.298462962963
ASN, 6, 26.803, 0.815322, -80757.890625, 0.210481481481
ASP, 10, 25.110, 0.808296, -80269.203125, 0.207903703704
CYS, 10, 25.700, 0.821119, -79549.234375, 0.307162962963
GLN, 8, 27.332, 0.862437, -79715.562500, 0.290562962963
GLU, 6, 25.870, 0.825355, -80114.257812, 0.207940740741
GLY, 7, 25.766, 0.819528, -80991.007812, 0.230159259259
HIS, 6, 24.992, 0.815807, -81454.953125, 0.336788888889
ILE, 6, 27.415, 0.813299, -80147.843750, 0.278788888889
LEU, 8, 29.098, 0.865556, -79931.093750, 0.349325925926
LYS, 6, 27.334, 0.83352, -81600.109375, 0.242707407407
MET, 6, 26.575, 0.839812, -79592.101562, 0.221622222222
PHE, 7, 25.683, 0.825502, -80398.968750, 0.339081481481
PRO, 6, 26.479, 0.839331, -80817.875000, 0.268974074074
SER, 10, 25.853, 0.814688, -80878.218750, 0.234703703704
THR, 6, 26.510, 0.845424, -80146.945312, 0.375159259259
TRP, 5, 25.787, 0.846189, -79479.304688, 0.314955555556
TYR, 4, 25.987, 0.812366, -80261.187500, 0.270355555556
VAL, 8, 26.698, 0.843421, -79936.398438, 0.221659259259
