AMINO ACID, DSSP, SASA, GYRATE, ENERGY, RMSF
ALA, 10, 28.365, 0.862564, -80163.484375, 0.251659259259
ARG, 12, 26.340, 0.845995, -81147.875000, 0.298462962963
ASN, 6, 25.242, 0.801309, -81404.187500, 0.210481481481
ASP, 10, 25.010, 0.812838, -80320.890625, 0.207903703704
CYS, 8, 26.914, 0.830529, -79797.265625, 0.307162962963
GLN, 6, 25.243, 0.837167, -80028.289062, 0.290562962963
GLU, 6, 26.157, 0.811936, -80289.984375, 0.207940740741
GLY, 7, 25.662, 0.812844, -80716.851562, 0.230159259259
HIS, 8, 25.869, 0.814475, -80132.132812, 0.336788888889
ILE, 4, 26.375, 0.824812, -79376.281250, 0.278788888889
LEU, 6, 28.612, 0.858957, -78875.921875, 0.349325925926
LYS, 8, 28.434, 0.838825, -81062.046875, 0.242707407407
MET, 4, 26.687, 0.849995, -79616.406250, 0.221622222222
PHE, 7, 25.904, 0.826816, -80373.281250, 0.339081481481
PRO, 8, 25.627, 0.83443, -79452.703125, 0.268974074074
SER, 10, 24.991, 0.816003, -79998.320312, 0.234703703704
THR, 6, 25.923, 0.846942, -80450.218750, 0.375159259259
TRP, 7, 26.607, 0.842524, -79868.664062, 0.314955555556
TYR, 8, 24.723, 0.800486, -79766.945312, 0.270355555556
VAL, 10, 25.926, 0.834895, -79449.757812, 0.221659259259
