AMINO ACID, DSSP, SASA, GYRATE, ENERGY, RMSF
ALA, 10, 27.649, 0.858154, -79143.359375, 0.251659259259
ARG, 9, 27.483, 0.845412, -81121.562500, 0.298462962963
ASN, 6, 25.904, 0.807765, -80591.414062, 0.210481481481
ASP, 12, 24.183, 0.812878, -80530.710938, 0.207903703704
CYS, 10, 27.015, 0.838395, -80261.765625, 0.307162962963
GLN, 5, 25.401, 0.843562, -80452.453125, 0.290562962963
GLU, 4, 25.800, 0.815804, -79922.593750, 0.207940740741
GLY, 7, 26.479, 0.810791, -79907.640625, 0.230159259259
HIS, 8, 26.835, 0.815009, -81280.718750, 0.336788888889
ILE, 2, 25.840, 0.812797, -80416.101562, 0.278788888889
LEU, 8, 28.930, 0.853472, -80295.406250, 0.349325925926
LYS, 8, 29.059, 0.846127, -80520.984375, 0.242707407407
MET, 6, 26.770, 0.845879, -80314.734375, 0.221622222222
PHE, 7, 26.407, 0.831425, -78898.898438, 0.339081481481
PRO, 8, 27.226, 0.847694, -80134.656250, 0.268974074074
SER, 10, 26.345, 0.822767, -80339.218750, 0.234703703704
THR, 8, 26.767, 0.85631, -79753.390625, 0.375159259259
TRP, 7, 26.574, 0.853578, -80086.015625, 0.314955555556
TYR, 8, 24.775, 0.800765, -79435.359375, 0.270355555556
VAL, 10, 25.727, 0.838747, -80663.281250, 0.221659259259
