AMINO ACID, DSSP, SASA, GYRATE, ENERGY, RMSF
ALA, 8, 27.779, 0.845168, -80296.445312, 0.251659259259
ARG, 6, 29.103, 0.858916, -81340.625000, 0.298462962963
ASN, 8, 27.149, 0.82228, -79790.976562, 0.210481481481
ASP, 13, 26.140, 0.834125, -79888.031250, 0.207903703704
CYS, 10, 28.847, 0.850319, -79908.343750, 0.307162962963
GLN, 2, 26.894, 0.820782, -80806.000000, 0.290562962963
GLU, 4, 28.350, 0.854757, -80572.445312, 0.207940740741
GLY, 12, 24.803, 0.818529, -79423.804688, 0.230159259259
HIS, 12, 26.896, 0.844104, -80377.492188, 0.336788888889
ILE, 10, 28.412, 0.838483, -79656.796875, 0.278788888889
LEU, 6, 25.563, 0.807672, -80052.703125, 0.349325925926
LYS, 11, 27.559, 0.825742, -80166.601562, 0.242707407407
MET, 4, 29.184, 0.849691, -79985.062500, 0.221622222222
PHE, 10, 24.741, 0.799952, -80174.671875, 0.339081481481
PRO, 8, 27.109, 0.844183, -79740.171875, 0.268974074074
SER, 12, 25.168, 0.811342, -80322.851562, 0.234703703704
THR, 6, 27.224, 0.833463, -79998.453125, 0.375159259259
TRP, 10, 27.186, 0.824047, -80790.343750, 0.314955555556
TYR, 7, 28.406, 0.86423, -79881.414062, 0.270355555556
VAL, 8, 25.549, 0.81119, -80403.875000, 0.221659259259
