AMINO ACID, DSSP, SASA, GYRATE, ENERGY, RMSF
ALA, 4, 27.246, 0.879629, -79497.648438, 0.251659259259
ARG, 9, 26.114, 0.83562, -80379.015625, 0.298462962963
ASN, 10, 27.020, 0.816536, -80583.812500, 0.210481481481
ASP, 10, 25.551, 0.80743, -81338.296875, 0.207903703704
CYS, 10, 25.736, 0.808288, -80606.984375, 0.307162962963
GLN, 6, 27.859, 0.868115, -80312.453125, 0.290562962963
GLU, 4, 26.625, 0.82405, -80245.453125, 0.207940740741
GLY, 7, 25.886, 0.807229, -79596.609375, 0.230159259259
HIS, 7, 28.799, 0.824413, -79622.546875, 0.336788888889
ILE, 2, 25.395, 0.814976, -79681.812500, 0.278788888889
LEU, 10, 29.372, 0.860289, -80479.078125, 0.349325925926
LYS, 8, 28.846, 0.859013, -80273.929688, 0.242707407407
MET, 8, 26.126, 0.827533, -80501.757812, 0.221622222222
PHE, 4, 26.342, 0.811393, -80383.281250, 0.339081481481
PRO, 10, 27.386, 0.844334, -80566.539062, 0.268974074074
SER, 6, 27.431, 0.84347, -80481.500000, 0.234703703704
THR, 6, 26.437, 0.8962, -81151.656250, 0.375159259259
TRP, 5, 26.532, 0.865039, -79894.289062, 0.314955555556
TYR, 6, 26.336, 0.81699, -79908.796875, 0.270355555556
VAL, 8, 27.355, 0.843475, -80814.078125, 0.221659259259
