AMINO ACID, DSSP, SASA, GYRATE, ENERGY, RMSF
ALA, 7, 28.792, 0.875006, -79520.710938, 0.251659259259
ARG, 7, 26.404, 0.832343, -81324.453125, 0.298462962963
ASN, 6, 25.874, 0.822546, -80914.281250, 0.210481481481
ASP, 10, 26.050, 0.817838, -79755.156250, 0.207903703704
CYS, 9, 25.986, 0.811417, -79784.656250, 0.307162962963
GLN, 5, 27.072, 0.868363, -80325.335938, 0.290562962963
GLU, 2, 27.483, 0.83198, -79951.351562, 0.207940740741
GLY, 9, 26.265, 0.820287, -79701.039062, 0.230159259259
HIS, 8, 28.013, 0.832089, -80413.390625, 0.336788888889
ILE, 6, 24.484, 0.803127, -80252.156250, 0.278788888889
LEU, 11, 28.729, 0.879265, -80065.000000, 0.349325925926
LYS, 6, 26.770, 0.847426, -80507.226562, 0.242707407407
MET, 6, 25.785, 0.83508, -79288.593750, 0.221622222222
PHE, 0, 25.823, 0.817407, -80087.890625, 0.339081481481
PRO, 2, 26.657, 0.842646, -80497.781250, 0.268974074074
SER, 8, 26.540, 0.826901, -80235.625000, 0.234703703704
THR, 6, 27.164, 0.914005, -80720.445312, 0.375159259259
TRP, 7, 28.210, 0.888264, -78974.046875, 0.314955555556
TYR, 6, 27.106, 0.830483, -80004.515625, 0.270355555556
VAL, 8, 25.953, 0.838333, -79649.062500, 0.221659259259
