AMINO ACID, DSSP, SASA, GYRATE, ENERGY, RMSF
ALA, 13, 26.597, 0.850008, -80122.070312, 0.251659259259
ARG, 6, 27.887, 0.840677, -80427.695312, 0.298462962963
ASN, 8, 28.094, 0.836532, -80307.125000, 0.210481481481
ASP, 10, 25.261, 0.803137, -80036.671875, 0.207903703704
CYS, 10, 27.658, 0.825743, -79751.968750, 0.307162962963
GLN, 10, 26.234, 0.807801, -80710.039062, 0.290562962963
GLU, 8, 27.446, 0.860754, -79767.765625, 0.207940740741
GLY, 6, 27.207, 0.832394, -80702.765625, 0.230159259259
HIS, 12, 28.117, 0.834161, -79726.531250, 0.336788888889
ILE, 8, 27.385, 0.841302, -80308.531250, 0.278788888889
LEU, 12, 27.061, 0.807457, -80001.296875, 0.349325925926
LYS, 14, 27.887, 0.830994, -80946.343750, 0.242707407407
MET, 8, 26.239, 0.834838, -80688.609375, 0.221622222222
PHE, 6, 26.315, 0.815826, -79742.078125, 0.339081481481
PRO, 7, 26.378, 0.847417, -79967.898438, 0.268974074074
SER, 8, 26.340, 0.810518, -81435.742188, 0.234703703704
THR, 6, 24.336, 0.79427, -79744.867188, 0.375159259259
TRP, 8, 28.160, 0.869631, -80059.664062, 0.314955555556
TYR, 10, 25.731, 0.827992, -80408.773438, 0.270355555556
VAL, 8, 26.756, 0.818748, -79755.656250, 0.221659259259
