AMINO ACID, DSSP, SASA, GYRATE, ENERGY, RMSF
ALA, 7, 27.127, 0.83814, -80823.085938, 0.251659259259
ARG, 12, 27.259, 0.831742, -80687.898438, 0.298462962963
ASN, 10, 25.882, 0.824409, -80096.242188, 0.210481481481
ASP, 10, 24.964, 0.812695, -80377.765625, 0.207903703704
CYS, 10, 25.107, 0.8164, -80244.742188, 0.307162962963
GLN, 5, 27.913, 0.871481, -80212.101562, 0.290562962963
GLU, 4, 27.151, 0.829307, -80171.992188, 0.207940740741
GLY, 9, 25.690, 0.812182, -80144.156250, 0.230159259259
HIS, 6, 27.778, 0.820093, -79109.593750, 0.336788888889
ILE, 6, 25.405, 0.799831, -79631.187500, 0.278788888889
LEU, 7, 31.073, 0.87298, -79547.609375, 0.349325925926
LYS, 6, 28.511, 0.848664, -80193.312500, 0.242707407407
MET, 6, 26.458, 0.828853, -80812.125000, 0.221622222222
PHE, 7, 25.926, 0.815011, -78965.429688, 0.339081481481
PRO, 8, 26.370, 0.830883, -80207.171875, 0.268974074074
SER, 6, 25.506, 0.817513, -80886.703125, 0.234703703704
THR, 6, 26.460, 0.890378, -79377.203125, 0.375159259259
TRP, 5, 27.979, 0.888818, -79682.898438, 0.314955555556
TYR, 4, 27.171, 0.829055, -80222.015625, 0.270355555556
VAL, 8, 26.268, 0.840955, -79888.156250, 0.221659259259
