AMINO ACID, DSSP, SASA, GYRATE, ENERGY, RMSF
ALA, 7, 27.825, 0.852104, -81130.296875, 0.251659259259
ARG, 10, 26.417, 0.839827, -80581.343750, 0.298462962963
ASN, 8, 25.595, 0.82299, -80860.250000, 0.210481481481
ASP, 10, 25.532, 0.81353, -79370.640625, 0.207903703704
CYS, 8, 26.425, 0.812663, -80034.812500, 0.307162962963
GLN, 5, 27.650, 0.86814, -80134.617188, 0.290562962963
GLU, 2, 27.541, 0.833656, -80204.406250, 0.207940740741
GLY, 11, 25.519, 0.81283, -80364.367188, 0.230159259259
HIS, 7, 26.239, 0.812057, -80116.203125, 0.336788888889
ILE, 4, 25.536, 0.817234, -80455.625000, 0.278788888889
LEU, 2, 29.746, 0.858786, -80274.265625, 0.349325925926
LYS, 8, 28.023, 0.844524, -80886.601562, 0.242707407407
MET, 6, 26.206, 0.836406, -80614.882812, 0.221622222222
PHE, 2, 25.095, 0.799971, -80322.320312, 0.339081481481
PRO, 10, 26.027, 0.832996, -79200.375000, 0.268974074074
SER, 8, 25.881, 0.823713, -80074.851562, 0.234703703704
THR, 6, 26.403, 0.89754, -79761.015625, 0.375159259259
TRP, 7, 26.440, 0.866186, -79052.367188, 0.314955555556
TYR, 4, 27.574, 0.826354, -80553.812500, 0.270355555556
VAL, 8, 27.150, 0.842041, -80658.773438, 0.221659259259
