AMINO ACID, DSSP, SASA, GYRATE, ENERGY, RMSF
ALA, 7, 27.019, 0.843089, -80501.828125, 0.251659259259
ARG, 11, 25.183, 0.82538, -80743.976562, 0.298462962963
ASN, 8, 26.458, 0.828742, -80854.015625, 0.210481481481
ASP, 11, 25.547, 0.817533, -80212.406250, 0.207903703704
CYS, 6, 26.951, 0.821593, -80606.125000, 0.307162962963
GLN, 5, 28.207, 0.887878, -80324.250000, 0.290562962963
GLU, 4, 26.682, 0.826569, -80257.492188, 0.207940740741
GLY, 9, 24.630, 0.810079, -79614.015625, 0.230159259259
HIS, 8, 27.556, 0.820761, -79255.046875, 0.336788888889
ILE, 4, 25.191, 0.801171, -80487.820312, 0.278788888889
LEU, 8, 29.072, 0.856546, -79814.429688, 0.349325925926
LYS, 6, 28.115, 0.830708, -81428.960938, 0.242707407407
MET, 6, 24.567, 0.824008, -79738.445312, 0.221622222222
PHE, 6, 26.507, 0.819456, -79427.625000, 0.339081481481
PRO, 8, 27.301, 0.82975, -79206.390625, 0.268974074074
SER, 8, 25.304, 0.834468, -80413.484375, 0.234703703704
THR, 6, 28.873, 0.916182, -80077.742188, 0.375159259259
TRP, 7, 27.154, 0.878194, -79693.453125, 0.314955555556
TYR, 6, 27.063, 0.821613, -79829.335938, 0.270355555556
VAL, 8, 26.536, 0.845264, -80844.156250, 0.221659259259
