AMINO ACID, DSSP, SASA, GYRATE, ENERGY, RMSF
ALA, 7, 28.514, 0.858294, -79582.718750, 0.251659259259
ARG, 9, 25.517, 0.83041, -80015.984375, 0.298462962963
ASN, 6, 27.658, 0.835699, -80612.351562, 0.210481481481
ASP, 10, 24.996, 0.81476, -80288.023438, 0.207903703704
CYS, 7, 25.905, 0.808914, -80901.281250, 0.307162962963
GLN, 5, 28.446, 0.867772, -80711.609375, 0.290562962963
GLU, 4, 26.777, 0.832019, -79940.984375, 0.207940740741
GLY, 7, 26.972, 0.818372, -79462.679688, 0.230159259259
HIS, 6, 27.462, 0.82105, -79369.460938, 0.336788888889
ILE, 4, 24.568, 0.794497, -80698.843750, 0.278788888889
LEU, 7, 29.440, 0.847144, -80025.898438, 0.349325925926
LYS, 6, 27.317, 0.83825, -80650.015625, 0.242707407407
MET, 6, 24.350, 0.820244, -79245.687500, 0.221622222222
PHE, 2, 26.377, 0.815443, -80265.257812, 0.339081481481
PRO, 6, 27.073, 0.839593, -80075.859375, 0.268974074074
SER, 8, 26.538, 0.843022, -80437.742188, 0.234703703704
THR, 6, 28.660, 0.896593, -80128.281250, 0.375159259259
TRP, 5, 28.153, 0.891066, -80457.671875, 0.314955555556
TYR, 4, 28.147, 0.828584, -80137.789062, 0.270355555556
VAL, 8, 26.689, 0.839401, -80294.671875, 0.221659259259
