AMINO ACID, DSSP, SASA, GYRATE, ENERGY, RMSF
ALA, 7, 26.077, 0.837952, -80459.625000, 0.251659259259
ARG, 11, 25.761, 0.823313, -80856.156250, 0.298462962963
ASN, 8, 25.525, 0.82791, -80252.234375, 0.210481481481
ASP, 10, 24.378, 0.809687, -80642.859375, 0.207903703704
CYS, 6, 26.799, 0.815292, -80404.984375, 0.307162962963
GLN, 5, 29.590, 0.87625, -80290.257812, 0.290562962963
GLU, 2, 26.725, 0.829527, -80204.187500, 0.207940740741
GLY, 11, 25.610, 0.801287, -80584.851562, 0.230159259259
HIS, 6, 27.550, 0.821544, -80473.367188, 0.336788888889
ILE, 4, 24.443, 0.802638, -80112.796875, 0.278788888889
LEU, 7, 28.322, 0.843895, -79770.882812, 0.349325925926
LYS, 10, 27.090, 0.831585, -80931.117188, 0.242707407407
MET, 7, 24.804, 0.826191, -80292.953125, 0.221622222222
PHE, 6, 26.878, 0.820899, -80040.812500, 0.339081481481
PRO, 10, 27.324, 0.825338, -80657.960938, 0.268974074074
SER, 8, 26.298, 0.828899, -80623.281250, 0.234703703704
THR, 6, 27.816, 0.902312, -80358.976562, 0.375159259259
TRP, 7, 27.203, 0.881682, -79499.531250, 0.314955555556
TYR, 6, 26.805, 0.816747, -79975.687500, 0.270355555556
VAL, 8, 26.156, 0.841038, -80397.015625, 0.221659259259
