AMINO ACID, DSSP, SASA, GYRATE, ENERGY, RMSF
ALA, 9, 26.242, 0.843932, -79902.750000, 0.251659259259
ARG, 9, 26.023, 0.820748, -80328.281250, 0.298462962963
ASN, 10, 26.048, 0.82786, -80982.304688, 0.210481481481
ASP, 10, 24.790, 0.830222, -80370.515625, 0.207903703704
CYS, 8, 27.671, 0.805349, -81292.351562, 0.307162962963
GLN, 5, 27.562, 0.852004, -79587.625000, 0.290562962963
GLU, 4, 27.023, 0.831523, -80188.000000, 0.207940740741
GLY, 10, 24.574, 0.789898, -80886.664062, 0.230159259259
HIS, 4, 28.520, 0.829472, -80838.226562, 0.336788888889
ILE, 2, 25.753, 0.804851, -80311.039062, 0.278788888889
LEU, 11, 29.370, 0.850325, -79254.781250, 0.349325925926
LYS, 8, 26.654, 0.822613, -80560.375000, 0.242707407407
MET, 9, 25.361, 0.837898, -80110.781250, 0.221622222222
PHE, 2, 25.490, 0.809987, -79544.203125, 0.339081481481
PRO, 4, 28.541, 0.835876, -79415.898438, 0.268974074074
SER, 10, 26.283, 0.826165, -79476.921875, 0.234703703704
THR, 6, 27.993, 0.902097, -81298.007812, 0.375159259259
TRP, 5, 27.907, 0.878195, -79300.015625, 0.314955555556
TYR, 6, 26.256, 0.802096, -80253.859375, 0.270355555556
VAL, 8, 24.149, 0.837467, -81083.343750, 0.221659259259
