AMINO ACID, DSSP, SASA, GYRATE, ENERGY, RMSF
ALA, 11, 26.273, 0.848696, -80222.390625, 0.251659259259
ARG, 9, 27.166, 0.832531, -81493.968750, 0.298462962963
ASN, 10, 26.881, 0.82666, -80128.164062, 0.210481481481
ASP, 10, 24.523, 0.805343, -79443.148438, 0.207903703704
CYS, 7, 25.637, 0.802344, -79951.250000, 0.307162962963
GLN, 7, 26.699, 0.856197, -81026.085938, 0.290562962963
GLU, 4, 27.186, 0.824181, -79931.218750, 0.207940740741
GLY, 9, 25.251, 0.796817, -81594.804688, 0.230159259259
HIS, 6, 27.633, 0.823301, -80264.218750, 0.336788888889
ILE, 6, 25.134, 0.79781, -80659.593750, 0.278788888889
LEU, 8, 29.978, 0.870829, -79720.671875, 0.349325925926
LYS, 8, 26.491, 0.823349, -80887.281250, 0.242707407407
MET, 7, 25.481, 0.838285, -79943.859375, 0.221622222222
PHE, 2, 25.389, 0.804601, -79880.179688, 0.339081481481
PRO, 6, 26.079, 0.821375, -80861.968750, 0.268974074074
SER, 6, 25.376, 0.835253, -80815.031250, 0.234703703704
THR, 4, 28.121, 0.879175, -80339.695312, 0.375159259259
TRP, 7, 25.954, 0.860296, -79986.398438, 0.314955555556
TYR, 4, 26.805, 0.819153, -80484.492188, 0.270355555556
VAL, 8, 26.722, 0.848943, -80049.007812, 0.221659259259
