AMINO ACID, DSSP, SASA, GYRATE, ENERGY, RMSF
ALA, 7, 27.084, 0.856459, -80179.125000, 0.251659259259
ARG, 10, 26.404, 0.846425, -80441.718750, 0.298462962963
ASN, 8, 26.953, 0.831782, -81082.015625, 0.210481481481
ASP, 10, 25.807, 0.817225, -80337.328125, 0.207903703704
CYS, 8, 25.792, 0.810092, -80215.921875, 0.307162962963
GLN, 5, 28.388, 0.865697, -79800.929688, 0.290562962963
GLU, 6, 27.507, 0.824798, -79579.000000, 0.207940740741
GLY, 8, 26.703, 0.822064, -81549.453125, 0.230159259259
HIS, 2, 25.524, 0.816982, -81622.203125, 0.336788888889
ILE, 2, 25.647, 0.807848, -80794.515625, 0.278788888889
LEU, 9, 27.553, 0.85251, -79517.015625, 0.349325925926
LYS, 12, 26.540, 0.823796, -80903.710938, 0.242707407407
MET, 9, 24.731, 0.817936, -79657.250000, 0.221622222222
PHE, 6, 26.660, 0.812113, -79617.531250, 0.339081481481
PRO, 6, 26.802, 0.839405, -80425.218750, 0.268974074074
SER, 8, 26.753, 0.827424, -80522.765625, 0.234703703704
THR, 4, 26.940, 0.890498, -80677.820312, 0.375159259259
TRP, 7, 28.117, 0.875138, -79464.312500, 0.314955555556
TYR, 6, 26.923, 0.812103, -80054.859375, 0.270355555556
VAL, 8, 25.871, 0.835559, -80545.039062, 0.221659259259
