AMINO ACID, DSSP, SASA, GYRATE, ENERGY, RMSF
ALA, 7, 27.769, 0.87004, -79617.398438, 0.251659259259
ARG, 7, 26.512, 0.831126, -80307.515625, 0.298462962963
ASN, 10, 27.296, 0.834524, -81039.250000, 0.210481481481
ASP, 10, 25.009, 0.817337, -79847.203125, 0.207903703704
CYS, 7, 25.584, 0.808379, -80009.937500, 0.307162962963
GLN, 5, 28.371, 0.851508, -80939.429688, 0.290562962963
GLU, 2, 26.985, 0.831581, -79424.937500, 0.207940740741
GLY, 9, 24.762, 0.813888, -80921.828125, 0.230159259259
HIS, 4, 27.670, 0.818831, -80783.406250, 0.336788888889
ILE, 2, 25.095, 0.805591, -80488.250000, 0.278788888889
LEU, 10, 27.913, 0.870831, -80664.734375, 0.349325925926
LYS, 8, 27.034, 0.827354, -80405.796875, 0.242707407407
MET, 7, 25.393, 0.824344, -79970.125000, 0.221622222222
PHE, 2, 26.555, 0.816918, -80112.921875, 0.339081481481
PRO, 2, 26.878, 0.830526, -80141.421875, 0.268974074074
SER, 8, 25.590, 0.815084, -80321.734375, 0.234703703704
THR, 4, 25.227, 0.898951, -80470.070312, 0.375159259259
TRP, 2, 26.688, 0.860125, -80325.773438, 0.314955555556
TYR, 8, 26.080, 0.824181, -79998.796875, 0.270355555556
VAL, 8, 26.528, 0.832176, -79056.125000, 0.221659259259
