AMINO ACID, DSSP, SASA, GYRATE, ENERGY, RMSF
ALA, 9, 26.416, 0.848959, -80314.937500, 0.251659259259
ARG, 8, 27.170, 0.828912, -80736.695312, 0.298462962963
ASN, 12, 27.139, 0.833547, -79946.593750, 0.210481481481
ASP, 8, 25.177, 0.822333, -80217.203125, 0.207903703704
CYS, 7, 26.518, 0.820937, -80109.835938, 0.307162962963
GLN, 5, 27.743, 0.870811, -80145.554688, 0.290562962963
GLU, 4, 25.991, 0.820569, -79918.625000, 0.207940740741
GLY, 7, 25.868, 0.814789, -80804.226562, 0.230159259259
HIS, 9, 24.576, 0.786438, -80274.523438, 0.336788888889
ILE, 6, 24.851, 0.817293, -80246.500000, 0.278788888889
LEU, 2, 30.584, 0.86322, -80671.437500, 0.349325925926
LYS, 8, 27.364, 0.829883, -80402.890625, 0.242707407407
MET, 7, 25.286, 0.821152, -81072.078125, 0.221622222222
PHE, 2, 26.950, 0.82526, -80270.765625, 0.339081481481
PRO, 2, 27.520, 0.840361, -79838.375000, 0.268974074074
SER, 8, 25.177, 0.82655, -80853.140625, 0.234703703704
THR, 4, 25.390, 0.882656, -80218.468750, 0.375159259259
TRP, 5, 28.251, 0.889475, -80093.953125, 0.314955555556
TYR, 4, 27.285, 0.827474, -81122.632812, 0.270355555556
VAL, 8, 25.672, 0.826587, -80311.234375, 0.221659259259
