AMINO ACID, DSSP, SASA, GYRATE, ENERGY, RMSF
ALA, 9, 26.087, 0.849797, -79964.726562, 0.251659259259
ARG, 5, 25.983, 0.830914, -80840.468750, 0.298462962963
ASN, 12, 27.102, 0.834031, -80891.929688, 0.210481481481
ASP, 8, 25.090, 0.818554, -79868.773438, 0.207903703704
CYS, 7, 26.340, 0.815236, -80500.328125, 0.307162962963
GLN, 7, 27.714, 0.863839, -79571.085938, 0.290562962963
GLU, 4, 26.931, 0.831426, -80964.765625, 0.207940740741
GLY, 9, 24.810, 0.795919, -79707.656250, 0.230159259259
HIS, 6, 25.779, 0.798837, -79397.890625, 0.336788888889
ILE, 6, 25.089, 0.804001, -80082.406250, 0.278788888889
LEU, 13, 28.463, 0.839335, -80082.140625, 0.349325925926
LYS, 6, 28.261, 0.844984, -80384.859375, 0.242707407407
MET, 7, 26.168, 0.829559, -79678.281250, 0.221622222222
PHE, 6, 25.452, 0.822406, -79642.148438, 0.339081481481
PRO, 4, 26.890, 0.832469, -81341.500000, 0.268974074074
SER, 4, 25.242, 0.828464, -79937.218750, 0.234703703704
THR, 6, 26.400, 0.896356, -80327.296875, 0.375159259259
TRP, 4, 27.668, 0.877262, -79976.453125, 0.314955555556
TYR, 6, 27.325, 0.833902, -80301.132812, 0.270355555556
VAL, 8, 25.639, 0.831408, -80415.437500, 0.221659259259
