AMINO ACID, DSSP, SASA, GYRATE, ENERGY, RMSF
ALA, 8, 27.806, 0.84371, -79936.765625, 0.251659259259
ARG, 6, 28.748, 0.854054, -80882.898438, 0.298462962963
ASN, 8, 25.960, 0.828992, -80256.796875, 0.210481481481
ASP, 11, 26.691, 0.824159, -80834.640625, 0.207903703704
CYS, 6, 28.653, 0.852749, -80352.250000, 0.307162962963
GLN, 4, 27.040, 0.827272, -80480.968750, 0.290562962963
GLU, 4, 27.083, 0.837874, -80456.000000, 0.207940740741
GLY, 9, 23.938, 0.818359, -79744.078125, 0.230159259259
HIS, 13, 27.019, 0.847893, -79965.375000, 0.336788888889
ILE, 8, 27.533, 0.830423, -80677.078125, 0.278788888889
LEU, 8, 26.502, 0.807184, -80546.328125, 0.349325925926
LYS, 9, 27.733, 0.846965, -81102.765625, 0.242707407407
MET, 2, 27.412, 0.845731, -79638.687500, 0.221622222222
PHE, 10, 25.569, 0.804484, -80797.203125, 0.339081481481
PRO, 6, 26.403, 0.830911, -80222.335938, 0.268974074074
SER, 13, 24.329, 0.802199, -81372.109375, 0.234703703704
THR, 6, 26.516, 0.845154, -79961.171875, 0.375159259259
TRP, 8, 27.633, 0.830441, -79492.718750, 0.314955555556
TYR, 8, 27.579, 0.859236, -79731.000000, 0.270355555556
VAL, 11, 26.592, 0.829806, -80622.625000, 0.221659259259
