AMINO ACID, DSSP, SASA, GYRATE, ENERGY, RMSF
ALA, 7, 26.688, 0.858979, -81080.070312, 0.251659259259
ARG, 7, 28.125, 0.828587, -80689.554688, 0.298462962963
ASN, 10, 27.797, 0.833885, -80342.437500, 0.210481481481
ASP, 10, 25.151, 0.815483, -80660.000000, 0.207903703704
CYS, 9, 25.765, 0.804227, -80552.429688, 0.307162962963
GLN, 5, 29.192, 0.862757, -79553.109375, 0.290562962963
GLU, 2, 26.618, 0.815426, -79719.070312, 0.207940740741
GLY, 9, 24.637, 0.812436, -79602.007812, 0.230159259259
HIS, 9, 25.836, 0.809814, -79608.093750, 0.336788888889
ILE, 2, 25.483, 0.809655, -79846.078125, 0.278788888889
LEU, 4, 30.119, 0.862948, -80403.765625, 0.349325925926
LYS, 6, 29.179, 0.850496, -80355.406250, 0.242707407407
MET, 7, 25.834, 0.816489, -80623.390625, 0.221622222222
PHE, 2, 26.965, 0.823674, -80659.359375, 0.339081481481
PRO, 0, 27.798, 0.849545, -80670.304688, 0.268974074074
SER, 6, 25.674, 0.822905, -80996.015625, 0.234703703704
THR, 4, 27.775, 0.906836, -81037.953125, 0.375159259259
TRP, 5, 28.639, 0.887818, -79890.523438, 0.314955555556
TYR, 4, 26.220, 0.812164, -79392.882812, 0.270355555556
VAL, 8, 25.256, 0.82956, -79712.625000, 0.221659259259
