AMINO ACID, DSSP, SASA, GYRATE, ENERGY, RMSF
ALA, 6, 26.212, 0.855856, -81616.531250, 0.251659259259
ARG, 7, 28.658, 0.852955, -80621.015625, 0.298462962963
ASN, 6, 26.748, 0.824531, -80471.765625, 0.210481481481
ASP, 10, 25.782, 0.824564, -80608.109375, 0.207903703704
CYS, 10, 26.568, 0.797902, -79854.289062, 0.307162962963
GLN, 6, 26.459, 0.871314, -80500.296875, 0.290562962963
GLU, 4, 26.035, 0.818717, -80109.031250, 0.207940740741
GLY, 9, 26.406, 0.812876, -79747.023438, 0.230159259259
HIS, 7, 26.039, 0.805013, -80979.570312, 0.336788888889
ILE, 4, 25.135, 0.81501, -80077.093750, 0.278788888889
LEU, 6, 30.019, 0.864653, -80266.546875, 0.349325925926
LYS, 2, 28.062, 0.848291, -80099.390625, 0.242707407407
MET, 7, 25.465, 0.810787, -79690.375000, 0.221622222222
PHE, 0, 27.048, 0.823421, -79588.953125, 0.339081481481
PRO, 0, 27.809, 0.84577, -81252.773438, 0.268974074074
SER, 8, 25.641, 0.821274, -80652.585938, 0.234703703704
THR, 2, 27.346, 0.905494, -80810.234375, 0.375159259259
TRP, 5, 27.424, 0.875519, -79215.140625, 0.314955555556
TYR, 4, 28.360, 0.843241, -80003.984375, 0.270355555556
VAL, 8, 25.950, 0.841174, -80172.335938, 0.221659259259
