AMINO ACID, DSSP, SASA, GYRATE, ENERGY, RMSF
ALA, 4, 27.157, 0.862093, -79767.421875, 0.251659259259
ARG, 5, 27.350, 0.833536, -81065.179688, 0.298462962963
ASN, 6, 28.757, 0.859147, -80822.695312, 0.210481481481
ASP, 12, 24.916, 0.805603, -80350.710938, 0.207903703704
CYS, 11, 26.033, 0.813019, -79707.937500, 0.307162962963
GLN, 5, 28.505, 0.862221, -79971.039062, 0.290562962963
GLU, 2, 26.941, 0.839611, -79225.359375, 0.207940740741
GLY, 7, 25.959, 0.81176, -80285.718750, 0.230159259259
HIS, 5, 25.539, 0.795766, -80424.359375, 0.336788888889
ILE, 4, 24.407, 0.814108, -80907.500000, 0.278788888889
LEU, 9, 29.167, 0.867843, -80197.023438, 0.349325925926
LYS, 10, 27.367, 0.838041, -80832.859375, 0.242707407407
MET, 7, 25.549, 0.835745, -80841.640625, 0.221622222222
PHE, 2, 27.720, 0.836441, -80054.343750, 0.339081481481
PRO, 0, 27.404, 0.843771, -78801.679688, 0.268974074074
SER, 6, 25.781, 0.833885, -80474.218750, 0.234703703704
THR, 4, 27.989, 0.927967, -79852.000000, 0.375159259259
TRP, 5, 27.481, 0.86451, -79830.875000, 0.314955555556
TYR, 4, 27.188, 0.832467, -79401.429688, 0.270355555556
VAL, 8, 26.066, 0.832959, -80139.328125, 0.221659259259
