AMINO ACID, DSSP, SASA, GYRATE, ENERGY, RMSF
ALA, 4, 26.328, 0.837932, -80529.718750, 0.251659259259
ARG, 7, 28.541, 0.843219, -80702.007812, 0.298462962963
ASN, 12, 27.983, 0.839932, -81328.437500, 0.210481481481
ASP, 10, 25.600, 0.8222, -80041.828125, 0.207903703704
CYS, 10, 26.323, 0.816232, -80793.023438, 0.307162962963
GLN, 5, 26.911, 0.880478, -81090.085938, 0.290562962963
GLU, 4, 28.490, 0.847672, -80353.367188, 0.207940740741
GLY, 5, 26.620, 0.816182, -80688.500000, 0.230159259259
HIS, 11, 27.089, 0.817388, -80445.078125, 0.336788888889
ILE, 4, 26.416, 0.813508, -79257.046875, 0.278788888889
LEU, 6, 29.939, 0.874246, -79588.476562, 0.349325925926
LYS, 6, 25.983, 0.820051, -80469.031250, 0.242707407407
MET, 7, 26.299, 0.833536, -80306.546875, 0.221622222222
PHE, 6, 26.107, 0.822877, -80102.453125, 0.339081481481
PRO, 2, 26.973, 0.823502, -79350.632812, 0.268974074074
SER, 6, 25.715, 0.813466, -79188.023438, 0.234703703704
THR, 4, 27.660, 0.912504, -80599.953125, 0.375159259259
TRP, 5, 27.905, 0.868645, -80584.546875, 0.314955555556
TYR, 7, 26.793, 0.822431, -80086.906250, 0.270355555556
VAL, 12, 25.402, 0.829132, -80728.640625, 0.221659259259
