AMINO ACID, DSSP, SASA, GYRATE, ENERGY, RMSF
ALA, 6, 27.283, 0.842405, -80094.765625, 0.251659259259
ARG, 6, 27.539, 0.841921, -81732.101562, 0.298462962963
ASN, 12, 25.363, 0.812482, -79758.328125, 0.210481481481
ASP, 9, 26.383, 0.81814, -79482.960938, 0.207903703704
CYS, 8, 28.104, 0.859788, -80725.695312, 0.307162962963
GLN, 6, 26.770, 0.825553, -80173.609375, 0.290562962963
GLU, 8, 26.948, 0.832074, -80180.843750, 0.207940740741
GLY, 11, 25.538, 0.827782, -80290.578125, 0.230159259259
HIS, 10, 27.235, 0.849309, -80541.500000, 0.336788888889
ILE, 8, 28.199, 0.839375, -79840.929688, 0.278788888889
LEU, 4, 25.571, 0.817327, -80060.953125, 0.349325925926
LYS, 11, 27.626, 0.844587, -80483.093750, 0.242707407407
MET, 7, 27.864, 0.83371, -81075.039062, 0.221622222222
PHE, 10, 24.474, 0.791676, -79654.546875, 0.339081481481
PRO, 6, 25.521, 0.825482, -80675.718750, 0.268974074074
SER, 16, 25.725, 0.803137, -80092.828125, 0.234703703704
THR, 8, 25.792, 0.835329, -80429.593750, 0.375159259259
TRP, 8, 28.181, 0.840918, -79711.984375, 0.314955555556
TYR, 11, 26.583, 0.863802, -80008.187500, 0.270355555556
VAL, 8, 25.009, 0.825546, -79723.148438, 0.221659259259
