AMINO ACID, DSSP, SASA, GYRATE, ENERGY, RMSF
ALA, 7, 27.817, 0.85287, -80237.335938, 0.251659259259
ARG, 7, 30.156, 0.860391, -80692.625000, 0.298462962963
ASN, 4, 26.931, 0.840154, -79849.539062, 0.210481481481
ASP, 10, 25.377, 0.808346, -79923.578125, 0.207903703704
CYS, 7, 25.107, 0.809818, -80325.304688, 0.307162962963
GLN, 6, 28.866, 0.88337, -80164.281250, 0.290562962963
GLU, 2, 26.169, 0.823133, -80878.859375, 0.207940740741
GLY, 8, 26.754, 0.818143, -80544.421875, 0.230159259259
HIS, 6, 24.090, 0.796057, -80294.382812, 0.336788888889
ILE, 4, 26.534, 0.83072, -81063.507812, 0.278788888889
LEU, 2, 29.051, 0.841037, -79797.703125, 0.349325925926
LYS, 4, 28.673, 0.831436, -81287.414062, 0.242707407407
MET, 7, 23.737, 0.82386, -80106.812500, 0.221622222222
PHE, 2, 26.849, 0.832493, -80516.312500, 0.339081481481
PRO, 8, 27.102, 0.829867, -80210.820312, 0.268974074074
SER, 8, 25.249, 0.810579, -80614.609375, 0.234703703704
THR, 0, 27.463, 0.896199, -80399.921875, 0.375159259259
TRP, 2, 28.753, 0.874747, -79110.820312, 0.314955555556
TYR, 4, 28.007, 0.84402, -80204.414062, 0.270355555556
VAL, 8, 25.526, 0.829013, -80346.359375, 0.221659259259
