AMINO ACID, DSSP, SASA, GYRATE, ENERGY, RMSF
ALA, 6, 26.508, 0.843002, -80560.140625, 0.251659259259
ARG, 7, 28.265, 0.828169, -80798.328125, 0.298462962963
ASN, 12, 26.628, 0.844335, -80634.656250, 0.210481481481
ASP, 11, 27.293, 0.837583, -80147.859375, 0.207903703704
CYS, 11, 26.045, 0.83169, -81257.484375, 0.307162962963
GLN, 2, 27.973, 0.886294, -80886.843750, 0.290562962963
GLU, 4, 25.818, 0.81664, -80773.468750, 0.207940740741
GLY, 9, 26.290, 0.82781, -79419.851562, 0.230159259259
HIS, 6, 25.637, 0.818397, -80236.937500, 0.336788888889
ILE, 4, 25.061, 0.810422, -79809.187500, 0.278788888889
LEU, 4, 29.411, 0.859551, -80522.578125, 0.349325925926
LYS, 8, 27.582, 0.832874, -80865.617188, 0.242707407407
MET, 7, 23.969, 0.821984, -80662.734375, 0.221622222222
PHE, 0, 24.623, 0.808866, -80119.531250, 0.339081481481
PRO, 6, 28.559, 0.858911, -79164.367188, 0.268974074074
SER, 8, 25.622, 0.808637, -80574.765625, 0.234703703704
THR, 0, 26.957, 0.906789, -80203.726562, 0.375159259259
TRP, 5, 28.465, 0.857867, -78880.250000, 0.314955555556
TYR, 4, 25.445, 0.814241, -79266.914062, 0.270355555556
VAL, 10, 25.265, 0.820509, -80931.015625, 0.221659259259
