AMINO ACID, DSSP, SASA, GYRATE, ENERGY, RMSF
ALA, 6, 27.138, 0.826468, -80609.507812, 0.251659259259
ARG, 8, 27.369, 0.850098, -80635.328125, 0.298462962963
ASN, 10, 26.954, 0.830396, -79735.531250, 0.210481481481
ASP, 10, 24.920, 0.823728, -79310.429688, 0.207903703704
CYS, 8, 25.241, 0.802861, -79972.296875, 0.307162962963
GLN, 4, 28.277, 0.90856, -79811.562500, 0.290562962963
GLU, 2, 26.785, 0.825103, -80522.453125, 0.207940740741
GLY, 7, 27.817, 0.84868, -80357.125000, 0.230159259259
HIS, 8, 26.623, 0.820356, -80266.148438, 0.336788888889
ILE, 4, 26.425, 0.818773, -80045.867188, 0.278788888889
LEU, 2, 29.680, 0.885401, -80358.140625, 0.349325925926
LYS, 8, 29.530, 0.836253, -80989.992188, 0.242707407407
MET, 7, 25.976, 0.828814, -80664.968750, 0.221622222222
PHE, 5, 25.820, 0.808435, -79646.304688, 0.339081481481
PRO, 2, 28.448, 0.860113, -80936.367188, 0.268974074074
SER, 10, 24.905, 0.802541, -80263.046875, 0.234703703704
THR, 0, 26.909, 0.891243, -80431.921875, 0.375159259259
TRP, 5, 28.362, 0.887901, -79663.234375, 0.314955555556
TYR, 4, 25.548, 0.814327, -80461.812500, 0.270355555556
VAL, 8, 26.301, 0.834682, -79373.742188, 0.221659259259
