AMINO ACID, DSSP, SASA, GYRATE, ENERGY, RMSF
ALA, 6, 28.067, 0.853021, -79405.390625, 0.251659259259
ARG, 8, 27.050, 0.848589, -80972.953125, 0.298462962963
ASN, 8, 27.253, 0.827077, -80427.992188, 0.210481481481
ASP, 9, 26.143, 0.819868, -80263.031250, 0.207903703704
CYS, 6, 28.127, 0.848893, -81100.695312, 0.307162962963
GLN, 4, 25.992, 0.819855, -80343.718750, 0.290562962963
GLU, 4, 28.103, 0.844901, -79483.828125, 0.207940740741
GLY, 6, 23.930, 0.818876, -79435.343750, 0.230159259259
HIS, 12, 26.415, 0.847708, -79811.984375, 0.336788888889
ILE, 8, 29.129, 0.839866, -79840.062500, 0.278788888889
LEU, 8, 26.150, 0.810823, -80235.953125, 0.349325925926
LYS, 6, 27.593, 0.85425, -80901.531250, 0.242707407407
MET, 2, 26.888, 0.842565, -80055.273438, 0.221622222222
PHE, 10, 24.213, 0.796933, -79695.046875, 0.339081481481
PRO, 4, 26.431, 0.837017, -80908.429688, 0.268974074074
SER, 12, 25.370, 0.803111, -80408.093750, 0.234703703704
THR, 2, 26.753, 0.852302, -79898.343750, 0.375159259259
TRP, 4, 27.936, 0.84952, -80075.609375, 0.314955555556
TYR, 10, 28.212, 0.857662, -80519.984375, 0.270355555556
VAL, 11, 25.382, 0.818888, -79458.921875, 0.221659259259
