AMINO ACID, DSSP, SASA, GYRATE, ENERGY, RMSF
ALA, 6, 26.403, 0.841858, -79915.835938, 0.251659259259
ARG, 7, 27.634, 0.832458, -80525.718750, 0.298462962963
ASN, 10, 25.854, 0.828653, -80704.625000, 0.210481481481
ASP, 10, 23.765, 0.813006, -79869.750000, 0.207903703704
CYS, 8, 27.330, 0.81012, -80535.531250, 0.307162962963
GLN, 6, 27.179, 0.898475, -80896.742188, 0.290562962963
GLU, 6, 27.491, 0.828004, -80630.515625, 0.207940740741
GLY, 5, 26.172, 0.836852, -81043.414062, 0.230159259259
HIS, 8, 29.530, 0.844423, -80632.078125, 0.336788888889
ILE, 6, 26.818, 0.810808, -80099.296875, 0.278788888889
LEU, 6, 28.912, 0.850957, -80108.531250, 0.349325925926
LYS, 4, 28.553, 0.84588, -80075.117188, 0.242707407407
MET, 5, 25.038, 0.832289, -80486.203125, 0.221622222222
PHE, 7, 26.859, 0.834019, -79262.296875, 0.339081481481
PRO, 8, 28.111, 0.850224, -79899.585938, 0.268974074074
SER, 8, 25.050, 0.818524, -80177.312500, 0.234703703704
THR, 3, 27.762, 0.920889, -80579.031250, 0.375159259259
TRP, 5, 27.236, 0.87386, -79298.859375, 0.314955555556
TYR, 4, 27.268, 0.817702, -79469.062500, 0.270355555556
VAL, 12, 25.624, 0.832372, -79485.781250, 0.221659259259
