AMINO ACID, DSSP, SASA, GYRATE, ENERGY, RMSF
ALA, 6, 25.518, 0.832857, -79363.140625, 0.251659259259
ARG, 5, 28.328, 0.858518, -80348.085938, 0.298462962963
ASN, 8, 26.285, 0.83563, -80179.007812, 0.210481481481
ASP, 10, 24.534, 0.811706, -79718.406250, 0.207903703704
CYS, 12, 25.288, 0.796544, -80267.625000, 0.307162962963
GLN, 8, 27.862, 0.880271, -80794.851562, 0.290562962963
GLU, 4, 24.993, 0.811968, -79126.507812, 0.207940740741
GLY, 5, 25.789, 0.844279, -80580.929688, 0.230159259259
HIS, 6, 26.899, 0.839698, -79260.179688, 0.336788888889
ILE, 8, 27.182, 0.82742, -78991.960938, 0.278788888889
LEU, 10, 28.690, 0.850782, -79892.296875, 0.349325925926
LYS, 6, 26.358, 0.830784, -80917.468750, 0.242707407407
MET, 7, 25.756, 0.820948, -80480.828125, 0.221622222222
PHE, 9, 25.979, 0.814613, -80018.703125, 0.339081481481
PRO, 8, 27.356, 0.837687, -80053.375000, 0.268974074074
SER, 6, 26.022, 0.815642, -79830.218750, 0.234703703704
THR, 0, 27.810, 0.90773, -80182.031250, 0.375159259259
TRP, 5, 28.228, 0.868714, -79840.820312, 0.314955555556
TYR, 6, 26.933, 0.823215, -80809.992188, 0.270355555556
VAL, 10, 26.046, 0.828722, -81013.914062, 0.221659259259
