AMINO ACID, DSSP, SASA, GYRATE, ENERGY, RMSF
ALA, 6, 25.811, 0.836371, -80162.664062, 0.251659259259
ARG, 5, 27.871, 0.853914, -80624.140625, 0.298462962963
ASN, 10, 26.038, 0.830102, -80240.265625, 0.210481481481
ASP, 10, 24.182, 0.812152, -79705.742188, 0.207903703704
CYS, 10, 25.600, 0.799837, -79431.937500, 0.307162962963
GLN, 8, 27.943, 0.891478, -79213.843750, 0.290562962963
GLU, 8, 24.951, 0.813652, -80982.031250, 0.207940740741
GLY, 5, 26.553, 0.842319, -80957.546875, 0.230159259259
HIS, 6, 27.784, 0.841559, -79837.515625, 0.336788888889
ILE, 6, 25.707, 0.824307, -80362.343750, 0.278788888889
LEU, 6, 29.685, 0.855622, -80021.421875, 0.349325925926
LYS, 8, 26.876, 0.833409, -79834.007812, 0.242707407407
MET, 7, 25.261, 0.821593, -80474.960938, 0.221622222222
PHE, 9, 25.249, 0.810439, -80047.078125, 0.339081481481
PRO, 8, 28.564, 0.837716, -80263.023438, 0.268974074074
SER, 8, 26.476, 0.812919, -80807.812500, 0.234703703704
THR, 0, 27.381, 0.903736, -80754.562500, 0.375159259259
TRP, 7, 28.466, 0.868928, -79979.750000, 0.314955555556
TYR, 6, 26.994, 0.822383, -80063.351562, 0.270355555556
VAL, 10, 25.939, 0.831754, -80171.718750, 0.221659259259
