AMINO ACID, DSSP, SASA, GYRATE, ENERGY, RMSF
ALA, 8, 27.168, 0.840711, -80933.726562, 0.251659259259
ARG, 7, 28.433, 0.84751, -80748.828125, 0.298462962963
ASN, 12, 24.336, 0.818777, -78850.742188, 0.210481481481
ASP, 12, 24.702, 0.811204, -81068.921875, 0.207903703704
CYS, 11, 25.663, 0.799698, -80802.640625, 0.307162962963
GLN, 8, 28.477, 0.898392, -79912.203125, 0.290562962963
GLU, 6, 26.162, 0.818789, -79545.968750, 0.207940740741
GLY, 5, 26.803, 0.835102, -80449.382812, 0.230159259259
HIS, 6, 26.409, 0.831481, -80267.570312, 0.336788888889
ILE, 8, 25.432, 0.817342, -79669.500000, 0.278788888889
LEU, 4, 29.038, 0.857798, -78914.390625, 0.349325925926
LYS, 4, 29.072, 0.840885, -80504.359375, 0.242707407407
MET, 7, 24.746, 0.828849, -79943.718750, 0.221622222222
PHE, 2, 24.952, 0.821469, -80904.382812, 0.339081481481
PRO, 10, 28.043, 0.830638, -80666.257812, 0.268974074074
SER, 10, 24.386, 0.806421, -81025.750000, 0.234703703704
THR, 0, 27.084, 0.904806, -81631.351562, 0.375159259259
TRP, 5, 28.835, 0.889011, -79462.304688, 0.314955555556
TYR, 8, 26.499, 0.814763, -79926.937500, 0.270355555556
VAL, 12, 26.524, 0.844502, -80083.609375, 0.221659259259
