AMINO ACID, DSSP, SASA, GYRATE, ENERGY, RMSF
ALA, 6, 26.201, 0.837659, -80113.273438, 0.251659259259
ARG, 7, 27.374, 0.843157, -79889.390625, 0.298462962963
ASN, 8, 25.539, 0.835429, -80055.992188, 0.210481481481
ASP, 12, 23.255, 0.816472, -81189.023438, 0.207903703704
CYS, 10, 26.873, 0.810269, -79474.609375, 0.307162962963
GLN, 6, 28.159, 0.893671, -80325.515625, 0.290562962963
GLU, 4, 26.843, 0.822967, -79329.617188, 0.207940740741
GLY, 6, 26.319, 0.846589, -80425.250000, 0.230159259259
HIS, 10, 25.765, 0.824695, -80537.945312, 0.336788888889
ILE, 6, 25.933, 0.807112, -80851.406250, 0.278788888889
LEU, 4, 30.407, 0.866438, -79274.179688, 0.349325925926
LYS, 6, 26.402, 0.821242, -80889.187500, 0.242707407407
MET, 7, 24.388, 0.812579, -79624.890625, 0.221622222222
PHE, 2, 26.979, 0.825995, -80914.625000, 0.339081481481
PRO, 6, 27.580, 0.842976, -80331.765625, 0.268974074074
SER, 10, 26.001, 0.816828, -79865.718750, 0.234703703704
THR, 0, 26.903, 0.900469, -80539.664062, 0.375159259259
TRP, 7, 27.681, 0.884927, -80309.218750, 0.314955555556
TYR, 4, 26.253, 0.815045, -79801.000000, 0.270355555556
VAL, 10, 25.975, 0.836243, -80619.437500, 0.221659259259
