AMINO ACID, DSSP, SASA, GYRATE, ENERGY, RMSF
ALA, 6, 26.359, 0.845029, -79264.570312, 0.251659259259
ARG, 7, 28.355, 0.864276, -80705.859375, 0.298462962963
ASN, 10, 25.291, 0.825196, -80076.835938, 0.210481481481
ASP, 10, 25.146, 0.810956, -79870.437500, 0.207903703704
CYS, 6, 26.457, 0.805929, -79952.406250, 0.307162962963
GLN, 6, 30.301, 0.912849, -80528.515625, 0.290562962963
GLU, 6, 26.202, 0.811655, -79749.015625, 0.207940740741
GLY, 6, 26.874, 0.859001, -80308.445312, 0.230159259259
HIS, 10, 26.850, 0.824678, -80988.343750, 0.336788888889
ILE, 4, 25.490, 0.815336, -79691.859375, 0.278788888889
LEU, 10, 27.673, 0.845861, -80926.851562, 0.349325925926
LYS, 8, 28.539, 0.826281, -80969.476562, 0.242707407407
MET, 7, 24.628, 0.822909, -79672.007812, 0.221622222222
PHE, 2, 25.710, 0.814298, -79408.656250, 0.339081481481
PRO, 8, 27.744, 0.838598, -80238.289062, 0.268974074074
SER, 10, 26.912, 0.813487, -80852.601562, 0.234703703704
THR, 0, 28.187, 0.907631, -80384.453125, 0.375159259259
TRP, 4, 26.835, 0.86963, -80676.437500, 0.314955555556
TYR, 6, 27.595, 0.821748, -80810.937500, 0.270355555556
VAL, 8, 26.500, 0.840127, -79878.335938, 0.221659259259
