AMINO ACID, DSSP, SASA, GYRATE, ENERGY, RMSF
ALA, 4, 26.627, 0.840744, -79317.546875, 0.251659259259
ARG, 7, 27.449, 0.860517, -80713.671875, 0.298462962963
ASN, 12, 26.928, 0.843388, -79858.468750, 0.210481481481
ASP, 10, 24.233, 0.808253, -80081.992188, 0.207903703704
CYS, 6, 26.710, 0.803065, -79727.726562, 0.307162962963
GLN, 6, 30.402, 0.89859, -80011.921875, 0.290562962963
GLU, 6, 26.788, 0.815965, -79502.023438, 0.207940740741
GLY, 6, 27.332, 0.841586, -80298.023438, 0.230159259259
HIS, 6, 24.926, 0.812817, -80466.546875, 0.336788888889
ILE, 6, 25.206, 0.808364, -79725.265625, 0.278788888889
LEU, 6, 28.270, 0.856171, -79123.015625, 0.349325925926
LYS, 8, 26.118, 0.81626, -80450.359375, 0.242707407407
MET, 7, 25.213, 0.827926, -80613.539062, 0.221622222222
PHE, 2, 25.583, 0.811989, -80596.695312, 0.339081481481
PRO, 8, 27.906, 0.844168, -79578.078125, 0.268974074074
SER, 12, 26.091, 0.813828, -80707.218750, 0.234703703704
THR, 0, 28.133, 0.919889, -81373.156250, 0.375159259259
TRP, 5, 28.419, 0.880005, -79900.507812, 0.314955555556
TYR, 8, 26.625, 0.811184, -80882.585938, 0.270355555556
VAL, 10, 25.402, 0.833328, -79449.703125, 0.221659259259
