AMINO ACID, DSSP, SASA, GYRATE, ENERGY, RMSF
ALA, 6, 27.641, 0.848576, -80621.882812, 0.251659259259
ARG, 5, 28.988, 0.848129, -80916.812500, 0.298462962963
ASN, 10, 27.413, 0.838208, -79775.414062, 0.210481481481
ASP, 12, 24.365, 0.804063, -80949.281250, 0.207903703704
CYS, 10, 25.908, 0.804006, -79370.093750, 0.307162962963
GLN, 6, 28.057, 0.898544, -81050.796875, 0.290562962963
GLU, 4, 26.973, 0.821194, -80645.898438, 0.207940740741
GLY, 8, 27.240, 0.849237, -80251.625000, 0.230159259259
HIS, 10, 25.289, 0.808324, -79908.156250, 0.336788888889
ILE, 13, 26.118, 0.817514, -80737.585938, 0.278788888889
LEU, 6, 29.562, 0.856097, -80196.453125, 0.349325925926
LYS, 6, 28.727, 0.837795, -80061.687500, 0.242707407407
MET, 7, 25.010, 0.82548, -79882.687500, 0.221622222222
PHE, 4, 26.147, 0.827085, -79428.085938, 0.339081481481
PRO, 10, 26.440, 0.824755, -79983.835938, 0.268974074074
SER, 10, 26.177, 0.826095, -81053.140625, 0.234703703704
THR, 0, 26.209, 0.889306, -80149.156250, 0.375159259259
TRP, 5, 26.456, 0.886, -80142.156250, 0.314955555556
TYR, 4, 26.551, 0.818351, -80772.437500, 0.270355555556
VAL, 8, 25.513, 0.835545, -80608.304688, 0.221659259259
