AMINO ACID, DSSP, SASA, GYRATE, ENERGY, RMSF
ALA, 6, 27.189, 0.845392, -80217.382812, 0.251659259259
ARG, 5, 28.732, 0.849349, -81320.515625, 0.298462962963
ASN, 11, 26.566, 0.819787, -81154.515625, 0.210481481481
ASP, 8, 24.455, 0.809689, -80114.226562, 0.207903703704
CYS, 10, 24.695, 0.801043, -80118.265625, 0.307162962963
GLN, 8, 27.240, 0.89642, -80476.843750, 0.290562962963
GLU, 4, 25.076, 0.803858, -80589.921875, 0.207940740741
GLY, 5, 26.449, 0.860869, -80411.617188, 0.230159259259
HIS, 10, 26.048, 0.81906, -80100.148438, 0.336788888889
ILE, 9, 25.363, 0.805688, -80020.156250, 0.278788888889
LEU, 6, 29.800, 0.861337, -79712.609375, 0.349325925926
LYS, 8, 28.983, 0.841081, -79812.414062, 0.242707407407
MET, 7, 25.299, 0.820714, -80535.273438, 0.221622222222
PHE, 9, 26.702, 0.826805, -80196.109375, 0.339081481481
PRO, 6, 27.862, 0.849154, -81078.375000, 0.268974074074
SER, 9, 26.518, 0.816814, -80539.515625, 0.234703703704
THR, 0, 27.372, 0.903451, -80457.710938, 0.375159259259
TRP, 5, 28.265, 0.897549, -79326.523438, 0.314955555556
TYR, 4, 26.165, 0.816718, -79775.257812, 0.270355555556
VAL, 10, 26.863, 0.828846, -79779.929688, 0.221659259259
