AMINO ACID, DSSP, SASA, GYRATE, ENERGY, RMSF
ALA, 6, 27.295, 0.828125, -80379.140625, 0.251659259259
ARG, 7, 27.536, 0.85627, -81075.734375, 0.298462962963
ASN, 12, 25.921, 0.821476, -80526.007812, 0.210481481481
ASP, 14, 25.382, 0.818122, -79977.335938, 0.207903703704
CYS, 11, 25.430, 0.805515, -79764.234375, 0.307162962963
GLN, 8, 29.631, 0.890854, -80219.890625, 0.290562962963
GLU, 4, 26.134, 0.821946, -80057.390625, 0.207940740741
GLY, 6, 26.228, 0.843624, -80670.781250, 0.230159259259
HIS, 6, 25.559, 0.812387, -80656.757812, 0.336788888889
ILE, 6, 25.765, 0.820232, -79379.203125, 0.278788888889
LEU, 0, 27.588, 0.85641, -79809.453125, 0.349325925926
LYS, 2, 27.919, 0.841294, -80997.500000, 0.242707407407
MET, 7, 25.854, 0.831792, -79366.070312, 0.221622222222
PHE, 2, 25.674, 0.83374, -80502.906250, 0.339081481481
PRO, 2, 29.183, 0.860015, -79956.679688, 0.268974074074
SER, 8, 26.008, 0.796158, -80242.695312, 0.234703703704
THR, 0, 28.650, 0.932968, -79662.476562, 0.375159259259
TRP, 2, 26.326, 0.89048, -80139.656250, 0.314955555556
TYR, 4, 27.200, 0.824184, -79992.781250, 0.270355555556
VAL, 12, 26.589, 0.837776, -80021.171875, 0.221659259259
