AMINO ACID, DSSP, SASA, GYRATE, ENERGY, RMSF
ALA, 8, 27.350, 0.834209, -79401.835938, 0.251659259259
ARG, 7, 28.131, 0.869775, -81135.500000, 0.298462962963
ASN, 4, 26.369, 0.842476, -79990.609375, 0.210481481481
ASP, 8, 25.923, 0.824338, -80206.632812, 0.207903703704
CYS, 10, 26.642, 0.806484, -79916.554688, 0.307162962963
GLN, 8, 28.707, 0.889171, -81050.546875, 0.290562962963
GLU, 4, 26.838, 0.819816, -80585.000000, 0.207940740741
GLY, 5, 26.820, 0.844572, -80358.031250, 0.230159259259
HIS, 6, 25.564, 0.820464, -80148.070312, 0.336788888889
ILE, 6, 25.359, 0.819647, -79860.359375, 0.278788888889
LEU, 2, 28.478, 0.839843, -80646.781250, 0.349325925926
LYS, 6, 27.236, 0.836766, -80533.328125, 0.242707407407
MET, 7, 24.955, 0.814988, -80028.117188, 0.221622222222
PHE, 2, 24.892, 0.826199, -79712.437500, 0.339081481481
PRO, 6, 28.069, 0.84521, -80313.070312, 0.268974074074
SER, 8, 26.467, 0.82307, -80038.203125, 0.234703703704
THR, 2, 28.053, 0.936803, -80695.703125, 0.375159259259
TRP, 5, 28.073, 0.891653, -80196.007812, 0.314955555556
TYR, 8, 25.987, 0.805528, -79508.210938, 0.270355555556
VAL, 12, 26.590, 0.846695, -80127.257812, 0.221659259259
