AMINO ACID, DSSP, SASA, GYRATE, ENERGY, RMSF
ALA, 7, 27.830, 0.842289, -80236.398438, 0.251659259259
ARG, 7, 29.361, 0.85801, -80347.000000, 0.298462962963
ASN, 6, 25.843, 0.822693, -80580.445312, 0.210481481481
ASP, 12, 24.508, 0.800937, -79521.421875, 0.207903703704
CYS, 10, 24.920, 0.796221, -80630.640625, 0.307162962963
GLN, 6, 30.020, 0.912341, -80525.781250, 0.290562962963
GLU, 4, 24.780, 0.800421, -79684.296875, 0.207940740741
GLY, 5, 25.914, 0.839104, -80075.296875, 0.230159259259
HIS, 8, 26.022, 0.824089, -80151.390625, 0.336788888889
ILE, 8, 24.743, 0.819665, -80821.812500, 0.278788888889
LEU, 5, 28.038, 0.859575, -79442.257812, 0.349325925926
LYS, 10, 27.916, 0.822924, -81199.875000, 0.242707407407
MET, 7, 25.093, 0.815488, -80450.718750, 0.221622222222
PHE, 4, 24.991, 0.826548, -79664.921875, 0.339081481481
PRO, 6, 27.481, 0.854719, -78900.453125, 0.268974074074
SER, 8, 25.903, 0.816763, -80301.218750, 0.234703703704
THR, 4, 26.957, 0.89672, -80461.015625, 0.375159259259
TRP, 5, 28.719, 0.8972, -79950.054688, 0.314955555556
TYR, 6, 27.311, 0.822942, -79984.835938, 0.270355555556
VAL, 12, 26.777, 0.837484, -80655.625000, 0.221659259259
