AMINO ACID, DSSP, SASA, GYRATE, ENERGY, RMSF
ALA, 4, 27.307, 0.842914, -80417.195312, 0.251659259259
ARG, 7, 29.989, 0.876213, -81253.984375, 0.298462962963
ASN, 8, 26.069, 0.831535, -80288.250000, 0.210481481481
ASP, 12, 25.624, 0.814062, -80740.812500, 0.207903703704
CYS, 10, 25.397, 0.806453, -79979.671875, 0.307162962963
GLN, 9, 28.823, 0.895275, -79604.937500, 0.290562962963
GLU, 4, 26.318, 0.821864, -81280.015625, 0.207940740741
GLY, 5, 26.113, 0.823138, -80258.515625, 0.230159259259
HIS, 8, 24.867, 0.806205, -79702.023438, 0.336788888889
ILE, 8, 25.246, 0.814275, -79901.460938, 0.278788888889
LEU, 4, 27.750, 0.852794, -79677.250000, 0.349325925926
LYS, 4, 27.757, 0.837175, -81331.179688, 0.242707407407
MET, 7, 24.997, 0.82045, -80439.218750, 0.221622222222
PHE, 2, 25.892, 0.809603, -79058.218750, 0.339081481481
PRO, 6, 27.930, 0.845421, -80477.976562, 0.268974074074
SER, 10, 25.149, 0.816929, -80408.328125, 0.234703703704
THR, 4, 26.954, 0.927059, -80300.406250, 0.375159259259
TRP, 5, 27.479, 0.88357, -80143.625000, 0.314955555556
TYR, 10, 28.127, 0.827034, -79682.625000, 0.270355555556
VAL, 12, 26.445, 0.829162, -79714.570312, 0.221659259259
