AMINO ACID, DSSP, SASA, GYRATE, ENERGY, RMSF
ALA, 8, 27.907, 0.849564, -80554.750000, 0.251659259259
ARG, 10, 29.028, 0.864661, -80814.031250, 0.298462962963
ASN, 12, 27.221, 0.836519, -80602.671875, 0.210481481481
ASP, 12, 25.313, 0.811411, -80493.593750, 0.207903703704
CYS, 10, 27.094, 0.802592, -80283.367188, 0.307162962963
GLN, 6, 29.319, 0.891561, -80649.656250, 0.290562962963
GLU, 4, 24.832, 0.80489, -80738.375000, 0.207940740741
GLY, 6, 26.094, 0.830696, -80623.703125, 0.230159259259
HIS, 10, 25.555, 0.815891, -80215.398438, 0.336788888889
ILE, 4, 26.207, 0.82758, -80189.359375, 0.278788888889
LEU, 6, 28.020, 0.858893, -81068.953125, 0.349325925926
LYS, 6, 29.342, 0.846481, -80285.148438, 0.242707407407
MET, 7, 24.751, 0.817933, -80067.703125, 0.221622222222
PHE, 2, 24.703, 0.795921, -79006.054688, 0.339081481481
PRO, 8, 27.234, 0.839949, -80734.929688, 0.268974074074
SER, 6, 25.375, 0.822504, -81197.671875, 0.234703703704
THR, 4, 27.683, 0.921421, -79822.835938, 0.375159259259
TRP, 4, 27.998, 0.902796, -80505.875000, 0.314955555556
TYR, 2, 26.586, 0.824058, -79926.875000, 0.270355555556
VAL, 12, 25.468, 0.833914, -80222.281250, 0.221659259259
