AMINO ACID, DSSP, SASA, GYRATE, ENERGY, RMSF
ALA, 6, 27.221, 0.858231, -81295.078125, 0.251659259259
ARG, 7, 30.126, 0.875052, -80994.140625, 0.298462962963
ASN, 15, 26.761, 0.824902, -79251.109375, 0.210481481481
ASP, 11, 24.859, 0.810477, -80338.843750, 0.207903703704
CYS, 8, 24.396, 0.798502, -80992.312500, 0.307162962963
GLN, 8, 29.633, 0.907905, -80402.289062, 0.290562962963
GLU, 4, 24.901, 0.806612, -80579.031250, 0.207940740741
GLY, 5, 25.261, 0.817194, -79631.359375, 0.230159259259
HIS, 4, 24.700, 0.812978, -80352.929688, 0.336788888889
ILE, 6, 24.686, 0.812386, -80432.156250, 0.278788888889
LEU, 6, 28.262, 0.866316, -80076.023438, 0.349325925926
LYS, 10, 28.334, 0.828532, -81076.328125, 0.242707407407
MET, 7, 25.729, 0.820767, -80601.046875, 0.221622222222
PHE, 2, 25.494, 0.814157, -79923.343750, 0.339081481481
PRO, 6, 25.623, 0.830423, -81102.687500, 0.268974074074
SER, 6, 24.939, 0.818691, -80989.343750, 0.234703703704
THR, 4, 28.109, 0.905864, -80032.515625, 0.375159259259
TRP, 5, 27.424, 0.900197, -79626.664062, 0.314955555556
TYR, 8, 26.084, 0.822292, -79816.031250, 0.270355555556
VAL, 12, 25.462, 0.831066, -79362.265625, 0.221659259259
