AMINO ACID, DSSP, SASA, GYRATE, ENERGY, RMSF
ALA, 8, 27.849, 0.842096, -79174.492188, 0.251659259259
ARG, 9, 26.623, 0.833134, -81055.468750, 0.298462962963
ASN, 8, 27.584, 0.833988, -81196.914062, 0.210481481481
ASP, 6, 26.715, 0.833047, -79948.421875, 0.207903703704
CYS, 10, 25.687, 0.802759, -80054.164062, 0.307162962963
GLN, 10, 28.445, 0.902633, -80115.585938, 0.290562962963
GLU, 6, 25.093, 0.807526, -79510.828125, 0.207940740741
GLY, 2, 25.589, 0.827785, -80282.625000, 0.230159259259
HIS, 6, 27.149, 0.818164, -80420.429688, 0.336788888889
ILE, 4, 25.568, 0.824476, -80436.414062, 0.278788888889
LEU, 7, 27.630, 0.860258, -80490.375000, 0.349325925926
LYS, 8, 27.906, 0.837579, -80575.546875, 0.242707407407
MET, 9, 26.741, 0.837634, -80518.742188, 0.221622222222
PHE, 4, 24.748, 0.826724, -80304.609375, 0.339081481481
PRO, 8, 27.057, 0.845195, -80387.492188, 0.268974074074
SER, 6, 26.173, 0.821485, -80373.156250, 0.234703703704
THR, 4, 27.557, 0.92146, -79161.289062, 0.375159259259
TRP, 5, 27.763, 0.890791, -78545.382812, 0.314955555556
TYR, 4, 26.276, 0.816337, -79728.257812, 0.270355555556
VAL, 12, 26.842, 0.828423, -80702.296875, 0.221659259259
