AMINO ACID, DSSP, SASA, GYRATE, ENERGY, RMSF
ALA, 6, 28.036, 0.856542, -80315.187500, 0.251659259259
ARG, 9, 27.275, 0.828969, -80756.187500, 0.298462962963
ASN, 12, 27.479, 0.820855, -80493.984375, 0.210481481481
ASP, 12, 27.427, 0.833612, -80081.757812, 0.207903703704
CYS, 10, 24.160, 0.80278, -79847.929688, 0.307162962963
GLN, 8, 29.048, 0.913589, -81094.664062, 0.290562962963
GLU, 2, 24.932, 0.812017, -80309.015625, 0.207940740741
GLY, 2, 24.801, 0.818179, -80968.851562, 0.230159259259
HIS, 6, 26.581, 0.820374, -80599.328125, 0.336788888889
ILE, 6, 25.208, 0.825381, -80178.812500, 0.278788888889
LEU, 4, 26.882, 0.873421, -79579.539062, 0.349325925926
LYS, 12, 27.085, 0.812583, -80296.156250, 0.242707407407
MET, 7, 25.331, 0.824389, -79784.000000, 0.221622222222
PHE, 2, 25.263, 0.816482, -80033.156250, 0.339081481481
PRO, 6, 27.012, 0.859831, -81200.132812, 0.268974074074
SER, 8, 27.060, 0.823253, -79455.617188, 0.234703703704
THR, 4, 28.458, 0.903021, -80177.828125, 0.375159259259
TRP, 5, 26.494, 0.86816, -80109.296875, 0.314955555556
TYR, 6, 25.776, 0.815504, -79891.296875, 0.270355555556
VAL, 12, 26.975, 0.822449, -80817.187500, 0.221659259259
