AMINO ACID, DSSP, SASA, GYRATE, ENERGY, RMSF
ALA, 6, 28.930, 0.863954, -79850.328125, 0.251659259259
ARG, 10, 26.988, 0.83781, -81070.718750, 0.298462962963
ASN, 8, 26.689, 0.829898, -80318.500000, 0.210481481481
ASP, 9, 26.652, 0.823619, -80153.234375, 0.207903703704
CYS, 10, 25.459, 0.803999, -80029.304688, 0.307162962963
GLN, 6, 27.935, 0.896298, -80937.703125, 0.290562962963
GLU, 2, 25.401, 0.804412, -80153.906250, 0.207940740741
GLY, 2, 25.843, 0.846674, -80741.421875, 0.230159259259
HIS, 4, 26.346, 0.829577, -80924.507812, 0.336788888889
ILE, 6, 26.853, 0.832932, -79788.265625, 0.278788888889
LEU, 4, 27.481, 0.855675, -79659.343750, 0.349325925926
LYS, 8, 27.828, 0.833463, -81568.140625, 0.242707407407
MET, 7, 26.031, 0.836485, -80103.140625, 0.221622222222
PHE, 7, 25.768, 0.810354, -78962.765625, 0.339081481481
PRO, 4, 27.976, 0.84873, -79829.984375, 0.268974074074
SER, 6, 25.721, 0.820235, -80504.968750, 0.234703703704
THR, 2, 27.619, 0.921163, -79990.976562, 0.375159259259
TRP, 5, 27.025, 0.877871, -79457.070312, 0.314955555556
TYR, 2, 25.242, 0.810366, -80124.484375, 0.270355555556
VAL, 10, 26.213, 0.82136, -79927.765625, 0.221659259259
