AMINO ACID, DSSP, SASA, GYRATE, ENERGY, RMSF
ALA, 6, 27.451, 0.835052, -80739.632812, 0.251659259259
ARG, 7, 27.524, 0.838987, -80681.273438, 0.298462962963
ASN, 12, 26.879, 0.813455, -80778.343750, 0.210481481481
ASP, 10, 28.234, 0.848053, -80092.398438, 0.207903703704
CYS, 12, 24.741, 0.79796, -79586.218750, 0.307162962963
GLN, 8, 27.062, 0.881094, -80499.484375, 0.290562962963
GLU, 2, 25.389, 0.811386, -81140.390625, 0.207940740741
GLY, 5, 26.814, 0.831939, -80716.015625, 0.230159259259
HIS, 4, 26.518, 0.823608, -80164.078125, 0.336788888889
ILE, 6, 24.848, 0.816374, -80382.500000, 0.278788888889
LEU, 4, 27.636, 0.856878, -80266.796875, 0.349325925926
LYS, 4, 26.660, 0.825184, -80400.968750, 0.242707407407
MET, 9, 26.471, 0.834239, -79823.343750, 0.221622222222
PHE, 4, 25.220, 0.816958, -80818.359375, 0.339081481481
PRO, 12, 26.549, 0.847861, -80023.843750, 0.268974074074
SER, 6, 26.543, 0.826523, -79987.312500, 0.234703703704
THR, 4, 26.776, 0.908194, -80653.875000, 0.375159259259
TRP, 2, 28.399, 0.878217, -79551.148438, 0.314955555556
TYR, 6, 25.567, 0.807171, -81006.062500, 0.270355555556
VAL, 10, 25.455, 0.826523, -79895.070312, 0.221659259259
