AMINO ACID, DSSP, SASA, GYRATE, ENERGY, RMSF
ALA, 10, 26.671, 0.842712, -80836.796875, 0.251659259259
ARG, 7, 27.481, 0.841107, -80957.640625, 0.298462962963
ASN, 12, 26.731, 0.810569, -80178.890625, 0.210481481481
ASP, 10, 27.954, 0.850938, -81040.671875, 0.207903703704
CYS, 12, 24.254, 0.792126, -80269.757812, 0.307162962963
GLN, 10, 26.784, 0.900394, -80716.218750, 0.290562962963
GLU, 2, 26.564, 0.813347, -80189.421875, 0.207940740741
GLY, 5, 26.585, 0.836883, -80078.906250, 0.230159259259
HIS, 4, 27.568, 0.834389, -80377.000000, 0.336788888889
ILE, 8, 25.649, 0.820005, -80289.171875, 0.278788888889
LEU, 4, 26.009, 0.850946, -80271.843750, 0.349325925926
LYS, 4, 26.086, 0.813961, -81005.789062, 0.242707407407
MET, 7, 27.294, 0.8416, -80282.304688, 0.221622222222
PHE, 4, 25.627, 0.809347, -81023.750000, 0.339081481481
PRO, 8, 27.044, 0.8575, -79196.906250, 0.268974074074
SER, 8, 26.305, 0.83081, -80024.500000, 0.234703703704
THR, 6, 28.865, 0.906925, -80632.257812, 0.375159259259
TRP, 5, 27.834, 0.892283, -80439.468750, 0.314955555556
TYR, 2, 26.040, 0.811374, -79555.570312, 0.270355555556
VAL, 9, 25.212, 0.821168, -79818.187500, 0.221659259259
