AMINO ACID, DSSP, SASA, GYRATE, ENERGY, RMSF
ALA, 4, 26.861, 0.8258, -80325.625000, 0.251659259259
ARG, 9, 26.705, 0.83889, -81039.078125, 0.298462962963
ASN, 10, 25.429, 0.81443, -80259.101562, 0.210481481481
ASP, 8, 24.027, 0.821093, -80269.546875, 0.207903703704
CYS, 6, 23.674, 0.789784, -80063.789062, 0.307162962963
GLN, 8, 28.637, 0.89587, -80693.437500, 0.290562962963
GLU, 4, 26.700, 0.815397, -79740.921875, 0.207940740741
GLY, 4, 27.476, 0.847777, -80377.609375, 0.230159259259
HIS, 8, 25.560, 0.812874, -80728.617188, 0.336788888889
ILE, 6, 24.784, 0.807499, -79723.312500, 0.278788888889
LEU, 10, 25.931, 0.864852, -79358.445312, 0.349325925926
LYS, 6, 26.371, 0.817861, -81010.460938, 0.242707407407
MET, 7, 24.699, 0.820107, -80876.039062, 0.221622222222
PHE, 4, 24.911, 0.813499, -80683.500000, 0.339081481481
PRO, 10, 27.073, 0.846829, -80688.640625, 0.268974074074
SER, 8, 25.381, 0.826703, -80839.757812, 0.234703703704
THR, 4, 29.049, 0.909091, -80295.539062, 0.375159259259
TRP, 5, 31.104, 0.8996, -79459.023438, 0.314955555556
TYR, 4, 23.705, 0.781709, -80222.851562, 0.270355555556
VAL, 8, 26.555, 0.832582, -80158.859375, 0.221659259259
