AMINO ACID, DSSP, SASA, GYRATE, ENERGY, RMSF
ALA, 4, 27.675, 0.832404, -81076.078125, 0.251659259259
ARG, 10, 26.598, 0.836862, -80907.554688, 0.298462962963
ASN, 15, 25.348, 0.801939, -79811.968750, 0.210481481481
ASP, 10, 26.018, 0.815362, -79698.640625, 0.207903703704
CYS, 7, 25.526, 0.793144, -79687.312500, 0.307162962963
GLN, 6, 30.129, 0.884114, -80720.007812, 0.290562962963
GLU, 2, 26.355, 0.812413, -80083.765625, 0.207940740741
GLY, 4, 26.025, 0.837642, -80937.343750, 0.230159259259
HIS, 8, 26.714, 0.825311, -80569.687500, 0.336788888889
ILE, 8, 24.253, 0.796291, -80413.828125, 0.278788888889
LEU, 8, 27.715, 0.882842, -79844.531250, 0.349325925926
LYS, 8, 26.103, 0.814804, -80964.609375, 0.242707407407
MET, 7, 24.963, 0.822794, -79443.390625, 0.221622222222
PHE, 2, 25.642, 0.819027, -80278.632812, 0.339081481481
PRO, 6, 27.462, 0.848869, -80478.796875, 0.268974074074
SER, 6, 26.213, 0.831377, -80414.312500, 0.234703703704
THR, 4, 28.941, 0.904282, -79315.953125, 0.375159259259
TRP, 5, 29.036, 0.866881, -79606.484375, 0.314955555556
TYR, 6, 24.790, 0.814981, -80652.968750, 0.270355555556
VAL, 8, 26.885, 0.836995, -80384.031250, 0.221659259259
