AMINO ACID, DSSP, SASA, GYRATE, ENERGY, RMSF
ALA, 5, 28.270, 0.84419, -80492.109375, 0.251659259259
ARG, 7, 28.348, 0.860043, -80304.937500, 0.298462962963
ASN, 12, 25.769, 0.817398, -80999.039062, 0.210481481481
ASP, 10, 25.022, 0.813013, -79643.992188, 0.207903703704
CYS, 8, 25.155, 0.809138, -80369.312500, 0.307162962963
GLN, 8, 26.461, 0.872289, -80034.351562, 0.290562962963
GLU, 6, 26.664, 0.821238, -80290.343750, 0.207940740741
GLY, 4, 28.455, 0.846476, -80629.625000, 0.230159259259
HIS, 8, 27.052, 0.84069, -79138.187500, 0.336788888889
ILE, 7, 27.356, 0.830006, -79356.015625, 0.278788888889
LEU, 10, 28.080, 0.894657, -80273.812500, 0.349325925926
LYS, 4, 26.750, 0.827344, -81380.968750, 0.242707407407
MET, 7, 24.783, 0.813151, -79221.773438, 0.221622222222
PHE, 8, 25.885, 0.821756, -80268.468750, 0.339081481481
PRO, 6, 26.879, 0.849526, -79761.750000, 0.268974074074
SER, 6, 26.199, 0.819498, -80057.453125, 0.234703703704
THR, 2, 30.587, 0.912398, -80156.804688, 0.375159259259
TRP, 5, 30.605, 0.882046, -80193.796875, 0.314955555556
TYR, 4, 25.289, 0.815136, -80691.156250, 0.270355555556
VAL, 8, 27.581, 0.842999, -78874.281250, 0.221659259259
