AMINO ACID, DSSP, SASA, GYRATE, ENERGY, RMSF
ALA, 4, 28.552, 0.861059, -80987.335938, 0.251659259259
ARG, 4, 27.060, 0.846072, -80647.179688, 0.298462962963
ASN, 12, 28.557, 0.841634, -80632.703125, 0.210481481481
ASP, 9, 27.448, 0.831677, -80097.609375, 0.207903703704
CYS, 10, 27.780, 0.852516, -80035.140625, 0.307162962963
GLN, 4, 27.678, 0.820826, -81222.937500, 0.290562962963
GLU, 4, 28.393, 0.858547, -80396.515625, 0.207940740741
GLY, 9, 24.195, 0.826226, -80457.703125, 0.230159259259
HIS, 10, 26.360, 0.85305, -80310.304688, 0.336788888889
ILE, 10, 28.001, 0.834783, -80678.367188, 0.278788888889
LEU, 11, 26.231, 0.814318, -79865.312500, 0.349325925926
LYS, 7, 27.806, 0.834578, -80689.750000, 0.242707407407
MET, 7, 26.835, 0.830943, -80108.867188, 0.221622222222
PHE, 10, 26.701, 0.812945, -79814.796875, 0.339081481481
PRO, 6, 26.073, 0.833693, -80618.234375, 0.268974074074
SER, 6, 26.389, 0.818254, -80169.882812, 0.234703703704
THR, 8, 26.559, 0.831227, -80990.031250, 0.375159259259
TRP, 10, 29.668, 0.857829, -80303.617188, 0.314955555556
TYR, 10, 28.023, 0.874906, -80172.953125, 0.270355555556
VAL, 10, 24.676, 0.820417, -79805.625000, 0.221659259259
