AMINO ACID, DSSP, SASA, GYRATE, ENERGY, RMSF
ALA, 7, 28.465, 0.826582, -80616.835938, 0.251659259259
ARG, 7, 27.199, 0.850555, -81430.156250, 0.298462962963
ASN, 12, 26.330, 0.821067, -80009.351562, 0.210481481481
ASP, 10, 25.352, 0.815938, -79266.546875, 0.207903703704
CYS, 10, 25.150, 0.791971, -80285.437500, 0.307162962963
GLN, 6, 28.448, 0.88055, -80005.859375, 0.290562962963
GLU, 6, 24.941, 0.820599, -79653.625000, 0.207940740741
GLY, 2, 27.786, 0.836908, -80242.914062, 0.230159259259
HIS, 6, 26.931, 0.834689, -80234.156250, 0.336788888889
ILE, 8, 26.890, 0.831834, -80240.984375, 0.278788888889
LEU, 8, 27.171, 0.904643, -79377.093750, 0.349325925926
LYS, 8, 27.730, 0.822142, -79454.789062, 0.242707407407
MET, 7, 25.998, 0.834949, -80326.968750, 0.221622222222
PHE, 7, 23.462, 0.799406, -79859.640625, 0.339081481481
PRO, 8, 28.194, 0.841977, -80344.046875, 0.268974074074
SER, 8, 26.838, 0.826298, -79743.882812, 0.234703703704
THR, 2, 28.286, 0.905845, -80231.460938, 0.375159259259
TRP, 5, 27.951, 0.855088, -80223.992188, 0.314955555556
TYR, 6, 26.531, 0.824983, -79740.484375, 0.270355555556
VAL, 12, 29.069, 0.849232, -79858.625000, 0.221659259259
