AMINO ACID, DSSP, SASA, GYRATE, ENERGY, RMSF
ALA, 6, 27.597, 0.825759, -79885.335938, 0.251659259259
ARG, 9, 27.601, 0.830837, -80354.789062, 0.298462962963
ASN, 8, 29.172, 0.8434, -80504.062500, 0.210481481481
ASP, 9, 26.093, 0.816458, -79514.460938, 0.207903703704
CYS, 6, 26.515, 0.846854, -80821.515625, 0.307162962963
GLN, 6, 27.946, 0.826295, -79842.101562, 0.290562962963
GLU, 6, 27.889, 0.85329, -79750.898438, 0.207940740741
GLY, 9, 26.217, 0.822364, -80543.062500, 0.230159259259
HIS, 9, 28.004, 0.848131, -79558.476562, 0.336788888889
ILE, 10, 28.614, 0.84459, -80131.593750, 0.278788888889
LEU, 9, 26.692, 0.811609, -78918.328125, 0.349325925926
LYS, 7, 28.567, 0.838889, -81254.828125, 0.242707407407
MET, 7, 26.358, 0.830148, -79955.984375, 0.221622222222
PHE, 7, 25.647, 0.805005, -79419.843750, 0.339081481481
PRO, 6, 26.224, 0.834793, -80447.062500, 0.268974074074
SER, 8, 26.929, 0.833995, -80125.843750, 0.234703703704
THR, 6, 25.484, 0.835819, -80038.453125, 0.375159259259
TRP, 6, 29.314, 0.852959, -80015.953125, 0.314955555556
TYR, 5, 28.254, 0.862992, -81074.570312, 0.270355555556
VAL, 10, 24.708, 0.816186, -79515.242188, 0.221659259259
