AMINO ACID, DSSP, SASA, GYRATE, ENERGY, RMSF
ALA, 5, 29.097, 0.846718, -80340.882812, 0.251659259259
ARG, 7, 27.696, 0.846764, -80238.414062, 0.298462962963
ASN, 10, 25.465, 0.811084, -80664.515625, 0.210481481481
ASP, 12, 25.047, 0.810803, -80178.953125, 0.207903703704
CYS, 8, 24.126, 0.793645, -79996.015625, 0.307162962963
GLN, 10, 28.619, 0.897141, -79470.718750, 0.290562962963
GLU, 6, 26.074, 0.812841, -81131.375000, 0.207940740741
GLY, 2, 24.596, 0.826884, -80582.671875, 0.230159259259
HIS, 6, 25.855, 0.828194, -80594.609375, 0.336788888889
ILE, 9, 25.116, 0.817977, -80565.984375, 0.278788888889
LEU, 10, 27.993, 0.907713, -80312.515625, 0.349325925926
LYS, 10, 26.719, 0.833365, -80926.382812, 0.242707407407
MET, 7, 27.300, 0.847541, -80583.921875, 0.221622222222
PHE, 10, 24.770, 0.807169, -80204.093750, 0.339081481481
PRO, 6, 27.509, 0.831382, -80052.539062, 0.268974074074
SER, 10, 27.383, 0.834493, -79560.515625, 0.234703703704
THR, 6, 25.702, 0.88413, -80866.242188, 0.375159259259
TRP, 2, 28.309, 0.879385, -80488.343750, 0.314955555556
TYR, 6, 26.168, 0.827884, -80192.195312, 0.270355555556
VAL, 10, 26.648, 0.83018, -79619.515625, 0.221659259259
