AMINO ACID, DSSP, SASA, GYRATE, ENERGY, RMSF
ALA, 7, 28.424, 0.850333, -80580.562500, 0.251659259259
ARG, 7, 26.877, 0.843013, -80955.421875, 0.298462962963
ASN, 12, 26.871, 0.82708, -80953.593750, 0.210481481481
ASP, 14, 26.038, 0.810305, -80384.109375, 0.207903703704
CYS, 8, 24.607, 0.786313, -80535.023438, 0.307162962963
GLN, 10, 28.749, 0.894019, -80058.046875, 0.290562962963
GLU, 0, 26.941, 0.816845, -79228.109375, 0.207940740741
GLY, 2, 24.932, 0.817635, -79462.546875, 0.230159259259
HIS, 8, 25.933, 0.84057, -79959.992188, 0.336788888889
ILE, 9, 24.721, 0.812265, -79762.515625, 0.278788888889
LEU, 10, 27.675, 0.900313, -80481.414062, 0.349325925926
LYS, 10, 26.991, 0.831647, -80435.023438, 0.242707407407
MET, 7, 26.643, 0.836281, -80047.953125, 0.221622222222
PHE, 4, 24.540, 0.80654, -80336.195312, 0.339081481481
PRO, 10, 27.522, 0.822086, -80019.000000, 0.268974074074
SER, 8, 28.859, 0.834929, -80550.109375, 0.234703703704
THR, 4, 27.546, 0.885137, -80535.578125, 0.375159259259
TRP, 5, 27.908, 0.867759, -80283.367188, 0.314955555556
TYR, 6, 26.065, 0.824511, -79748.710938, 0.270355555556
VAL, 8, 27.045, 0.840732, -79564.046875, 0.221659259259
