AMINO ACID, DSSP, SASA, GYRATE, ENERGY, RMSF
ALA, 7, 28.391, 0.845654, -80001.984375, 0.251659259259
ARG, 7, 26.352, 0.846427, -81022.039062, 0.298462962963
ASN, 10, 25.013, 0.823259, -80401.984375, 0.210481481481
ASP, 12, 25.202, 0.809146, -79931.117188, 0.207903703704
CYS, 8, 24.462, 0.778191, -80485.906250, 0.307162962963
GLN, 8, 28.601, 0.891541, -80549.062500, 0.290562962963
GLU, 6, 27.049, 0.825265, -80746.109375, 0.207940740741
GLY, 4, 25.287, 0.831797, -80273.343750, 0.230159259259
HIS, 8, 26.949, 0.833785, -80860.648438, 0.336788888889
ILE, 7, 25.261, 0.81518, -79931.359375, 0.278788888889
LEU, 12, 27.691, 0.903355, -79091.351562, 0.349325925926
LYS, 10, 28.832, 0.834184, -80615.921875, 0.242707407407
MET, 11, 26.395, 0.843194, -80347.203125, 0.221622222222
PHE, 2, 25.447, 0.820515, -80013.031250, 0.339081481481
PRO, 8, 26.702, 0.83156, -81131.531250, 0.268974074074
SER, 10, 27.033, 0.830035, -80399.125000, 0.234703703704
THR, 4, 25.619, 0.893406, -80224.890625, 0.375159259259
TRP, 5, 28.539, 0.87148, -79448.328125, 0.314955555556
TYR, 6, 26.066, 0.826849, -79775.429688, 0.270355555556
VAL, 12, 26.770, 0.830587, -80422.929688, 0.221659259259
