AMINO ACID, DSSP, SASA, GYRATE, ENERGY, RMSF
ALA, 5, 26.407, 0.824433, -80753.992188, 0.251659259259
ARG, 11, 25.980, 0.836001, -81656.843750, 0.298462962963
ASN, 6, 29.158, 0.85447, -79983.882812, 0.210481481481
ASP, 6, 26.068, 0.806512, -79952.625000, 0.207903703704
CYS, 8, 25.196, 0.798186, -79526.687500, 0.307162962963
GLN, 6, 30.021, 0.893577, -80827.882812, 0.290562962963
GLU, 6, 26.031, 0.821141, -79818.109375, 0.207940740741
GLY, 5, 26.735, 0.820514, -79446.343750, 0.230159259259
HIS, 6, 25.513, 0.823072, -79652.593750, 0.336788888889
ILE, 9, 26.048, 0.817908, -80138.468750, 0.278788888889
LEU, 6, 27.175, 0.878644, -80518.281250, 0.349325925926
LYS, 8, 26.682, 0.832273, -79887.789062, 0.242707407407
MET, 10, 24.894, 0.812146, -80557.718750, 0.221622222222
PHE, 4, 24.123, 0.812158, -81059.367188, 0.339081481481
PRO, 8, 27.011, 0.829627, -80679.296875, 0.268974074074
SER, 8, 27.028, 0.811255, -80084.265625, 0.234703703704
THR, 7, 26.682, 0.889696, -79785.195312, 0.375159259259
TRP, 5, 29.958, 0.891415, -80423.679688, 0.314955555556
TYR, 6, 26.195, 0.819366, -80158.617188, 0.270355555556
VAL, 6, 25.929, 0.832525, -79754.429688, 0.221659259259
