AMINO ACID, DSSP, SASA, GYRATE, ENERGY, RMSF
ALA, 11, 26.125, 0.813149, -80650.187500, 0.251659259259
ARG, 10, 25.691, 0.815539, -81524.406250, 0.298462962963
ASN, 6, 27.951, 0.836657, -80973.062500, 0.210481481481
ASP, 12, 25.833, 0.81328, -80425.109375, 0.207903703704
CYS, 10, 25.997, 0.802075, -80149.132812, 0.307162962963
GLN, 8, 29.065, 0.877798, -79888.718750, 0.290562962963
GLU, 4, 27.443, 0.829445, -80042.484375, 0.207940740741
GLY, 9, 25.661, 0.818898, -80018.375000, 0.230159259259
HIS, 8, 26.489, 0.81807, -80252.609375, 0.336788888889
ILE, 9, 25.307, 0.81597, -80753.671875, 0.278788888889
LEU, 8, 28.640, 0.892079, -79126.281250, 0.349325925926
LYS, 8, 27.321, 0.839684, -81064.343750, 0.242707407407
MET, 12, 26.218, 0.832049, -80646.375000, 0.221622222222
PHE, 10, 24.506, 0.810672, -80023.125000, 0.339081481481
PRO, 8, 26.541, 0.840876, -81579.312500, 0.268974074074
SER, 6, 26.058, 0.836519, -79893.609375, 0.234703703704
THR, 4, 26.885, 0.889495, -79782.468750, 0.375159259259
TRP, 5, 30.055, 0.913508, -79751.515625, 0.314955555556
TYR, 2, 26.288, 0.81529, -80596.882812, 0.270355555556
VAL, 8, 26.334, 0.840666, -79740.500000, 0.221659259259
