AMINO ACID, DSSP, SASA, GYRATE, ENERGY, RMSF
ALA, 7, 28.119, 0.830052, -79509.250000, 0.251659259259
ARG, 12, 27.701, 0.831703, -80798.187500, 0.298462962963
ASN, 8, 27.199, 0.837405, -80529.734375, 0.210481481481
ASP, 11, 25.279, 0.805973, -80663.781250, 0.207903703704
CYS, 8, 25.115, 0.793139, -80377.054688, 0.307162962963
GLN, 6, 29.698, 0.887059, -79840.703125, 0.290562962963
GLU, 4, 28.502, 0.832724, -80974.906250, 0.207940740741
GLY, 9, 26.128, 0.81047, -79917.570312, 0.230159259259
HIS, 8, 26.896, 0.829051, -80452.187500, 0.336788888889
ILE, 9, 25.235, 0.810227, -80639.359375, 0.278788888889
LEU, 8, 27.182, 0.889184, -80196.828125, 0.349325925926
LYS, 12, 26.047, 0.832685, -81306.078125, 0.242707407407
MET, 10, 28.068, 0.852144, -79729.765625, 0.221622222222
PHE, 4, 25.669, 0.841063, -80392.289062, 0.339081481481
PRO, 8, 28.145, 0.8434, -80348.296875, 0.268974074074
SER, 6, 28.185, 0.852302, -80938.484375, 0.234703703704
THR, 4, 27.484, 0.893834, -80703.187500, 0.375159259259
TRP, 5, 28.809, 0.924683, -80719.296875, 0.314955555556
TYR, 8, 25.665, 0.809268, -81156.843750, 0.270355555556
VAL, 10, 26.939, 0.84578, -80274.546875, 0.221659259259
