AMINO ACID, DSSP, SASA, GYRATE, ENERGY, RMSF
ALA, 9, 26.398, 0.812268, -80606.328125, 0.251659259259
ARG, 7, 28.012, 0.853898, -80168.328125, 0.298462962963
ASN, 10, 26.272, 0.833951, -80771.945312, 0.210481481481
ASP, 8, 25.739, 0.811685, -79899.789062, 0.207903703704
CYS, 8, 28.002, 0.810867, -79494.015625, 0.307162962963
GLN, 6, 28.204, 0.89277, -80527.578125, 0.290562962963
GLU, 4, 26.054, 0.816685, -80337.000000, 0.207940740741
GLY, 5, 27.565, 0.862486, -80682.359375, 0.230159259259
HIS, 8, 25.016, 0.801715, -81608.437500, 0.336788888889
ILE, 7, 25.273, 0.80487, -80729.890625, 0.278788888889
LEU, 6, 27.332, 0.899669, -79214.796875, 0.349325925926
LYS, 8, 28.147, 0.859499, -80764.203125, 0.242707407407
MET, 10, 27.644, 0.83949, -79936.039062, 0.221622222222
PHE, 5, 24.047, 0.822366, -80210.960938, 0.339081481481
PRO, 14, 27.018, 0.841615, -80059.406250, 0.268974074074
SER, 13, 26.786, 0.844406, -80075.539062, 0.234703703704
THR, 6, 25.576, 0.884321, -80375.640625, 0.375159259259
TRP, 2, 29.757, 0.866004, -80439.054688, 0.314955555556
TYR, 4, 26.835, 0.830914, -80768.500000, 0.270355555556
VAL, 8, 28.262, 0.850004, -79810.453125, 0.221659259259
