AMINO ACID, DSSP, SASA, GYRATE, ENERGY, RMSF
ALA, 7, 25.320, 0.811312, -80591.804688, 0.251659259259
ARG, 7, 29.574, 0.86553, -81080.390625, 0.298462962963
ASN, 8, 27.262, 0.836945, -80562.648438, 0.210481481481
ASP, 13, 25.287, 0.810709, -80146.968750, 0.207903703704
CYS, 8, 26.664, 0.820073, -79906.101562, 0.307162962963
GLN, 6, 28.264, 0.915793, -79974.078125, 0.290562962963
GLU, 6, 27.462, 0.817533, -80364.203125, 0.207940740741
GLY, 5, 27.403, 0.848853, -81279.750000, 0.230159259259
HIS, 8, 25.243, 0.808764, -80498.187500, 0.336788888889
ILE, 7, 26.035, 0.818391, -79963.914062, 0.278788888889
LEU, 6, 28.109, 0.886108, -80014.007812, 0.349325925926
LYS, 8, 28.058, 0.846181, -80575.281250, 0.242707407407
MET, 11, 27.751, 0.831632, -80236.687500, 0.221622222222
PHE, 8, 24.639, 0.82307, -80158.929688, 0.339081481481
PRO, 8, 26.706, 0.824596, -79979.234375, 0.268974074074
SER, 8, 26.917, 0.845288, -80044.656250, 0.234703703704
THR, 6, 25.920, 0.884807, -79608.515625, 0.375159259259
TRP, 5, 29.320, 0.879296, -79990.765625, 0.314955555556
TYR, 4, 27.285, 0.824945, -80063.609375, 0.270355555556
VAL, 8, 27.067, 0.844197, -79599.476562, 0.221659259259
