AMINO ACID, DSSP, SASA, GYRATE, ENERGY, RMSF
ALA, 7, 25.840, 0.813945, -80501.945312, 0.251659259259
ARG, 7, 27.301, 0.838951, -81572.773438, 0.298462962963
ASN, 10, 27.533, 0.833306, -79160.390625, 0.210481481481
ASP, 9, 25.491, 0.810507, -80060.562500, 0.207903703704
CYS, 10, 24.736, 0.792518, -80103.117188, 0.307162962963
GLN, 9, 28.902, 0.886683, -80303.109375, 0.290562962963
GLU, 4, 26.251, 0.810785, -80707.468750, 0.207940740741
GLY, 6, 27.037, 0.834834, -80302.546875, 0.230159259259
HIS, 6, 25.997, 0.803128, -80549.593750, 0.336788888889
ILE, 9, 25.480, 0.794633, -80296.468750, 0.278788888889
LEU, 6, 27.551, 0.878075, -80152.218750, 0.349325925926
LYS, 8, 28.283, 0.840255, -80790.640625, 0.242707407407
MET, 7, 26.059, 0.844676, -79213.539062, 0.221622222222
PHE, 8, 24.858, 0.81789, -80405.507812, 0.339081481481
PRO, 5, 27.441, 0.844936, -80707.609375, 0.268974074074
SER, 4, 29.928, 0.88708, -80552.656250, 0.234703703704
THR, 6, 27.160, 0.878844, -80378.445312, 0.375159259259
TRP, 7, 27.654, 0.867375, -80244.000000, 0.314955555556
TYR, 6, 25.178, 0.813782, -80417.671875, 0.270355555556
VAL, 8, 27.248, 0.863298, -80982.867188, 0.221659259259
