AMINO ACID, DSSP, SASA, GYRATE, ENERGY, RMSF
ALA, 7, 23.919, 0.801241, -79942.187500, 0.251659259259
ARG, 7, 28.733, 0.843409, -81090.359375, 0.298462962963
ASN, 10, 27.956, 0.845243, -80875.906250, 0.210481481481
ASP, 8, 25.205, 0.814949, -79801.015625, 0.207903703704
CYS, 10, 25.854, 0.801922, -80188.742188, 0.307162962963
GLN, 6, 30.094, 0.886115, -79458.320312, 0.290562962963
GLU, 4, 26.728, 0.824277, -80573.585938, 0.207940740741
GLY, 5, 26.680, 0.835565, -79799.265625, 0.230159259259
HIS, 10, 26.803, 0.809828, -79888.695312, 0.336788888889
ILE, 7, 28.296, 0.824032, -80790.062500, 0.278788888889
LEU, 8, 26.522, 0.870794, -79542.320312, 0.349325925926
LYS, 6, 28.155, 0.843831, -80720.250000, 0.242707407407
MET, 5, 25.218, 0.813953, -80369.562500, 0.221622222222
PHE, 4, 24.340, 0.817092, -79372.742188, 0.339081481481
PRO, 6, 27.051, 0.85189, -79794.453125, 0.268974074074
SER, 4, 29.242, 0.871212, -80841.671875, 0.234703703704
THR, 6, 26.132, 0.873234, -81017.906250, 0.375159259259
TRP, 5, 30.045, 0.865994, -78987.171875, 0.314955555556
TYR, 4, 26.973, 0.823971, -80033.992188, 0.270355555556
VAL, 8, 28.025, 0.85614, -80249.828125, 0.221659259259
