AMINO ACID, DSSP, SASA, GYRATE, ENERGY, RMSF
ALA, 7, 25.159, 0.805373, -81222.539062, 0.251659259259
ARG, 7, 28.005, 0.832125, -79613.406250, 0.298462962963
ASN, 10, 26.461, 0.835447, -78961.828125, 0.210481481481
ASP, 8, 25.762, 0.827005, -80491.125000, 0.207903703704
CYS, 10, 26.281, 0.800082, -81402.226562, 0.307162962963
GLN, 6, 30.196, 0.892999, -81104.906250, 0.290562962963
GLU, 4, 26.802, 0.824386, -79380.781250, 0.207940740741
GLY, 6, 28.023, 0.834729, -79920.265625, 0.230159259259
HIS, 8, 25.361, 0.804278, -80132.343750, 0.336788888889
ILE, 9, 26.551, 0.808131, -80856.546875, 0.278788888889
LEU, 8, 27.043, 0.879526, -81032.492188, 0.349325925926
LYS, 4, 28.327, 0.851085, -80820.687500, 0.242707407407
MET, 7, 26.899, 0.823436, -79876.765625, 0.221622222222
PHE, 4, 24.440, 0.813801, -80018.929688, 0.339081481481
PRO, 6, 27.193, 0.837539, -80151.609375, 0.268974074074
SER, 9, 28.317, 0.87261, -80797.453125, 0.234703703704
THR, 4, 26.565, 0.885699, -80079.335938, 0.375159259259
TRP, 7, 30.007, 0.854465, -79754.007812, 0.314955555556
TYR, 8, 26.948, 0.824102, -80422.046875, 0.270355555556
VAL, 8, 27.226, 0.860067, -79887.367188, 0.221659259259
