AMINO ACID, DSSP, SASA, GYRATE, ENERGY, RMSF
ALA, 7, 24.559, 0.813027, -80108.289062, 0.251659259259
ARG, 7, 28.320, 0.835441, -80956.656250, 0.298462962963
ASN, 10, 27.357, 0.843767, -80139.132812, 0.210481481481
ASP, 8, 24.687, 0.813765, -80164.015625, 0.207903703704
CYS, 8, 25.531, 0.813795, -79896.234375, 0.307162962963
GLN, 4, 29.918, 0.904729, -79968.054688, 0.290562962963
GLU, 4, 27.416, 0.823985, -79799.867188, 0.207940740741
GLY, 5, 26.814, 0.836811, -80214.531250, 0.230159259259
HIS, 8, 26.946, 0.820312, -79806.328125, 0.336788888889
ILE, 9, 27.306, 0.829502, -79300.578125, 0.278788888889
LEU, 8, 27.030, 0.88616, -80026.757812, 0.349325925926
LYS, 6, 28.744, 0.853317, -80838.742188, 0.242707407407
MET, 7, 26.250, 0.836746, -80924.156250, 0.221622222222
PHE, 4, 24.927, 0.810982, -79758.890625, 0.339081481481
PRO, 7, 27.665, 0.840139, -81068.218750, 0.268974074074
SER, 6, 27.902, 0.882855, -80885.500000, 0.234703703704
THR, 6, 26.187, 0.886447, -80412.250000, 0.375159259259
TRP, 2, 30.267, 0.863379, -80147.734375, 0.314955555556
TYR, 4, 26.239, 0.824127, -80716.796875, 0.270355555556
VAL, 8, 28.207, 0.857717, -80318.007812, 0.221659259259
