AMINO ACID, DSSP, SASA, GYRATE, ENERGY, RMSF
ALA, 7, 26.367, 0.811092, -79903.531250, 0.251659259259
ARG, 7, 28.447, 0.831297, -80145.578125, 0.298462962963
ASN, 12, 25.838, 0.836587, -80337.515625, 0.210481481481
ASP, 11, 24.648, 0.816389, -79883.804688, 0.207903703704
CYS, 10, 24.095, 0.810004, -79710.937500, 0.307162962963
GLN, 6, 29.103, 0.883908, -80891.156250, 0.290562962963
GLU, 4, 27.806, 0.837218, -79392.843750, 0.207940740741
GLY, 5, 26.431, 0.837101, -80377.000000, 0.230159259259
HIS, 6, 24.026, 0.79709, -80344.328125, 0.336788888889
ILE, 9, 25.691, 0.808941, -80293.507812, 0.278788888889
LEU, 8, 27.898, 0.903737, -80445.968750, 0.349325925926
LYS, 6, 27.364, 0.84283, -79633.609375, 0.242707407407
MET, 7, 26.937, 0.839556, -79682.703125, 0.221622222222
PHE, 4, 25.159, 0.81868, -80353.281250, 0.339081481481
PRO, 8, 27.218, 0.841013, -80003.203125, 0.268974074074
SER, 8, 28.116, 0.869633, -80346.164062, 0.234703703704
THR, 6, 26.928, 0.901958, -80022.562500, 0.375159259259
TRP, 5, 28.792, 0.864699, -80094.445312, 0.314955555556
TYR, 8, 27.570, 0.826934, -79224.343750, 0.270355555556
VAL, 6, 27.271, 0.855287, -79670.625000, 0.221659259259
