AMINO ACID, DSSP, SASA, GYRATE, ENERGY, RMSF
ALA, 7, 25.203, 0.802239, -80480.546875, 0.251659259259
ARG, 5, 26.887, 0.836786, -80637.039062, 0.298462962963
ASN, 6, 25.830, 0.811429, -80801.015625, 0.210481481481
ASP, 12, 24.656, 0.801832, -80245.914062, 0.207903703704
CYS, 10, 25.095, 0.796288, -80292.757812, 0.307162962963
GLN, 6, 29.259, 0.889605, -80351.125000, 0.290562962963
GLU, 4, 26.853, 0.815899, -80353.046875, 0.207940740741
GLY, 5, 27.408, 0.848638, -80486.945312, 0.230159259259
HIS, 10, 23.984, 0.79194, -79888.710938, 0.336788888889
ILE, 9, 25.740, 0.814656, -80638.734375, 0.278788888889
LEU, 4, 28.201, 0.911825, -80088.429688, 0.349325925926
LYS, 8, 27.919, 0.84099, -81051.882812, 0.242707407407
MET, 7, 27.071, 0.841233, -80773.781250, 0.221622222222
PHE, 6, 26.259, 0.817257, -81007.531250, 0.339081481481
PRO, 8, 27.366, 0.84212, -79715.867188, 0.268974074074
SER, 8, 29.331, 0.870095, -80587.750000, 0.234703703704
THR, 6, 26.909, 0.883794, -79924.562500, 0.375159259259
TRP, 5, 30.750, 0.893545, -79665.453125, 0.314955555556
TYR, 2, 26.643, 0.82339, -79987.984375, 0.270355555556
VAL, 8, 28.594, 0.854203, -80029.140625, 0.221659259259
