AMINO ACID, DSSP, SASA, GYRATE, ENERGY, RMSF
ALA, 7, 25.632, 0.808627, -80111.062500, 0.251659259259
ARG, 10, 28.265, 0.845108, -79849.570312, 0.298462962963
ASN, 12, 26.325, 0.809699, -79558.523438, 0.210481481481
ASP, 11, 24.153, 0.8001, -79334.148438, 0.207903703704
CYS, 10, 24.795, 0.796395, -80860.015625, 0.307162962963
GLN, 6, 28.141, 0.888989, -80202.132812, 0.290562962963
GLU, 6, 26.746, 0.816642, -79740.093750, 0.207940740741
GLY, 5, 26.816, 0.837171, -80855.359375, 0.230159259259
HIS, 8, 25.504, 0.807597, -81112.148438, 0.336788888889
ILE, 7, 26.136, 0.821639, -80821.968750, 0.278788888889
LEU, 4, 28.096, 0.893898, -79568.046875, 0.349325925926
LYS, 8, 28.667, 0.842643, -81252.234375, 0.242707407407
MET, 7, 25.622, 0.826671, -80226.796875, 0.221622222222
PHE, 2, 27.180, 0.826579, -80269.687500, 0.339081481481
PRO, 8, 27.346, 0.850331, -80754.835938, 0.268974074074
SER, 8, 29.021, 0.875344, -80425.203125, 0.234703703704
THR, 4, 26.927, 0.885742, -80266.937500, 0.375159259259
TRP, 7, 30.861, 0.889304, -79693.421875, 0.314955555556
TYR, 4, 27.342, 0.827025, -80429.789062, 0.270355555556
VAL, 4, 28.756, 0.85899, -80607.429688, 0.221659259259
