AMINO ACID, DSSP, SASA, GYRATE, ENERGY, RMSF
ALA, 7, 26.317, 0.826817, -80284.929688, 0.251659259259
ARG, 7, 27.300, 0.831428, -80851.000000, 0.298462962963
ASN, 8, 28.287, 0.841008, -80517.375000, 0.210481481481
ASP, 12, 25.585, 0.809864, -80401.859375, 0.207903703704
CYS, 12, 24.611, 0.796705, -80462.250000, 0.307162962963
GLN, 6, 28.996, 0.880012, -80224.812500, 0.290562962963
GLU, 2, 26.641, 0.830226, -79755.304688, 0.207940740741
GLY, 5, 25.814, 0.836673, -80643.296875, 0.230159259259
HIS, 6, 24.571, 0.804195, -80768.703125, 0.336788888889
ILE, 9, 26.464, 0.812125, -80048.382812, 0.278788888889
LEU, 2, 28.264, 0.886013, -81209.921875, 0.349325925926
LYS, 4, 29.098, 0.838394, -80721.757812, 0.242707407407
MET, 9, 25.353, 0.828888, -80668.367188, 0.221622222222
PHE, 4, 25.148, 0.82041, -79982.750000, 0.339081481481
PRO, 8, 26.997, 0.835952, -80233.984375, 0.268974074074
SER, 4, 29.697, 0.877663, -79875.695312, 0.234703703704
THR, 4, 25.236, 0.876582, -80609.343750, 0.375159259259
TRP, 4, 31.211, 0.902531, -80759.750000, 0.314955555556
TYR, 2, 26.990, 0.826874, -80105.898438, 0.270355555556
VAL, 4, 26.720, 0.85183, -79589.078125, 0.221659259259
