AMINO ACID, DSSP, SASA, GYRATE, ENERGY, RMSF
ALA, 7, 24.826, 0.804588, -80932.859375, 0.251659259259
ARG, 10, 27.991, 0.837049, -80986.820312, 0.298462962963
ASN, 10, 28.088, 0.846833, -80106.789062, 0.210481481481
ASP, 12, 25.327, 0.810508, -80428.648438, 0.207903703704
CYS, 10, 25.394, 0.80486, -79706.625000, 0.307162962963
GLN, 6, 27.477, 0.879942, -80965.781250, 0.290562962963
GLU, 2, 27.134, 0.824257, -80933.226562, 0.207940740741
GLY, 6, 26.216, 0.83802, -80867.429688, 0.230159259259
HIS, 8, 26.569, 0.816418, -80168.765625, 0.336788888889
ILE, 7, 28.125, 0.838938, -79868.484375, 0.278788888889
LEU, 4, 28.023, 0.878545, -80150.109375, 0.349325925926
LYS, 6, 28.475, 0.828421, -80863.601562, 0.242707407407
MET, 7, 25.720, 0.830664, -80122.312500, 0.221622222222
PHE, 6, 25.801, 0.825931, -79713.281250, 0.339081481481
PRO, 7, 27.077, 0.844875, -80353.812500, 0.268974074074
SER, 6, 28.040, 0.871375, -79859.414062, 0.234703703704
THR, 6, 25.912, 0.88092, -79839.734375, 0.375159259259
TRP, 4, 32.876, 0.916551, -80304.468750, 0.314955555556
TYR, 4, 26.600, 0.821315, -79786.125000, 0.270355555556
VAL, 4, 26.136, 0.843248, -80192.125000, 0.221659259259
