AMINO ACID, DSSP, SASA, GYRATE, ENERGY, RMSF
ALA, 8, 26.308, 0.804171, -80282.250000, 0.251659259259
ARG, 7, 27.047, 0.825447, -80704.375000, 0.298462962963
ASN, 13, 27.364, 0.841524, -80358.015625, 0.210481481481
ASP, 10, 23.548, 0.816437, -80960.093750, 0.207903703704
CYS, 9, 25.252, 0.799947, -80130.507812, 0.307162962963
GLN, 9, 27.889, 0.869615, -80302.078125, 0.290562962963
GLU, 2, 25.393, 0.806901, -80132.000000, 0.207940740741
GLY, 7, 25.761, 0.822621, -80058.648438, 0.230159259259
HIS, 12, 25.756, 0.809521, -80131.898438, 0.336788888889
ILE, 9, 27.045, 0.826658, -80870.828125, 0.278788888889
LEU, 4, 27.796, 0.866553, -81118.164062, 0.349325925926
LYS, 4, 28.994, 0.840518, -80716.734375, 0.242707407407
MET, 7, 26.231, 0.833732, -80607.109375, 0.221622222222
PHE, 10, 25.030, 0.817421, -79970.148438, 0.339081481481
PRO, 2, 27.023, 0.83705, -80038.390625, 0.268974074074
SER, 8, 27.632, 0.832187, -79812.820312, 0.234703703704
THR, 6, 25.321, 0.883463, -79217.343750, 0.375159259259
TRP, 5, 32.285, 0.938388, -80690.437500, 0.314955555556
TYR, 6, 27.978, 0.828457, -80470.406250, 0.270355555556
VAL, 4, 27.702, 0.85482, -80615.031250, 0.221659259259
