AMINO ACID, DSSP, SASA, GYRATE, ENERGY, RMSF
ALA, 7, 25.502, 0.833026, -80600.421875, 0.251659259259
ARG, 7, 26.073, 0.825641, -80870.437500, 0.298462962963
ASN, 8, 28.496, 0.851125, -80971.695312, 0.210481481481
ASP, 8, 25.787, 0.818389, -79580.953125, 0.207903703704
CYS, 10, 25.040, 0.794768, -78987.062500, 0.307162962963
GLN, 6, 28.110, 0.888339, -79833.156250, 0.290562962963
GLU, 0, 27.372, 0.829884, -79856.468750, 0.207940740741
GLY, 5, 25.994, 0.827573, -80985.265625, 0.230159259259
HIS, 8, 26.026, 0.811367, -80416.414062, 0.336788888889
ILE, 9, 26.819, 0.828366, -79465.093750, 0.278788888889
LEU, 4, 26.735, 0.862366, -80691.156250, 0.349325925926
LYS, 6, 27.619, 0.844663, -80906.796875, 0.242707407407
MET, 7, 27.184, 0.839419, -80339.921875, 0.221622222222
PHE, 6, 24.851, 0.808833, -80006.648438, 0.339081481481
PRO, 8, 25.563, 0.81342, -80981.476562, 0.268974074074
SER, 8, 27.189, 0.843663, -80350.984375, 0.234703703704
THR, 6, 27.996, 0.897211, -80882.328125, 0.375159259259
TRP, 5, 31.364, 0.953189, -79494.312500, 0.314955555556
TYR, 2, 27.941, 0.838233, -80477.796875, 0.270355555556
VAL, 5, 28.116, 0.859296, -80084.687500, 0.221659259259
