AMINO ACID, DSSP, SASA, GYRATE, ENERGY, RMSF
ALA, 7, 27.325, 0.837522, -81118.953125, 0.251659259259
ARG, 5, 25.495, 0.824199, -80928.265625, 0.298462962963
ASN, 12, 28.039, 0.840849, -79887.054688, 0.210481481481
ASP, 10, 26.439, 0.828519, -81355.125000, 0.207903703704
CYS, 6, 25.744, 0.801995, -80417.226562, 0.307162962963
GLN, 8, 27.336, 0.8866, -80738.429688, 0.290562962963
GLU, 4, 26.706, 0.827027, -80256.078125, 0.207940740741
GLY, 5, 26.139, 0.832598, -80279.945312, 0.230159259259
HIS, 8, 26.951, 0.824342, -80379.898438, 0.336788888889
ILE, 9, 26.646, 0.819898, -79857.125000, 0.278788888889
LEU, 8, 28.110, 0.868114, -80395.937500, 0.349325925926
LYS, 4, 28.639, 0.839578, -80429.460938, 0.242707407407
MET, 7, 26.633, 0.853051, -79763.429688, 0.221622222222
PHE, 4, 24.676, 0.806561, -80391.000000, 0.339081481481
PRO, 7, 27.478, 0.830284, -79673.750000, 0.268974074074
SER, 8, 28.426, 0.862858, -80247.046875, 0.234703703704
THR, 2, 28.047, 0.920538, -81450.281250, 0.375159259259
TRP, 5, 31.214, 0.967813, -80326.125000, 0.314955555556
TYR, 6, 28.422, 0.839735, -80120.289062, 0.270355555556
VAL, 0, 29.597, 0.883642, -80293.437500, 0.221659259259
