AMINO ACID, DSSP, SASA, GYRATE, ENERGY, RMSF
ALA, 7, 26.531, 0.834966, -80059.796875, 0.251659259259
ARG, 7, 25.893, 0.820624, -80566.406250, 0.298462962963
ASN, 10, 26.576, 0.841694, -79672.976562, 0.210481481481
ASP, 8, 26.028, 0.824754, -80143.750000, 0.207903703704
CYS, 10, 25.935, 0.804599, -80207.437500, 0.307162962963
GLN, 8, 29.634, 0.893983, -80768.062500, 0.290562962963
GLU, 6, 25.714, 0.816143, -78971.929688, 0.207940740741
GLY, 6, 24.381, 0.818428, -79800.390625, 0.230159259259
HIS, 6, 27.119, 0.838259, -80208.960938, 0.336788888889
ILE, 4, 26.139, 0.816928, -79838.085938, 0.278788888889
LEU, 4, 29.324, 0.874122, -80911.328125, 0.349325925926
LYS, 8, 27.831, 0.824628, -80355.414062, 0.242707407407
MET, 7, 26.854, 0.848676, -79868.609375, 0.221622222222
PHE, 6, 26.435, 0.829847, -79583.445312, 0.339081481481
PRO, 7, 26.768, 0.8361, -80726.898438, 0.268974074074
SER, 4, 28.737, 0.856532, -80306.976562, 0.234703703704
THR, 4, 27.826, 0.912038, -80122.906250, 0.375159259259
TRP, 5, 32.721, 0.9909, -79711.101562, 0.314955555556
TYR, 4, 27.207, 0.827366, -80193.117188, 0.270355555556
VAL, 4, 28.775, 0.882225, -80605.921875, 0.221659259259
