AMINO ACID, DSSP, SASA, GYRATE, ENERGY, RMSF
ALA, 7, 25.765, 0.823267, -80853.960938, 0.251659259259
ARG, 7, 25.435, 0.819768, -80440.656250, 0.298462962963
ASN, 8, 27.469, 0.833116, -81343.250000, 0.210481481481
ASP, 10, 26.862, 0.821026, -80178.773438, 0.207903703704
CYS, 10, 26.705, 0.818473, -78833.828125, 0.307162962963
GLN, 8, 28.113, 0.889444, -79820.046875, 0.290562962963
GLU, 2, 28.684, 0.826708, -79849.765625, 0.207940740741
GLY, 6, 25.701, 0.82454, -80459.476562, 0.230159259259
HIS, 8, 28.442, 0.832482, -80075.804688, 0.336788888889
ILE, 7, 25.952, 0.812723, -79377.625000, 0.278788888889
LEU, 2, 28.673, 0.870108, -80699.937500, 0.349325925926
LYS, 4, 27.683, 0.829697, -80980.937500, 0.242707407407
MET, 7, 27.628, 0.838588, -79934.273438, 0.221622222222
PHE, 7, 26.439, 0.838732, -79433.789062, 0.339081481481
PRO, 7, 26.662, 0.833907, -80181.593750, 0.268974074074
SER, 4, 28.563, 0.832768, -81098.609375, 0.234703703704
THR, 4, 28.269, 0.935757, -79998.054688, 0.375159259259
TRP, 7, 30.432, 0.980689, -80143.640625, 0.314955555556
TYR, 4, 27.728, 0.830935, -79928.609375, 0.270355555556
VAL, 2, 29.657, 0.88977, -79714.203125, 0.221659259259
