AMINO ACID, DSSP, SASA, GYRATE, ENERGY, RMSF
ALA, 7, 28.151, 0.846804, -81204.015625, 0.251659259259
ARG, 7, 26.067, 0.818883, -80930.265625, 0.298462962963
ASN, 10, 26.706, 0.837026, -80626.093750, 0.210481481481
ASP, 10, 25.561, 0.820364, -80412.125000, 0.207903703704
CYS, 8, 25.180, 0.801261, -80493.164062, 0.307162962963
GLN, 4, 27.926, 0.887155, -80382.078125, 0.290562962963
GLU, 4, 27.951, 0.823531, -79610.531250, 0.207940740741
GLY, 4, 25.619, 0.821202, -81239.859375, 0.230159259259
HIS, 8, 27.250, 0.821289, -80463.656250, 0.336788888889
ILE, 11, 27.154, 0.820333, -79120.953125, 0.278788888889
LEU, 4, 27.324, 0.868495, -80179.468750, 0.349325925926
LYS, 6, 28.853, 0.853874, -80415.554688, 0.242707407407
MET, 5, 26.936, 0.851231, -81241.078125, 0.221622222222
PHE, 12, 25.206, 0.820958, -79822.328125, 0.339081481481
PRO, 9, 26.994, 0.848232, -80180.000000, 0.268974074074
SER, 6, 26.535, 0.819074, -80642.460938, 0.234703703704
THR, 2, 27.353, 0.939346, -79809.375000, 0.375159259259
TRP, 7, 30.763, 0.955654, -80382.812500, 0.314955555556
TYR, 6, 29.950, 0.838369, -80269.312500, 0.270355555556
VAL, 2, 26.908, 0.843692, -80259.250000, 0.221659259259
