AMINO ACID, DSSP, SASA, GYRATE, ENERGY, RMSF
ALA, 7, 29.362, 0.84579, -80000.671875, 0.251659259259
ARG, 7, 25.762, 0.825531, -80409.296875, 0.298462962963
ASN, 13, 27.528, 0.834039, -80484.062500, 0.210481481481
ASP, 10, 27.257, 0.835104, -80767.593750, 0.207903703704
CYS, 8, 25.871, 0.808051, -80448.867188, 0.307162962963
GLN, 6, 27.702, 0.886789, -80039.359375, 0.290562962963
GLU, 4, 26.547, 0.815783, -80855.546875, 0.207940740741
GLY, 6, 25.941, 0.829638, -80374.781250, 0.230159259259
HIS, 8, 26.162, 0.796485, -80300.406250, 0.336788888889
ILE, 9, 25.873, 0.81859, -80639.140625, 0.278788888889
LEU, 2, 27.126, 0.865693, -81142.632812, 0.349325925926
LYS, 8, 28.595, 0.852083, -81186.203125, 0.242707407407
MET, 7, 28.245, 0.848741, -79995.632812, 0.221622222222
PHE, 6, 25.896, 0.816777, -80733.921875, 0.339081481481
PRO, 4, 27.355, 0.848847, -80984.515625, 0.268974074074
SER, 8, 26.627, 0.829059, -79520.468750, 0.234703703704
THR, 4, 29.938, 0.948584, -79579.140625, 0.375159259259
TRP, 7, 32.006, 0.980257, -79701.578125, 0.314955555556
TYR, 2, 30.350, 0.847208, -80297.328125, 0.270355555556
VAL, 2, 28.646, 0.872279, -79302.125000, 0.221659259259
