AMINO ACID, DSSP, SASA, GYRATE, ENERGY, RMSF
ALA, 7, 28.944, 0.854031, -79145.921875, 0.251659259259
ARG, 7, 24.410, 0.812011, -80812.546875, 0.298462962963
ASN, 9, 28.160, 0.846304, -80794.664062, 0.210481481481
ASP, 10, 24.976, 0.824019, -80662.906250, 0.207903703704
CYS, 7, 26.451, 0.803004, -80911.593750, 0.307162962963
GLN, 8, 28.656, 0.884079, -80295.234375, 0.290562962963
GLU, 2, 26.075, 0.812699, -79406.187500, 0.207940740741
GLY, 4, 25.280, 0.813997, -79882.343750, 0.230159259259
HIS, 9, 26.842, 0.812872, -80449.171875, 0.336788888889
ILE, 9, 26.335, 0.820144, -80764.609375, 0.278788888889
LEU, 2, 27.490, 0.865973, -79902.015625, 0.349325925926
LYS, 8, 29.508, 0.85683, -80856.281250, 0.242707407407
MET, 7, 28.570, 0.851864, -80410.148438, 0.221622222222
PHE, 11, 24.841, 0.816619, -79598.539062, 0.339081481481
PRO, 5, 26.876, 0.843529, -80069.695312, 0.268974074074
SER, 2, 27.291, 0.82381, -80045.804688, 0.234703703704
THR, 6, 28.513, 0.942689, -80156.484375, 0.375159259259
TRP, 5, 30.157, 0.964298, -80771.242188, 0.314955555556
TYR, 4, 30.718, 0.837548, -81554.843750, 0.270355555556
VAL, 2, 27.580, 0.87325, -80360.421875, 0.221659259259
