AMINO ACID, DSSP, SASA, GYRATE, ENERGY, RMSF
ALA, 11, 27.483, 0.833629, -80620.734375, 0.251659259259
ARG, 9, 23.808, 0.816344, -79704.125000, 0.298462962963
ASN, 16, 24.194, 0.8074, -80296.164062, 0.210481481481
ASP, 10, 24.384, 0.805193, -80187.679688, 0.207903703704
CYS, 6, 25.207, 0.816019, -79608.546875, 0.307162962963
GLN, 8, 26.936, 0.88502, -80528.234375, 0.290562962963
GLU, 2, 25.043, 0.809492, -80122.960938, 0.207940740741
GLY, 6, 27.143, 0.849422, -79966.703125, 0.230159259259
HIS, 8, 27.048, 0.833616, -80588.781250, 0.336788888889
ILE, 9, 26.022, 0.826275, -80462.875000, 0.278788888889
LEU, 2, 27.433, 0.880844, -78585.898438, 0.349325925926
LYS, 7, 29.588, 0.856208, -80454.843750, 0.242707407407
MET, 7, 25.847, 0.828967, -79198.937500, 0.221622222222
PHE, 8, 24.976, 0.814597, -79963.148438, 0.339081481481
PRO, 5, 27.671, 0.828903, -79807.234375, 0.268974074074
SER, 4, 26.351, 0.830006, -79626.710938, 0.234703703704
THR, 6, 28.910, 0.937222, -80323.875000, 0.375159259259
TRP, 7, 31.222, 0.98426, -79882.296875, 0.314955555556
TYR, 6, 30.826, 0.84507, -79477.328125, 0.270355555556
VAL, 2, 27.286, 0.861206, -79867.156250, 0.221659259259
