AMINO ACID, DSSP, SASA, GYRATE, ENERGY, RMSF
ALA, 6, 29.173, 0.848454, -80532.882812, 0.251659259259
ARG, 7, 25.012, 0.811912, -80637.070312, 0.298462962963
ASN, 10, 26.475, 0.823869, -79822.593750, 0.210481481481
ASP, 8, 24.089, 0.806354, -80198.453125, 0.207903703704
CYS, 8, 26.689, 0.820401, -79911.000000, 0.307162962963
GLN, 10, 27.529, 0.893637, -80392.546875, 0.290562962963
GLU, 2, 27.576, 0.841881, -80082.890625, 0.207940740741
GLY, 6, 26.261, 0.814622, -80323.742188, 0.230159259259
HIS, 6, 29.205, 0.841547, -80097.187500, 0.336788888889
ILE, 4, 25.831, 0.822852, -79785.804688, 0.278788888889
LEU, 2, 28.081, 0.86466, -80075.093750, 0.349325925926
LYS, 6, 29.080, 0.842431, -80225.750000, 0.242707407407
MET, 7, 24.694, 0.826151, -80175.507812, 0.221622222222
PHE, 2, 26.228, 0.828586, -79739.453125, 0.339081481481
PRO, 2, 26.000, 0.819301, -80366.867188, 0.268974074074
SER, 4, 27.864, 0.83612, -80157.890625, 0.234703703704
THR, 4, 29.796, 0.933463, -80380.242188, 0.375159259259
TRP, 9, 30.047, 0.91886, -79481.023438, 0.314955555556
TYR, 7, 28.478, 0.836903, -79997.781250, 0.270355555556
VAL, 4, 27.410, 0.85721, -80067.000000, 0.221659259259
