AMINO ACID, DSSP, SASA, GYRATE, ENERGY, RMSF
ALA, 6, 28.870, 0.849964, -79882.234375, 0.251659259259
ARG, 9, 25.675, 0.817311, -80795.289062, 0.298462962963
ASN, 12, 26.327, 0.82043, -80517.945312, 0.210481481481
ASP, 10, 24.919, 0.817864, -80401.281250, 0.207903703704
CYS, 10, 25.515, 0.814451, -80628.187500, 0.307162962963
GLN, 6, 27.537, 0.897536, -79917.929688, 0.290562962963
GLU, 4, 27.432, 0.83678, -80393.640625, 0.207940740741
GLY, 6, 26.705, 0.836496, -80459.640625, 0.230159259259
HIS, 6, 27.289, 0.836718, -80166.390625, 0.336788888889
ILE, 4, 24.823, 0.813063, -79940.953125, 0.278788888889
LEU, 2, 27.569, 0.874391, -80504.250000, 0.349325925926
LYS, 7, 28.323, 0.846166, -80655.304688, 0.242707407407
MET, 9, 25.667, 0.835239, -80043.882812, 0.221622222222
PHE, 7, 24.820, 0.821791, -80149.210938, 0.339081481481
PRO, 4, 26.346, 0.820998, -81065.781250, 0.268974074074
SER, 6, 28.123, 0.841119, -80487.406250, 0.234703703704
THR, 6, 29.768, 0.933673, -79837.234375, 0.375159259259
TRP, 5, 30.644, 0.924414, -79453.570312, 0.314955555556
TYR, 2, 28.415, 0.835384, -79167.890625, 0.270355555556
VAL, 2, 26.697, 0.854242, -80373.523438, 0.221659259259
