AMINO ACID, DSSP, SASA, GYRATE, ENERGY, RMSF
ALA, 6, 27.332, 0.838041, -80288.375000, 0.251659259259
ARG, 7, 26.283, 0.823751, -80379.171875, 0.298462962963
ASN, 11, 25.712, 0.813797, -80485.109375, 0.210481481481
ASP, 8, 24.718, 0.809742, -79878.562500, 0.207903703704
CYS, 8, 26.000, 0.818093, -80554.445312, 0.307162962963
GLN, 10, 28.088, 0.888943, -80172.343750, 0.290562962963
GLU, 2, 26.062, 0.814468, -80102.164062, 0.207940740741
GLY, 5, 24.752, 0.826538, -80978.703125, 0.230159259259
HIS, 13, 27.630, 0.834202, -79803.734375, 0.336788888889
ILE, 9, 25.321, 0.807785, -80733.296875, 0.278788888889
LEU, 2, 28.093, 0.879193, -80951.726562, 0.349325925926
LYS, 8, 27.883, 0.837259, -81251.937500, 0.242707407407
MET, 10, 25.580, 0.823605, -80496.734375, 0.221622222222
PHE, 4, 24.821, 0.810691, -79793.468750, 0.339081481481
PRO, 5, 25.059, 0.809171, -80069.218750, 0.268974074074
SER, 8, 27.278, 0.826353, -79731.375000, 0.234703703704
THR, 6, 28.765, 0.935066, -79731.203125, 0.375159259259
TRP, 5, 30.018, 0.910959, -79806.632812, 0.314955555556
TYR, 4, 27.530, 0.825013, -80496.078125, 0.270355555556
VAL, 2, 28.582, 0.871355, -80685.398438, 0.221659259259
