AMINO ACID, DSSP, SASA, GYRATE, ENERGY, RMSF
ALA, 6, 28.236, 0.836085, -80455.023438, 0.251659259259
ARG, 9, 27.003, 0.829685, -80177.562500, 0.298462962963
ASN, 13, 26.165, 0.82235, -80216.093750, 0.210481481481
ASP, 10, 24.154, 0.806508, -81041.539062, 0.207903703704
CYS, 8, 25.580, 0.802927, -79710.460938, 0.307162962963
GLN, 12, 28.096, 0.886557, -79922.953125, 0.290562962963
GLU, 2, 25.469, 0.824546, -80881.687500, 0.207940740741
GLY, 6, 26.169, 0.840584, -80309.945312, 0.230159259259
HIS, 8, 27.243, 0.843378, -80053.382812, 0.336788888889
ILE, 9, 26.094, 0.814675, -79839.828125, 0.278788888889
LEU, 2, 27.759, 0.866724, -79403.843750, 0.349325925926
LYS, 6, 29.434, 0.860012, -80144.406250, 0.242707407407
MET, 7, 25.620, 0.835541, -80852.593750, 0.221622222222
PHE, 6, 24.484, 0.818182, -80097.921875, 0.339081481481
PRO, 2, 26.315, 0.815796, -80273.812500, 0.268974074074
SER, 4, 27.405, 0.836206, -80834.562500, 0.234703703704
THR, 4, 27.535, 0.91025, -79658.937500, 0.375159259259
TRP, 10, 30.420, 0.906396, -81316.968750, 0.314955555556
TYR, 4, 27.647, 0.826753, -79478.671875, 0.270355555556
VAL, 4, 27.995, 0.862138, -80097.109375, 0.221659259259
