AMINO ACID, DSSP, SASA, GYRATE, ENERGY, RMSF
ALA, 4, 29.250, 0.864961, -80402.828125, 0.251659259259
ARG, 7, 27.423, 0.833922, -80694.585938, 0.298462962963
ASN, 12, 25.952, 0.811029, -80605.585938, 0.210481481481
ASP, 8, 25.416, 0.824889, -80294.046875, 0.207903703704
CYS, 8, 26.672, 0.80985, -79861.859375, 0.307162962963
GLN, 10, 27.561, 0.89996, -80028.507812, 0.290562962963
GLU, 4, 26.080, 0.824604, -80041.078125, 0.207940740741
GLY, 6, 25.413, 0.816058, -80589.328125, 0.230159259259
HIS, 8, 28.137, 0.838756, -80577.343750, 0.336788888889
ILE, 7, 26.104, 0.824649, -80522.187500, 0.278788888889
LEU, 0, 27.923, 0.880756, -79856.695312, 0.349325925926
LYS, 2, 31.633, 0.858799, -81263.562500, 0.242707407407
MET, 10, 26.363, 0.823797, -79874.171875, 0.221622222222
PHE, 4, 24.701, 0.818706, -79485.593750, 0.339081481481
PRO, 2, 26.691, 0.825335, -79752.562500, 0.268974074074
SER, 4, 27.803, 0.840227, -80602.312500, 0.234703703704
THR, 2, 28.473, 0.916473, -80334.406250, 0.375159259259
TRP, 5, 31.104, 0.951787, -80110.117188, 0.314955555556
TYR, 6, 28.464, 0.834251, -80607.414062, 0.270355555556
VAL, 4, 27.325, 0.854707, -79626.601562, 0.221659259259
