AMINO ACID, DSSP, SASA, GYRATE, ENERGY, RMSF
ALA, 4, 28.922, 0.856943, -80049.890625, 0.251659259259
ARG, 9, 26.214, 0.830427, -81287.476562, 0.298462962963
ASN, 13, 26.747, 0.820604, -80864.390625, 0.210481481481
ASP, 10, 25.769, 0.825283, -80525.968750, 0.207903703704
CYS, 7, 25.084, 0.796892, -80275.148438, 0.307162962963
GLN, 8, 28.261, 0.881265, -80316.445312, 0.290562962963
GLU, 2, 25.388, 0.811318, -80360.632812, 0.207940740741
GLY, 5, 25.974, 0.808573, -80485.906250, 0.230159259259
HIS, 4, 29.079, 0.848577, -79559.460938, 0.336788888889
ILE, 5, 26.955, 0.80669, -80039.820312, 0.278788888889
LEU, 2, 27.607, 0.872627, -80415.507812, 0.349325925926
LYS, 8, 30.310, 0.857468, -80574.390625, 0.242707407407
MET, 10, 25.435, 0.82211, -79568.156250, 0.221622222222
PHE, 4, 24.412, 0.822747, -79944.492188, 0.339081481481
PRO, 4, 24.099, 0.799517, -79547.054688, 0.268974074074
SER, 6, 26.956, 0.842259, -80446.937500, 0.234703703704
THR, 6, 29.026, 0.920542, -79372.843750, 0.375159259259
TRP, 5, 31.547, 0.957214, -78900.093750, 0.314955555556
TYR, 4, 27.507, 0.832703, -80719.148438, 0.270355555556
VAL, 2, 27.606, 0.864905, -80032.476562, 0.221659259259
