AMINO ACID, DSSP, SASA, GYRATE, ENERGY, RMSF
ALA, 2, 29.443, 0.859707, -79545.593750, 0.251659259259
ARG, 7, 27.073, 0.824311, -80577.343750, 0.298462962963
ASN, 12, 27.553, 0.840338, -80162.031250, 0.210481481481
ASP, 10, 24.565, 0.807757, -79249.046875, 0.207903703704
CYS, 8, 24.984, 0.797754, -79937.328125, 0.307162962963
GLN, 8, 28.375, 0.887029, -80414.804688, 0.290562962963
GLU, 2, 25.286, 0.813735, -80510.093750, 0.207940740741
GLY, 5, 27.488, 0.811229, -79875.500000, 0.230159259259
HIS, 6, 29.047, 0.845339, -80914.984375, 0.336788888889
ILE, 9, 25.235, 0.804705, -80467.203125, 0.278788888889
LEU, 0, 26.461, 0.861087, -79405.265625, 0.349325925926
LYS, 8, 30.652, 0.866077, -80394.250000, 0.242707407407
MET, 10, 27.112, 0.855925, -79760.265625, 0.221622222222
PHE, 2, 25.381, 0.814841, -79510.726562, 0.339081481481
PRO, 8, 25.011, 0.821551, -80894.562500, 0.268974074074
SER, 6, 27.783, 0.8447, -80352.234375, 0.234703703704
THR, 0, 28.293, 0.911388, -80401.750000, 0.375159259259
TRP, 8, 28.667, 0.868986, -80225.351562, 0.314955555556
TYR, 6, 28.909, 0.833369, -79841.242188, 0.270355555556
VAL, 2, 27.391, 0.861077, -81105.015625, 0.221659259259
