AMINO ACID, DSSP, SASA, GYRATE, ENERGY, RMSF
ALA, 6, 26.769, 0.855672, -81070.679688, 0.251659259259
ARG, 4, 28.538, 0.855704, -81410.828125, 0.298462962963
ASN, 7, 27.463, 0.834094, -79718.742188, 0.210481481481
ASP, 7, 27.087, 0.829655, -80017.898438, 0.207903703704
CYS, 4, 29.517, 0.8979, -79740.937500, 0.307162962963
GLN, 6, 26.948, 0.819368, -80113.742188, 0.290562962963
GLU, 4, 28.469, 0.841342, -79825.070312, 0.207940740741
GLY, 6, 25.506, 0.839292, -79574.632812, 0.230159259259
HIS, 8, 27.301, 0.858806, -80210.148438, 0.336788888889
ILE, 8, 29.868, 0.851271, -78901.390625, 0.278788888889
LEU, 10, 27.719, 0.826665, -80203.007812, 0.349325925926
LYS, 9, 27.322, 0.830578, -80098.820312, 0.242707407407
MET, 7, 26.242, 0.828073, -80528.695312, 0.221622222222
PHE, 12, 26.436, 0.815679, -80173.156250, 0.339081481481
PRO, 8, 25.693, 0.832413, -79778.289062, 0.268974074074
SER, 10, 24.373, 0.80647, -80687.414062, 0.234703703704
THR, 6, 26.908, 0.847338, -80093.476562, 0.375159259259
TRP, 4, 27.329, 0.835158, -80596.890625, 0.314955555556
TYR, 13, 28.578, 0.862355, -80140.296875, 0.270355555556
VAL, 8, 25.129, 0.803425, -79994.500000, 0.221659259259
