AMINO ACID, DSSP, SASA, GYRATE, ENERGY, RMSF
ALA, 4, 28.581, 0.862031, -81290.843750, 0.251659259259
ARG, 7, 27.608, 0.835793, -81252.804688, 0.298462962963
ASN, 12, 25.020, 0.803204, -80934.187500, 0.210481481481
ASP, 10, 24.599, 0.817817, -80588.070312, 0.207903703704
CYS, 8, 25.063, 0.815012, -79535.546875, 0.307162962963
GLN, 8, 27.879, 0.878418, -80129.882812, 0.290562962963
GLU, 2, 25.521, 0.808069, -80514.070312, 0.207940740741
GLY, 5, 25.026, 0.820405, -80291.921875, 0.230159259259
HIS, 6, 28.366, 0.845102, -80232.359375, 0.336788888889
ILE, 9, 25.460, 0.805688, -80597.843750, 0.278788888889
LEU, 0, 27.324, 0.868838, -79734.875000, 0.349325925926
LYS, 12, 28.650, 0.859126, -80177.953125, 0.242707407407
MET, 8, 27.403, 0.847212, -79567.765625, 0.221622222222
PHE, 5, 24.198, 0.801634, -80507.359375, 0.339081481481
PRO, 2, 26.268, 0.828868, -79668.226562, 0.268974074074
SER, 6, 26.105, 0.839256, -81249.546875, 0.234703703704
THR, 4, 27.654, 0.901874, -79396.703125, 0.375159259259
TRP, 5, 28.369, 0.858087, -80588.265625, 0.314955555556
TYR, 6, 27.912, 0.819161, -80569.437500, 0.270355555556
VAL, 4, 28.168, 0.859188, -80396.765625, 0.221659259259
