AMINO ACID, DSSP, SASA, GYRATE, ENERGY, RMSF
ALA, 4, 28.792, 0.853877, -80161.007812, 0.251659259259
ARG, 7, 26.483, 0.824615, -80125.976562, 0.298462962963
ASN, 13, 26.132, 0.808571, -79837.234375, 0.210481481481
ASP, 10, 26.143, 0.816064, -80655.140625, 0.207903703704
CYS, 12, 25.877, 0.818051, -81095.328125, 0.307162962963
GLN, 10, 29.219, 0.880529, -79947.359375, 0.290562962963
GLU, 4, 25.122, 0.807059, -80065.414062, 0.207940740741
GLY, 2, 25.712, 0.810886, -80303.937500, 0.230159259259
HIS, 6, 28.050, 0.84155, -81024.843750, 0.336788888889
ILE, 9, 24.599, 0.80343, -80230.546875, 0.278788888889
LEU, 2, 27.876, 0.875359, -80549.312500, 0.349325925926
LYS, 7, 28.826, 0.851022, -80455.914062, 0.242707407407
MET, 10, 26.587, 0.820151, -80345.007812, 0.221622222222
PHE, 2, 26.276, 0.818356, -80216.742188, 0.339081481481
PRO, 2, 25.628, 0.811754, -79920.976562, 0.268974074074
SER, 6, 28.517, 0.842654, -79563.734375, 0.234703703704
THR, 2, 27.361, 0.909934, -80511.546875, 0.375159259259
TRP, 8, 28.980, 0.875484, -79464.203125, 0.314955555556
TYR, 2, 26.026, 0.806537, -81240.656250, 0.270355555556
VAL, 2, 28.377, 0.86073, -80077.593750, 0.221659259259
