AMINO ACID, DSSP, SASA, GYRATE, ENERGY, RMSF
ALA, 6, 27.502, 0.849926, -80353.671875, 0.251659259259
ARG, 7, 26.505, 0.824339, -81524.968750, 0.298462962963
ASN, 15, 25.002, 0.812603, -80535.781250, 0.210481481481
ASP, 12, 26.975, 0.806427, -79601.257812, 0.207903703704
CYS, 10, 25.803, 0.827082, -80870.046875, 0.307162962963
GLN, 8, 27.187, 0.8763, -80489.000000, 0.290562962963
GLU, 2, 26.506, 0.823991, -80106.812500, 0.207940740741
GLY, 5, 25.390, 0.822229, -79917.812500, 0.230159259259
HIS, 8, 29.767, 0.856148, -80649.515625, 0.336788888889
ILE, 9, 23.904, 0.793932, -79814.742188, 0.278788888889
LEU, 0, 27.796, 0.878247, -79482.632812, 0.349325925926
LYS, 4, 29.183, 0.854463, -80898.234375, 0.242707407407
MET, 10, 25.606, 0.828625, -80285.257812, 0.221622222222
PHE, 4, 25.310, 0.81349, -80301.343750, 0.339081481481
PRO, 2, 25.735, 0.807983, -79226.312500, 0.268974074074
SER, 7, 28.224, 0.846654, -80083.101562, 0.234703703704
THR, 4, 27.425, 0.897452, -79790.656250, 0.375159259259
TRP, 8, 28.335, 0.864955, -80571.195312, 0.314955555556
TYR, 6, 26.222, 0.796919, -79849.421875, 0.270355555556
VAL, 2, 27.185, 0.857684, -80404.023438, 0.221659259259
