AMINO ACID, DSSP, SASA, GYRATE, ENERGY, RMSF
ALA, 4, 28.360, 0.847113, -79447.015625, 0.251659259259
ARG, 9, 25.235, 0.817117, -79816.132812, 0.298462962963
ASN, 12, 25.195, 0.809335, -79723.359375, 0.210481481481
ASP, 10, 25.700, 0.815688, -79392.703125, 0.207903703704
CYS, 10, 25.855, 0.809623, -80309.242188, 0.307162962963
GLN, 12, 28.815, 0.867668, -80512.960938, 0.290562962963
GLU, 2, 25.889, 0.811772, -79839.250000, 0.207940740741
GLY, 5, 25.654, 0.834521, -80631.898438, 0.230159259259
HIS, 8, 27.343, 0.836909, -80303.234375, 0.336788888889
ILE, 7, 25.915, 0.806449, -80110.234375, 0.278788888889
LEU, 2, 27.597, 0.869482, -79751.773438, 0.349325925926
LYS, 8, 28.659, 0.842022, -81005.234375, 0.242707407407
MET, 10, 26.413, 0.842669, -80655.156250, 0.221622222222
PHE, 6, 26.827, 0.831, -80226.804688, 0.339081481481
PRO, 6, 25.835, 0.822418, -80032.234375, 0.268974074074
SER, 7, 27.055, 0.840939, -80194.140625, 0.234703703704
THR, 4, 26.730, 0.909504, -80849.101562, 0.375159259259
TRP, 5, 28.323, 0.862734, -80253.468750, 0.314955555556
TYR, 4, 25.916, 0.813385, -80101.164062, 0.270355555556
VAL, 2, 26.854, 0.856617, -80316.304688, 0.221659259259
