AMINO ACID, DSSP, SASA, GYRATE, ENERGY, RMSF
ALA, 6, 27.784, 0.832427, -80604.484375, 0.251659259259
ARG, 7, 25.192, 0.823091, -80693.265625, 0.298462962963
ASN, 12, 24.827, 0.810657, -81101.679688, 0.210481481481
ASP, 12, 25.546, 0.813689, -80914.039062, 0.207903703704
CYS, 9, 23.490, 0.788911, -80384.281250, 0.307162962963
GLN, 8, 27.934, 0.884509, -79938.156250, 0.290562962963
GLU, 2, 25.301, 0.819234, -80081.281250, 0.207940740741
GLY, 8, 26.041, 0.816361, -79817.664062, 0.230159259259
HIS, 6, 27.405, 0.84256, -80239.882812, 0.336788888889
ILE, 7, 24.936, 0.796032, -80194.320312, 0.278788888889
LEU, 0, 28.164, 0.863558, -81120.179688, 0.349325925926
LYS, 8, 26.739, 0.838084, -81137.742188, 0.242707407407
MET, 10, 27.087, 0.856233, -80614.968750, 0.221622222222
PHE, 5, 27.379, 0.829314, -80841.921875, 0.339081481481
PRO, 0, 25.405, 0.81784, -80276.773438, 0.268974074074
SER, 4, 26.056, 0.834939, -80690.734375, 0.234703703704
THR, 0, 27.363, 0.889812, -80156.343750, 0.375159259259
TRP, 8, 28.272, 0.875461, -79782.250000, 0.314955555556
TYR, 8, 27.336, 0.824116, -80115.437500, 0.270355555556
VAL, 2, 27.353, 0.874341, -79413.992188, 0.221659259259
