AMINO ACID, DSSP, SASA, GYRATE, ENERGY, RMSF
ALA, 6, 26.925, 0.824929, -79375.312500, 0.251659259259
ARG, 7, 26.843, 0.838741, -80952.875000, 0.298462962963
ASN, 12, 26.219, 0.822953, -80192.226562, 0.210481481481
ASP, 10, 25.671, 0.808815, -79974.171875, 0.207903703704
CYS, 8, 24.887, 0.797938, -80575.882812, 0.307162962963
GLN, 6, 28.268, 0.880501, -79609.375000, 0.290562962963
GLU, 2, 26.051, 0.815457, -81035.281250, 0.207940740741
GLY, 5, 26.001, 0.832618, -79723.593750, 0.230159259259
HIS, 6, 30.182, 0.851889, -80631.109375, 0.336788888889
ILE, 7, 24.917, 0.803408, -80332.390625, 0.278788888889
LEU, 4, 26.107, 0.844643, -80376.187500, 0.349325925926
LYS, 6, 29.283, 0.844312, -80945.140625, 0.242707407407
MET, 7, 26.607, 0.840931, -79929.054688, 0.221622222222
PHE, 2, 25.845, 0.827598, -81074.890625, 0.339081481481
PRO, 4, 26.483, 0.837349, -80075.648438, 0.268974074074
SER, 4, 27.294, 0.838933, -80789.093750, 0.234703703704
THR, 4, 26.017, 0.868531, -80830.757812, 0.375159259259
TRP, 5, 28.448, 0.862997, -79638.242188, 0.314955555556
TYR, 8, 25.844, 0.809874, -80049.867188, 0.270355555556
VAL, 4, 26.467, 0.870465, -80266.039062, 0.221659259259
