AMINO ACID, DSSP, SASA, GYRATE, ENERGY, RMSF
ALA, 8, 27.420, 0.811153, -80296.421875, 0.251659259259
ARG, 7, 26.297, 0.836055, -80879.796875, 0.298462962963
ASN, 6, 25.151, 0.831912, -80005.007812, 0.210481481481
ASP, 10, 26.521, 0.810926, -80375.101562, 0.207903703704
CYS, 7, 25.989, 0.79733, -79908.929688, 0.307162962963
GLN, 6, 27.674, 0.87583, -80735.203125, 0.290562962963
GLU, 2, 27.755, 0.822573, -78103.679688, 0.207940740741
GLY, 4, 25.482, 0.821143, -80368.984375, 0.230159259259
HIS, 6, 29.391, 0.850283, -80207.078125, 0.336788888889
ILE, 7, 24.476, 0.79751, -80299.570312, 0.278788888889
LEU, 2, 25.265, 0.856119, -79836.546875, 0.349325925926
LYS, 6, 27.629, 0.836357, -80361.421875, 0.242707407407
MET, 10, 25.898, 0.826542, -80901.609375, 0.221622222222
PHE, 9, 24.962, 0.827378, -79510.234375, 0.339081481481
PRO, 4, 28.094, 0.850079, -80323.578125, 0.268974074074
SER, 4, 27.463, 0.840021, -80446.546875, 0.234703703704
THR, 6, 24.576, 0.864458, -80574.554688, 0.375159259259
TRP, 7, 28.507, 0.858576, -79586.250000, 0.314955555556
TYR, 6, 26.471, 0.819948, -80387.210938, 0.270355555556
VAL, 6, 27.560, 0.88257, -79772.484375, 0.221659259259
