AMINO ACID, DSSP, SASA, GYRATE, ENERGY, RMSF
ALA, 8, 26.335, 0.824878, -80670.234375, 0.251659259259
ARG, 3, 26.048, 0.833057, -80569.054688, 0.298462962963
ASN, 8, 25.968, 0.827163, -80357.140625, 0.210481481481
ASP, 10, 25.195, 0.812688, -80889.609375, 0.207903703704
CYS, 10, 25.288, 0.804682, -79972.218750, 0.307162962963
GLN, 6, 28.311, 0.883016, -80367.585938, 0.290562962963
GLU, 4, 26.470, 0.830641, -79811.429688, 0.207940740741
GLY, 6, 26.176, 0.836448, -80982.265625, 0.230159259259
HIS, 8, 28.957, 0.846659, -80913.804688, 0.336788888889
ILE, 7, 25.893, 0.827914, -80171.406250, 0.278788888889
LEU, 4, 27.862, 0.868742, -80955.687500, 0.349325925926
LYS, 6, 28.425, 0.844208, -80785.429688, 0.242707407407
MET, 10, 25.417, 0.824295, -79735.164062, 0.221622222222
PHE, 5, 25.029, 0.8131, -79393.656250, 0.339081481481
PRO, 2, 27.678, 0.847951, -80405.031250, 0.268974074074
SER, 6, 26.403, 0.829553, -80634.890625, 0.234703703704
THR, 4, 28.202, 0.898879, -80402.703125, 0.375159259259
TRP, 7, 28.871, 0.857553, -79036.703125, 0.314955555556
TYR, 4, 26.332, 0.816375, -80221.632812, 0.270355555556
VAL, 2, 26.828, 0.85766, -80122.062500, 0.221659259259
