AMINO ACID, DSSP, SASA, GYRATE, ENERGY, RMSF
ALA, 8, 25.523, 0.808271, -80852.414062, 0.251659259259
ARG, 7, 26.567, 0.837568, -79759.859375, 0.298462962963
ASN, 12, 26.037, 0.818573, -80430.085938, 0.210481481481
ASP, 12, 24.948, 0.816655, -79729.898438, 0.207903703704
CYS, 12, 25.460, 0.806922, -80094.804688, 0.307162962963
GLN, 6, 28.236, 0.869112, -80225.625000, 0.290562962963
GLU, 2, 27.955, 0.835664, -80384.648438, 0.207940740741
GLY, 8, 25.031, 0.824216, -80190.742188, 0.230159259259
HIS, 10, 27.358, 0.842562, -80353.023438, 0.336788888889
ILE, 9, 25.357, 0.811509, -80422.093750, 0.278788888889
LEU, 0, 27.916, 0.853212, -79323.937500, 0.349325925926
LYS, 10, 28.218, 0.835221, -80262.656250, 0.242707407407
MET, 10, 26.382, 0.82628, -79582.562500, 0.221622222222
PHE, 4, 26.246, 0.821337, -79828.406250, 0.339081481481
PRO, 9, 29.289, 0.863168, -79584.718750, 0.268974074074
SER, 4, 26.708, 0.837113, -80747.250000, 0.234703703704
THR, 0, 26.710, 0.873453, -80906.250000, 0.375159259259
TRP, 7, 27.895, 0.85436, -80531.117188, 0.314955555556
TYR, 6, 27.157, 0.825788, -80149.406250, 0.270355555556
VAL, 2, 25.851, 0.848045, -80273.601562, 0.221659259259
