AMINO ACID, DSSP, SASA, GYRATE, ENERGY, RMSF
ALA, 6, 26.838, 0.826917, -81077.250000, 0.251659259259
ARG, 7, 26.705, 0.840786, -80688.351562, 0.298462962963
ASN, 12, 25.255, 0.809045, -80700.093750, 0.210481481481
ASP, 10, 23.429, 0.80565, -79530.140625, 0.207903703704
CYS, 10, 27.007, 0.813829, -80312.914062, 0.307162962963
GLN, 6, 29.104, 0.876886, -79960.789062, 0.290562962963
GLU, 4, 27.856, 0.830745, -80590.906250, 0.207940740741
GLY, 7, 25.843, 0.823078, -80640.796875, 0.230159259259
HIS, 8, 27.525, 0.844941, -80709.617188, 0.336788888889
ILE, 9, 25.398, 0.80905, -80552.937500, 0.278788888889
LEU, 0, 26.946, 0.854095, -80104.312500, 0.349325925926
LYS, 8, 28.998, 0.839131, -80660.695312, 0.242707407407
MET, 10, 26.340, 0.824111, -79928.039062, 0.221622222222
PHE, 7, 24.247, 0.815603, -80753.703125, 0.339081481481
PRO, 0, 28.537, 0.868344, -79752.890625, 0.268974074074
SER, 4, 27.353, 0.835443, -80515.828125, 0.234703703704
THR, 2, 25.997, 0.87077, -81103.968750, 0.375159259259
TRP, 7, 28.434, 0.858724, -80741.437500, 0.314955555556
TYR, 4, 25.577, 0.815427, -80210.468750, 0.270355555556
VAL, 2, 26.717, 0.856734, -80259.265625, 0.221659259259
