AMINO ACID, DSSP, SASA, GYRATE, ENERGY, RMSF
ALA, 4, 24.776, 0.802127, -79708.656250, 0.251659259259
ARG, 7, 27.731, 0.8445, -81013.445312, 0.298462962963
ASN, 13, 25.628, 0.822525, -80404.335938, 0.210481481481
ASP, 10, 24.331, 0.800899, -80791.078125, 0.207903703704
CYS, 10, 25.276, 0.80085, -80596.054688, 0.307162962963
GLN, 10, 29.157, 0.871041, -80809.375000, 0.290562962963
GLU, 2, 27.467, 0.843451, -80236.859375, 0.207940740741
GLY, 5, 25.515, 0.823733, -80588.648438, 0.230159259259
HIS, 8, 27.624, 0.828486, -80045.945312, 0.336788888889
ILE, 7, 27.338, 0.819905, -80364.070312, 0.278788888889
LEU, 0, 26.911, 0.851315, -81208.765625, 0.349325925926
LYS, 12, 28.203, 0.835841, -81666.484375, 0.242707407407
MET, 10, 26.275, 0.831688, -81177.203125, 0.221622222222
PHE, 2, 25.970, 0.813958, -80105.468750, 0.339081481481
PRO, 4, 27.452, 0.846338, -79222.992188, 0.268974074074
SER, 8, 27.041, 0.830319, -80473.101562, 0.234703703704
THR, 4, 26.824, 0.878622, -80125.734375, 0.375159259259
TRP, 8, 27.819, 0.867519, -80031.218750, 0.314955555556
TYR, 9, 25.937, 0.812102, -79818.187500, 0.270355555556
VAL, 2, 25.669, 0.848054, -79883.296875, 0.221659259259
