AMINO ACID, DSSP, SASA, GYRATE, ENERGY, RMSF
ALA, 6, 25.403, 0.804757, -80022.343750, 0.251659259259
ARG, 7, 26.483, 0.820326, -80777.359375, 0.298462962963
ASN, 6, 26.385, 0.832929, -79483.289062, 0.210481481481
ASP, 10, 25.268, 0.815247, -79587.054688, 0.207903703704
CYS, 8, 24.260, 0.806412, -81014.851562, 0.307162962963
GLN, 10, 26.553, 0.854358, -79907.484375, 0.290562962963
GLU, 2, 26.424, 0.82838, -80628.468750, 0.207940740741
GLY, 8, 25.356, 0.807121, -80623.671875, 0.230159259259
HIS, 6, 28.207, 0.849254, -80108.476562, 0.336788888889
ILE, 9, 25.493, 0.814932, -80163.093750, 0.278788888889
LEU, 0, 28.313, 0.876069, -79999.703125, 0.349325925926
LYS, 10, 28.928, 0.854733, -81614.468750, 0.242707407407
MET, 10, 27.006, 0.836784, -81221.968750, 0.221622222222
PHE, 2, 23.806, 0.823558, -79602.570312, 0.339081481481
PRO, 2, 28.026, 0.859238, -79567.734375, 0.268974074074
SER, 6, 27.304, 0.835097, -79514.585938, 0.234703703704
THR, 9, 26.229, 0.856335, -80092.601562, 0.375159259259
TRP, 2, 26.707, 0.848584, -79218.828125, 0.314955555556
TYR, 8, 26.892, 0.83298, -79987.015625, 0.270355555556
VAL, 2, 28.121, 0.884949, -78812.484375, 0.221659259259
