AMINO ACID, DSSP, SASA, GYRATE, ENERGY, RMSF
ALA, 6, 27.829, 0.858081, -80111.062500, 0.251659259259
ARG, 6, 27.445, 0.849146, -80597.695312, 0.298462962963
ASN, 8, 27.594, 0.838012, -80463.320312, 0.210481481481
ASP, 9, 27.837, 0.83589, -80683.156250, 0.207903703704
CYS, 8, 30.495, 0.882806, -80404.320312, 0.307162962963
GLN, 4, 27.232, 0.828427, -79921.906250, 0.290562962963
GLU, 4, 27.716, 0.835889, -79839.140625, 0.207940740741
GLY, 10, 25.399, 0.832954, -79934.359375, 0.230159259259
HIS, 12, 26.466, 0.850607, -79813.835938, 0.336788888889
ILE, 8, 28.615, 0.84386, -79972.679688, 0.278788888889
LEU, 6, 26.141, 0.817888, -80018.750000, 0.349325925926
LYS, 7, 28.583, 0.843209, -81130.531250, 0.242707407407
MET, 5, 26.550, 0.812088, -81117.539062, 0.221622222222
PHE, 8, 24.758, 0.804162, -79981.671875, 0.339081481481
PRO, 8, 25.122, 0.832075, -80041.359375, 0.268974074074
SER, 8, 25.184, 0.808663, -79611.546875, 0.234703703704
THR, 8, 27.991, 0.841376, -80249.664062, 0.375159259259
TRP, 4, 27.159, 0.823745, -79955.093750, 0.314955555556
TYR, 7, 29.588, 0.876085, -79704.234375, 0.270355555556
VAL, 8, 25.075, 0.80749, -80505.937500, 0.221659259259
