AMINO ACID, DSSP, SASA, GYRATE, ENERGY, RMSF
ALA, 4, 26.036, 0.803955, -79906.515625, 0.251659259259
ARG, 7, 27.153, 0.826372, -80948.156250, 0.298462962963
ASN, 6, 29.585, 0.872321, -81144.445312, 0.210481481481
ASP, 10, 26.085, 0.822925, -80245.796875, 0.207903703704
CYS, 9, 25.915, 0.80583, -80036.484375, 0.307162962963
GLN, 10, 26.138, 0.854843, -80358.343750, 0.290562962963
GLU, 2, 25.306, 0.819193, -80222.953125, 0.207940740741
GLY, 7, 26.101, 0.813723, -80240.718750, 0.230159259259
HIS, 8, 26.012, 0.825517, -79110.273438, 0.336788888889
ILE, 9, 24.649, 0.806399, -80501.531250, 0.278788888889
LEU, 2, 27.146, 0.866873, -79927.554688, 0.349325925926
LYS, 8, 28.021, 0.825073, -80870.476562, 0.242707407407
MET, 8, 28.096, 0.849407, -79651.507812, 0.221622222222
PHE, 0, 24.592, 0.806519, -79524.703125, 0.339081481481
PRO, 2, 26.925, 0.853956, -79735.359375, 0.268974074074
SER, 4, 27.708, 0.855874, -80680.117188, 0.234703703704
THR, 4, 28.576, 0.867557, -80574.406250, 0.375159259259
TRP, 6, 27.219, 0.840773, -80692.843750, 0.314955555556
TYR, 6, 26.515, 0.82848, -80888.460938, 0.270355555556
VAL, 2, 28.369, 0.862902, -79044.218750, 0.221659259259
