AMINO ACID, DSSP, SASA, GYRATE, ENERGY, RMSF
ALA, 6, 24.853, 0.799096, -81015.367188, 0.251659259259
ARG, 7, 27.684, 0.840921, -81034.968750, 0.298462962963
ASN, 8, 27.253, 0.837037, -80498.960938, 0.210481481481
ASP, 10, 25.394, 0.820085, -80056.632812, 0.207903703704
CYS, 9, 24.420, 0.798426, -80242.445312, 0.307162962963
GLN, 12, 28.020, 0.87049, -79711.953125, 0.290562962963
GLU, 2, 27.097, 0.814997, -81080.187500, 0.207940740741
GLY, 7, 24.807, 0.813542, -79701.406250, 0.230159259259
HIS, 8, 28.108, 0.830336, -81367.718750, 0.336788888889
ILE, 7, 24.647, 0.807868, -80493.125000, 0.278788888889
LEU, 2, 26.474, 0.874072, -80532.625000, 0.349325925926
LYS, 6, 28.090, 0.829844, -81187.601562, 0.242707407407
MET, 5, 27.889, 0.835631, -79806.828125, 0.221622222222
PHE, 4, 25.229, 0.810857, -80376.523438, 0.339081481481
PRO, 9, 28.599, 0.848245, -79722.882812, 0.268974074074
SER, 8, 26.581, 0.832317, -79838.203125, 0.234703703704
THR, 10, 27.233, 0.881226, -79842.757812, 0.375159259259
TRP, 4, 28.279, 0.859727, -79600.585938, 0.314955555556
TYR, 7, 27.049, 0.837968, -80475.578125, 0.270355555556
VAL, 2, 28.867, 0.882263, -81363.906250, 0.221659259259
