AMINO ACID, DSSP, SASA, GYRATE, ENERGY, RMSF
ALA, 8, 28.475, 0.847487, -80295.375000, 0.251659259259
ARG, 6, 27.703, 0.848793, -81037.921875, 0.298462962963
ASN, 8, 28.466, 0.837558, -81022.757812, 0.210481481481
ASP, 7, 26.560, 0.823359, -80318.359375, 0.207903703704
CYS, 8, 29.385, 0.882135, -80104.601562, 0.307162962963
GLN, 6, 26.488, 0.822253, -80173.617188, 0.290562962963
GLU, 4, 27.259, 0.833971, -80242.507812, 0.207940740741
GLY, 9, 25.759, 0.832325, -80856.515625, 0.230159259259
HIS, 12, 26.347, 0.837174, -80677.765625, 0.336788888889
ILE, 9, 28.031, 0.841468, -79764.007812, 0.278788888889
LEU, 6, 26.629, 0.823567, -79763.585938, 0.349325925926
LYS, 9, 27.184, 0.835392, -80403.828125, 0.242707407407
MET, 7, 25.141, 0.802879, -79971.375000, 0.221622222222
PHE, 9, 25.504, 0.808309, -80475.507812, 0.339081481481
PRO, 6, 25.439, 0.823937, -79894.312500, 0.268974074074
SER, 8, 25.498, 0.802388, -80341.429688, 0.234703703704
THR, 9, 28.262, 0.84739, -79954.843750, 0.375159259259
TRP, 6, 26.655, 0.82166, -80232.187500, 0.314955555556
TYR, 10, 29.036, 0.879082, -80160.132812, 0.270355555556
VAL, 12, 24.684, 0.811154, -80040.210938, 0.221659259259
