AMINO ACID, DSSP, SASA, GYRATE, ENERGY, RMSF
ALA, 4, 24.565, 0.792509, -80317.921875, 0.251659259259
ARG, 7, 27.339, 0.842672, -81255.140625, 0.298462962963
ASN, 10, 28.033, 0.851762, -80350.765625, 0.210481481481
ASP, 12, 25.809, 0.804665, -80381.460938, 0.207903703704
CYS, 10, 25.054, 0.799795, -81055.687500, 0.307162962963
GLN, 14, 26.757, 0.872688, -80321.570312, 0.290562962963
GLU, 2, 28.285, 0.840732, -80687.343750, 0.207940740741
GLY, 7, 25.559, 0.816134, -81275.351562, 0.230159259259
HIS, 10, 27.663, 0.839732, -79943.554688, 0.336788888889
ILE, 9, 26.241, 0.825044, -79701.093750, 0.278788888889
LEU, 2, 26.181, 0.871503, -79870.523438, 0.349325925926
LYS, 8, 27.545, 0.831567, -80865.968750, 0.242707407407
MET, 10, 26.842, 0.827841, -81054.968750, 0.221622222222
PHE, 6, 24.710, 0.823367, -80645.906250, 0.339081481481
PRO, 7, 28.100, 0.863056, -79747.429688, 0.268974074074
SER, 9, 26.669, 0.830568, -80554.953125, 0.234703703704
THR, 4, 25.854, 0.884475, -79167.820312, 0.375159259259
TRP, 9, 29.532, 0.861682, -79133.093750, 0.314955555556
TYR, 7, 27.191, 0.825899, -80377.039062, 0.270355555556
VAL, 0, 27.490, 0.854781, -80364.421875, 0.221659259259
