AMINO ACID, DSSP, SASA, GYRATE, ENERGY, RMSF
ALA, 4, 24.211, 0.794626, -80056.421875, 0.251659259259
ARG, 7, 26.977, 0.846497, -81244.781250, 0.298462962963
ASN, 6, 27.544, 0.848503, -79325.187500, 0.210481481481
ASP, 10, 25.341, 0.829603, -79218.421875, 0.207903703704
CYS, 9, 26.056, 0.805858, -80730.515625, 0.307162962963
GLN, 10, 26.829, 0.860226, -80385.539062, 0.290562962963
GLU, 4, 27.071, 0.825951, -79808.210938, 0.207940740741
GLY, 5, 27.010, 0.824078, -80916.953125, 0.230159259259
HIS, 10, 28.240, 0.836128, -80378.703125, 0.336788888889
ILE, 7, 26.566, 0.815114, -81080.187500, 0.278788888889
LEU, 4, 26.309, 0.870245, -80198.453125, 0.349325925926
LYS, 8, 27.714, 0.840563, -80600.296875, 0.242707407407
MET, 8, 27.926, 0.840819, -80598.578125, 0.221622222222
PHE, 4, 25.759, 0.819723, -79653.703125, 0.339081481481
PRO, 0, 28.116, 0.868519, -80336.765625, 0.268974074074
SER, 6, 27.166, 0.827654, -80489.281250, 0.234703703704
THR, 13, 27.024, 0.887125, -80661.546875, 0.375159259259
TRP, 5, 29.153, 0.857122, -79780.242188, 0.314955555556
TYR, 7, 27.092, 0.822551, -80550.109375, 0.270355555556
VAL, 2, 27.660, 0.85242, -80605.515625, 0.221659259259
