AMINO ACID, DSSP, SASA, GYRATE, ENERGY, RMSF
ALA, 4, 24.843, 0.806229, -79883.640625, 0.251659259259
ARG, 7, 27.488, 0.847575, -80022.585938, 0.298462962963
ASN, 8, 29.415, 0.853633, -79721.945312, 0.210481481481
ASP, 8, 27.137, 0.825969, -80198.953125, 0.207903703704
CYS, 14, 25.233, 0.793055, -80845.054688, 0.307162962963
GLN, 6, 27.906, 0.881872, -81367.515625, 0.290562962963
GLU, 2, 25.799, 0.815589, -80713.976562, 0.207940740741
GLY, 7, 26.537, 0.818835, -79952.140625, 0.230159259259
HIS, 8, 26.575, 0.839168, -79974.007812, 0.336788888889
ILE, 9, 26.568, 0.816609, -80988.265625, 0.278788888889
LEU, 2, 25.637, 0.853151, -79748.484375, 0.349325925926
LYS, 10, 26.125, 0.821208, -80056.359375, 0.242707407407
MET, 8, 26.186, 0.843439, -80190.367188, 0.221622222222
PHE, 4, 25.743, 0.824778, -80044.335938, 0.339081481481
PRO, 2, 27.678, 0.841759, -80843.031250, 0.268974074074
SER, 6, 26.929, 0.822424, -79675.757812, 0.234703703704
THR, 10, 26.377, 0.877906, -79813.507812, 0.375159259259
TRP, 2, 29.983, 0.878601, -79722.203125, 0.314955555556
TYR, 7, 25.338, 0.810269, -79683.843750, 0.270355555556
VAL, 2, 28.382, 0.862817, -80430.945312, 0.221659259259
