AMINO ACID, DSSP, SASA, GYRATE, ENERGY, RMSF
ALA, 4, 24.690, 0.801603, -79589.710938, 0.251659259259
ARG, 7, 27.953, 0.843526, -79881.734375, 0.298462962963
ASN, 6, 28.199, 0.856108, -80520.734375, 0.210481481481
ASP, 10, 25.983, 0.820562, -80267.687500, 0.207903703704
CYS, 10, 25.000, 0.800401, -79697.757812, 0.307162962963
GLN, 6, 27.130, 0.878338, -80763.726562, 0.290562962963
GLU, 2, 26.278, 0.809647, -79116.078125, 0.207940740741
GLY, 5, 26.090, 0.824259, -80255.828125, 0.230159259259
HIS, 11, 28.007, 0.840949, -80528.828125, 0.336788888889
ILE, 9, 25.613, 0.821409, -79234.828125, 0.278788888889
LEU, 5, 26.565, 0.876046, -81423.398438, 0.349325925926
LYS, 8, 26.502, 0.827505, -80853.046875, 0.242707407407
MET, 8, 27.332, 0.838042, -79231.312500, 0.221622222222
PHE, 6, 25.847, 0.831351, -79990.671875, 0.339081481481
PRO, 0, 27.637, 0.847621, -79630.429688, 0.268974074074
SER, 8, 27.397, 0.830278, -80618.187500, 0.234703703704
THR, 6, 26.811, 0.866189, -79905.656250, 0.375159259259
TRP, 5, 29.923, 0.8753, -80566.046875, 0.314955555556
TYR, 10, 25.592, 0.814876, -80887.968750, 0.270355555556
VAL, 2, 28.315, 0.862984, -80642.882812, 0.221659259259
