AMINO ACID, DSSP, SASA, GYRATE, ENERGY, RMSF
ALA, 6, 25.460, 0.813288, -79910.960938, 0.251659259259
ARG, 7, 27.007, 0.857875, -81202.500000, 0.298462962963
ASN, 4, 27.247, 0.831534, -80103.750000, 0.210481481481
ASP, 10, 26.836, 0.832266, -79454.789062, 0.207903703704
CYS, 7, 25.865, 0.806973, -81336.171875, 0.307162962963
GLN, 9, 29.802, 0.884894, -80039.343750, 0.290562962963
GLU, 2, 25.377, 0.809191, -80827.015625, 0.207940740741
GLY, 7, 25.975, 0.818207, -81041.843750, 0.230159259259
HIS, 8, 27.835, 0.83318, -80073.328125, 0.336788888889
ILE, 9, 25.737, 0.808812, -78981.929688, 0.278788888889
LEU, 4, 26.561, 0.855438, -79585.468750, 0.349325925926
LYS, 11, 27.384, 0.824347, -80525.820312, 0.242707407407
MET, 8, 27.825, 0.839258, -79377.375000, 0.221622222222
PHE, 4, 25.242, 0.819686, -80829.890625, 0.339081481481
PRO, 2, 28.187, 0.855925, -79724.257812, 0.268974074074
SER, 4, 25.909, 0.822045, -80545.632812, 0.234703703704
THR, 8, 26.561, 0.871471, -80214.351562, 0.375159259259
TRP, 10, 28.994, 0.85823, -80400.421875, 0.314955555556
TYR, 7, 26.932, 0.825429, -79502.312500, 0.270355555556
VAL, 4, 28.002, 0.867599, -79781.695312, 0.221659259259
