AMINO ACID, DSSP, SASA, GYRATE, ENERGY, RMSF
ALA, 4, 25.561, 0.796976, -81111.984375, 0.251659259259
ARG, 7, 27.410, 0.839211, -80619.562500, 0.298462962963
ASN, 10, 25.646, 0.849226, -81326.210938, 0.210481481481
ASP, 10, 24.915, 0.820299, -80258.195312, 0.207903703704
CYS, 8, 24.672, 0.791759, -80670.085938, 0.307162962963
GLN, 10, 29.332, 0.878552, -79857.398438, 0.290562962963
GLU, 2, 24.853, 0.797434, -78759.671875, 0.207940740741
GLY, 7, 25.597, 0.807425, -80327.328125, 0.230159259259
HIS, 10, 28.216, 0.840185, -79631.625000, 0.336788888889
ILE, 9, 25.052, 0.816019, -80994.156250, 0.278788888889
LEU, 7, 26.308, 0.844466, -80018.335938, 0.349325925926
LYS, 7, 27.812, 0.813944, -80472.250000, 0.242707407407
MET, 10, 27.403, 0.845382, -80774.546875, 0.221622222222
PHE, 4, 25.828, 0.821425, -79814.812500, 0.339081481481
PRO, 4, 29.603, 0.881673, -79987.125000, 0.268974074074
SER, 4, 25.213, 0.812839, -79680.203125, 0.234703703704
THR, 8, 27.009, 0.889344, -80228.500000, 0.375159259259
TRP, 8, 28.299, 0.85844, -80613.093750, 0.314955555556
TYR, 5, 25.912, 0.821466, -80525.945312, 0.270355555556
VAL, 4, 28.181, 0.86484, -80824.515625, 0.221659259259
