AMINO ACID, DSSP, SASA, GYRATE, ENERGY, RMSF
ALA, 4, 25.754, 0.798734, -79722.781250, 0.251659259259
ARG, 7, 27.360, 0.841348, -81113.820312, 0.298462962963
ASN, 12, 26.075, 0.834951, -80573.796875, 0.210481481481
ASP, 12, 25.693, 0.814334, -79650.921875, 0.207903703704
CYS, 7, 24.780, 0.811248, -81030.648438, 0.307162962963
GLN, 10, 27.479, 0.861221, -80118.250000, 0.290562962963
GLU, 4, 25.986, 0.813209, -80533.492188, 0.207940740741
GLY, 7, 24.733, 0.80826, -79309.515625, 0.230159259259
HIS, 6, 29.371, 0.864912, -79840.734375, 0.336788888889
ILE, 9, 24.794, 0.817172, -79807.679688, 0.278788888889
LEU, 4, 28.079, 0.878224, -80474.281250, 0.349325925926
LYS, 11, 27.506, 0.824959, -80085.875000, 0.242707407407
MET, 12, 27.415, 0.84494, -80194.203125, 0.221622222222
PHE, 4, 26.376, 0.812634, -80065.015625, 0.339081481481
PRO, 2, 28.393, 0.859027, -79787.171875, 0.268974074074
SER, 7, 26.170, 0.823202, -79539.703125, 0.234703703704
THR, 8, 26.687, 0.867701, -80752.625000, 0.375159259259
TRP, 10, 28.683, 0.851469, -80626.437500, 0.314955555556
TYR, 8, 26.333, 0.830168, -79863.398438, 0.270355555556
VAL, 2, 27.950, 0.865567, -79581.281250, 0.221659259259
