AMINO ACID, DSSP, SASA, GYRATE, ENERGY, RMSF
ALA, 4, 25.197, 0.800937, -80422.578125, 0.251659259259
ARG, 7, 28.685, 0.864434, -81012.828125, 0.298462962963
ASN, 6, 25.493, 0.829877, -80850.148438, 0.210481481481
ASP, 10, 25.026, 0.797208, -81014.421875, 0.207903703704
CYS, 5, 25.424, 0.801262, -80160.773438, 0.307162962963
GLN, 8, 27.400, 0.859541, -80434.593750, 0.290562962963
GLU, 2, 28.137, 0.835416, -79675.242188, 0.207940740741
GLY, 9, 24.581, 0.80974, -81135.632812, 0.230159259259
HIS, 6, 28.347, 0.84458, -80690.609375, 0.336788888889
ILE, 7, 24.656, 0.817733, -80186.359375, 0.278788888889
LEU, 2, 27.968, 0.878754, -79544.031250, 0.349325925926
LYS, 11, 26.740, 0.815526, -81158.453125, 0.242707407407
MET, 8, 26.971, 0.844129, -80301.445312, 0.221622222222
PHE, 6, 24.356, 0.809882, -79375.437500, 0.339081481481
PRO, 2, 28.439, 0.848052, -80630.250000, 0.268974074074
SER, 4, 28.245, 0.835359, -79775.578125, 0.234703703704
THR, 9, 27.035, 0.886738, -79659.320312, 0.375159259259
TRP, 4, 26.552, 0.838472, -80607.453125, 0.314955555556
TYR, 7, 27.556, 0.82425, -80027.429688, 0.270355555556
VAL, 4, 29.287, 0.880799, -79999.500000, 0.221659259259
