AMINO ACID, DSSP, SASA, GYRATE, ENERGY, RMSF
ALA, 4, 25.178, 0.793111, -79440.828125, 0.251659259259
ARG, 7, 28.787, 0.863255, -79748.492188, 0.298462962963
ASN, 10, 26.387, 0.833669, -79585.046875, 0.210481481481
ASP, 10, 25.014, 0.810638, -80947.781250, 0.207903703704
CYS, 8, 25.771, 0.809888, -79960.843750, 0.307162962963
GLN, 12, 28.469, 0.878588, -80365.250000, 0.290562962963
GLU, 2, 27.233, 0.820702, -80998.640625, 0.207940740741
GLY, 7, 25.569, 0.820787, -80935.335938, 0.230159259259
HIS, 13, 29.177, 0.845849, -80655.835938, 0.336788888889
ILE, 7, 25.158, 0.825242, -79531.953125, 0.278788888889
LEU, 5, 28.391, 0.890389, -80430.406250, 0.349325925926
LYS, 11, 26.643, 0.82664, -80641.007812, 0.242707407407
MET, 8, 27.268, 0.839857, -80620.171875, 0.221622222222
PHE, 7, 24.687, 0.812121, -80229.421875, 0.339081481481
PRO, 0, 28.727, 0.837885, -79841.257812, 0.268974074074
SER, 6, 27.070, 0.838497, -80690.718750, 0.234703703704
THR, 12, 27.470, 0.884975, -79539.695312, 0.375159259259
TRP, 2, 27.039, 0.850402, -79492.757812, 0.314955555556
TYR, 10, 27.813, 0.826833, -80568.250000, 0.270355555556
VAL, 6, 28.255, 0.872374, -80547.320312, 0.221659259259
