AMINO ACID, DSSP, SASA, GYRATE, ENERGY, RMSF
ALA, 4, 26.802, 0.798932, -79963.484375, 0.251659259259
ARG, 7, 29.056, 0.863267, -81199.875000, 0.298462962963
ASN, 12, 25.430, 0.847163, -80243.890625, 0.210481481481
ASP, 8, 25.659, 0.814703, -80316.187500, 0.207903703704
CYS, 9, 25.777, 0.800633, -79465.507812, 0.307162962963
GLN, 6, 26.566, 0.844878, -80555.164062, 0.290562962963
GLU, 2, 26.163, 0.815368, -79811.718750, 0.207940740741
GLY, 9, 24.690, 0.812933, -81055.085938, 0.230159259259
HIS, 12, 29.073, 0.828906, -80254.296875, 0.336788888889
ILE, 9, 26.134, 0.81907, -79567.500000, 0.278788888889
LEU, 6, 27.370, 0.876569, -79558.312500, 0.349325925926
LYS, 11, 27.322, 0.815986, -81542.945312, 0.242707407407
MET, 7, 27.087, 0.827903, -79860.101562, 0.221622222222
PHE, 6, 26.209, 0.823617, -78789.476562, 0.339081481481
PRO, 2, 28.684, 0.845778, -80372.500000, 0.268974074074
SER, 4, 26.472, 0.818944, -80087.781250, 0.234703703704
THR, 10, 27.761, 0.879397, -80294.406250, 0.375159259259
TRP, 2, 26.390, 0.853525, -79992.609375, 0.314955555556
TYR, 9, 24.585, 0.80996, -80139.382812, 0.270355555556
VAL, 4, 28.638, 0.875066, -80481.117188, 0.221659259259
