AMINO ACID, DSSP, SASA, GYRATE, ENERGY, RMSF
ALA, 4, 24.941, 0.7962, -80883.703125, 0.251659259259
ARG, 7, 27.075, 0.84365, -80535.085938, 0.298462962963
ASN, 10, 25.643, 0.834989, -79568.179688, 0.210481481481
ASP, 10, 24.039, 0.792923, -80468.515625, 0.207903703704
CYS, 13, 26.306, 0.813294, -80461.718750, 0.307162962963
GLN, 8, 28.262, 0.871921, -80960.859375, 0.290562962963
GLU, 2, 27.220, 0.826679, -79590.039062, 0.207940740741
GLY, 7, 25.846, 0.806255, -80573.937500, 0.230159259259
HIS, 10, 27.550, 0.831832, -80342.937500, 0.336788888889
ILE, 9, 24.935, 0.810535, -81052.656250, 0.278788888889
LEU, 6, 28.404, 0.888448, -80595.171875, 0.349325925926
LYS, 13, 27.307, 0.816229, -80701.070312, 0.242707407407
MET, 8, 27.056, 0.831795, -79178.656250, 0.221622222222
PHE, 6, 25.719, 0.831177, -79315.171875, 0.339081481481
PRO, 4, 27.591, 0.853172, -80431.687500, 0.268974074074
SER, 4, 25.327, 0.811397, -80793.187500, 0.234703703704
THR, 12, 26.352, 0.876356, -79931.578125, 0.375159259259
TRP, 2, 26.807, 0.847515, -80441.625000, 0.314955555556
TYR, 9, 25.669, 0.817886, -80539.234375, 0.270355555556
VAL, 4, 29.113, 0.882891, -80148.242188, 0.221659259259
