AMINO ACID, DSSP, SASA, GYRATE, ENERGY, RMSF
ALA, 8, 30.138, 0.866165, -80418.539062, 0.251659259259
ARG, 6, 28.689, 0.852697, -81303.718750, 0.298462962963
ASN, 8, 26.908, 0.828375, -81376.585938, 0.210481481481
ASP, 11, 27.528, 0.824599, -80875.078125, 0.207903703704
CYS, 6, 28.706, 0.900769, -80226.867188, 0.307162962963
GLN, 4, 26.044, 0.830284, -80562.484375, 0.290562962963
GLU, 4, 25.760, 0.805467, -79477.328125, 0.207940740741
GLY, 8, 25.971, 0.839696, -80112.789062, 0.230159259259
HIS, 8, 26.329, 0.853158, -81015.906250, 0.336788888889
ILE, 6, 27.543, 0.825824, -79901.265625, 0.278788888889
LEU, 9, 26.419, 0.805763, -79424.406250, 0.349325925926
LYS, 10, 27.983, 0.83386, -80996.859375, 0.242707407407
MET, 0, 27.324, 0.81914, -79425.671875, 0.221622222222
PHE, 12, 24.468, 0.795907, -79779.750000, 0.339081481481
PRO, 8, 26.632, 0.837448, -80447.359375, 0.268974074074
SER, 8, 25.151, 0.808445, -80050.343750, 0.234703703704
THR, 6, 27.421, 0.844361, -79965.296875, 0.375159259259
TRP, 2, 28.972, 0.852463, -80498.421875, 0.314955555556
TYR, 8, 29.193, 0.888353, -80254.062500, 0.270355555556
VAL, 10, 24.257, 0.800489, -79974.296875, 0.221659259259
