AMINO ACID, DSSP, SASA, GYRATE, ENERGY, RMSF
ALA, 4, 25.158, 0.788377, -80319.757812, 0.251659259259
ARG, 5, 27.528, 0.854903, -79973.851562, 0.298462962963
ASN, 12, 24.900, 0.799295, -80783.843750, 0.210481481481
ASP, 6, 27.378, 0.8164, -80043.921875, 0.207903703704
CYS, 9, 25.232, 0.796013, -81276.734375, 0.307162962963
GLN, 6, 28.615, 0.868556, -80813.148438, 0.290562962963
GLU, 2, 24.931, 0.809677, -80029.640625, 0.207940740741
GLY, 8, 25.809, 0.815308, -80769.718750, 0.230159259259
HIS, 6, 27.677, 0.833319, -80054.820312, 0.336788888889
ILE, 9, 28.079, 0.835471, -79851.906250, 0.278788888889
LEU, 6, 28.299, 0.879873, -81140.156250, 0.349325925926
LYS, 11, 26.880, 0.818136, -80858.218750, 0.242707407407
MET, 5, 27.200, 0.839133, -80238.375000, 0.221622222222
PHE, 8, 25.574, 0.830164, -80379.289062, 0.339081481481
PRO, 2, 28.535, 0.852914, -80600.664062, 0.268974074074
SER, 4, 26.208, 0.824979, -79843.484375, 0.234703703704
THR, 4, 27.762, 0.913187, -80581.242188, 0.375159259259
TRP, 4, 27.828, 0.856422, -79654.445312, 0.314955555556
TYR, 9, 27.299, 0.819414, -80989.437500, 0.270355555556
VAL, 4, 28.163, 0.875539, -80536.882812, 0.221659259259
