AMINO ACID, DSSP, SASA, GYRATE, ENERGY, RMSF
ALA, 6, 25.116, 0.796646, -80340.632812, 0.251659259259
ARG, 6, 28.372, 0.850648, -80081.578125, 0.298462962963
ASN, 8, 25.703, 0.818426, -80445.257812, 0.210481481481
ASP, 8, 27.020, 0.804142, -80222.539062, 0.207903703704
CYS, 9, 25.945, 0.807286, -79216.898438, 0.307162962963
GLN, 11, 27.068, 0.853127, -79851.734375, 0.290562962963
GLU, 2, 24.945, 0.805431, -80771.765625, 0.207940740741
GLY, 9, 24.214, 0.801562, -80429.757812, 0.230159259259
HIS, 8, 27.438, 0.829692, -80349.750000, 0.336788888889
ILE, 7, 27.802, 0.827319, -80993.921875, 0.278788888889
LEU, 6, 28.618, 0.883397, -80227.179688, 0.349325925926
LYS, 11, 27.864, 0.828816, -81546.335938, 0.242707407407
MET, 8, 27.032, 0.824941, -80357.804688, 0.221622222222
PHE, 13, 26.396, 0.824267, -79620.882812, 0.339081481481
PRO, 0, 27.993, 0.848693, -80358.437500, 0.268974074074
SER, 2, 26.724, 0.841699, -80640.382812, 0.234703703704
THR, 4, 28.397, 0.899179, -79700.078125, 0.375159259259
TRP, 8, 29.402, 0.867716, -79634.312500, 0.314955555556
TYR, 9, 26.666, 0.821022, -80079.460938, 0.270355555556
VAL, 0, 27.561, 0.866181, -79690.265625, 0.221659259259
