AMINO ACID, DSSP, SASA, GYRATE, ENERGY, RMSF
ALA, 4, 24.059, 0.793287, -80469.062500, 0.251659259259
ARG, 6, 28.789, 0.852802, -80487.851562, 0.298462962963
ASN, 6, 25.818, 0.817649, -79921.718750, 0.210481481481
ASP, 6, 26.874, 0.823714, -80381.562500, 0.207903703704
CYS, 8, 25.145, 0.799292, -80587.390625, 0.307162962963
GLN, 12, 27.823, 0.854691, -79790.968750, 0.290562962963
GLU, 2, 26.140, 0.811938, -79447.718750, 0.207940740741
GLY, 9, 23.647, 0.810298, -80311.000000, 0.230159259259
HIS, 8, 28.002, 0.833993, -80304.218750, 0.336788888889
ILE, 9, 25.918, 0.818786, -80205.015625, 0.278788888889
LEU, 4, 28.117, 0.895947, -79863.570312, 0.349325925926
LYS, 11, 26.771, 0.826067, -80249.570312, 0.242707407407
MET, 10, 27.111, 0.838176, -81009.015625, 0.221622222222
PHE, 4, 26.602, 0.824672, -79745.015625, 0.339081481481
PRO, 5, 28.047, 0.845092, -80702.664062, 0.268974074074
SER, 0, 26.651, 0.833532, -81193.078125, 0.234703703704
THR, 6, 28.394, 0.903553, -80318.125000, 0.375159259259
TRP, 6, 27.182, 0.854975, -79679.625000, 0.314955555556
TYR, 7, 26.231, 0.82446, -79696.687500, 0.270355555556
VAL, 2, 28.502, 0.876939, -79943.804688, 0.221659259259
