AMINO ACID, DSSP, SASA, GYRATE, ENERGY, RMSF
ALA, 2, 29.315, 0.883189, -81027.039062, 0.251659259259
ARG, 9, 27.699, 0.859871, -80914.109375, 0.298462962963
ASN, 6, 26.555, 0.826795, -80834.156250, 0.210481481481
ASP, 9, 27.008, 0.835517, -80202.390625, 0.207903703704
CYS, 4, 30.460, 0.888901, -79772.609375, 0.307162962963
GLN, 4, 26.864, 0.83372, -80568.773438, 0.290562962963
GLU, 4, 27.770, 0.830363, -79816.953125, 0.207940740741
GLY, 9, 26.401, 0.819745, -80244.890625, 0.230159259259
HIS, 11, 25.458, 0.83406, -80616.742188, 0.336788888889
ILE, 2, 27.489, 0.814106, -79188.390625, 0.278788888889
LEU, 8, 26.759, 0.804096, -80454.773438, 0.349325925926
LYS, 7, 28.545, 0.848739, -80855.250000, 0.242707407407
MET, 7, 26.475, 0.823577, -80114.437500, 0.221622222222
PHE, 12, 24.851, 0.813951, -79696.976562, 0.339081481481
PRO, 8, 26.647, 0.835459, -80490.468750, 0.268974074074
SER, 15, 26.371, 0.816249, -80612.718750, 0.234703703704
THR, 6, 27.682, 0.850591, -80792.703125, 0.375159259259
TRP, 6, 27.711, 0.830705, -79516.359375, 0.314955555556
TYR, 9, 28.562, 0.877987, -80027.679688, 0.270355555556
VAL, 8, 26.111, 0.803389, -79953.156250, 0.221659259259
