AMINO ACID, DSSP, SASA, GYRATE, ENERGY, RMSF
ALA, 6, 25.903, 0.812461, -80087.359375, 0.251659259259
ARG, 6, 28.181, 0.851058, -81278.781250, 0.298462962963
ASN, 8, 24.909, 0.812954, -80290.250000, 0.210481481481
ASP, 10, 26.696, 0.831902, -80469.500000, 0.207903703704
CYS, 10, 26.467, 0.803905, -80976.015625, 0.307162962963
GLN, 6, 26.928, 0.854951, -80686.359375, 0.290562962963
GLU, 6, 26.223, 0.814899, -80398.984375, 0.207940740741
GLY, 9, 23.549, 0.798711, -80046.929688, 0.230159259259
HIS, 8, 26.410, 0.852415, -81263.015625, 0.336788888889
ILE, 9, 25.603, 0.811844, -80184.976562, 0.278788888889
LEU, 5, 28.150, 0.874839, -79210.375000, 0.349325925926
LYS, 13, 26.162, 0.812503, -81392.710938, 0.242707407407
MET, 8, 27.629, 0.844537, -80820.218750, 0.221622222222
PHE, 8, 25.444, 0.82977, -80150.187500, 0.339081481481
PRO, 4, 25.935, 0.838784, -80558.031250, 0.268974074074
SER, 2, 28.269, 0.850221, -80586.585938, 0.234703703704
THR, 6, 27.797, 0.890939, -80630.351562, 0.375159259259
TRP, 4, 28.659, 0.874645, -80049.140625, 0.314955555556
TYR, 7, 27.007, 0.834897, -80118.843750, 0.270355555556
VAL, 4, 27.527, 0.858451, -80202.015625, 0.221659259259
