AMINO ACID, DSSP, SASA, GYRATE, ENERGY, RMSF
ALA, 6, 26.481, 0.82347, -80254.757812, 0.251659259259
ARG, 6, 28.219, 0.855303, -81159.179688, 0.298462962963
ASN, 7, 24.981, 0.815603, -80275.273438, 0.210481481481
ASP, 10, 25.443, 0.820608, -80022.679688, 0.207903703704
CYS, 14, 26.393, 0.799885, -80140.085938, 0.307162962963
GLN, 12, 25.629, 0.844769, -81218.460938, 0.290562962963
GLU, 4, 26.051, 0.819609, -80308.531250, 0.207940740741
GLY, 11, 23.327, 0.793173, -80230.109375, 0.230159259259
HIS, 14, 26.068, 0.82393, -80936.312500, 0.336788888889
ILE, 7, 25.815, 0.821997, -80731.437500, 0.278788888889
LEU, 2, 29.048, 0.897189, -79889.601562, 0.349325925926
LYS, 11, 26.664, 0.814004, -80511.250000, 0.242707407407
MET, 8, 25.703, 0.833723, -80485.156250, 0.221622222222
PHE, 6, 26.273, 0.825482, -79560.000000, 0.339081481481
PRO, 4, 27.527, 0.84479, -80683.835938, 0.268974074074
SER, 2, 27.898, 0.83856, -80675.171875, 0.234703703704
THR, 4, 29.923, 0.87991, -79580.171875, 0.375159259259
TRP, 3, 29.089, 0.871548, -80000.718750, 0.314955555556
TYR, 9, 27.333, 0.834907, -80967.343750, 0.270355555556
VAL, 4, 27.359, 0.854686, -79934.484375, 0.221659259259
