AMINO ACID, DSSP, SASA, GYRATE, ENERGY, RMSF
ALA, 4, 27.279, 0.822094, -80471.140625, 0.251659259259
ARG, 6, 29.170, 0.857136, -79967.070312, 0.298462962963
ASN, 14, 25.189, 0.806693, -80954.250000, 0.210481481481
ASP, 10, 25.900, 0.816885, -80160.382812, 0.207903703704
CYS, 10, 26.300, 0.804309, -79784.273438, 0.307162962963
GLN, 13, 27.596, 0.863368, -79711.992188, 0.290562962963
GLU, 2, 25.208, 0.805183, -80285.726562, 0.207940740741
GLY, 11, 24.873, 0.811501, -79835.546875, 0.230159259259
HIS, 10, 29.053, 0.84581, -80129.406250, 0.336788888889
ILE, 9, 27.109, 0.823231, -79642.750000, 0.278788888889
LEU, 4, 28.278, 0.879708, -80628.929688, 0.349325925926
LYS, 9, 26.966, 0.83009, -80456.468750, 0.242707407407
MET, 8, 27.688, 0.836866, -80547.851562, 0.221622222222
PHE, 6, 26.466, 0.824311, -80077.773438, 0.339081481481
PRO, 2, 25.792, 0.848397, -79688.281250, 0.268974074074
SER, 4, 27.456, 0.828151, -79465.929688, 0.234703703704
THR, 10, 27.890, 0.886049, -81200.203125, 0.375159259259
TRP, 4, 28.434, 0.856908, -80264.726562, 0.314955555556
TYR, 9, 26.700, 0.826813, -79857.562500, 0.270355555556
VAL, 2, 26.771, 0.844613, -80115.281250, 0.221659259259
