AMINO ACID, DSSP, SASA, GYRATE, ENERGY, RMSF
ALA, 6, 24.731, 0.814043, -80457.609375, 0.251659259259
ARG, 6, 27.365, 0.842501, -80326.843750, 0.298462962963
ASN, 13, 26.085, 0.820929, -81626.765625, 0.210481481481
ASP, 8, 26.415, 0.812967, -79028.921875, 0.207903703704
CYS, 8, 25.516, 0.795275, -80147.914062, 0.307162962963
GLN, 12, 27.466, 0.848762, -80146.492188, 0.290562962963
GLU, 2, 25.862, 0.813738, -80944.562500, 0.207940740741
GLY, 11, 23.963, 0.801563, -80498.437500, 0.230159259259
HIS, 4, 28.070, 0.850206, -79756.343750, 0.336788888889
ILE, 9, 27.068, 0.836914, -79438.296875, 0.278788888889
LEU, 9, 27.876, 0.878544, -80346.664062, 0.349325925926
LYS, 11, 27.012, 0.807119, -80550.453125, 0.242707407407
MET, 9, 26.613, 0.843313, -79743.093750, 0.221622222222
PHE, 4, 26.104, 0.831137, -79957.234375, 0.339081481481
PRO, 9, 24.269, 0.81534, -79837.703125, 0.268974074074
SER, 2, 25.678, 0.81802, -80589.554688, 0.234703703704
THR, 6, 27.473, 0.875891, -80701.546875, 0.375159259259
TRP, 2, 30.296, 0.860841, -80066.421875, 0.314955555556
TYR, 8, 26.729, 0.824308, -79636.234375, 0.270355555556
VAL, 0, 25.961, 0.859988, -80474.765625, 0.221659259259
