AMINO ACID, DSSP, SASA, GYRATE, ENERGY, RMSF
ALA, 4, 24.833, 0.81245, -80020.312500, 0.251659259259
ARG, 4, 29.206, 0.85911, -80516.234375, 0.298462962963
ASN, 8, 26.179, 0.825708, -80711.546875, 0.210481481481
ASP, 8, 26.880, 0.823359, -80206.960938, 0.207903703704
CYS, 6, 25.432, 0.804838, -80792.781250, 0.307162962963
GLN, 10, 24.279, 0.833871, -80232.703125, 0.290562962963
GLU, 2, 26.463, 0.81617, -80289.703125, 0.207940740741
GLY, 7, 25.974, 0.811396, -80245.976562, 0.230159259259
HIS, 8, 27.452, 0.843657, -80521.867188, 0.336788888889
ILE, 9, 26.316, 0.834135, -80487.187500, 0.278788888889
LEU, 4, 29.129, 0.887028, -79756.609375, 0.349325925926
LYS, 15, 27.030, 0.819773, -80456.085938, 0.242707407407
MET, 10, 25.391, 0.831297, -79307.890625, 0.221622222222
PHE, 4, 26.883, 0.826763, -79515.632812, 0.339081481481
PRO, 6, 24.100, 0.82161, -81125.648438, 0.268974074074
SER, 2, 26.880, 0.819475, -80359.171875, 0.234703703704
THR, 6, 28.052, 0.857383, -80138.265625, 0.375159259259
TRP, 4, 27.843, 0.845805, -79621.601562, 0.314955555556
TYR, 8, 26.922, 0.819235, -80366.093750, 0.270355555556
VAL, 0, 28.750, 0.862358, -79240.000000, 0.221659259259
