AMINO ACID, DSSP, SASA, GYRATE, ENERGY, RMSF
ALA, 6, 24.766, 0.806803, -80580.578125, 0.251659259259
ARG, 6, 28.186, 0.844567, -80764.031250, 0.298462962963
ASN, 13, 26.908, 0.809942, -79728.437500, 0.210481481481
ASP, 10, 26.281, 0.817679, -80056.679688, 0.207903703704
CYS, 10, 25.476, 0.794054, -79902.789062, 0.307162962963
GLN, 12, 27.576, 0.862673, -80150.296875, 0.290562962963
GLU, 2, 26.337, 0.814659, -80046.289062, 0.207940740741
GLY, 10, 25.845, 0.810199, -80201.242188, 0.230159259259
HIS, 8, 27.553, 0.857842, -80338.757812, 0.336788888889
ILE, 9, 25.424, 0.825914, -79647.937500, 0.278788888889
LEU, 4, 28.986, 0.880134, -80062.859375, 0.349325925926
LYS, 11, 27.288, 0.820747, -81353.531250, 0.242707407407
MET, 8, 24.516, 0.811046, -80032.359375, 0.221622222222
PHE, 9, 25.881, 0.823349, -80573.640625, 0.339081481481
PRO, 10, 24.144, 0.814553, -81275.929688, 0.268974074074
SER, 4, 25.960, 0.830444, -80700.234375, 0.234703703704
THR, 7, 26.641, 0.851466, -79902.992188, 0.375159259259
TRP, 2, 26.139, 0.826165, -78856.593750, 0.314955555556
TYR, 7, 27.144, 0.818277, -79773.890625, 0.270355555556
VAL, 2, 27.347, 0.867435, -80194.359375, 0.221659259259
