AMINO ACID, DSSP, SASA, GYRATE, ENERGY, RMSF
ALA, 4, 26.282, 0.815433, -81036.976562, 0.251659259259
ARG, 4, 28.435, 0.849092, -79688.906250, 0.298462962963
ASN, 14, 26.975, 0.808578, -79920.023438, 0.210481481481
ASP, 10, 27.779, 0.830599, -79549.984375, 0.207903703704
CYS, 7, 25.458, 0.792302, -79881.992188, 0.307162962963
GLN, 12, 27.589, 0.858773, -80395.250000, 0.290562962963
GLU, 4, 26.777, 0.82829, -79059.187500, 0.207940740741
GLY, 9, 24.646, 0.818063, -81040.648438, 0.230159259259
HIS, 6, 28.144, 0.844637, -80444.195312, 0.336788888889
ILE, 5, 26.871, 0.826617, -80687.804688, 0.278788888889
LEU, 8, 28.458, 0.869999, -79181.687500, 0.349325925926
LYS, 11, 26.749, 0.82895, -80711.828125, 0.242707407407
MET, 8, 25.887, 0.831953, -80196.671875, 0.221622222222
PHE, 6, 24.576, 0.818645, -79479.203125, 0.339081481481
PRO, 9, 24.450, 0.832924, -80400.351562, 0.268974074074
SER, 4, 26.620, 0.829492, -80169.515625, 0.234703703704
THR, 0, 27.403, 0.848397, -80309.843750, 0.375159259259
TRP, 2, 26.443, 0.836795, -79745.171875, 0.314955555556
TYR, 5, 26.427, 0.813935, -79518.429688, 0.270355555556
VAL, 4, 27.547, 0.866546, -80248.343750, 0.221659259259
