AMINO ACID, DSSP, SASA, GYRATE, ENERGY, RMSF
ALA, 4, 25.673, 0.824003, -80443.703125, 0.251659259259
ARG, 5, 26.387, 0.83276, -80431.109375, 0.298462962963
ASN, 12, 27.747, 0.822243, -79272.796875, 0.210481481481
ASP, 8, 27.012, 0.826888, -80335.234375, 0.207903703704
CYS, 10, 25.028, 0.792283, -80614.070312, 0.307162962963
GLN, 10, 28.380, 0.853537, -81319.515625, 0.290562962963
GLU, 4, 25.591, 0.802535, -79066.937500, 0.207940740741
GLY, 7, 24.912, 0.811462, -79193.867188, 0.230159259259
HIS, 12, 25.698, 0.829537, -79743.101562, 0.336788888889
ILE, 9, 27.927, 0.828323, -80197.804688, 0.278788888889
LEU, 9, 27.062, 0.845542, -79779.390625, 0.349325925926
LYS, 13, 26.851, 0.820983, -80248.796875, 0.242707407407
MET, 10, 26.123, 0.823629, -80006.554688, 0.221622222222
PHE, 11, 26.279, 0.823066, -79478.515625, 0.339081481481
PRO, 12, 24.271, 0.825353, -79619.148438, 0.268974074074
SER, 4, 26.424, 0.835059, -80166.828125, 0.234703703704
THR, 4, 27.127, 0.85606, -79662.007812, 0.375159259259
TRP, 0, 28.401, 0.853625, -79841.976562, 0.314955555556
TYR, 7, 26.854, 0.821546, -79941.125000, 0.270355555556
VAL, 2, 28.512, 0.877068, -79283.906250, 0.221659259259
