AMINO ACID, DSSP, SASA, GYRATE, ENERGY, RMSF
ALA, 2, 25.842, 0.81422, -79707.296875, 0.251659259259
ARG, 4, 24.469, 0.821845, -80036.687500, 0.298462962963
ASN, 10, 25.790, 0.797824, -80139.156250, 0.210481481481
ASP, 10, 26.189, 0.820329, -79460.218750, 0.207903703704
CYS, 13, 24.903, 0.79594, -79745.812500, 0.307162962963
GLN, 10, 28.534, 0.845394, -80700.156250, 0.290562962963
GLU, 2, 26.008, 0.806652, -79614.562500, 0.207940740741
GLY, 7, 25.900, 0.823877, -80625.078125, 0.230159259259
HIS, 8, 27.101, 0.826062, -80345.218750, 0.336788888889
ILE, 7, 27.605, 0.83255, -79688.140625, 0.278788888889
LEU, 7, 27.245, 0.85233, -79793.226562, 0.349325925926
LYS, 9, 28.460, 0.83472, -79868.117188, 0.242707407407
MET, 10, 25.607, 0.827944, -79019.359375, 0.221622222222
PHE, 6, 25.984, 0.830626, -80128.820312, 0.339081481481
PRO, 12, 24.815, 0.811086, -79484.039062, 0.268974074074
SER, 4, 26.299, 0.836246, -80855.890625, 0.234703703704
THR, 4, 28.155, 0.864483, -80693.765625, 0.375159259259
TRP, 0, 26.105, 0.833968, -80610.203125, 0.314955555556
TYR, 10, 25.587, 0.815665, -80317.078125, 0.270355555556
VAL, 2, 29.059, 0.888854, -81001.328125, 0.221659259259
