AMINO ACID, DSSP, SASA, GYRATE, ENERGY, RMSF
ALA, 4, 25.693, 0.81851, -80682.140625, 0.251659259259
ARG, 6, 25.462, 0.83308, -80400.281250, 0.298462962963
ASN, 12, 24.907, 0.79871, -79831.203125, 0.210481481481
ASP, 10, 26.753, 0.824945, -79835.289062, 0.207903703704
CYS, 8, 26.004, 0.804055, -80234.937500, 0.307162962963
GLN, 12, 28.137, 0.849057, -80615.960938, 0.290562962963
GLU, 4, 25.240, 0.807946, -79780.312500, 0.207940740741
GLY, 7, 25.528, 0.814817, -78795.375000, 0.230159259259
HIS, 12, 25.963, 0.827964, -79913.390625, 0.336788888889
ILE, 9, 27.131, 0.833352, -79461.890625, 0.278788888889
LEU, 11, 28.107, 0.869237, -80072.218750, 0.349325925926
LYS, 13, 26.877, 0.814395, -81221.554688, 0.242707407407
MET, 10, 25.536, 0.825088, -79944.765625, 0.221622222222
PHE, 6, 26.285, 0.834656, -80419.859375, 0.339081481481
PRO, 10, 24.842, 0.822708, -80180.000000, 0.268974074074
SER, 4, 27.664, 0.837786, -80428.281250, 0.234703703704
THR, 5, 27.868, 0.867615, -80103.531250, 0.375159259259
TRP, 2, 27.223, 0.841188, -80356.500000, 0.314955555556
TYR, 11, 25.089, 0.80767, -80093.109375, 0.270355555556
VAL, 2, 28.578, 0.882421, -79771.703125, 0.221659259259
