AMINO ACID, DSSP, SASA, GYRATE, ENERGY, RMSF
ALA, 2, 27.271, 0.820419, -81159.781250, 0.251659259259
ARG, 6, 25.458, 0.838007, -80263.546875, 0.298462962963
ASN, 12, 26.718, 0.820067, -79888.109375, 0.210481481481
ASP, 12, 25.696, 0.809145, -79563.789062, 0.207903703704
CYS, 7, 23.784, 0.783938, -80067.054688, 0.307162962963
GLN, 10, 28.712, 0.893123, -80584.265625, 0.290562962963
GLU, 2, 26.739, 0.827248, -79568.929688, 0.207940740741
GLY, 7, 25.152, 0.813787, -81659.593750, 0.230159259259
HIS, 11, 26.544, 0.828475, -79777.656250, 0.336788888889
ILE, 4, 25.973, 0.82437, -79912.437500, 0.278788888889
LEU, 11, 29.985, 0.860933, -80782.078125, 0.349325925926
LYS, 11, 26.278, 0.817833, -80451.906250, 0.242707407407
MET, 10, 26.405, 0.820902, -79808.984375, 0.221622222222
PHE, 7, 27.586, 0.832137, -80020.460938, 0.339081481481
PRO, 9, 23.785, 0.824081, -79301.812500, 0.268974074074
SER, 4, 26.019, 0.829278, -80396.468750, 0.234703703704
THR, 4, 27.120, 0.881731, -80477.054688, 0.375159259259
TRP, 0, 28.596, 0.865545, -79299.742188, 0.314955555556
TYR, 10, 26.584, 0.814392, -79905.421875, 0.270355555556
VAL, 2, 29.337, 0.882755, -80797.070312, 0.221659259259
