AMINO ACID, DSSP, SASA, GYRATE, ENERGY, RMSF
ALA, 6, 28.367, 0.861854, -80301.585938, 0.251659259259
ARG, 4, 28.685, 0.860049, -81201.054688, 0.298462962963
ASN, 8, 29.141, 0.837769, -80878.617188, 0.210481481481
ASP, 8, 26.794, 0.82956, -81100.281250, 0.207903703704
CYS, 4, 28.904, 0.881533, -80320.976562, 0.307162962963
GLN, 2, 27.950, 0.826156, -80142.039062, 0.290562962963
GLU, 4, 28.749, 0.839163, -78880.023438, 0.207940740741
GLY, 8, 26.850, 0.838554, -80125.656250, 0.230159259259
HIS, 14, 25.254, 0.837212, -79695.460938, 0.336788888889
ILE, 8, 26.673, 0.813469, -80514.296875, 0.278788888889
LEU, 8, 25.861, 0.809067, -80878.062500, 0.349325925926
LYS, 2, 26.686, 0.841576, -80539.046875, 0.242707407407
MET, 7, 27.296, 0.818345, -81388.531250, 0.221622222222
PHE, 11, 24.985, 0.808965, -80420.046875, 0.339081481481
PRO, 6, 26.049, 0.832064, -81406.312500, 0.268974074074
SER, 8, 25.863, 0.813544, -80163.265625, 0.234703703704
THR, 7, 27.874, 0.821625, -80017.367188, 0.375159259259
TRP, 6, 28.787, 0.844877, -79932.101562, 0.314955555556
TYR, 7, 30.269, 0.888915, -79839.265625, 0.270355555556
VAL, 10, 24.201, 0.800796, -80035.500000, 0.221659259259
