AMINO ACID, DSSP, SASA, GYRATE, ENERGY, RMSF
ALA, 8, 25.598, 0.808958, -80394.171875, 0.251659259259
ARG, 4, 25.508, 0.821802, -80741.390625, 0.298462962963
ASN, 10, 25.142, 0.817866, -80381.421875, 0.210481481481
ASP, 10, 25.204, 0.811324, -80717.976562, 0.207903703704
CYS, 7, 27.524, 0.80236, -79951.484375, 0.307162962963
GLN, 10, 30.055, 0.910784, -80033.679688, 0.290562962963
GLU, 6, 28.367, 0.822681, -79961.687500, 0.207940740741
GLY, 7, 24.848, 0.807547, -79910.148438, 0.230159259259
HIS, 12, 26.893, 0.821774, -79351.671875, 0.336788888889
ILE, 4, 26.229, 0.812502, -79958.898438, 0.278788888889
LEU, 4, 27.348, 0.870488, -79982.648438, 0.349325925926
LYS, 6, 27.816, 0.827229, -80225.484375, 0.242707407407
MET, 8, 24.793, 0.827924, -80481.453125, 0.221622222222
PHE, 5, 24.521, 0.799829, -79883.195312, 0.339081481481
PRO, 10, 24.815, 0.800282, -79999.242188, 0.268974074074
SER, 4, 26.283, 0.825966, -80595.484375, 0.234703703704
THR, 4, 26.602, 0.883224, -80152.023438, 0.375159259259
TRP, 0, 27.898, 0.849703, -79912.234375, 0.314955555556
TYR, 10, 27.546, 0.827769, -80320.687500, 0.270355555556
VAL, 2, 27.573, 0.858452, -80071.218750, 0.221659259259
