AMINO ACID, DSSP, SASA, GYRATE, ENERGY, RMSF
ALA, 4, 25.122, 0.812632, -79619.000000, 0.251659259259
ARG, 6, 25.933, 0.819736, -80015.929688, 0.298462962963
ASN, 10, 25.867, 0.826296, -80865.984375, 0.210481481481
ASP, 10, 25.854, 0.808174, -80543.296875, 0.207903703704
CYS, 7, 25.736, 0.7917, -80517.531250, 0.307162962963
GLN, 10, 30.757, 0.910485, -80676.203125, 0.290562962963
GLU, 4, 26.321, 0.813541, -80429.421875, 0.207940740741
GLY, 8, 25.406, 0.811599, -80612.500000, 0.230159259259
HIS, 10, 26.479, 0.813515, -80318.093750, 0.336788888889
ILE, 4, 26.381, 0.804286, -80222.484375, 0.278788888889
LEU, 5, 28.843, 0.868793, -80506.078125, 0.349325925926
LYS, 8, 28.221, 0.826762, -81248.476562, 0.242707407407
MET, 8, 25.535, 0.832564, -79380.320312, 0.221622222222
PHE, 4, 25.105, 0.805474, -79904.218750, 0.339081481481
PRO, 8, 24.803, 0.802284, -79600.945312, 0.268974074074
SER, 4, 26.373, 0.821049, -80501.062500, 0.234703703704
THR, 4, 27.655, 0.869386, -79925.617188, 0.375159259259
TRP, 0, 29.234, 0.853292, -79668.640625, 0.314955555556
TYR, 10, 27.227, 0.821279, -80055.687500, 0.270355555556
VAL, 4, 27.457, 0.861115, -79915.468750, 0.221659259259
