AMINO ACID, DSSP, SASA, GYRATE, ENERGY, RMSF
ALA, 4, 24.982, 0.811199, -80614.812500, 0.251659259259
ARG, 8, 25.676, 0.830526, -80596.187500, 0.298462962963
ASN, 11, 25.224, 0.826271, -80237.867188, 0.210481481481
ASP, 10, 25.599, 0.816132, -79986.218750, 0.207903703704
CYS, 8, 26.195, 0.805021, -80391.015625, 0.307162962963
GLN, 10, 31.118, 0.918584, -80846.242188, 0.290562962963
GLU, 6, 26.204, 0.805068, -80806.203125, 0.207940740741
GLY, 11, 25.494, 0.812724, -80743.562500, 0.230159259259
HIS, 8, 26.188, 0.824303, -79899.156250, 0.336788888889
ILE, 4, 25.841, 0.817373, -80019.343750, 0.278788888889
LEU, 4, 26.913, 0.857522, -80562.078125, 0.349325925926
LYS, 8, 27.350, 0.814656, -81616.500000, 0.242707407407
MET, 8, 25.722, 0.835947, -80070.117188, 0.221622222222
PHE, 2, 25.821, 0.809975, -80526.992188, 0.339081481481
PRO, 10, 24.706, 0.812706, -80963.804688, 0.268974074074
SER, 4, 24.723, 0.807977, -80619.273438, 0.234703703704
THR, 4, 26.888, 0.884633, -80846.492188, 0.375159259259
TRP, 2, 28.814, 0.85244, -80035.828125, 0.314955555556
TYR, 10, 27.000, 0.813162, -79892.648438, 0.270355555556
VAL, 6, 28.707, 0.872981, -79837.250000, 0.221659259259
