AMINO ACID, DSSP, SASA, GYRATE, ENERGY, RMSF
ALA, 8, 25.739, 0.812395, -79044.390625, 0.251659259259
ARG, 4, 26.221, 0.833985, -81177.570312, 0.298462962963
ASN, 8, 26.868, 0.832145, -79959.421875, 0.210481481481
ASP, 12, 25.628, 0.801135, -80096.343750, 0.207903703704
CYS, 5, 27.219, 0.810704, -79942.437500, 0.307162962963
GLN, 8, 30.021, 0.899588, -81291.640625, 0.290562962963
GLU, 6, 25.053, 0.811073, -79829.828125, 0.207940740741
GLY, 7, 24.830, 0.808835, -81229.070312, 0.230159259259
HIS, 8, 27.846, 0.848197, -80489.171875, 0.336788888889
ILE, 7, 25.882, 0.807099, -80223.406250, 0.278788888889
LEU, 5, 27.325, 0.850156, -79070.882812, 0.349325925926
LYS, 8, 26.392, 0.819976, -79328.257812, 0.242707407407
MET, 11, 26.976, 0.835517, -79299.968750, 0.221622222222
PHE, 4, 26.415, 0.822944, -80322.335938, 0.339081481481
PRO, 12, 25.352, 0.813347, -80767.179688, 0.268974074074
SER, 2, 25.731, 0.813573, -80140.148438, 0.234703703704
THR, 6, 25.661, 0.847863, -80432.015625, 0.375159259259
TRP, 2, 29.191, 0.848454, -79736.835938, 0.314955555556
TYR, 7, 27.410, 0.816485, -80526.382812, 0.270355555556
VAL, 0, 27.549, 0.85719, -78716.250000, 0.221659259259
