AMINO ACID, DSSP, SASA, GYRATE, ENERGY, RMSF
ALA, 4, 25.959, 0.815232, -79902.843750, 0.251659259259
ARG, 6, 27.847, 0.854893, -81250.960938, 0.298462962963
ASN, 12, 24.182, 0.797457, -80013.390625, 0.210481481481
ASP, 10, 24.464, 0.809065, -80359.828125, 0.207903703704
CYS, 5, 27.758, 0.862383, -80084.609375, 0.307162962963
GLN, 4, 29.702, 0.895835, -80015.796875, 0.290562962963
GLU, 6, 27.048, 0.826859, -79845.179688, 0.207940740741
GLY, 7, 25.009, 0.809103, -80665.578125, 0.230159259259
HIS, 9, 27.907, 0.851233, -79743.468750, 0.336788888889
ILE, 4, 25.700, 0.809247, -79895.132812, 0.278788888889
LEU, 6, 27.193, 0.874437, -79707.601562, 0.349325925926
LYS, 4, 26.464, 0.833642, -81056.000000, 0.242707407407
MET, 8, 26.484, 0.835008, -80264.343750, 0.221622222222
PHE, 7, 26.018, 0.821129, -79824.109375, 0.339081481481
PRO, 9, 25.650, 0.821524, -80850.593750, 0.268974074074
SER, 2, 25.394, 0.812776, -80514.242188, 0.234703703704
THR, 2, 27.547, 0.86978, -79794.937500, 0.375159259259
TRP, 2, 29.517, 0.861405, -79753.085938, 0.314955555556
TYR, 7, 27.412, 0.820451, -80219.953125, 0.270355555556
VAL, 0, 26.466, 0.858134, -80489.906250, 0.221659259259
