AMINO ACID, DSSP, SASA, GYRATE, ENERGY, RMSF
ALA, 6, 24.871, 0.809591, -80243.312500, 0.251659259259
ARG, 10, 26.751, 0.824908, -79393.187500, 0.298462962963
ASN, 14, 26.442, 0.816461, -80409.484375, 0.210481481481
ASP, 6, 24.720, 0.806677, -78808.117188, 0.207903703704
CYS, 5, 27.414, 0.846197, -80296.234375, 0.307162962963
GLN, 6, 30.633, 0.893298, -81099.468750, 0.290562962963
GLU, 7, 27.180, 0.819337, -80241.515625, 0.207940740741
GLY, 8, 25.155, 0.814437, -79550.453125, 0.230159259259
HIS, 4, 27.131, 0.82995, -79865.367188, 0.336788888889
ILE, 7, 26.341, 0.824509, -79370.968750, 0.278788888889
LEU, 4, 29.181, 0.877678, -79809.796875, 0.349325925926
LYS, 10, 25.594, 0.815101, -80767.757812, 0.242707407407
MET, 8, 26.520, 0.838565, -79722.742188, 0.221622222222
PHE, 4, 26.737, 0.829555, -80096.968750, 0.339081481481
PRO, 10, 25.280, 0.811212, -80011.421875, 0.268974074074
SER, 2, 25.661, 0.822798, -79399.796875, 0.234703703704
THR, 6, 27.972, 0.901299, -80022.562500, 0.375159259259
TRP, 4, 28.428, 0.84825, -79791.843750, 0.314955555556
TYR, 9, 26.504, 0.813195, -80438.453125, 0.270355555556
VAL, 0, 27.641, 0.859567, -80107.937500, 0.221659259259
