AMINO ACID, DSSP, SASA, GYRATE, ENERGY, RMSF
ALA, 4, 24.497, 0.79939, -80355.492188, 0.251659259259
ARG, 8, 27.274, 0.838422, -80560.226562, 0.298462962963
ASN, 11, 25.424, 0.810768, -79616.031250, 0.210481481481
ASP, 4, 25.176, 0.817511, -79801.343750, 0.207903703704
CYS, 5, 27.661, 0.85274, -80758.578125, 0.307162962963
GLN, 8, 29.869, 0.899508, -80052.585938, 0.290562962963
GLU, 4, 26.183, 0.810252, -80555.531250, 0.207940740741
GLY, 7, 25.179, 0.805515, -80754.984375, 0.230159259259
HIS, 10, 27.587, 0.832725, -80564.937500, 0.336788888889
ILE, 7, 26.364, 0.821397, -80117.921875, 0.278788888889
LEU, 4, 27.830, 0.862807, -79539.906250, 0.349325925926
LYS, 8, 26.934, 0.81926, -80752.765625, 0.242707407407
MET, 8, 27.267, 0.838304, -80244.906250, 0.221622222222
PHE, 7, 24.175, 0.819332, -79349.843750, 0.339081481481
PRO, 8, 24.147, 0.803897, -81390.468750, 0.268974074074
SER, 4, 25.477, 0.815408, -80658.039062, 0.234703703704
THR, 4, 27.662, 0.908463, -79849.875000, 0.375159259259
TRP, 0, 28.596, 0.854246, -79895.140625, 0.314955555556
TYR, 11, 26.487, 0.817826, -79805.140625, 0.270355555556
VAL, 2, 28.897, 0.868128, -79743.937500, 0.221659259259
