AMINO ACID, DSSP, SASA, GYRATE, ENERGY, RMSF
ALA, 6, 27.232, 0.830276, -79496.156250, 0.251659259259
ARG, 10, 25.271, 0.825453, -80971.375000, 0.298462962963
ASN, 14, 25.715, 0.811988, -80362.640625, 0.210481481481
ASP, 4, 26.382, 0.818329, -80963.125000, 0.207903703704
CYS, 5, 25.867, 0.850507, -80767.429688, 0.307162962963
GLN, 8, 28.407, 0.898551, -79320.312500, 0.290562962963
GLU, 6, 26.185, 0.833582, -79842.296875, 0.207940740741
GLY, 9, 22.986, 0.781922, -79985.218750, 0.230159259259
HIS, 6, 29.068, 0.867446, -80162.500000, 0.336788888889
ILE, 7, 26.151, 0.800411, -79666.656250, 0.278788888889
LEU, 11, 28.168, 0.870729, -80740.617188, 0.349325925926
LYS, 6, 27.257, 0.816861, -80296.976562, 0.242707407407
MET, 5, 26.227, 0.841491, -79118.726562, 0.221622222222
PHE, 2, 24.988, 0.819833, -80520.476562, 0.339081481481
PRO, 4, 26.760, 0.846692, -79549.890625, 0.268974074074
SER, 4, 26.014, 0.816845, -80531.054688, 0.234703703704
THR, 8, 26.676, 0.867301, -80064.367188, 0.375159259259
TRP, 0, 27.218, 0.829106, -79051.250000, 0.314955555556
TYR, 9, 28.143, 0.829934, -80126.476562, 0.270355555556
VAL, 0, 26.770, 0.83656, -80631.445312, 0.221659259259
