AMINO ACID, DSSP, SASA, GYRATE, ENERGY, RMSF
ALA, 4, 26.507, 0.829459, -79142.921875, 0.251659259259
ARG, 10, 25.550, 0.836005, -81174.484375, 0.298462962963
ASN, 12, 25.266, 0.812825, -81464.562500, 0.210481481481
ASP, 6, 26.649, 0.828274, -81548.539062, 0.207903703704
CYS, 3, 27.275, 0.853154, -80432.203125, 0.307162962963
GLN, 10, 28.093, 0.901028, -81098.437500, 0.290562962963
GLU, 9, 26.402, 0.830134, -80348.640625, 0.207940740741
GLY, 8, 24.547, 0.7943, -79108.445312, 0.230159259259
HIS, 6, 28.239, 0.860853, -80522.265625, 0.336788888889
ILE, 7, 25.891, 0.801935, -80409.273438, 0.278788888889
LEU, 4, 28.644, 0.857988, -80073.437500, 0.349325925926
LYS, 6, 27.603, 0.827109, -80328.507812, 0.242707407407
MET, 10, 26.534, 0.840088, -79932.703125, 0.221622222222
PHE, 4, 24.198, 0.820985, -80196.296875, 0.339081481481
PRO, 8, 27.309, 0.858507, -80705.015625, 0.268974074074
SER, 4, 26.810, 0.817767, -80927.750000, 0.234703703704
THR, 8, 26.562, 0.877816, -78975.531250, 0.375159259259
TRP, 0, 28.035, 0.839556, -79507.484375, 0.314955555556
TYR, 9, 27.010, 0.824411, -80871.500000, 0.270355555556
VAL, 0, 27.577, 0.841293, -79935.656250, 0.221659259259
