AMINO ACID, DSSP, SASA, GYRATE, ENERGY, RMSF
ALA, 6, 26.508, 0.829666, -80001.281250, 0.251659259259
ARG, 10, 27.022, 0.833168, -80295.640625, 0.298462962963
ASN, 6, 26.232, 0.818555, -80192.359375, 0.210481481481
ASP, 6, 26.380, 0.826735, -80737.656250, 0.207903703704
CYS, 3, 27.220, 0.864302, -80620.468750, 0.307162962963
GLN, 10, 28.769, 0.883717, -79118.015625, 0.290562962963
GLU, 6, 25.569, 0.836821, -80576.828125, 0.207940740741
GLY, 10, 22.954, 0.784987, -80541.703125, 0.230159259259
HIS, 6, 27.833, 0.850851, -80072.695312, 0.336788888889
ILE, 7, 24.331, 0.805647, -80663.500000, 0.278788888889
LEU, 4, 29.984, 0.869798, -80788.343750, 0.349325925926
LYS, 8, 26.561, 0.809872, -80922.000000, 0.242707407407
MET, 10, 25.425, 0.828721, -80653.929688, 0.221622222222
PHE, 6, 24.481, 0.816356, -81190.312500, 0.339081481481
PRO, 11, 25.977, 0.859416, -79550.882812, 0.268974074074
SER, 2, 25.090, 0.814468, -80119.125000, 0.234703703704
THR, 6, 27.056, 0.881198, -79712.328125, 0.375159259259
TRP, 0, 26.290, 0.820323, -79470.507812, 0.314955555556
TYR, 9, 27.417, 0.81968, -79830.796875, 0.270355555556
VAL, 2, 25.713, 0.831547, -79448.437500, 0.221659259259
