AMINO ACID, DSSP, SASA, GYRATE, ENERGY, RMSF
ALA, 10, 27.747, 0.850594, -80101.429688, 0.251659259259
ARG, 7, 27.024, 0.845767, -81343.078125, 0.298462962963
ASN, 6, 28.715, 0.85396, -80450.796875, 0.210481481481
ASP, 9, 27.995, 0.827026, -80066.500000, 0.207903703704
CYS, 4, 27.690, 0.879311, -79549.210938, 0.307162962963
GLN, 2, 27.244, 0.829273, -79666.953125, 0.290562962963
GLU, 7, 28.399, 0.832878, -80398.046875, 0.207940740741
GLY, 9, 25.456, 0.830996, -81254.421875, 0.230159259259
HIS, 10, 25.496, 0.834428, -79558.437500, 0.336788888889
ILE, 10, 28.093, 0.820857, -80695.398438, 0.278788888889
LEU, 6, 26.018, 0.818961, -80513.046875, 0.349325925926
LYS, 5, 26.444, 0.841071, -81189.937500, 0.242707407407
MET, 2, 28.010, 0.84827, -80145.656250, 0.221622222222
PHE, 5, 25.344, 0.810902, -79431.468750, 0.339081481481
PRO, 6, 25.432, 0.830116, -79799.335938, 0.268974074074
SER, 10, 26.098, 0.806806, -80495.031250, 0.234703703704
THR, 10, 26.258, 0.825306, -80504.843750, 0.375159259259
TRP, 0, 27.977, 0.849677, -80214.375000, 0.314955555556
TYR, 5, 28.136, 0.872391, -79825.804688, 0.270355555556
VAL, 10, 25.789, 0.818484, -81138.890625, 0.221659259259
