AMINO ACID, DSSP, SASA, GYRATE, ENERGY, RMSF
ALA, 4, 25.023, 0.820758, -80328.273438, 0.251659259259
ARG, 10, 27.012, 0.836782, -80210.101562, 0.298462962963
ASN, 10, 25.724, 0.838151, -79761.703125, 0.210481481481
ASP, 8, 26.761, 0.824346, -79934.031250, 0.207903703704
CYS, 8, 28.263, 0.861339, -80144.343750, 0.307162962963
GLN, 8, 28.471, 0.889115, -79749.093750, 0.290562962963
GLU, 6, 25.747, 0.824434, -80200.890625, 0.207940740741
GLY, 9, 26.138, 0.807777, -80354.078125, 0.230159259259
HIS, 4, 27.334, 0.841835, -80255.898438, 0.336788888889
ILE, 10, 24.955, 0.808572, -80233.578125, 0.278788888889
LEU, 9, 28.471, 0.864668, -80533.906250, 0.349325925926
LYS, 6, 26.275, 0.820055, -80316.429688, 0.242707407407
MET, 8, 27.187, 0.830239, -80023.960938, 0.221622222222
PHE, 9, 25.338, 0.832734, -80123.265625, 0.339081481481
PRO, 13, 26.304, 0.839192, -80660.406250, 0.268974074074
SER, 4, 25.795, 0.815734, -80311.093750, 0.234703703704
THR, 6, 27.330, 0.888716, -79751.648438, 0.375159259259
TRP, 0, 27.935, 0.862184, -80241.554688, 0.314955555556
TYR, 9, 27.847, 0.832962, -80476.406250, 0.270355555556
VAL, 0, 27.986, 0.867485, -79875.562500, 0.221659259259
