AMINO ACID, DSSP, SASA, GYRATE, ENERGY, RMSF
ALA, 4, 25.684, 0.816561, -80455.796875, 0.251659259259
ARG, 10, 26.352, 0.834562, -80974.109375, 0.298462962963
ASN, 10, 26.342, 0.839111, -80132.968750, 0.210481481481
ASP, 13, 26.606, 0.81454, -78943.843750, 0.207903703704
CYS, 6, 28.382, 0.876239, -80918.625000, 0.307162962963
GLN, 8, 28.911, 0.904564, -79912.476562, 0.290562962963
GLU, 6, 25.529, 0.830399, -80189.312500, 0.207940740741
GLY, 10, 24.956, 0.794571, -79720.093750, 0.230159259259
HIS, 4, 28.361, 0.855848, -79105.710938, 0.336788888889
ILE, 7, 25.688, 0.805867, -79984.453125, 0.278788888889
LEU, 6, 28.012, 0.858645, -79798.968750, 0.349325925926
LYS, 10, 25.649, 0.815251, -80708.789062, 0.242707407407
MET, 8, 26.277, 0.836221, -79862.757812, 0.221622222222
PHE, 6, 24.563, 0.821432, -81133.703125, 0.339081481481
PRO, 12, 25.829, 0.841804, -79854.703125, 0.268974074074
SER, 4, 25.675, 0.812599, -80258.953125, 0.234703703704
THR, 6, 26.723, 0.876545, -79845.359375, 0.375159259259
TRP, 0, 27.416, 0.856957, -80690.914062, 0.314955555556
TYR, 9, 27.977, 0.825574, -80356.375000, 0.270355555556
VAL, 4, 28.177, 0.860924, -80110.835938, 0.221659259259
