AMINO ACID, DSSP, SASA, GYRATE, ENERGY, RMSF
ALA, 4, 26.659, 0.823818, -80360.203125, 0.251659259259
ARG, 10, 26.036, 0.829551, -80503.382812, 0.298462962963
ASN, 8, 26.062, 0.836497, -81382.109375, 0.210481481481
ASP, 9, 27.405, 0.811197, -79565.835938, 0.207903703704
CYS, 6, 27.778, 0.870724, -80831.445312, 0.307162962963
GLN, 8, 28.956, 0.899402, -80281.257812, 0.290562962963
GLU, 6, 26.074, 0.826723, -80424.031250, 0.207940740741
GLY, 8, 25.318, 0.808861, -80072.867188, 0.230159259259
HIS, 4, 27.599, 0.846255, -80069.695312, 0.336788888889
ILE, 4, 26.922, 0.820768, -80028.625000, 0.278788888889
LEU, 11, 27.616, 0.847582, -80564.390625, 0.349325925926
LYS, 8, 25.729, 0.81553, -80152.531250, 0.242707407407
MET, 10, 26.158, 0.84863, -80418.078125, 0.221622222222
PHE, 9, 24.966, 0.82593, -79706.718750, 0.339081481481
PRO, 13, 26.171, 0.831402, -80686.187500, 0.268974074074
SER, 4, 24.046, 0.800999, -80520.843750, 0.234703703704
THR, 4, 27.434, 0.887178, -80197.906250, 0.375159259259
TRP, 0, 29.235, 0.867816, -80218.406250, 0.314955555556
TYR, 7, 27.806, 0.818359, -79590.203125, 0.270355555556
VAL, 8, 27.776, 0.85981, -81496.250000, 0.221659259259
