AMINO ACID, DSSP, SASA, GYRATE, ENERGY, RMSF
ALA, 4, 27.507, 0.819298, -80836.554688, 0.251659259259
ARG, 10, 25.878, 0.831003, -80534.265625, 0.298462962963
ASN, 8, 24.601, 0.808052, -81511.718750, 0.210481481481
ASP, 12, 26.056, 0.817032, -79888.640625, 0.207903703704
CYS, 8, 27.874, 0.862219, -79584.687500, 0.307162962963
GLN, 10, 30.886, 0.920433, -79834.171875, 0.290562962963
GLU, 7, 25.424, 0.82335, -80061.375000, 0.207940740741
GLY, 7, 24.641, 0.799304, -80571.000000, 0.230159259259
HIS, 4, 26.912, 0.843604, -79886.328125, 0.336788888889
ILE, 10, 24.404, 0.803117, -80372.781250, 0.278788888889
LEU, 2, 28.245, 0.864507, -80214.468750, 0.349325925926
LYS, 10, 24.612, 0.79944, -79705.023438, 0.242707407407
MET, 8, 26.183, 0.820676, -79533.210938, 0.221622222222
PHE, 9, 24.757, 0.825465, -79618.828125, 0.339081481481
PRO, 9, 25.707, 0.834381, -80228.406250, 0.268974074074
SER, 2, 25.041, 0.806352, -80288.882812, 0.234703703704
THR, 6, 26.751, 0.896252, -80818.453125, 0.375159259259
TRP, 0, 26.242, 0.837088, -80199.132812, 0.314955555556
TYR, 7, 28.186, 0.823487, -80196.132812, 0.270355555556
VAL, 0, 26.793, 0.834174, -79013.898438, 0.221659259259
