AMINO ACID, DSSP, SASA, GYRATE, ENERGY, RMSF
ALA, 2, 28.065, 0.866605, -79785.218750, 0.251659259259
ARG, 8, 29.082, 0.851097, -80348.125000, 0.298462962963
ASN, 8, 28.790, 0.848491, -81300.421875, 0.210481481481
ASP, 9, 27.790, 0.831007, -79450.585938, 0.207903703704
CYS, 8, 26.490, 0.881527, -80324.453125, 0.307162962963
GLN, 4, 27.215, 0.823831, -80287.898438, 0.290562962963
GLU, 5, 27.094, 0.836418, -79934.898438, 0.207940740741
GLY, 9, 24.390, 0.826564, -80330.312500, 0.230159259259
HIS, 10, 26.679, 0.838842, -80865.562500, 0.336788888889
ILE, 12, 26.992, 0.821648, -80189.250000, 0.278788888889
LEU, 8, 26.165, 0.807499, -79751.343750, 0.349325925926
LYS, 6, 27.439, 0.849164, -79891.132812, 0.242707407407
MET, 7, 26.663, 0.821481, -80133.078125, 0.221622222222
PHE, 10, 26.369, 0.818322, -79701.546875, 0.339081481481
PRO, 4, 25.138, 0.835712, -79990.570312, 0.268974074074
SER, 11, 25.458, 0.806578, -79529.484375, 0.234703703704
THR, 6, 26.374, 0.829914, -80438.765625, 0.375159259259
TRP, 6, 25.904, 0.825429, -80258.632812, 0.314955555556
TYR, 9, 28.553, 0.870938, -79783.125000, 0.270355555556
VAL, 8, 25.430, 0.814159, -80282.445312, 0.221659259259
