AMINO ACID, DSSP, SASA, GYRATE, ENERGY, RMSF
ALA, 2, 27.649, 0.823113, -79921.421875, 0.251659259259
ARG, 6, 25.169, 0.828076, -80206.093750, 0.298462962963
ASN, 11, 25.291, 0.819649, -79050.304688, 0.210481481481
ASP, 12, 25.346, 0.81718, -80356.117188, 0.207903703704
CYS, 8, 26.610, 0.823813, -80199.320312, 0.307162962963
GLN, 8, 27.931, 0.911558, -80323.835938, 0.290562962963
GLU, 6, 25.965, 0.82631, -80382.632812, 0.207940740741
GLY, 7, 23.648, 0.800165, -81017.625000, 0.230159259259
HIS, 6, 25.553, 0.831023, -79761.734375, 0.336788888889
ILE, 4, 25.725, 0.800414, -80637.195312, 0.278788888889
LEU, 8, 27.888, 0.870865, -80180.703125, 0.349325925926
LYS, 6, 28.261, 0.815983, -80226.421875, 0.242707407407
MET, 8, 26.185, 0.828198, -80795.031250, 0.221622222222
PHE, 8, 25.555, 0.835823, -79106.375000, 0.339081481481
PRO, 9, 25.813, 0.83653, -80635.515625, 0.268974074074
SER, 4, 26.053, 0.819858, -80629.734375, 0.234703703704
THR, 4, 26.533, 0.881983, -79979.609375, 0.375159259259
TRP, 0, 28.932, 0.850967, -80183.578125, 0.314955555556
TYR, 9, 26.151, 0.827725, -79590.437500, 0.270355555556
VAL, 2, 26.348, 0.853907, -80603.906250, 0.221659259259
