AMINO ACID, DSSP, SASA, GYRATE, ENERGY, RMSF
ALA, 4, 27.733, 0.821871, -79710.484375, 0.251659259259
ARG, 10, 25.830, 0.834721, -80752.484375, 0.298462962963
ASN, 11, 24.833, 0.804203, -80309.390625, 0.210481481481
ASP, 12, 23.721, 0.815633, -79648.007812, 0.207903703704
CYS, 5, 26.532, 0.850653, -79926.640625, 0.307162962963
GLN, 4, 28.739, 0.901443, -80732.296875, 0.290562962963
GLU, 11, 25.021, 0.813203, -80551.437500, 0.207940740741
GLY, 9, 24.185, 0.801174, -79596.890625, 0.230159259259
HIS, 4, 26.929, 0.84357, -80441.539062, 0.336788888889
ILE, 6, 24.833, 0.806154, -79951.921875, 0.278788888889
LEU, 6, 27.549, 0.86478, -80383.867188, 0.349325925926
LYS, 8, 26.704, 0.799329, -81052.500000, 0.242707407407
MET, 10, 25.842, 0.82954, -80234.843750, 0.221622222222
PHE, 9, 26.867, 0.839486, -79961.140625, 0.339081481481
PRO, 4, 25.399, 0.830018, -80316.515625, 0.268974074074
SER, 2, 24.814, 0.817703, -80026.078125, 0.234703703704
THR, 4, 27.004, 0.885994, -79610.703125, 0.375159259259
TRP, 0, 27.951, 0.84254, -79861.546875, 0.314955555556
TYR, 9, 25.779, 0.821874, -80733.046875, 0.270355555556
VAL, 4, 26.726, 0.845343, -80608.765625, 0.221659259259
