AMINO ACID, DSSP, SASA, GYRATE, ENERGY, RMSF
ALA, 4, 26.774, 0.825251, -79245.992188, 0.251659259259
ARG, 10, 24.787, 0.82771, -80515.937500, 0.298462962963
ASN, 12, 24.641, 0.809884, -80391.585938, 0.210481481481
ASP, 8, 24.543, 0.816355, -80275.937500, 0.207903703704
CYS, 5, 28.546, 0.867302, -79686.921875, 0.307162962963
GLN, 8, 29.192, 0.903693, -79973.437500, 0.290562962963
GLU, 6, 24.697, 0.814507, -80055.875000, 0.207940740741
GLY, 7, 24.429, 0.80574, -79616.515625, 0.230159259259
HIS, 8, 27.377, 0.833895, -79946.796875, 0.336788888889
ILE, 10, 25.144, 0.804041, -80047.000000, 0.278788888889
LEU, 4, 27.704, 0.86034, -79628.546875, 0.349325925926
LYS, 12, 26.854, 0.815334, -80736.585938, 0.242707407407
MET, 8, 25.928, 0.826014, -80487.312500, 0.221622222222
PHE, 6, 24.285, 0.829337, -79269.617188, 0.339081481481
PRO, 9, 25.446, 0.829479, -80864.578125, 0.268974074074
SER, 4, 26.061, 0.819071, -80225.390625, 0.234703703704
THR, 6, 27.629, 0.88172, -80287.578125, 0.375159259259
TRP, 0, 28.650, 0.865441, -79452.070312, 0.314955555556
TYR, 11, 26.635, 0.813968, -79918.656250, 0.270355555556
VAL, 4, 25.761, 0.837526, -80348.921875, 0.221659259259
