AMINO ACID, DSSP, SASA, GYRATE, ENERGY, RMSF
ALA, 6, 26.993, 0.8261, -80193.781250, 0.251659259259
ARG, 10, 25.560, 0.838649, -80471.515625, 0.298462962963
ASN, 8, 25.723, 0.82171, -79656.906250, 0.210481481481
ASP, 14, 26.851, 0.820725, -80121.554688, 0.207903703704
CYS, 5, 27.447, 0.863049, -80140.296875, 0.307162962963
GLN, 7, 27.223, 0.871123, -80004.218750, 0.290562962963
GLU, 6, 25.282, 0.835225, -80404.328125, 0.207940740741
GLY, 7, 26.518, 0.830227, -80441.320312, 0.230159259259
HIS, 6, 27.085, 0.84706, -79559.398438, 0.336788888889
ILE, 7, 25.176, 0.805659, -79968.968750, 0.278788888889
LEU, 6, 28.482, 0.862418, -79550.687500, 0.349325925926
LYS, 8, 27.465, 0.831264, -80506.804688, 0.242707407407
MET, 8, 27.699, 0.83896, -80645.078125, 0.221622222222
PHE, 6, 24.980, 0.822462, -79807.273438, 0.339081481481
PRO, 13, 25.405, 0.832361, -80932.382812, 0.268974074074
SER, 4, 25.796, 0.818693, -80568.445312, 0.234703703704
THR, 6, 27.339, 0.896623, -80454.906250, 0.375159259259
TRP, 0, 27.606, 0.841475, -80534.390625, 0.314955555556
TYR, 9, 26.001, 0.820212, -79831.828125, 0.270355555556
VAL, 4, 30.538, 0.876295, -80623.406250, 0.221659259259
