AMINO ACID, DSSP, SASA, GYRATE, ENERGY, RMSF
ALA, 4, 26.974, 0.835237, -80536.671875, 0.251659259259
ARG, 10, 27.462, 0.837775, -80342.625000, 0.298462962963
ASN, 12, 24.927, 0.796274, -79881.375000, 0.210481481481
ASP, 11, 26.912, 0.816799, -79576.289062, 0.207903703704
CYS, 6, 28.006, 0.856628, -79880.195312, 0.307162962963
GLN, 9, 27.569, 0.908177, -80115.750000, 0.290562962963
GLU, 8, 26.519, 0.821306, -80010.000000, 0.207940740741
GLY, 11, 24.322, 0.800742, -80496.515625, 0.230159259259
HIS, 8, 26.824, 0.843388, -79364.335938, 0.336788888889
ILE, 7, 25.850, 0.815894, -79672.632812, 0.278788888889
LEU, 9, 27.116, 0.849962, -79731.695312, 0.349325925926
LYS, 12, 27.057, 0.819619, -81232.890625, 0.242707407407
MET, 5, 27.904, 0.838996, -78892.734375, 0.221622222222
PHE, 6, 26.236, 0.851005, -79974.132812, 0.339081481481
PRO, 13, 23.685, 0.821405, -80165.343750, 0.268974074074
SER, 4, 25.480, 0.818466, -80540.640625, 0.234703703704
THR, 4, 27.029, 0.899774, -80482.609375, 0.375159259259
TRP, 2, 29.824, 0.847557, -80256.812500, 0.314955555556
TYR, 9, 26.025, 0.81448, -80024.054688, 0.270355555556
VAL, 4, 27.440, 0.846259, -80300.375000, 0.221659259259
