AMINO ACID, DSSP, SASA, GYRATE, ENERGY, RMSF
ALA, 8, 26.863, 0.824812, -80925.921875, 0.251659259259
ARG, 10, 26.140, 0.823502, -80859.820312, 0.298462962963
ASN, 16, 26.560, 0.814211, -81572.382812, 0.210481481481
ASP, 7, 26.592, 0.834502, -80403.812500, 0.207903703704
CYS, 10, 26.906, 0.853177, -80093.390625, 0.307162962963
GLN, 6, 30.139, 0.905186, -80671.070312, 0.290562962963
GLU, 8, 25.864, 0.833854, -79512.218750, 0.207940740741
GLY, 9, 24.407, 0.815083, -80620.687500, 0.230159259259
HIS, 6, 29.077, 0.861643, -80468.359375, 0.336788888889
ILE, 7, 25.228, 0.802755, -80579.820312, 0.278788888889
LEU, 6, 28.116, 0.86085, -80178.109375, 0.349325925926
LYS, 10, 27.233, 0.823755, -81078.875000, 0.242707407407
MET, 8, 26.638, 0.823514, -80690.789062, 0.221622222222
PHE, 4, 25.676, 0.832545, -79865.343750, 0.339081481481
PRO, 7, 24.620, 0.805125, -81078.156250, 0.268974074074
SER, 4, 24.896, 0.807043, -79983.359375, 0.234703703704
THR, 6, 27.630, 0.870703, -79387.343750, 0.375159259259
TRP, 2, 28.035, 0.847776, -80027.382812, 0.314955555556
TYR, 9, 27.329, 0.81949, -79988.414062, 0.270355555556
VAL, 6, 28.476, 0.870683, -79370.406250, 0.221659259259
