AMINO ACID, DSSP, SASA, GYRATE, ENERGY, RMSF
ALA, 6, 26.394, 0.812766, -79928.484375, 0.251659259259
ARG, 10, 26.533, 0.840417, -79900.515625, 0.298462962963
ASN, 12, 27.208, 0.823147, -80641.359375, 0.210481481481
ASP, 9, 25.477, 0.818954, -79580.312500, 0.207903703704
CYS, 9, 26.804, 0.848429, -80933.523438, 0.307162962963
GLN, 6, 28.468, 0.902517, -79415.992188, 0.290562962963
GLU, 8, 25.615, 0.828436, -79616.773438, 0.207940740741
GLY, 9, 24.347, 0.800955, -80761.945312, 0.230159259259
HIS, 8, 28.965, 0.859765, -79875.773438, 0.336788888889
ILE, 7, 24.810, 0.796093, -80024.312500, 0.278788888889
LEU, 11, 26.633, 0.855942, -81034.078125, 0.349325925926
LYS, 8, 27.586, 0.816739, -80134.960938, 0.242707407407
MET, 7, 26.530, 0.832513, -79886.171875, 0.221622222222
PHE, 4, 24.517, 0.806879, -79935.250000, 0.339081481481
PRO, 12, 25.080, 0.808278, -80683.625000, 0.268974074074
SER, 2, 26.629, 0.82233, -79869.828125, 0.234703703704
THR, 8, 26.882, 0.871682, -80370.296875, 0.375159259259
TRP, 2, 28.522, 0.834225, -80044.023438, 0.314955555556
TYR, 7, 26.833, 0.817846, -80509.890625, 0.270355555556
VAL, 4, 28.244, 0.857977, -80406.000000, 0.221659259259
