AMINO ACID, DSSP, SASA, GYRATE, ENERGY, RMSF
ALA, 6, 25.742, 0.805323, -79874.906250, 0.251659259259
ARG, 8, 26.745, 0.855509, -81079.695312, 0.298462962963
ASN, 8, 26.484, 0.830508, -81182.234375, 0.210481481481
ASP, 7, 25.311, 0.80815, -80546.554688, 0.207903703704
CYS, 5, 28.705, 0.861674, -80976.734375, 0.307162962963
GLN, 6, 29.084, 0.903489, -80139.343750, 0.290562962963
GLU, 8, 26.053, 0.833927, -80750.968750, 0.207940740741
GLY, 7, 25.772, 0.805312, -81038.015625, 0.230159259259
HIS, 8, 28.655, 0.847295, -79564.453125, 0.336788888889
ILE, 10, 25.167, 0.800855, -79671.000000, 0.278788888889
LEU, 2, 26.821, 0.874191, -79839.023438, 0.349325925926
LYS, 10, 26.533, 0.809992, -80382.156250, 0.242707407407
MET, 10, 25.988, 0.831002, -79847.437500, 0.221622222222
PHE, 5, 26.394, 0.81572, -79778.507812, 0.339081481481
PRO, 12, 25.925, 0.812056, -80489.515625, 0.268974074074
SER, 4, 24.166, 0.802843, -80490.859375, 0.234703703704
THR, 8, 26.120, 0.857186, -80289.156250, 0.375159259259
TRP, 4, 29.153, 0.842738, -80493.625000, 0.314955555556
TYR, 11, 27.181, 0.821694, -79895.210938, 0.270355555556
VAL, 4, 27.680, 0.845504, -80360.906250, 0.221659259259
