AMINO ACID, DSSP, SASA, GYRATE, ENERGY, RMSF
ALA, 8, 24.518, 0.803154, -79929.312500, 0.251659259259
ARG, 8, 27.905, 0.848274, -80764.906250, 0.298462962963
ASN, 11, 25.838, 0.836965, -80400.093750, 0.210481481481
ASP, 4, 24.795, 0.820714, -80873.218750, 0.207903703704
CYS, 7, 28.290, 0.856749, -80342.539062, 0.307162962963
GLN, 8, 29.495, 0.899921, -80689.710938, 0.290562962963
GLU, 11, 25.650, 0.815318, -80735.515625, 0.207940740741
GLY, 9, 23.927, 0.790743, -79047.671875, 0.230159259259
HIS, 6, 26.886, 0.851567, -80285.648438, 0.336788888889
ILE, 7, 24.657, 0.805877, -80773.085938, 0.278788888889
LEU, 6, 26.926, 0.862754, -80175.000000, 0.349325925926
LYS, 9, 26.422, 0.820807, -80902.273438, 0.242707407407
MET, 10, 25.851, 0.827627, -80058.328125, 0.221622222222
PHE, 2, 26.761, 0.825959, -80282.906250, 0.339081481481
PRO, 12, 24.361, 0.803332, -80252.406250, 0.268974074074
SER, 4, 24.965, 0.802659, -80069.125000, 0.234703703704
THR, 6, 26.654, 0.883404, -79417.015625, 0.375159259259
TRP, 4, 29.031, 0.842771, -80157.789062, 0.314955555556
TYR, 9, 27.115, 0.825756, -79413.070312, 0.270355555556
VAL, 4, 26.167, 0.840474, -80233.671875, 0.221659259259
