AMINO ACID, DSSP, SASA, GYRATE, ENERGY, RMSF
ALA, 8, 25.478, 0.809025, -79446.656250, 0.251659259259
ARG, 10, 27.070, 0.840335, -80075.609375, 0.298462962963
ASN, 12, 25.940, 0.825865, -80491.171875, 0.210481481481
ASP, 4, 24.504, 0.812427, -79541.687500, 0.207903703704
CYS, 9, 27.961, 0.848685, -79489.570312, 0.307162962963
GLN, 8, 30.076, 0.906118, -81348.171875, 0.290562962963
GLU, 6, 25.180, 0.819803, -80020.421875, 0.207940740741
GLY, 7, 24.255, 0.796155, -80199.585938, 0.230159259259
HIS, 6, 26.348, 0.833712, -80155.781250, 0.336788888889
ILE, 10, 25.662, 0.802392, -79524.406250, 0.278788888889
LEU, 4, 27.980, 0.875732, -80560.343750, 0.349325925926
LYS, 10, 26.996, 0.814315, -80965.140625, 0.242707407407
MET, 10, 24.923, 0.821629, -79835.835938, 0.221622222222
PHE, 2, 26.537, 0.820949, -78829.195312, 0.339081481481
PRO, 10, 25.210, 0.816912, -81057.421875, 0.268974074074
SER, 4, 26.850, 0.823, -81025.281250, 0.234703703704
THR, 11, 26.649, 0.877634, -80155.195312, 0.375159259259
TRP, 2, 29.353, 0.84186, -79806.125000, 0.314955555556
TYR, 9, 27.765, 0.819861, -80333.968750, 0.270355555556
VAL, 4, 28.466, 0.854218, -80435.945312, 0.221659259259
