AMINO ACID, DSSP, SASA, GYRATE, ENERGY, RMSF
ALA, 8, 24.581, 0.803523, -80309.375000, 0.251659259259
ARG, 10, 27.246, 0.839075, -81424.421875, 0.298462962963
ASN, 14, 25.885, 0.827024, -80994.953125, 0.210481481481
ASP, 7, 24.695, 0.809209, -80260.820312, 0.207903703704
CYS, 5, 27.668, 0.847311, -79951.585938, 0.307162962963
GLN, 8, 30.347, 0.913391, -80764.609375, 0.290562962963
GLU, 6, 24.582, 0.812, -79226.710938, 0.207940740741
GLY, 7, 23.683, 0.794546, -80396.054688, 0.230159259259
HIS, 4, 27.148, 0.845223, -80492.859375, 0.336788888889
ILE, 10, 25.157, 0.803571, -79562.242188, 0.278788888889
LEU, 11, 28.164, 0.877097, -80367.078125, 0.349325925926
LYS, 6, 27.619, 0.823778, -80567.359375, 0.242707407407
MET, 10, 25.520, 0.82677, -80365.757812, 0.221622222222
PHE, 2, 26.231, 0.824046, -80341.062500, 0.339081481481
PRO, 9, 24.833, 0.807422, -80366.343750, 0.268974074074
SER, 4, 26.348, 0.816784, -80929.445312, 0.234703703704
THR, 6, 27.048, 0.893488, -80036.179688, 0.375159259259
TRP, 4, 28.756, 0.837634, -80214.695312, 0.314955555556
TYR, 9, 28.118, 0.824819, -80688.484375, 0.270355555556
VAL, 6, 27.474, 0.844624, -80070.187500, 0.221659259259
