AMINO ACID, DSSP, SASA, GYRATE, ENERGY, RMSF
ALA, 6, 26.047, 0.842853, -79878.945312, 0.251659259259
ARG, 10, 29.490, 0.846964, -80970.890625, 0.298462962963
ASN, 8, 27.379, 0.82352, -79847.859375, 0.210481481481
ASP, 10, 26.353, 0.80418, -80674.250000, 0.207903703704
CYS, 8, 28.294, 0.876876, -80868.781250, 0.307162962963
GLN, 10, 27.161, 0.814618, -79825.296875, 0.290562962963
GLU, 8, 27.340, 0.866077, -79756.843750, 0.207940740741
GLY, 8, 26.928, 0.830324, -79937.687500, 0.230159259259
HIS, 12, 27.185, 0.858223, -80335.601562, 0.336788888889
ILE, 6, 26.447, 0.829956, -80620.148438, 0.278788888889
LEU, 14, 25.569, 0.80686, -80345.867188, 0.349325925926
LYS, 12, 25.112, 0.802465, -81106.765625, 0.242707407407
MET, 11, 27.480, 0.842209, -80146.828125, 0.221622222222
PHE, 8, 27.626, 0.835555, -80031.593750, 0.339081481481
PRO, 9, 27.788, 0.863405, -79784.851562, 0.268974074074
SER, 10, 25.851, 0.824845, -81244.421875, 0.234703703704
THR, 6, 25.456, 0.806093, -79467.898438, 0.375159259259
TRP, 8, 28.706, 0.845524, -79954.867188, 0.314955555556
TYR, 10, 28.621, 0.853518, -80629.804688, 0.270355555556
VAL, 6, 26.457, 0.827453, -80000.546875, 0.221659259259
