AMINO ACID, DSSP, SASA, GYRATE, ENERGY, RMSF
ALA, 10, 24.065, 0.795701, -80659.265625, 0.251659259259
ARG, 6, 25.560, 0.82586, -80379.281250, 0.298462962963
ASN, 8, 25.966, 0.837169, -80305.382812, 0.210481481481
ASP, 12, 25.891, 0.814674, -80383.984375, 0.207903703704
CYS, 7, 27.933, 0.86728, -80001.828125, 0.307162962963
GLN, 9, 28.250, 0.892516, -79446.742188, 0.290562962963
GLU, 6, 26.372, 0.838157, -79818.359375, 0.207940740741
GLY, 9, 25.346, 0.808307, -80416.367188, 0.230159259259
HIS, 10, 27.851, 0.84768, -80426.429688, 0.336788888889
ILE, 4, 25.016, 0.806162, -80541.578125, 0.278788888889
LEU, 6, 28.718, 0.87924, -79400.164062, 0.349325925926
LYS, 6, 27.307, 0.816075, -81571.351562, 0.242707407407
MET, 10, 25.608, 0.816795, -79384.609375, 0.221622222222
PHE, 4, 24.057, 0.803257, -80717.609375, 0.339081481481
PRO, 12, 24.573, 0.800754, -80220.804688, 0.268974074074
SER, 2, 25.095, 0.817317, -80585.046875, 0.234703703704
THR, 4, 27.435, 0.866661, -79822.937500, 0.375159259259
TRP, 4, 28.959, 0.849818, -80336.093750, 0.314955555556
TYR, 7, 26.709, 0.822777, -79388.421875, 0.270355555556
VAL, 2, 26.455, 0.845892, -80190.000000, 0.221659259259
