AMINO ACID, DSSP, SASA, GYRATE, ENERGY, RMSF
ALA, 8, 24.454, 0.807748, -80940.359375, 0.251659259259
ARG, 4, 26.112, 0.83121, -80578.500000, 0.298462962963
ASN, 12, 25.954, 0.823781, -80570.718750, 0.210481481481
ASP, 12, 25.125, 0.808484, -80490.343750, 0.207903703704
CYS, 11, 26.816, 0.85227, -80393.781250, 0.307162962963
GLN, 6, 29.877, 0.907697, -80026.406250, 0.290562962963
GLU, 6, 27.751, 0.847638, -80450.523438, 0.207940740741
GLY, 9, 25.444, 0.811977, -80343.796875, 0.230159259259
HIS, 6, 28.357, 0.849444, -81115.781250, 0.336788888889
ILE, 7, 26.403, 0.808676, -80006.781250, 0.278788888889
LEU, 3, 28.069, 0.85365, -79885.460938, 0.349325925926
LYS, 6, 27.773, 0.829252, -81143.140625, 0.242707407407
MET, 10, 26.743, 0.830677, -79801.968750, 0.221622222222
PHE, 7, 25.233, 0.813162, -80205.234375, 0.339081481481
PRO, 10, 25.341, 0.816956, -81169.625000, 0.268974074074
SER, 4, 25.379, 0.812097, -80943.843750, 0.234703703704
THR, 8, 24.358, 0.858453, -79605.531250, 0.375159259259
TRP, 2, 30.710, 0.861366, -80546.875000, 0.314955555556
TYR, 7, 27.254, 0.826318, -79908.179688, 0.270355555556
VAL, 4, 27.692, 0.843425, -80771.140625, 0.221659259259
