AMINO ACID, DSSP, SASA, GYRATE, ENERGY, RMSF
ALA, 8, 25.534, 0.811257, -81177.734375, 0.251659259259
ARG, 11, 25.859, 0.821604, -80961.328125, 0.298462962963
ASN, 8, 27.620, 0.821394, -80056.546875, 0.210481481481
ASP, 8, 27.036, 0.833731, -80077.664062, 0.207903703704
CYS, 10, 27.744, 0.857604, -79954.679688, 0.307162962963
GLN, 6, 28.514, 0.887474, -80764.890625, 0.290562962963
GLU, 6, 26.476, 0.849326, -80242.531250, 0.207940740741
GLY, 7, 25.492, 0.795361, -80520.390625, 0.230159259259
HIS, 8, 28.118, 0.856021, -80362.148438, 0.336788888889
ILE, 10, 26.535, 0.818279, -80429.789062, 0.278788888889
LEU, 2, 28.735, 0.864926, -79690.875000, 0.349325925926
LYS, 8, 28.071, 0.830672, -80893.835938, 0.242707407407
MET, 10, 27.688, 0.830459, -80425.171875, 0.221622222222
PHE, 4, 25.779, 0.807107, -78882.968750, 0.339081481481
PRO, 8, 25.409, 0.800167, -81226.695312, 0.268974074074
SER, 4, 24.276, 0.80957, -80393.671875, 0.234703703704
THR, 4, 25.923, 0.871118, -80121.531250, 0.375159259259
TRP, 2, 28.168, 0.844455, -80428.109375, 0.314955555556
TYR, 7, 25.288, 0.817427, -79588.125000, 0.270355555556
VAL, 4, 28.952, 0.874435, -78978.171875, 0.221659259259
