AMINO ACID, DSSP, SASA, GYRATE, ENERGY, RMSF
ALA, 8, 24.002, 0.808047, -80525.093750, 0.251659259259
ARG, 6, 25.317, 0.822388, -80328.734375, 0.298462962963
ASN, 12, 28.606, 0.82428, -81026.718750, 0.210481481481
ASP, 8, 25.601, 0.818946, -80265.812500, 0.207903703704
CYS, 6, 27.733, 0.854698, -79858.156250, 0.307162962963
GLN, 6, 28.635, 0.897885, -80530.414062, 0.290562962963
GLU, 11, 27.631, 0.842731, -80195.726562, 0.207940740741
GLY, 7, 25.571, 0.804895, -80386.187500, 0.230159259259
HIS, 8, 27.087, 0.842501, -80709.468750, 0.336788888889
ILE, 7, 25.958, 0.799587, -80775.304688, 0.278788888889
LEU, 2, 28.436, 0.852839, -79288.765625, 0.349325925926
LYS, 12, 26.166, 0.814489, -80101.773438, 0.242707407407
MET, 8, 26.128, 0.82354, -80198.296875, 0.221622222222
PHE, 6, 25.143, 0.81018, -80568.906250, 0.339081481481
PRO, 10, 25.833, 0.814758, -80533.937500, 0.268974074074
SER, 4, 24.445, 0.806637, -79861.937500, 0.234703703704
THR, 9, 26.210, 0.855531, -80248.726562, 0.375159259259
TRP, 2, 27.366, 0.840918, -80720.062500, 0.314955555556
TYR, 5, 27.112, 0.834758, -79998.234375, 0.270355555556
VAL, 2, 27.925, 0.855994, -79222.304688, 0.221659259259
