AMINO ACID, DSSP, SASA, GYRATE, ENERGY, RMSF
ALA, 8, 26.781, 0.820292, -80067.531250, 0.251659259259
ARG, 10, 27.434, 0.849098, -80704.695312, 0.298462962963
ASN, 13, 28.047, 0.820005, -81161.585938, 0.210481481481
ASP, 12, 25.474, 0.81982, -80778.007812, 0.207903703704
CYS, 9, 28.212, 0.837873, -80428.671875, 0.307162962963
GLN, 6, 28.845, 0.901741, -80385.367188, 0.290562962963
GLU, 6, 27.266, 0.836161, -79346.562500, 0.207940740741
GLY, 7, 25.718, 0.806253, -80616.132812, 0.230159259259
HIS, 4, 28.402, 0.855923, -79697.976562, 0.336788888889
ILE, 7, 26.077, 0.801586, -79706.031250, 0.278788888889
LEU, 2, 27.094, 0.848185, -79955.562500, 0.349325925926
LYS, 11, 26.686, 0.817652, -80741.312500, 0.242707407407
MET, 10, 26.358, 0.828378, -79793.140625, 0.221622222222
PHE, 4, 25.847, 0.802895, -78994.039062, 0.339081481481
PRO, 12, 25.133, 0.80816, -79874.562500, 0.268974074074
SER, 0, 25.217, 0.813234, -80319.531250, 0.234703703704
THR, 4, 28.132, 0.887283, -79154.085938, 0.375159259259
TRP, 2, 27.902, 0.844121, -79880.664062, 0.314955555556
TYR, 9, 27.112, 0.826356, -80319.273438, 0.270355555556
VAL, 4, 28.402, 0.864291, -80161.429688, 0.221659259259
