AMINO ACID, DSSP, SASA, GYRATE, ENERGY, RMSF
ALA, 8, 27.359, 0.82295, -80762.585938, 0.251659259259
ARG, 6, 27.467, 0.835796, -79943.109375, 0.298462962963
ASN, 10, 27.701, 0.836717, -80287.523438, 0.210481481481
ASP, 8, 24.842, 0.815716, -80592.515625, 0.207903703704
CYS, 5, 28.179, 0.856001, -79264.117188, 0.307162962963
GLN, 6, 28.956, 0.900846, -80350.812500, 0.290562962963
GLU, 8, 26.902, 0.834459, -79994.015625, 0.207940740741
GLY, 7, 25.854, 0.812646, -80769.968750, 0.230159259259
HIS, 6, 28.357, 0.857053, -80413.781250, 0.336788888889
ILE, 7, 26.804, 0.814379, -80378.929688, 0.278788888889
LEU, 4, 28.580, 0.867768, -80315.929688, 0.349325925926
LYS, 8, 26.598, 0.815667, -80506.421875, 0.242707407407
MET, 10, 25.927, 0.82355, -80220.218750, 0.221622222222
PHE, 4, 26.576, 0.822401, -80824.484375, 0.339081481481
PRO, 10, 24.660, 0.827496, -80639.351562, 0.268974074074
SER, 4, 24.497, 0.812771, -79319.734375, 0.234703703704
THR, 4, 26.329, 0.861857, -79626.625000, 0.375159259259
TRP, 2, 30.081, 0.859934, -79561.921875, 0.314955555556
TYR, 7, 26.638, 0.825393, -80391.226562, 0.270355555556
VAL, 2, 27.395, 0.849052, -80658.281250, 0.221659259259
