AMINO ACID, DSSP, SASA, GYRATE, ENERGY, RMSF
ALA, 4, 24.975, 0.801362, -80092.398438, 0.251659259259
ARG, 8, 27.429, 0.835126, -81116.875000, 0.298462962963
ASN, 10, 28.736, 0.842257, -80844.031250, 0.210481481481
ASP, 12, 25.022, 0.803408, -80720.640625, 0.207903703704
CYS, 8, 28.457, 0.841664, -80826.656250, 0.307162962963
GLN, 7, 30.498, 0.913256, -80605.203125, 0.290562962963
GLU, 4, 26.517, 0.833822, -80037.562500, 0.207940740741
GLY, 5, 25.471, 0.811145, -79856.593750, 0.230159259259
HIS, 8, 27.641, 0.851252, -79139.718750, 0.336788888889
ILE, 7, 25.326, 0.805567, -80195.429688, 0.278788888889
LEU, 2, 30.933, 0.87552, -80144.851562, 0.349325925926
LYS, 10, 27.380, 0.830643, -80765.140625, 0.242707407407
MET, 10, 26.262, 0.827186, -79522.734375, 0.221622222222
PHE, 2, 27.422, 0.831843, -80405.007812, 0.339081481481
PRO, 8, 24.443, 0.813153, -79939.820312, 0.268974074074
SER, 4, 25.838, 0.819328, -81040.203125, 0.234703703704
THR, 4, 25.594, 0.866396, -80012.101562, 0.375159259259
TRP, 2, 27.699, 0.855053, -80402.781250, 0.314955555556
TYR, 11, 26.516, 0.813341, -80001.609375, 0.270355555556
VAL, 4, 25.561, 0.833818, -80365.906250, 0.221659259259
