AMINO ACID, DSSP, SASA, GYRATE, ENERGY, RMSF
ALA, 6, 24.906, 0.801916, -80042.343750, 0.251659259259
ARG, 6, 27.344, 0.852476, -80857.968750, 0.298462962963
ASN, 8, 26.892, 0.839086, -80259.375000, 0.210481481481
ASP, 10, 23.854, 0.810462, -79993.812500, 0.207903703704
CYS, 7, 27.559, 0.842785, -80325.117188, 0.307162962963
GLN, 5, 30.682, 0.925741, -80539.562500, 0.290562962963
GLU, 8, 25.995, 0.835663, -80684.367188, 0.207940740741
GLY, 7, 25.588, 0.82712, -81119.750000, 0.230159259259
HIS, 10, 27.801, 0.845944, -79720.148438, 0.336788888889
ILE, 7, 25.756, 0.801611, -80308.890625, 0.278788888889
LEU, 2, 29.568, 0.893464, -79279.796875, 0.349325925926
LYS, 6, 26.087, 0.819058, -79823.210938, 0.242707407407
MET, 8, 27.222, 0.817025, -80819.390625, 0.221622222222
PHE, 6, 25.456, 0.832463, -80895.460938, 0.339081481481
PRO, 4, 25.832, 0.812911, -79799.851562, 0.268974074074
SER, 4, 25.253, 0.807088, -79332.265625, 0.234703703704
THR, 6, 27.455, 0.869083, -79975.937500, 0.375159259259
TRP, 0, 27.523, 0.861727, -79680.757812, 0.314955555556
TYR, 7, 27.663, 0.840008, -79830.265625, 0.270355555556
VAL, 4, 27.012, 0.841285, -79917.523438, 0.221659259259
