AMINO ACID, DSSP, SASA, GYRATE, ENERGY, RMSF
ALA, 2, 29.483, 0.852772, -81220.500000, 0.251659259259
ARG, 8, 28.399, 0.841175, -80766.304688, 0.298462962963
ASN, 10, 27.690, 0.832258, -80809.820312, 0.210481481481
ASP, 11, 25.771, 0.822567, -79318.460938, 0.207903703704
CYS, 8, 29.000, 0.885404, -79146.992188, 0.307162962963
GLN, 6, 26.331, 0.809866, -80915.984375, 0.290562962963
GLU, 9, 28.572, 0.826127, -80286.804688, 0.207940740741
GLY, 10, 25.598, 0.840637, -80049.921875, 0.230159259259
HIS, 8, 27.343, 0.847968, -80147.281250, 0.336788888889
ILE, 4, 27.486, 0.838584, -79997.796875, 0.278788888889
LEU, 8, 26.539, 0.807011, -79793.015625, 0.349325925926
LYS, 5, 27.633, 0.858121, -80494.515625, 0.242707407407
MET, 7, 26.456, 0.829193, -80044.164062, 0.221622222222
PHE, 7, 25.777, 0.800896, -79875.476562, 0.339081481481
PRO, 6, 25.993, 0.831947, -80684.304688, 0.268974074074
SER, 10, 24.711, 0.804869, -81200.046875, 0.234703703704
THR, 4, 26.495, 0.834348, -80474.007812, 0.375159259259
TRP, 2, 29.296, 0.855512, -79798.828125, 0.314955555556
TYR, 11, 28.411, 0.875469, -80632.484375, 0.270355555556
VAL, 8, 25.671, 0.822882, -80756.312500, 0.221659259259
