AMINO ACID, DSSP, SASA, GYRATE, ENERGY, RMSF
ALA, 4, 24.078, 0.788992, -80434.265625, 0.251659259259
ARG, 8, 26.394, 0.830864, -79871.421875, 0.298462962963
ASN, 12, 26.871, 0.821502, -80475.335938, 0.210481481481
ASP, 10, 25.639, 0.807735, -80469.109375, 0.207903703704
CYS, 6, 29.942, 0.867112, -80669.625000, 0.307162962963
GLN, 4, 29.192, 0.89982, -81373.140625, 0.290562962963
GLU, 8, 26.809, 0.837144, -79984.531250, 0.207940740741
GLY, 7, 24.534, 0.803428, -79430.710938, 0.230159259259
HIS, 14, 28.609, 0.865396, -80526.515625, 0.336788888889
ILE, 10, 25.757, 0.808274, -79383.578125, 0.278788888889
LEU, 2, 30.591, 0.903408, -80489.289062, 0.349325925926
LYS, 10, 26.408, 0.829921, -81051.562500, 0.242707407407
MET, 10, 26.174, 0.825327, -80210.632812, 0.221622222222
PHE, 8, 27.319, 0.848988, -80132.390625, 0.339081481481
PRO, 10, 24.723, 0.817316, -80102.593750, 0.268974074074
SER, 2, 24.895, 0.820423, -80007.156250, 0.234703703704
THR, 4, 27.083, 0.872195, -80491.070312, 0.375159259259
TRP, 2, 27.703, 0.839732, -80026.640625, 0.314955555556
TYR, 9, 26.013, 0.818453, -80258.750000, 0.270355555556
VAL, 4, 27.778, 0.861042, -79633.632812, 0.221659259259
