AMINO ACID, DSSP, SASA, GYRATE, ENERGY, RMSF
ALA, 4, 24.392, 0.798358, -80158.445312, 0.251659259259
ARG, 8, 26.738, 0.844353, -81283.328125, 0.298462962963
ASN, 6, 26.189, 0.821506, -79764.156250, 0.210481481481
ASP, 10, 26.387, 0.813292, -80458.031250, 0.207903703704
CYS, 10, 27.879, 0.859741, -80418.890625, 0.307162962963
GLN, 4, 31.023, 0.908847, -79226.843750, 0.290562962963
GLU, 8, 27.067, 0.845616, -80437.640625, 0.207940740741
GLY, 7, 24.884, 0.810165, -79894.984375, 0.230159259259
HIS, 8, 27.485, 0.838314, -80404.414062, 0.336788888889
ILE, 10, 26.393, 0.826165, -81309.187500, 0.278788888889
LEU, 7, 29.959, 0.922144, -80018.546875, 0.349325925926
LYS, 10, 28.046, 0.817957, -80808.773438, 0.242707407407
MET, 8, 25.029, 0.813523, -79400.578125, 0.221622222222
PHE, 6, 26.897, 0.832169, -79939.171875, 0.339081481481
PRO, 10, 24.094, 0.810158, -79528.765625, 0.268974074074
SER, 4, 25.705, 0.818906, -81017.484375, 0.234703703704
THR, 9, 26.621, 0.871509, -79544.101562, 0.375159259259
TRP, 0, 28.921, 0.849226, -80097.570312, 0.314955555556
TYR, 7, 25.673, 0.817001, -80503.929688, 0.270355555556
VAL, 4, 27.288, 0.862304, -80423.375000, 0.221659259259
