AMINO ACID, DSSP, SASA, GYRATE, ENERGY, RMSF
ALA, 6, 24.925, 0.802088, -80869.484375, 0.251659259259
ARG, 8, 26.923, 0.845503, -81240.539062, 0.298462962963
ASN, 12, 27.228, 0.824534, -79885.195312, 0.210481481481
ASP, 8, 24.985, 0.808818, -79448.203125, 0.207903703704
CYS, 6, 28.385, 0.855009, -79970.718750, 0.307162962963
GLN, 4, 29.863, 0.904654, -80198.539062, 0.290562962963
GLU, 6, 25.434, 0.820543, -80422.695312, 0.207940740741
GLY, 4, 26.348, 0.811362, -80756.554688, 0.230159259259
HIS, 6, 27.910, 0.849639, -79222.578125, 0.336788888889
ILE, 10, 25.261, 0.798804, -79246.828125, 0.278788888889
LEU, 2, 31.747, 0.941277, -79848.507812, 0.349325925926
LYS, 8, 27.860, 0.823722, -80350.281250, 0.242707407407
MET, 10, 25.085, 0.821691, -78876.609375, 0.221622222222
PHE, 9, 25.923, 0.81112, -80489.671875, 0.339081481481
PRO, 10, 25.322, 0.803449, -80128.828125, 0.268974074074
SER, 4, 26.137, 0.814891, -80048.531250, 0.234703703704
THR, 7, 27.258, 0.866774, -80811.046875, 0.375159259259
TRP, 0, 29.536, 0.852404, -79613.867188, 0.314955555556
TYR, 11, 26.413, 0.824014, -79424.078125, 0.270355555556
VAL, 4, 26.274, 0.841273, -81054.664062, 0.221659259259
