AMINO ACID, DSSP, SASA, GYRATE, ENERGY, RMSF
ALA, 6, 23.799, 0.798246, -79617.390625, 0.251659259259
ARG, 8, 28.117, 0.844476, -80938.984375, 0.298462962963
ASN, 8, 27.806, 0.844513, -80413.007812, 0.210481481481
ASP, 12, 26.594, 0.818836, -80657.046875, 0.207903703704
CYS, 6, 28.818, 0.86234, -80754.492188, 0.307162962963
GLN, 4, 28.677, 0.900919, -80273.375000, 0.290562962963
GLU, 4, 26.111, 0.830637, -80253.906250, 0.207940740741
GLY, 7, 24.923, 0.808776, -80798.835938, 0.230159259259
HIS, 8, 27.528, 0.837715, -79907.390625, 0.336788888889
ILE, 10, 25.117, 0.804279, -79304.578125, 0.278788888889
LEU, 2, 30.405, 0.927075, -80123.187500, 0.349325925926
LYS, 10, 28.526, 0.822125, -80684.281250, 0.242707407407
MET, 10, 26.415, 0.822418, -79454.039062, 0.221622222222
PHE, 9, 26.882, 0.830516, -80426.656250, 0.339081481481
PRO, 8, 24.252, 0.808289, -80239.882812, 0.268974074074
SER, 6, 26.039, 0.827552, -80056.171875, 0.234703703704
THR, 4, 27.467, 0.874353, -80401.148438, 0.375159259259
TRP, 2, 29.401, 0.868409, -79660.421875, 0.314955555556
TYR, 11, 26.937, 0.816087, -80612.929688, 0.270355555556
VAL, 4, 25.956, 0.846529, -79873.078125, 0.221659259259
