AMINO ACID, DSSP, SASA, GYRATE, ENERGY, RMSF
ALA, 4, 26.269, 0.814466, -79406.648438, 0.251659259259
ARG, 8, 27.840, 0.845997, -80543.734375, 0.298462962963
ASN, 12, 26.681, 0.823512, -79733.296875, 0.210481481481
ASP, 10, 25.660, 0.807343, -79657.250000, 0.207903703704
CYS, 8, 28.782, 0.851825, -80274.468750, 0.307162962963
GLN, 4, 28.890, 0.910458, -80486.640625, 0.290562962963
GLU, 8, 26.104, 0.826606, -80691.953125, 0.207940740741
GLY, 9, 23.715, 0.806269, -80492.187500, 0.230159259259
HIS, 8, 27.714, 0.845514, -80244.296875, 0.336788888889
ILE, 10, 26.405, 0.807993, -79579.562500, 0.278788888889
LEU, 4, 30.546, 0.92235, -79937.843750, 0.349325925926
LYS, 10, 27.073, 0.826805, -79384.078125, 0.242707407407
MET, 8, 26.187, 0.82997, -79808.203125, 0.221622222222
PHE, 11, 26.233, 0.836911, -79396.234375, 0.339081481481
PRO, 9, 26.599, 0.815964, -79232.164062, 0.268974074074
SER, 4, 25.745, 0.821022, -80459.359375, 0.234703703704
THR, 7, 27.760, 0.885581, -80352.515625, 0.375159259259
TRP, 2, 28.878, 0.856431, -80353.679688, 0.314955555556
TYR, 7, 27.606, 0.824257, -80041.039062, 0.270355555556
VAL, 2, 25.774, 0.845186, -80703.101562, 0.221659259259
