AMINO ACID, DSSP, SASA, GYRATE, ENERGY, RMSF
ALA, 8, 26.127, 0.81251, -80149.765625, 0.251659259259
ARG, 4, 27.361, 0.848611, -80685.796875, 0.298462962963
ASN, 12, 28.100, 0.826878, -80510.812500, 0.210481481481
ASP, 8, 26.222, 0.814554, -79940.914062, 0.207903703704
CYS, 6, 26.775, 0.844275, -81277.820312, 0.307162962963
GLN, 8, 29.915, 0.911627, -80811.796875, 0.290562962963
GLU, 10, 25.959, 0.81421, -80309.429688, 0.207940740741
GLY, 8, 25.464, 0.82648, -80735.062500, 0.230159259259
HIS, 10, 27.329, 0.841574, -80214.539062, 0.336788888889
ILE, 10, 25.819, 0.802507, -80601.132812, 0.278788888889
LEU, 0, 29.246, 0.916689, -79700.906250, 0.349325925926
LYS, 12, 28.867, 0.821339, -80383.968750, 0.242707407407
MET, 8, 25.982, 0.827267, -80139.312500, 0.221622222222
PHE, 9, 26.003, 0.832299, -80310.671875, 0.339081481481
PRO, 10, 25.953, 0.808675, -79927.515625, 0.268974074074
SER, 2, 24.763, 0.808615, -79596.000000, 0.234703703704
THR, 8, 26.869, 0.875359, -79943.156250, 0.375159259259
TRP, 2, 30.405, 0.863455, -79878.562500, 0.314955555556
TYR, 10, 25.857, 0.820553, -80349.562500, 0.270355555556
VAL, 2, 26.363, 0.852372, -80334.062500, 0.221659259259
