AMINO ACID, DSSP, SASA, GYRATE, ENERGY, RMSF
ALA, 6, 24.128, 0.809956, -79746.984375, 0.251659259259
ARG, 4, 27.476, 0.863354, -80118.187500, 0.298462962963
ASN, 12, 28.100, 0.833666, -80316.406250, 0.210481481481
ASP, 10, 26.028, 0.819235, -80970.867188, 0.207903703704
CYS, 6, 27.068, 0.841162, -80249.320312, 0.307162962963
GLN, 6, 30.041, 0.927891, -81038.968750, 0.290562962963
GLU, 8, 25.313, 0.819111, -80023.476562, 0.207940740741
GLY, 7, 25.684, 0.821434, -79713.109375, 0.230159259259
HIS, 6, 27.377, 0.84957, -79109.968750, 0.336788888889
ILE, 10, 24.737, 0.798894, -79613.085938, 0.278788888889
LEU, 2, 28.824, 0.908303, -80281.351562, 0.349325925926
LYS, 10, 27.642, 0.819394, -79980.093750, 0.242707407407
MET, 8, 26.536, 0.82622, -79974.851562, 0.221622222222
PHE, 8, 25.313, 0.83317, -78708.718750, 0.339081481481
PRO, 7, 25.707, 0.814971, -79814.421875, 0.268974074074
SER, 4, 25.336, 0.806178, -80616.023438, 0.234703703704
THR, 11, 27.617, 0.868193, -79730.031250, 0.375159259259
TRP, 2, 29.831, 0.86045, -79165.093750, 0.314955555556
TYR, 9, 28.393, 0.828331, -80533.140625, 0.270355555556
VAL, 2, 26.638, 0.857886, -80864.062500, 0.221659259259
