AMINO ACID, DSSP, SASA, GYRATE, ENERGY, RMSF
ALA, 6, 24.674, 0.803487, -79655.468750, 0.251659259259
ARG, 6, 27.727, 0.834116, -81399.781250, 0.298462962963
ASN, 8, 28.353, 0.840067, -80754.835938, 0.210481481481
ASP, 10, 26.009, 0.821578, -79406.617188, 0.207903703704
CYS, 6, 27.204, 0.848481, -80002.125000, 0.307162962963
GLN, 8, 30.403, 0.903516, -79594.226562, 0.290562962963
GLU, 6, 24.846, 0.818457, -80506.640625, 0.207940740741
GLY, 7, 24.885, 0.816731, -80181.804688, 0.230159259259
HIS, 8, 25.981, 0.829233, -80312.179688, 0.336788888889
ILE, 7, 25.567, 0.814455, -81158.375000, 0.278788888889
LEU, 2, 28.194, 0.872724, -80022.531250, 0.349325925926
LYS, 8, 27.033, 0.818298, -80412.453125, 0.242707407407
MET, 10, 27.351, 0.831638, -80651.656250, 0.221622222222
PHE, 8, 24.782, 0.81388, -80417.765625, 0.339081481481
PRO, 12, 24.565, 0.806095, -80866.937500, 0.268974074074
SER, 2, 27.373, 0.830072, -80418.257812, 0.234703703704
THR, 4, 28.342, 0.89636, -80247.015625, 0.375159259259
TRP, 0, 28.632, 0.851291, -79215.304688, 0.314955555556
TYR, 3, 27.725, 0.828064, -79736.492188, 0.270355555556
VAL, 4, 26.253, 0.856091, -80675.492188, 0.221659259259
