AMINO ACID, DSSP, SASA, GYRATE, ENERGY, RMSF
ALA, 4, 24.219, 0.791674, -80375.453125, 0.251659259259
ARG, 8, 26.047, 0.839307, -79276.921875, 0.298462962963
ASN, 10, 26.546, 0.843387, -80963.632812, 0.210481481481
ASP, 8, 27.246, 0.834611, -80494.390625, 0.207903703704
CYS, 9, 27.917, 0.851018, -80789.476562, 0.307162962963
GLN, 6, 31.203, 0.929684, -80367.218750, 0.290562962963
GLU, 6, 25.860, 0.821219, -79844.375000, 0.207940740741
GLY, 7, 24.143, 0.80574, -80776.156250, 0.230159259259
HIS, 8, 26.634, 0.827309, -79558.570312, 0.336788888889
ILE, 10, 24.650, 0.79656, -79694.406250, 0.278788888889
LEU, 4, 25.974, 0.865127, -80848.093750, 0.349325925926
LYS, 12, 27.861, 0.812079, -80500.140625, 0.242707407407
MET, 10, 26.605, 0.827616, -80273.453125, 0.221622222222
PHE, 7, 24.838, 0.825016, -80150.085938, 0.339081481481
PRO, 8, 24.817, 0.808253, -81368.257812, 0.268974074074
SER, 2, 25.744, 0.823576, -81299.656250, 0.234703703704
THR, 4, 27.053, 0.871655, -80601.921875, 0.375159259259
TRP, 0, 31.034, 0.867812, -79766.085938, 0.314955555556
TYR, 5, 29.029, 0.857294, -79825.968750, 0.270355555556
VAL, 8, 26.494, 0.847807, -79600.320312, 0.221659259259
