AMINO ACID, DSSP, SASA, GYRATE, ENERGY, RMSF
ALA, 4, 24.848, 0.792216, -80581.515625, 0.251659259259
ARG, 8, 26.171, 0.831879, -81300.265625, 0.298462962963
ASN, 9, 26.921, 0.822092, -80545.343750, 0.210481481481
ASP, 10, 25.890, 0.815081, -79826.500000, 0.207903703704
CYS, 6, 26.960, 0.836723, -80813.882812, 0.307162962963
GLN, 4, 28.394, 0.895753, -80876.203125, 0.290562962963
GLU, 6, 25.450, 0.821465, -80058.554688, 0.207940740741
GLY, 7, 25.550, 0.819153, -80057.500000, 0.230159259259
HIS, 6, 27.314, 0.833127, -80435.507812, 0.336788888889
ILE, 7, 24.872, 0.812329, -79086.562500, 0.278788888889
LEU, 4, 27.211, 0.911787, -79430.171875, 0.349325925926
LYS, 10, 26.479, 0.805053, -80865.976562, 0.242707407407
MET, 10, 25.174, 0.821989, -79832.562500, 0.221622222222
PHE, 7, 26.090, 0.819567, -80668.179688, 0.339081481481
PRO, 10, 25.125, 0.811236, -80810.593750, 0.268974074074
SER, 4, 26.059, 0.826459, -80043.546875, 0.234703703704
THR, 2, 27.407, 0.878486, -79389.210938, 0.375159259259
TRP, 0, 27.643, 0.848894, -80408.234375, 0.314955555556
TYR, 3, 27.530, 0.849402, -80455.937500, 0.270355555556
VAL, 4, 26.280, 0.836767, -79985.367188, 0.221659259259
