AMINO ACID, DSSP, SASA, GYRATE, ENERGY, RMSF
ALA, 6, 26.068, 0.797607, -80094.351562, 0.251659259259
ARG, 8, 25.839, 0.821054, -80993.171875, 0.298462962963
ASN, 11, 24.761, 0.809607, -80185.687500, 0.210481481481
ASP, 4, 27.595, 0.842359, -80714.078125, 0.207903703704
CYS, 6, 28.304, 0.839397, -80440.703125, 0.307162962963
GLN, 6, 28.186, 0.890765, -80675.070312, 0.290562962963
GLU, 2, 26.506, 0.831236, -80053.984375, 0.207940740741
GLY, 7, 25.402, 0.807988, -80580.812500, 0.230159259259
HIS, 4, 26.836, 0.841424, -80272.515625, 0.336788888889
ILE, 4, 25.329, 0.813488, -79233.750000, 0.278788888889
LEU, 2, 27.338, 0.892687, -80153.484375, 0.349325925926
LYS, 9, 26.348, 0.811886, -80480.656250, 0.242707407407
MET, 8, 25.523, 0.818779, -80393.718750, 0.221622222222
PHE, 4, 26.471, 0.817705, -80368.640625, 0.339081481481
PRO, 8, 24.751, 0.815359, -80174.398438, 0.268974074074
SER, 4, 24.891, 0.816146, -79603.078125, 0.234703703704
THR, 8, 27.473, 0.86902, -81159.507812, 0.375159259259
TRP, 2, 27.977, 0.841786, -80183.593750, 0.314955555556
TYR, 7, 28.734, 0.840589, -79731.773438, 0.270355555556
VAL, 6, 26.058, 0.833116, -80636.734375, 0.221659259259
