AMINO ACID, DSSP, SASA, GYRATE, ENERGY, RMSF
ALA, 6, 28.764, 0.843588, -80780.882812, 0.251659259259
ARG, 10, 29.181, 0.842431, -80447.835938, 0.298462962963
ASN, 10, 29.581, 0.853631, -81227.953125, 0.210481481481
ASP, 9, 26.511, 0.820777, -80944.593750, 0.207903703704
CYS, 8, 28.042, 0.871454, -79944.703125, 0.307162962963
GLN, 6, 25.732, 0.812969, -80306.406250, 0.290562962963
GLU, 9, 27.628, 0.826667, -79660.406250, 0.207940740741
GLY, 11, 24.552, 0.837291, -79822.664062, 0.230159259259
HIS, 8, 27.234, 0.838602, -80650.148438, 0.336788888889
ILE, 8, 27.242, 0.849741, -80003.484375, 0.278788888889
LEU, 6, 25.877, 0.818071, -79585.523438, 0.349325925926
LYS, 5, 28.687, 0.860234, -80477.046875, 0.242707407407
MET, 7, 26.460, 0.830094, -80960.351562, 0.221622222222
PHE, 5, 25.467, 0.806874, -80062.148438, 0.339081481481
PRO, 8, 26.420, 0.836363, -79853.867188, 0.268974074074
SER, 9, 24.525, 0.790026, -80608.320312, 0.234703703704
THR, 4, 27.858, 0.838797, -80237.734375, 0.375159259259
TRP, 4, 28.698, 0.853722, -80014.843750, 0.314955555556
TYR, 9, 27.324, 0.862106, -79803.015625, 0.270355555556
VAL, 10, 27.244, 0.834474, -80410.843750, 0.221659259259
