AMINO ACID, DSSP, SASA, GYRATE, ENERGY, RMSF
ALA, 6, 24.602, 0.810334, -80700.140625, 0.251659259259
ARG, 4, 26.834, 0.837949, -80683.890625, 0.298462962963
ASN, 10, 24.390, 0.797104, -80982.718750, 0.210481481481
ASP, 10, 25.749, 0.823623, -80571.664062, 0.207903703704
CYS, 6, 27.486, 0.850481, -80302.812500, 0.307162962963
GLN, 6, 27.923, 0.869543, -80198.015625, 0.290562962963
GLU, 4, 25.788, 0.814721, -79584.546875, 0.207940740741
GLY, 7, 25.865, 0.803291, -80360.554688, 0.230159259259
HIS, 11, 27.545, 0.829354, -81242.179688, 0.336788888889
ILE, 7, 25.048, 0.819525, -80377.390625, 0.278788888889
LEU, 2, 29.194, 0.901263, -79381.992188, 0.349325925926
LYS, 8, 26.794, 0.818919, -80765.210938, 0.242707407407
MET, 10, 25.077, 0.817039, -79889.695312, 0.221622222222
PHE, 10, 25.540, 0.817546, -80341.406250, 0.339081481481
PRO, 13, 25.795, 0.83617, -80610.093750, 0.268974074074
SER, 4, 25.424, 0.816059, -79416.171875, 0.234703703704
THR, 6, 28.642, 0.886203, -79578.937500, 0.375159259259
TRP, 0, 26.430, 0.831273, -80089.406250, 0.314955555556
TYR, 7, 28.493, 0.857828, -80359.718750, 0.270355555556
VAL, 4, 26.974, 0.844729, -80545.609375, 0.221659259259
