AMINO ACID, DSSP, SASA, GYRATE, ENERGY, RMSF
ALA, 4, 28.049, 0.846058, -79655.367188, 0.251659259259
ARG, 8, 29.241, 0.841205, -81069.703125, 0.298462962963
ASN, 6, 29.097, 0.858004, -80561.156250, 0.210481481481
ASP, 9, 27.069, 0.835886, -80292.226562, 0.207903703704
CYS, 8, 29.860, 0.868925, -80348.250000, 0.307162962963
GLN, 9, 27.039, 0.811514, -80137.367188, 0.290562962963
GLU, 7, 27.950, 0.83294, -80965.078125, 0.207940740741
GLY, 9, 24.383, 0.829418, -80274.687500, 0.230159259259
HIS, 8, 26.761, 0.83768, -81025.156250, 0.336788888889
ILE, 4, 25.840, 0.831487, -79973.156250, 0.278788888889
LEU, 8, 25.814, 0.809733, -81005.132812, 0.349325925926
LYS, 5, 28.960, 0.85287, -80020.203125, 0.242707407407
MET, 9, 25.441, 0.818671, -80494.625000, 0.221622222222
PHE, 8, 24.692, 0.806446, -80310.906250, 0.339081481481
PRO, 6, 26.838, 0.847135, -80391.367188, 0.268974074074
SER, 8, 25.528, 0.805124, -80169.625000, 0.234703703704
THR, 2, 27.710, 0.821762, -80663.593750, 0.375159259259
TRP, 8, 28.812, 0.864427, -79964.390625, 0.314955555556
TYR, 9, 28.564, 0.875164, -79490.015625, 0.270355555556
VAL, 10, 26.756, 0.82985, -80020.117188, 0.221659259259
