AMINO ACID, DSSP, SASA, GYRATE, ENERGY, RMSF
ALA, 10, 27.102, 0.837985, -79501.546875, 0.251659259259
ARG, 12, 29.122, 0.842318, -80513.312500, 0.298462962963
ASN, 6, 28.456, 0.827987, -79673.546875, 0.210481481481
ASP, 8, 26.648, 0.811652, -80455.718750, 0.207903703704
CYS, 8, 27.651, 0.855587, -79299.234375, 0.307162962963
GLN, 16, 27.082, 0.809212, -80605.289062, 0.290562962963
GLU, 6, 27.507, 0.858987, -80199.031250, 0.207940740741
GLY, 8, 26.674, 0.836478, -80044.914062, 0.230159259259
HIS, 8, 28.210, 0.860807, -80176.289062, 0.336788888889
ILE, 10, 28.200, 0.832693, -80330.226562, 0.278788888889
LEU, 12, 26.093, 0.802807, -79944.476562, 0.349325925926
LYS, 8, 25.697, 0.8045, -80708.656250, 0.242707407407
MET, 11, 26.943, 0.842278, -80958.734375, 0.221622222222
PHE, 8, 26.715, 0.824909, -79655.976562, 0.339081481481
PRO, 9, 26.924, 0.863862, -80325.335938, 0.268974074074
SER, 8, 28.043, 0.841874, -80266.875000, 0.234703703704
THR, 6, 26.244, 0.811902, -79986.789062, 0.375159259259
TRP, 6, 27.426, 0.841019, -79381.750000, 0.314955555556
TYR, 10, 29.339, 0.849583, -79697.546875, 0.270355555556
VAL, 6, 26.601, 0.824316, -79307.562500, 0.221659259259
