AMINO ACID, DSSP, SASA, GYRATE, ENERGY, RMSF
ALA, 4, 26.900, 0.826286, -79671.937500, 0.251659259259
ARG, 6, 26.329, 0.82718, -80085.265625, 0.298462962963
ASN, 8, 24.580, 0.79682, -80370.781250, 0.210481481481
ASP, 8, 26.509, 0.834427, -80200.968750, 0.207903703704
CYS, 3, 27.936, 0.831181, -79912.203125, 0.307162962963
GLN, 4, 29.069, 0.907004, -80446.218750, 0.290562962963
GLU, 6, 25.990, 0.822352, -79912.187500, 0.207940740741
GLY, 7, 27.398, 0.824391, -80559.968750, 0.230159259259
HIS, 11, 28.778, 0.869964, -80761.656250, 0.336788888889
ILE, 7, 25.602, 0.809767, -80034.140625, 0.278788888889
LEU, 4, 28.596, 0.886984, -80235.078125, 0.349325925926
LYS, 6, 27.758, 0.829612, -80553.226562, 0.242707407407
MET, 11, 24.966, 0.811801, -80906.789062, 0.221622222222
PHE, 6, 26.275, 0.828284, -79467.320312, 0.339081481481
PRO, 7, 26.766, 0.829819, -79998.109375, 0.268974074074
SER, 4, 24.656, 0.811475, -79634.687500, 0.234703703704
THR, 2, 28.110, 0.91348, -79901.546875, 0.375159259259
TRP, 0, 27.962, 0.866878, -80036.203125, 0.314955555556
TYR, 7, 27.370, 0.840417, -80576.046875, 0.270355555556
VAL, 4, 26.625, 0.836072, -79795.875000, 0.221659259259
