AMINO ACID, DSSP, SASA, GYRATE, ENERGY, RMSF
ALA, 6, 25.381, 0.813338, -80691.023438, 0.251659259259
ARG, 6, 26.506, 0.832399, -80642.890625, 0.298462962963
ASN, 10, 24.885, 0.807211, -79772.976562, 0.210481481481
ASP, 10, 25.705, 0.82376, -79691.359375, 0.207903703704
CYS, 8, 27.492, 0.83438, -80454.203125, 0.307162962963
GLN, 4, 28.076, 0.903196, -79829.406250, 0.290562962963
GLU, 2, 26.509, 0.838976, -81307.796875, 0.207940740741
GLY, 7, 27.598, 0.828922, -80225.140625, 0.230159259259
HIS, 6, 29.575, 0.865398, -81002.187500, 0.336788888889
ILE, 7, 25.966, 0.821515, -81097.437500, 0.278788888889
LEU, 4, 28.481, 0.883786, -79195.843750, 0.349325925926
LYS, 9, 27.051, 0.828681, -80292.703125, 0.242707407407
MET, 11, 25.109, 0.811823, -80617.984375, 0.221622222222
PHE, 6, 25.392, 0.828374, -80384.171875, 0.339081481481
PRO, 7, 25.069, 0.827108, -80174.851562, 0.268974074074
SER, 4, 26.070, 0.814971, -80200.984375, 0.234703703704
THR, 10, 28.467, 0.908072, -80721.796875, 0.375159259259
TRP, 0, 28.065, 0.866018, -80471.593750, 0.314955555556
TYR, 5, 28.069, 0.836545, -79935.250000, 0.270355555556
VAL, 4, 26.369, 0.836983, -79998.140625, 0.221659259259
