AMINO ACID, DSSP, SASA, GYRATE, ENERGY, RMSF
ALA, 4, 27.628, 0.815198, -80280.250000, 0.251659259259
ARG, 8, 26.733, 0.830141, -80165.562500, 0.298462962963
ASN, 10, 25.552, 0.814715, -79232.312500, 0.210481481481
ASP, 8, 25.745, 0.826726, -80817.921875, 0.207903703704
CYS, 7, 26.026, 0.817333, -79598.304688, 0.307162962963
GLN, 4, 27.134, 0.902996, -80609.101562, 0.290562962963
GLU, 2, 25.653, 0.829014, -80458.781250, 0.207940740741
GLY, 7, 28.216, 0.833326, -79886.148438, 0.230159259259
HIS, 11, 28.545, 0.850309, -80099.390625, 0.336788888889
ILE, 7, 24.351, 0.809837, -79705.890625, 0.278788888889
LEU, 4, 29.322, 0.887429, -80012.179688, 0.349325925926
LYS, 13, 26.557, 0.817578, -80807.726562, 0.242707407407
MET, 10, 25.691, 0.824134, -80417.960938, 0.221622222222
PHE, 6, 25.764, 0.827345, -80067.593750, 0.339081481481
PRO, 4, 26.027, 0.825834, -80426.640625, 0.268974074074
SER, 4, 25.024, 0.815659, -81442.804688, 0.234703703704
THR, 4, 28.186, 0.909808, -80519.109375, 0.375159259259
TRP, 0, 28.760, 0.886784, -80246.570312, 0.314955555556
TYR, 7, 29.691, 0.846164, -79811.382812, 0.270355555556
VAL, 2, 26.601, 0.828339, -80626.546875, 0.221659259259
