AMINO ACID, DSSP, SASA, GYRATE, ENERGY, RMSF
ALA, 4, 26.235, 0.808511, -80235.421875, 0.251659259259
ARG, 6, 27.214, 0.832735, -80008.914062, 0.298462962963
ASN, 10, 25.720, 0.812427, -80906.015625, 0.210481481481
ASP, 8, 24.847, 0.812546, -80900.179688, 0.207903703704
CYS, 8, 26.829, 0.819435, -79537.210938, 0.307162962963
GLN, 6, 27.012, 0.894434, -80384.773438, 0.290562962963
GLU, 6, 26.224, 0.832716, -79668.921875, 0.207940740741
GLY, 7, 28.040, 0.833708, -79759.593750, 0.230159259259
HIS, 6, 27.610, 0.850005, -80230.875000, 0.336788888889
ILE, 10, 25.734, 0.80914, -79943.882812, 0.278788888889
LEU, 6, 29.549, 0.889689, -80124.093750, 0.349325925926
LYS, 7, 27.003, 0.824228, -80109.421875, 0.242707407407
MET, 8, 25.976, 0.811291, -80059.406250, 0.221622222222
PHE, 9, 26.125, 0.822084, -79792.820312, 0.339081481481
PRO, 9, 26.501, 0.819229, -81450.406250, 0.268974074074
SER, 4, 25.106, 0.816505, -79987.875000, 0.234703703704
THR, 6, 28.490, 0.928364, -80787.164062, 0.375159259259
TRP, 0, 29.851, 0.878257, -79055.695312, 0.314955555556
TYR, 5, 28.834, 0.838846, -79754.625000, 0.270355555556
VAL, 4, 27.279, 0.831708, -80854.890625, 0.221659259259
