AMINO ACID, DSSP, SASA, GYRATE, ENERGY, RMSF
ALA, 6, 28.006, 0.829714, -79640.390625, 0.251659259259
ARG, 6, 26.397, 0.816466, -80164.515625, 0.298462962963
ASN, 8, 24.125, 0.80374, -79165.750000, 0.210481481481
ASP, 10, 26.649, 0.833995, -80365.085938, 0.207903703704
CYS, 8, 27.162, 0.822421, -80043.945312, 0.307162962963
GLN, 4, 28.354, 0.889509, -80352.820312, 0.290562962963
GLU, 6, 27.022, 0.828197, -79358.343750, 0.207940740741
GLY, 7, 27.777, 0.829125, -79695.125000, 0.230159259259
HIS, 4, 28.032, 0.85213, -79984.312500, 0.336788888889
ILE, 7, 24.151, 0.806385, -80067.554688, 0.278788888889
LEU, 6, 29.503, 0.903364, -80086.085938, 0.349325925926
LYS, 7, 25.826, 0.823304, -79913.296875, 0.242707407407
MET, 10, 25.589, 0.820221, -79925.562500, 0.221622222222
PHE, 4, 26.300, 0.825032, -79914.953125, 0.339081481481
PRO, 4, 25.656, 0.843191, -79273.640625, 0.268974074074
SER, 4, 26.543, 0.827123, -80001.140625, 0.234703703704
THR, 6, 26.443, 0.907682, -80237.953125, 0.375159259259
TRP, 0, 28.798, 0.869535, -80242.101562, 0.314955555556
TYR, 7, 27.786, 0.841421, -79480.507812, 0.270355555556
VAL, 4, 26.608, 0.852169, -80126.718750, 0.221659259259
