AMINO ACID, DSSP, SASA, GYRATE, ENERGY, RMSF
ALA, 4, 26.007, 0.80559, -80398.546875, 0.251659259259
ARG, 4, 26.957, 0.841444, -80478.500000, 0.298462962963
ASN, 10, 25.072, 0.819001, -80033.750000, 0.210481481481
ASP, 10, 26.320, 0.826834, -80267.546875, 0.207903703704
CYS, 6, 27.495, 0.833125, -80042.476562, 0.307162962963
GLN, 6, 29.675, 0.908297, -80039.531250, 0.290562962963
GLU, 6, 24.440, 0.809968, -79299.781250, 0.207940740741
GLY, 9, 25.922, 0.809035, -80281.289062, 0.230159259259
HIS, 6, 28.191, 0.867256, -80469.140625, 0.336788888889
ILE, 7, 25.251, 0.79956, -79532.187500, 0.278788888889
LEU, 9, 29.339, 0.88747, -80065.609375, 0.349325925926
LYS, 10, 25.774, 0.808548, -80300.664062, 0.242707407407
MET, 10, 25.038, 0.81068, -79982.289062, 0.221622222222
PHE, 4, 26.940, 0.830444, -80044.562500, 0.339081481481
PRO, 9, 26.850, 0.856347, -79924.671875, 0.268974074074
SER, 2, 25.403, 0.816638, -79927.554688, 0.234703703704
THR, 4, 29.590, 0.948706, -80793.351562, 0.375159259259
TRP, 4, 27.795, 0.829862, -79792.570312, 0.314955555556
TYR, 9, 28.881, 0.852981, -80178.156250, 0.270355555556
VAL, 6, 26.571, 0.858134, -78347.531250, 0.221659259259
