AMINO ACID, DSSP, SASA, GYRATE, ENERGY, RMSF
ALA, 6, 25.672, 0.805446, -79869.578125, 0.251659259259
ARG, 4, 26.223, 0.845682, -80403.367188, 0.298462962963
ASN, 10, 25.411, 0.804237, -81307.078125, 0.210481481481
ASP, 8, 26.565, 0.833863, -80560.437500, 0.207903703704
CYS, 8, 28.119, 0.852603, -80601.312500, 0.307162962963
GLN, 6, 27.832, 0.908598, -80580.453125, 0.290562962963
GLU, 4, 25.575, 0.826538, -79923.414062, 0.207940740741
GLY, 7, 26.457, 0.815249, -79878.539062, 0.230159259259
HIS, 10, 28.965, 0.854136, -80162.726562, 0.336788888889
ILE, 10, 24.901, 0.798356, -80727.953125, 0.278788888889
LEU, 9, 30.859, 0.910893, -79559.843750, 0.349325925926
LYS, 8, 25.858, 0.807739, -80463.476562, 0.242707407407
MET, 8, 26.252, 0.820297, -80386.531250, 0.221622222222
PHE, 2, 25.912, 0.816117, -80494.390625, 0.339081481481
PRO, 10, 26.441, 0.851333, -81121.351562, 0.268974074074
SER, 2, 25.352, 0.801406, -80153.414062, 0.234703703704
THR, 4, 28.035, 0.90987, -80599.468750, 0.375159259259
TRP, 4, 28.416, 0.85095, -79659.023438, 0.314955555556
TYR, 7, 28.766, 0.859625, -79811.218750, 0.270355555556
VAL, 4, 26.462, 0.861972, -80524.171875, 0.221659259259
