AMINO ACID, DSSP, SASA, GYRATE, ENERGY, RMSF
ALA, 2, 29.054, 0.849392, -80812.718750, 0.251659259259
ARG, 10, 27.306, 0.832058, -80002.296875, 0.298462962963
ASN, 4, 30.229, 0.862455, -80456.250000, 0.210481481481
ASP, 7, 26.503, 0.826726, -80999.460938, 0.207903703704
CYS, 10, 28.522, 0.852992, -80104.250000, 0.307162962963
GLN, 6, 26.918, 0.818792, -79843.531250, 0.290562962963
GLU, 9, 26.716, 0.824847, -80657.906250, 0.207940740741
GLY, 9, 24.058, 0.82308, -80460.203125, 0.230159259259
HIS, 8, 26.483, 0.822194, -79957.960938, 0.336788888889
ILE, 4, 25.608, 0.824489, -80500.468750, 0.278788888889
LEU, 7, 27.026, 0.822987, -80619.726562, 0.349325925926
LYS, 2, 27.987, 0.838432, -80657.414062, 0.242707407407
MET, 5, 27.087, 0.819972, -80291.546875, 0.221622222222
PHE, 10, 23.945, 0.79159, -81226.945312, 0.339081481481
PRO, 6, 26.171, 0.834185, -79080.414062, 0.268974074074
SER, 8, 24.868, 0.810406, -80136.773438, 0.234703703704
THR, 6, 27.970, 0.830903, -80361.281250, 0.375159259259
TRP, 6, 28.058, 0.840239, -79370.375000, 0.314955555556
TYR, 9, 27.712, 0.85588, -80052.015625, 0.270355555556
VAL, 6, 27.497, 0.836565, -80486.015625, 0.221659259259
