AMINO ACID, DSSP, SASA, GYRATE, ENERGY, RMSF
ALA, 6, 25.327, 0.795627, -80138.820312, 0.251659259259
ARG, 6, 26.891, 0.838509, -80504.609375, 0.298462962963
ASN, 8, 25.369, 0.816833, -80559.078125, 0.210481481481
ASP, 10, 27.036, 0.827337, -80186.093750, 0.207903703704
CYS, 9, 27.643, 0.834305, -80021.726562, 0.307162962963
GLN, 6, 28.028, 0.888865, -80224.945312, 0.290562962963
GLU, 6, 26.334, 0.822848, -80258.585938, 0.207940740741
GLY, 9, 25.430, 0.814397, -78984.375000, 0.230159259259
HIS, 6, 30.516, 0.863891, -79859.500000, 0.336788888889
ILE, 7, 25.307, 0.804123, -79568.632812, 0.278788888889
LEU, 9, 29.656, 0.894488, -80545.046875, 0.349325925926
LYS, 9, 25.079, 0.798795, -80875.593750, 0.242707407407
MET, 8, 25.846, 0.817603, -80653.218750, 0.221622222222
PHE, 5, 26.242, 0.811584, -79131.828125, 0.339081481481
PRO, 10, 27.467, 0.832132, -80142.234375, 0.268974074074
SER, 4, 25.987, 0.811785, -80398.750000, 0.234703703704
THR, 8, 26.058, 0.907093, -80115.750000, 0.375159259259
TRP, 6, 28.293, 0.847143, -80009.953125, 0.314955555556
TYR, 11, 27.176, 0.820341, -79047.554688, 0.270355555556
VAL, 4, 25.142, 0.829623, -79850.875000, 0.221659259259
