AMINO ACID, DSSP, SASA, GYRATE, ENERGY, RMSF
ALA, 4, 25.740, 0.807933, -80102.500000, 0.251659259259
ARG, 6, 26.612, 0.834363, -80738.898438, 0.298462962963
ASN, 10, 26.031, 0.812606, -80440.218750, 0.210481481481
ASP, 10, 26.335, 0.823727, -79889.171875, 0.207903703704
CYS, 7, 26.254, 0.822541, -80529.414062, 0.307162962963
GLN, 4, 27.791, 0.908963, -79614.820312, 0.290562962963
GLU, 2, 28.120, 0.833139, -79762.578125, 0.207940740741
GLY, 4, 25.448, 0.821555, -80062.929688, 0.230159259259
HIS, 12, 28.195, 0.847076, -79577.875000, 0.336788888889
ILE, 7, 24.987, 0.79713, -80320.906250, 0.278788888889
LEU, 9, 29.485, 0.892905, -80514.109375, 0.349325925926
LYS, 2, 25.001, 0.807564, -80665.289062, 0.242707407407
MET, 10, 24.998, 0.81511, -80411.632812, 0.221622222222
PHE, 5, 26.345, 0.815211, -80562.351562, 0.339081481481
PRO, 9, 26.296, 0.832128, -80868.664062, 0.268974074074
SER, 4, 26.016, 0.811022, -80322.734375, 0.234703703704
THR, 6, 27.123, 0.903875, -79933.960938, 0.375159259259
TRP, 4, 27.912, 0.846529, -80369.945312, 0.314955555556
TYR, 10, 27.545, 0.82392, -80155.718750, 0.270355555556
VAL, 2, 25.738, 0.848932, -80325.039062, 0.221659259259
