AMINO ACID, DSSP, SASA, GYRATE, ENERGY, RMSF
ALA, 2, 26.133, 0.806558, -80156.976562, 0.251659259259
ARG, 6, 26.305, 0.832265, -80870.992188, 0.298462962963
ASN, 8, 25.583, 0.810527, -80237.171875, 0.210481481481
ASP, 10, 25.640, 0.820252, -80099.093750, 0.207903703704
CYS, 8, 26.960, 0.819036, -79631.984375, 0.307162962963
GLN, 6, 29.162, 0.90616, -80345.703125, 0.290562962963
GLU, 9, 26.571, 0.829415, -79868.656250, 0.207940740741
GLY, 6, 25.856, 0.812634, -80082.492188, 0.230159259259
HIS, 12, 28.688, 0.850306, -80174.437500, 0.336788888889
ILE, 7, 24.375, 0.799411, -80016.882812, 0.278788888889
LEU, 6, 28.673, 0.876155, -79979.070312, 0.349325925926
LYS, 11, 25.077, 0.810823, -81218.953125, 0.242707407407
MET, 10, 25.265, 0.819542, -80284.859375, 0.221622222222
PHE, 5, 27.135, 0.817173, -80278.468750, 0.339081481481
PRO, 8, 25.517, 0.820092, -79685.343750, 0.268974074074
SER, 4, 25.607, 0.807477, -80597.765625, 0.234703703704
THR, 6, 26.611, 0.912207, -80521.218750, 0.375159259259
TRP, 2, 28.116, 0.847729, -80205.953125, 0.314955555556
TYR, 11, 27.909, 0.81975, -80729.679688, 0.270355555556
VAL, 4, 25.036, 0.845703, -79140.593750, 0.221659259259
