AMINO ACID, DSSP, SASA, GYRATE, ENERGY, RMSF
ALA, 6, 25.884, 0.80675, -81007.828125, 0.251659259259
ARG, 4, 27.697, 0.846249, -80759.882812, 0.298462962963
ASN, 10, 25.435, 0.813968, -80396.351562, 0.210481481481
ASP, 8, 27.494, 0.833043, -79420.492188, 0.207903703704
CYS, 9, 26.068, 0.821657, -80395.968750, 0.307162962963
GLN, 6, 28.629, 0.890338, -79617.671875, 0.290562962963
GLU, 9, 25.084, 0.823335, -80372.500000, 0.207940740741
GLY, 9, 26.149, 0.826114, -79784.484375, 0.230159259259
HIS, 10, 27.686, 0.845045, -80934.226562, 0.336788888889
ILE, 7, 26.506, 0.817636, -79673.101562, 0.278788888889
LEU, 2, 28.865, 0.921651, -80427.132812, 0.349325925926
LYS, 10, 27.163, 0.83885, -80285.015625, 0.242707407407
MET, 9, 25.596, 0.81614, -80490.265625, 0.221622222222
PHE, 4, 27.227, 0.831354, -80453.343750, 0.339081481481
PRO, 6, 25.996, 0.828265, -79959.164062, 0.268974074074
SER, 4, 26.124, 0.814384, -79873.515625, 0.234703703704
THR, 4, 27.910, 0.922789, -80700.789062, 0.375159259259
TRP, 2, 26.524, 0.842515, -79762.968750, 0.314955555556
TYR, 10, 27.385, 0.818895, -80733.007812, 0.270355555556
VAL, 4, 25.280, 0.837979, -79150.289062, 0.221659259259
