AMINO ACID, DSSP, SASA, GYRATE, ENERGY, RMSF
ALA, 6, 25.858, 0.815135, -79865.867188, 0.251659259259
ARG, 4, 28.261, 0.839905, -80967.179688, 0.298462962963
ASN, 8, 25.150, 0.80069, -79500.218750, 0.210481481481
ASP, 8, 26.890, 0.832668, -79824.960938, 0.207903703704
CYS, 9, 26.071, 0.813057, -80211.476562, 0.307162962963
GLN, 6, 27.805, 0.89397, -80297.515625, 0.290562962963
GLU, 7, 26.220, 0.814227, -79630.187500, 0.207940740741
GLY, 7, 26.247, 0.830152, -81050.476562, 0.230159259259
HIS, 8, 27.527, 0.84981, -80877.695312, 0.336788888889
ILE, 7, 25.283, 0.798293, -80912.625000, 0.278788888889
LEU, 2, 29.086, 0.921902, -80556.218750, 0.349325925926
LYS, 5, 27.218, 0.821777, -80628.156250, 0.242707407407
MET, 8, 25.923, 0.810504, -80443.445312, 0.221622222222
PHE, 9, 26.093, 0.827294, -80993.765625, 0.339081481481
PRO, 5, 25.722, 0.82774, -80369.500000, 0.268974074074
SER, 2, 25.904, 0.816024, -80739.179688, 0.234703703704
THR, 6, 25.987, 0.89065, -80436.835938, 0.375159259259
TRP, 2, 29.860, 0.855687, -80172.593750, 0.314955555556
TYR, 11, 27.245, 0.80977, -79230.093750, 0.270355555556
VAL, 8, 26.876, 0.854783, -81179.953125, 0.221659259259
