AMINO ACID, DSSP, SASA, GYRATE, ENERGY, RMSF
ALA, 6, 25.798, 0.818267, -80169.875000, 0.251659259259
ARG, 4, 27.886, 0.841511, -80924.242188, 0.298462962963
ASN, 8, 25.095, 0.813452, -80560.421875, 0.210481481481
ASP, 8, 26.951, 0.832965, -80422.210938, 0.207903703704
CYS, 3, 27.252, 0.835238, -80345.546875, 0.307162962963
GLN, 10, 28.657, 0.879184, -80686.765625, 0.290562962963
GLU, 4, 26.799, 0.831614, -79658.140625, 0.207940740741
GLY, 9, 25.496, 0.818772, -79620.140625, 0.230159259259
HIS, 4, 28.085, 0.862103, -79975.226562, 0.336788888889
ILE, 10, 25.350, 0.810167, -80048.531250, 0.278788888889
LEU, 2, 28.127, 0.913568, -79382.015625, 0.349325925926
LYS, 7, 25.765, 0.803997, -80708.656250, 0.242707407407
MET, 10, 25.868, 0.817642, -80537.195312, 0.221622222222
PHE, 9, 26.159, 0.817572, -80511.968750, 0.339081481481
PRO, 6, 25.074, 0.83363, -80246.953125, 0.268974074074
SER, 4, 25.692, 0.817378, -78950.953125, 0.234703703704
THR, 6, 26.197, 0.884687, -80420.273438, 0.375159259259
TRP, 2, 29.418, 0.858682, -79810.531250, 0.314955555556
TYR, 11, 27.366, 0.825119, -80507.890625, 0.270355555556
VAL, 4, 26.450, 0.848716, -79731.093750, 0.221659259259
