AMINO ACID, DSSP, SASA, GYRATE, ENERGY, RMSF
ALA, 6, 26.549, 0.822159, -80030.242188, 0.251659259259
ARG, 2, 27.023, 0.842997, -80526.218750, 0.298462962963
ASN, 10, 24.813, 0.791094, -80957.500000, 0.210481481481
ASP, 7, 26.911, 0.817876, -79019.882812, 0.207903703704
CYS, 6, 26.475, 0.821538, -80054.406250, 0.307162962963
GLN, 10, 29.245, 0.887727, -79625.796875, 0.290562962963
GLU, 2, 25.285, 0.809457, -80044.453125, 0.207940740741
GLY, 7, 25.273, 0.825046, -80418.593750, 0.230159259259
HIS, 6, 27.363, 0.859739, -79846.289062, 0.336788888889
ILE, 7, 24.678, 0.792596, -79922.687500, 0.278788888889
LEU, 2, 28.306, 0.904732, -80089.781250, 0.349325925926
LYS, 11, 26.040, 0.821383, -79100.406250, 0.242707407407
MET, 9, 25.102, 0.810173, -81502.296875, 0.221622222222
PHE, 7, 25.528, 0.834349, -79932.414062, 0.339081481481
PRO, 7, 25.476, 0.833055, -79234.921875, 0.268974074074
SER, 4, 25.497, 0.816844, -80824.453125, 0.234703703704
THR, 10, 24.807, 0.861952, -81104.156250, 0.375159259259
TRP, 4, 29.756, 0.859316, -80148.734375, 0.314955555556
TYR, 15, 26.075, 0.803134, -79990.921875, 0.270355555556
VAL, 5, 26.315, 0.838156, -79794.562500, 0.221659259259
