AMINO ACID, DSSP, SASA, GYRATE, ENERGY, RMSF
ALA, 6, 27.082, 0.836459, -79320.781250, 0.251659259259
ARG, 4, 27.042, 0.833514, -80767.484375, 0.298462962963
ASN, 10, 25.639, 0.799643, -80647.640625, 0.210481481481
ASP, 10, 26.495, 0.8192, -79318.554688, 0.207903703704
CYS, 8, 25.708, 0.832472, -80353.539062, 0.307162962963
GLN, 4, 28.904, 0.887068, -80419.218750, 0.290562962963
GLU, 8, 25.731, 0.81198, -79155.609375, 0.207940740741
GLY, 7, 26.927, 0.832928, -79600.687500, 0.230159259259
HIS, 6, 27.774, 0.85896, -79106.843750, 0.336788888889
ILE, 7, 24.806, 0.802, -80278.984375, 0.278788888889
LEU, 0, 27.230, 0.913007, -80886.484375, 0.349325925926
LYS, 11, 26.767, 0.828164, -80319.335938, 0.242707407407
MET, 8, 25.288, 0.817304, -81184.789062, 0.221622222222
PHE, 5, 26.510, 0.833661, -80980.171875, 0.339081481481
PRO, 7, 26.475, 0.848467, -79758.554688, 0.268974074074
SER, 2, 25.608, 0.820021, -79614.414062, 0.234703703704
THR, 14, 25.265, 0.87041, -81147.218750, 0.375159259259
TRP, 4, 29.780, 0.86083, -80543.023438, 0.314955555556
TYR, 12, 26.660, 0.813702, -79510.718750, 0.270355555556
VAL, 5, 25.996, 0.839096, -80486.140625, 0.221659259259
