AMINO ACID, DSSP, SASA, GYRATE, ENERGY, RMSF
ALA, 4, 25.051, 0.808647, -79877.765625, 0.251659259259
ARG, 4, 27.870, 0.836451, -80347.773438, 0.298462962963
ASN, 10, 23.995, 0.793369, -80719.781250, 0.210481481481
ASP, 10, 26.324, 0.82244, -79755.601562, 0.207903703704
CYS, 7, 26.082, 0.843429, -80277.179688, 0.307162962963
GLN, 8, 28.228, 0.886779, -81465.812500, 0.290562962963
GLU, 7, 25.541, 0.812521, -79598.750000, 0.207940740741
GLY, 9, 25.187, 0.809493, -80847.351562, 0.230159259259
HIS, 12, 29.147, 0.858851, -79158.750000, 0.336788888889
ILE, 10, 24.267, 0.796171, -80726.390625, 0.278788888889
LEU, 2, 27.494, 0.902658, -79958.617188, 0.349325925926
LYS, 11, 27.982, 0.824212, -80236.210938, 0.242707407407
MET, 8, 26.287, 0.827389, -81091.648438, 0.221622222222
PHE, 4, 26.795, 0.838844, -80407.429688, 0.339081481481
PRO, 7, 26.860, 0.847794, -80261.250000, 0.268974074074
SER, 2, 26.220, 0.819256, -79433.765625, 0.234703703704
THR, 13, 25.191, 0.879874, -80857.015625, 0.375159259259
TRP, 0, 29.104, 0.862231, -79479.015625, 0.314955555556
TYR, 8, 26.698, 0.825673, -79398.968750, 0.270355555556
VAL, 4, 24.874, 0.837383, -80698.007812, 0.221659259259
