AMINO ACID, DSSP, SASA, GYRATE, ENERGY, RMSF
ALA, 8, 27.325, 0.824241, -80952.953125, 0.251659259259
ARG, 12, 28.664, 0.850102, -80931.609375, 0.298462962963
ASN, 8, 26.045, 0.825613, -79768.265625, 0.210481481481
ASP, 8, 26.752, 0.813721, -80170.054688, 0.207903703704
CYS, 6, 28.235, 0.866924, -81112.406250, 0.307162962963
GLN, 10, 28.461, 0.812173, -80963.601562, 0.290562962963
GLU, 6, 28.172, 0.862977, -81031.460938, 0.207940740741
GLY, 8, 26.963, 0.841879, -81094.921875, 0.230159259259
HIS, 4, 26.849, 0.848473, -79285.734375, 0.336788888889
ILE, 6, 27.153, 0.832435, -80380.125000, 0.278788888889
LEU, 12, 27.211, 0.805442, -80298.265625, 0.349325925926
LYS, 8, 24.852, 0.796127, -80327.937500, 0.242707407407
MET, 8, 27.661, 0.84457, -80146.070312, 0.221622222222
PHE, 8, 28.013, 0.837632, -79563.867188, 0.339081481481
PRO, 12, 27.134, 0.855937, -79722.320312, 0.268974074074
SER, 12, 27.860, 0.820473, -79615.640625, 0.234703703704
THR, 8, 25.804, 0.816679, -79902.640625, 0.375159259259
TRP, 10, 28.468, 0.83695, -80444.539062, 0.314955555556
TYR, 6, 28.714, 0.857034, -80084.382812, 0.270355555556
VAL, 4, 24.707, 0.813561, -79157.531250, 0.221659259259
