AMINO ACID, DSSP, SASA, GYRATE, ENERGY, RMSF
ALA, 6, 25.090, 0.794546, -79596.578125, 0.251659259259
ARG, 6, 27.766, 0.837885, -81775.968750, 0.298462962963
ASN, 11, 24.177, 0.80377, -80411.359375, 0.210481481481
ASP, 10, 28.625, 0.826731, -80593.828125, 0.207903703704
CYS, 3, 27.087, 0.831391, -79415.570312, 0.307162962963
GLN, 6, 28.679, 0.892994, -80574.023438, 0.290562962963
GLU, 6, 25.379, 0.804508, -79794.750000, 0.207940740741
GLY, 5, 26.181, 0.832067, -80141.421875, 0.230159259259
HIS, 10, 30.048, 0.855133, -79493.382812, 0.336788888889
ILE, 7, 27.212, 0.826738, -79426.234375, 0.278788888889
LEU, 2, 28.902, 0.916837, -80179.796875, 0.349325925926
LYS, 13, 27.013, 0.814418, -79710.492188, 0.242707407407
MET, 9, 26.460, 0.830849, -80532.984375, 0.221622222222
PHE, 9, 26.077, 0.824418, -79588.335938, 0.339081481481
PRO, 9, 27.542, 0.833357, -79474.257812, 0.268974074074
SER, 4, 25.707, 0.8227, -80060.078125, 0.234703703704
THR, 13, 25.408, 0.863524, -80487.281250, 0.375159259259
TRP, 2, 29.163, 0.850108, -79676.328125, 0.314955555556
TYR, 10, 25.768, 0.820703, -79177.101562, 0.270355555556
VAL, 4, 25.934, 0.847814, -79787.187500, 0.221659259259
