AMINO ACID, DSSP, SASA, GYRATE, ENERGY, RMSF
ALA, 6, 23.686, 0.780364, -80722.554688, 0.251659259259
ARG, 4, 28.877, 0.861406, -80621.125000, 0.298462962963
ASN, 10, 24.472, 0.793866, -79716.609375, 0.210481481481
ASP, 6, 26.411, 0.824586, -79720.578125, 0.207903703704
CYS, 3, 27.067, 0.835424, -79650.906250, 0.307162962963
GLN, 6, 28.415, 0.898987, -79750.671875, 0.290562962963
GLU, 4, 26.243, 0.818475, -80486.578125, 0.207940740741
GLY, 5, 26.594, 0.82726, -79788.835938, 0.230159259259
HIS, 8, 28.542, 0.842401, -79631.078125, 0.336788888889
ILE, 6, 25.707, 0.820307, -79757.351562, 0.278788888889
LEU, 2, 30.549, 0.92847, -79893.203125, 0.349325925926
LYS, 10, 26.769, 0.807237, -80168.093750, 0.242707407407
MET, 10, 25.664, 0.820615, -79689.906250, 0.221622222222
PHE, 11, 27.338, 0.836176, -80691.375000, 0.339081481481
PRO, 5, 27.126, 0.848415, -81171.625000, 0.268974074074
SER, 4, 24.310, 0.808774, -80019.937500, 0.234703703704
THR, 13, 26.637, 0.877706, -80050.296875, 0.375159259259
TRP, 7, 29.001, 0.856097, -79779.156250, 0.314955555556
TYR, 10, 26.417, 0.820455, -80690.507812, 0.270355555556
VAL, 2, 25.595, 0.847329, -80148.945312, 0.221659259259
