AMINO ACID, DSSP, SASA, GYRATE, ENERGY, RMSF
ALA, 6, 24.091, 0.792936, -80866.765625, 0.251659259259
ARG, 4, 29.666, 0.875737, -80959.726562, 0.298462962963
ASN, 10, 24.448, 0.796172, -80418.375000, 0.210481481481
ASP, 8, 25.726, 0.809933, -80928.601562, 0.207903703704
CYS, 6, 26.693, 0.827625, -78934.007812, 0.307162962963
GLN, 4, 27.601, 0.893753, -79884.476562, 0.290562962963
GLU, 6, 26.335, 0.82705, -80117.250000, 0.207940740741
GLY, 3, 26.887, 0.84982, -80601.875000, 0.230159259259
HIS, 8, 30.209, 0.868437, -80286.656250, 0.336788888889
ILE, 7, 25.853, 0.798022, -80361.960938, 0.278788888889
LEU, 4, 26.938, 0.879111, -80489.398438, 0.349325925926
LYS, 7, 26.950, 0.817731, -80231.328125, 0.242707407407
MET, 9, 26.379, 0.835188, -80276.296875, 0.221622222222
PHE, 8, 27.722, 0.844941, -79824.273438, 0.339081481481
PRO, 4, 27.178, 0.841482, -79523.070312, 0.268974074074
SER, 4, 25.392, 0.819903, -80685.414062, 0.234703703704
THR, 6, 27.359, 0.882882, -79332.179688, 0.375159259259
TRP, 4, 27.846, 0.852105, -79869.250000, 0.314955555556
TYR, 10, 28.040, 0.828558, -79503.250000, 0.270355555556
VAL, 2, 27.581, 0.861622, -80486.718750, 0.221659259259
