AMINO ACID, DSSP, SASA, GYRATE, ENERGY, RMSF
ALA, 6, 24.212, 0.797927, -80294.515625, 0.251659259259
ARG, 4, 30.561, 0.876183, -80898.945312, 0.298462962963
ASN, 10, 24.709, 0.813548, -80242.062500, 0.210481481481
ASP, 8, 26.205, 0.818831, -80585.835938, 0.207903703704
CYS, 6, 26.435, 0.820948, -80611.687500, 0.307162962963
GLN, 6, 27.442, 0.885812, -81376.125000, 0.290562962963
GLU, 6, 25.046, 0.822901, -79800.156250, 0.207940740741
GLY, 7, 28.349, 0.860852, -79389.921875, 0.230159259259
HIS, 8, 29.626, 0.858461, -80526.312500, 0.336788888889
ILE, 7, 25.478, 0.817023, -80792.500000, 0.278788888889
LEU, 6, 28.069, 0.877924, -79984.515625, 0.349325925926
LYS, 7, 27.192, 0.824125, -80744.015625, 0.242707407407
MET, 10, 26.063, 0.828119, -80791.609375, 0.221622222222
PHE, 6, 26.557, 0.820162, -79948.789062, 0.339081481481
PRO, 4, 27.907, 0.834193, -79742.937500, 0.268974074074
SER, 2, 25.803, 0.819187, -79782.617188, 0.234703703704
THR, 6, 26.377, 0.87943, -79536.421875, 0.375159259259
TRP, 2, 28.098, 0.846621, -80209.507812, 0.314955555556
TYR, 12, 27.650, 0.813867, -79483.453125, 0.270355555556
VAL, 2, 29.696, 0.875316, -80136.875000, 0.221659259259
