AMINO ACID, DSSP, SASA, GYRATE, ENERGY, RMSF
ALA, 6, 27.877, 0.852667, -80072.984375, 0.251659259259
ARG, 8, 29.102, 0.835647, -80793.929688, 0.298462962963
ASN, 4, 29.141, 0.850087, -79766.023438, 0.210481481481
ASP, 7, 25.367, 0.814225, -79552.789062, 0.207903703704
CYS, 6, 29.434, 0.882251, -80803.726562, 0.307162962963
GLN, 8, 27.041, 0.822016, -79121.937500, 0.290562962963
GLU, 9, 29.950, 0.844757, -79744.671875, 0.207940740741
GLY, 8, 24.525, 0.832577, -80387.031250, 0.230159259259
HIS, 6, 28.059, 0.851063, -80363.343750, 0.336788888889
ILE, 6, 26.438, 0.832432, -80427.937500, 0.278788888889
LEU, 9, 26.178, 0.813239, -79873.609375, 0.349325925926
LYS, 2, 28.279, 0.832767, -80119.515625, 0.242707407407
MET, 2, 27.713, 0.841172, -81492.734375, 0.221622222222
PHE, 10, 25.770, 0.807416, -79855.398438, 0.339081481481
PRO, 8, 25.456, 0.838222, -80063.562500, 0.268974074074
SER, 10, 25.534, 0.806484, -80489.000000, 0.234703703704
THR, 8, 29.422, 0.857269, -79403.343750, 0.375159259259
TRP, 10, 28.302, 0.857844, -80388.320312, 0.314955555556
TYR, 10, 27.122, 0.852998, -79746.414062, 0.270355555556
VAL, 6, 26.795, 0.834217, -80121.664062, 0.221659259259
