AMINO ACID, DSSP, SASA, GYRATE, ENERGY, RMSF
ALA, 6, 23.573, 0.779553, -80076.695312, 0.251659259259
ARG, 4, 29.643, 0.879195, -80183.468750, 0.298462962963
ASN, 6, 26.020, 0.825364, -80653.132812, 0.210481481481
ASP, 14, 26.177, 0.795021, -80725.734375, 0.207903703704
CYS, 7, 25.175, 0.814881, -80014.687500, 0.307162962963
GLN, 4, 28.250, 0.873892, -80015.156250, 0.290562962963
GLU, 6, 26.464, 0.814841, -80133.773438, 0.207940740741
GLY, 5, 23.913, 0.804323, -79608.343750, 0.230159259259
HIS, 9, 28.356, 0.858252, -80718.031250, 0.336788888889
ILE, 5, 26.671, 0.81351, -80784.421875, 0.278788888889
LEU, 4, 26.768, 0.887289, -80221.734375, 0.349325925926
LYS, 9, 26.890, 0.82026, -80204.812500, 0.242707407407
MET, 8, 26.702, 0.830837, -81044.320312, 0.221622222222
PHE, 10, 24.620, 0.829469, -80054.375000, 0.339081481481
PRO, 5, 27.964, 0.84239, -79865.195312, 0.268974074074
SER, 4, 24.718, 0.812002, -80287.421875, 0.234703703704
THR, 11, 27.397, 0.890807, -80322.898438, 0.375159259259
TRP, 2, 28.708, 0.85847, -80475.695312, 0.314955555556
TYR, 12, 26.375, 0.819851, -80167.546875, 0.270355555556
VAL, 2, 26.868, 0.860191, -80395.351562, 0.221659259259
