AMINO ACID, DSSP, SASA, GYRATE, ENERGY, RMSF
ALA, 6, 23.799, 0.785453, -80363.085938, 0.251659259259
ARG, 6, 29.456, 0.88252, -79998.906250, 0.298462962963
ASN, 8, 26.878, 0.816429, -81244.375000, 0.210481481481
ASP, 10, 26.270, 0.820675, -80463.234375, 0.207903703704
CYS, 8, 25.287, 0.817073, -80209.554688, 0.307162962963
GLN, 5, 29.033, 0.894342, -80074.882812, 0.290562962963
GLU, 8, 25.577, 0.805334, -80372.640625, 0.207940740741
GLY, 7, 24.472, 0.805146, -79960.703125, 0.230159259259
HIS, 4, 29.310, 0.865217, -80503.304688, 0.336788888889
ILE, 7, 25.994, 0.819057, -80734.859375, 0.278788888889
LEU, 2, 26.950, 0.885932, -80657.078125, 0.349325925926
LYS, 11, 26.792, 0.823317, -79986.320312, 0.242707407407
MET, 8, 25.681, 0.824853, -80000.390625, 0.221622222222
PHE, 9, 25.951, 0.831887, -80149.453125, 0.339081481481
PRO, 2, 28.638, 0.848201, -80968.320312, 0.268974074074
SER, 4, 25.799, 0.814612, -79656.007812, 0.234703703704
THR, 9, 28.658, 0.916755, -80778.609375, 0.375159259259
TRP, 4, 30.640, 0.868348, -80156.757812, 0.314955555556
TYR, 10, 26.238, 0.812179, -79994.734375, 0.270355555556
VAL, 4, 26.851, 0.870403, -79972.453125, 0.221659259259
