AMINO ACID, DSSP, SASA, GYRATE, ENERGY, RMSF
ALA, 6, 22.948, 0.775816, -80968.242188, 0.251659259259
ARG, 6, 29.416, 0.875785, -80691.132812, 0.298462962963
ASN, 8, 26.027, 0.813541, -80898.304688, 0.210481481481
ASP, 12, 26.820, 0.809658, -80145.859375, 0.207903703704
CYS, 7, 25.643, 0.820264, -79223.750000, 0.307162962963
GLN, 6, 27.369, 0.884222, -80511.039062, 0.290562962963
GLU, 6, 24.757, 0.81881, -80216.335938, 0.207940740741
GLY, 7, 25.462, 0.814445, -80222.460938, 0.230159259259
HIS, 4, 30.123, 0.874554, -80407.140625, 0.336788888889
ILE, 7, 25.549, 0.805919, -80320.984375, 0.278788888889
LEU, 2, 27.955, 0.890091, -80431.359375, 0.349325925926
LYS, 7, 26.361, 0.834823, -81318.570312, 0.242707407407
MET, 9, 27.490, 0.834156, -79719.968750, 0.221622222222
PHE, 7, 28.263, 0.846193, -80763.421875, 0.339081481481
PRO, 5, 27.800, 0.83719, -80036.132812, 0.268974074074
SER, 4, 25.841, 0.810582, -80032.359375, 0.234703703704
THR, 9, 28.705, 0.899296, -79345.843750, 0.375159259259
TRP, 4, 30.605, 0.875705, -79812.546875, 0.314955555556
TYR, 10, 28.257, 0.829253, -80439.078125, 0.270355555556
VAL, 4, 26.379, 0.855552, -80821.617188, 0.221659259259
