AMINO ACID, DSSP, SASA, GYRATE, ENERGY, RMSF
ALA, 4, 23.507, 0.780255, -79872.250000, 0.251659259259
ARG, 6, 29.830, 0.89212, -80690.140625, 0.298462962963
ASN, 7, 24.446, 0.793638, -79658.382812, 0.210481481481
ASP, 10, 26.608, 0.811345, -79747.859375, 0.207903703704
CYS, 3, 25.594, 0.813079, -80432.617188, 0.307162962963
GLN, 8, 29.306, 0.895033, -80064.632812, 0.290562962963
GLU, 4, 25.064, 0.809011, -80802.070312, 0.207940740741
GLY, 5, 23.807, 0.818014, -79786.390625, 0.230159259259
HIS, 8, 27.324, 0.840639, -79525.375000, 0.336788888889
ILE, 7, 26.140, 0.813267, -80326.140625, 0.278788888889
LEU, 6, 27.977, 0.900028, -79630.585938, 0.349325925926
LYS, 9, 26.575, 0.831111, -80333.234375, 0.242707407407
MET, 8, 26.346, 0.823705, -81086.062500, 0.221622222222
PHE, 9, 26.531, 0.833315, -79831.195312, 0.339081481481
PRO, 7, 27.770, 0.834412, -80096.453125, 0.268974074074
SER, 4, 24.934, 0.813584, -79608.570312, 0.234703703704
THR, 6, 26.395, 0.888286, -80227.359375, 0.375159259259
TRP, 2, 29.662, 0.866481, -79474.421875, 0.314955555556
TYR, 7, 26.857, 0.827764, -79978.671875, 0.270355555556
VAL, 0, 27.475, 0.877267, -80458.867188, 0.221659259259
