AMINO ACID, DSSP, SASA, GYRATE, ENERGY, RMSF
ALA, 4, 28.333, 0.869898, -81058.773438, 0.251659259259
ARG, 10, 28.644, 0.841624, -80280.609375, 0.298462962963
ASN, 4, 28.762, 0.857757, -81006.367188, 0.210481481481
ASP, 11, 25.784, 0.81184, -80283.390625, 0.207903703704
CYS, 8, 29.590, 0.899206, -80100.062500, 0.307162962963
GLN, 7, 26.531, 0.82843, -80696.109375, 0.290562962963
GLU, 6, 27.190, 0.82842, -80784.320312, 0.207940740741
GLY, 9, 24.225, 0.827376, -80768.171875, 0.230159259259
HIS, 6, 28.651, 0.839972, -81014.257812, 0.336788888889
ILE, 8, 28.425, 0.853267, -79652.398438, 0.278788888889
LEU, 9, 27.724, 0.823088, -80944.593750, 0.349325925926
LYS, 9, 27.163, 0.829239, -79817.265625, 0.242707407407
MET, 5, 27.008, 0.84093, -80073.437500, 0.221622222222
PHE, 8, 24.908, 0.802371, -79109.750000, 0.339081481481
PRO, 8, 26.603, 0.843239, -80016.515625, 0.268974074074
SER, 8, 26.881, 0.827987, -80401.093750, 0.234703703704
THR, 6, 27.552, 0.840931, -80376.585938, 0.375159259259
TRP, 6, 28.687, 0.843236, -80117.929688, 0.314955555556
TYR, 7, 27.862, 0.864906, -80471.515625, 0.270355555556
VAL, 8, 25.559, 0.832668, -80755.046875, 0.221659259259
