AMINO ACID, DSSP, SASA, GYRATE, ENERGY, RMSF
ALA, 6, 24.664, 0.798268, -79545.617188, 0.251659259259
ARG, 4, 29.831, 0.87261, -81152.609375, 0.298462962963
ASN, 10, 24.680, 0.796343, -79907.921875, 0.210481481481
ASP, 10, 24.253, 0.807107, -80063.046875, 0.207903703704
CYS, 7, 27.495, 0.834902, -79410.156250, 0.307162962963
GLN, 7, 27.667, 0.885246, -80259.429688, 0.290562962963
GLU, 6, 25.393, 0.825975, -80217.273438, 0.207940740741
GLY, 5, 25.871, 0.833254, -79823.281250, 0.230159259259
HIS, 8, 26.729, 0.833821, -80934.718750, 0.336788888889
ILE, 7, 27.326, 0.816285, -80582.804688, 0.278788888889
LEU, 9, 29.088, 0.885002, -79656.414062, 0.349325925926
LYS, 5, 25.859, 0.80526, -80125.359375, 0.242707407407
MET, 10, 25.447, 0.825385, -79551.492188, 0.221622222222
PHE, 11, 25.781, 0.831111, -80468.421875, 0.339081481481
PRO, 7, 29.052, 0.843145, -80229.273438, 0.268974074074
SER, 4, 25.476, 0.809248, -80467.812500, 0.234703703704
THR, 4, 27.458, 0.89373, -79743.976562, 0.375159259259
TRP, 7, 28.855, 0.856802, -79978.179688, 0.314955555556
TYR, 7, 27.054, 0.837065, -80819.210938, 0.270355555556
VAL, 2, 26.538, 0.844254, -79956.554688, 0.221659259259
