AMINO ACID, DSSP, SASA, GYRATE, ENERGY, RMSF
ALA, 6, 24.059, 0.789687, -80555.968750, 0.251659259259
ARG, 4, 28.207, 0.856161, -80314.125000, 0.298462962963
ASN, 10, 25.889, 0.81089, -80626.093750, 0.210481481481
ASP, 6, 25.262, 0.810302, -79631.859375, 0.207903703704
CYS, 9, 27.100, 0.835372, -80420.156250, 0.307162962963
GLN, 6, 27.981, 0.868583, -81259.421875, 0.290562962963
GLU, 8, 25.980, 0.816268, -80652.257812, 0.207940740741
GLY, 8, 25.408, 0.832953, -80697.765625, 0.230159259259
HIS, 8, 27.322, 0.846689, -80214.476562, 0.336788888889
ILE, 7, 27.312, 0.826151, -80121.929688, 0.278788888889
LEU, 9, 28.171, 0.891441, -80330.406250, 0.349325925926
LYS, 4, 28.060, 0.826103, -80365.718750, 0.242707407407
MET, 10, 26.472, 0.836682, -81129.875000, 0.221622222222
PHE, 10, 25.507, 0.819619, -79537.046875, 0.339081481481
PRO, 5, 29.374, 0.843044, -80441.343750, 0.268974074074
SER, 4, 25.998, 0.817911, -80210.062500, 0.234703703704
THR, 2, 26.706, 0.89103, -80107.421875, 0.375159259259
TRP, 2, 28.619, 0.842082, -79269.429688, 0.314955555556
TYR, 8, 25.801, 0.815923, -80634.664062, 0.270355555556
VAL, 2, 26.477, 0.855474, -79783.593750, 0.221659259259
