AMINO ACID, DSSP, SASA, GYRATE, ENERGY, RMSF
ALA, 6, 24.696, 0.790092, -80075.429688, 0.251659259259
ARG, 4, 28.346, 0.834651, -80027.070312, 0.298462962963
ASN, 8, 25.065, 0.806823, -80708.726562, 0.210481481481
ASP, 9, 24.892, 0.810554, -80171.218750, 0.207903703704
CYS, 10, 26.738, 0.832698, -81247.960938, 0.307162962963
GLN, 4, 28.354, 0.889642, -80641.468750, 0.290562962963
GLU, 4, 25.671, 0.817347, -80313.742188, 0.207940740741
GLY, 9, 26.007, 0.824478, -80546.867188, 0.230159259259
HIS, 8, 27.898, 0.843235, -81260.507812, 0.336788888889
ILE, 7, 25.527, 0.820547, -79928.062500, 0.278788888889
LEU, 6, 29.545, 0.886441, -78974.773438, 0.349325925926
LYS, 6, 28.139, 0.841372, -81365.312500, 0.242707407407
MET, 8, 27.448, 0.82692, -79757.781250, 0.221622222222
PHE, 9, 26.100, 0.825702, -79437.437500, 0.339081481481
PRO, 7, 27.240, 0.821841, -81053.765625, 0.268974074074
SER, 4, 25.215, 0.810012, -81144.296875, 0.234703703704
THR, 8, 27.524, 0.899361, -81488.898438, 0.375159259259
TRP, 0, 30.216, 0.87208, -80129.406250, 0.314955555556
TYR, 9, 26.789, 0.821672, -80428.109375, 0.270355555556
VAL, 2, 26.586, 0.857879, -80213.687500, 0.221659259259
