AMINO ACID, DSSP, SASA, GYRATE, ENERGY, RMSF
ALA, 6, 29.637, 0.864884, -81058.664062, 0.251659259259
ARG, 10, 27.934, 0.82919, -79825.726562, 0.298462962963
ASN, 6, 28.132, 0.844274, -80544.367188, 0.210481481481
ASP, 9, 25.035, 0.811649, -80895.648438, 0.207903703704
CYS, 8, 27.268, 0.8623, -79488.843750, 0.307162962963
GLN, 11, 26.186, 0.823492, -79966.539062, 0.290562962963
GLU, 5, 26.353, 0.838985, -80684.359375, 0.207940740741
GLY, 8, 25.806, 0.828506, -80388.335938, 0.230159259259
HIS, 10, 27.097, 0.825506, -79760.148438, 0.336788888889
ILE, 8, 27.601, 0.844281, -81031.640625, 0.278788888889
LEU, 11, 27.715, 0.826095, -80342.820312, 0.349325925926
LYS, 8, 28.109, 0.842326, -80634.000000, 0.242707407407
MET, 7, 27.574, 0.845596, -79772.234375, 0.221622222222
PHE, 8, 24.356, 0.797628, -80420.406250, 0.339081481481
PRO, 6, 25.776, 0.841613, -79797.328125, 0.268974074074
SER, 8, 25.536, 0.81584, -78861.875000, 0.234703703704
THR, 6, 28.425, 0.840507, -80565.710938, 0.375159259259
TRP, 6, 28.198, 0.840418, -80819.031250, 0.314955555556
TYR, 9, 28.954, 0.867709, -80530.414062, 0.270355555556
VAL, 6, 26.884, 0.836016, -80767.078125, 0.221659259259
