AMINO ACID, DSSP, SASA, GYRATE, ENERGY, RMSF
ALA, 8, 29.514, 0.872285, -79873.648438, 0.251659259259
ARG, 10, 27.786, 0.831331, -80550.710938, 0.298462962963
ASN, 8, 27.429, 0.844262, -79691.179688, 0.210481481481
ASP, 11, 25.414, 0.817751, -80591.906250, 0.207903703704
CYS, 8, 28.312, 0.871982, -80286.289062, 0.307162962963
GLN, 11, 25.456, 0.8236, -80712.484375, 0.290562962963
GLU, 7, 26.816, 0.83161, -80728.500000, 0.207940740741
GLY, 9, 26.331, 0.832702, -81021.328125, 0.230159259259
HIS, 8, 26.853, 0.824327, -79916.343750, 0.336788888889
ILE, 8, 27.635, 0.842876, -80184.531250, 0.278788888889
LEU, 9, 28.895, 0.833321, -79795.265625, 0.349325925926
LYS, 4, 27.740, 0.831257, -80528.289062, 0.242707407407
MET, 7, 27.156, 0.839285, -79937.656250, 0.221622222222
PHE, 8, 24.082, 0.804257, -79885.781250, 0.339081481481
PRO, 6, 25.387, 0.839498, -80914.812500, 0.268974074074
SER, 12, 25.772, 0.815571, -80625.953125, 0.234703703704
THR, 6, 26.830, 0.835439, -81280.250000, 0.375159259259
TRP, 6, 26.524, 0.843556, -80155.781250, 0.314955555556
TYR, 9, 28.674, 0.870634, -79383.640625, 0.270355555556
VAL, 8, 27.054, 0.839831, -80460.718750, 0.221659259259
