AMINO ACID, DSSP, SASA, GYRATE, ENERGY, RMSF
ALA, 6, 23.132, 0.78242, -80761.750000, 0.251659259259
ARG, 4, 26.300, 0.844722, -80886.390625, 0.298462962963
ASN, 10, 25.644, 0.809068, -80466.062500, 0.210481481481
ASP, 14, 24.746, 0.808012, -80320.484375, 0.207903703704
CYS, 7, 26.601, 0.82702, -80121.343750, 0.307162962963
GLN, 4, 28.254, 0.891602, -79619.226562, 0.290562962963
GLU, 6, 25.412, 0.816532, -80445.671875, 0.207940740741
GLY, 7, 26.933, 0.843159, -79698.703125, 0.230159259259
HIS, 6, 28.137, 0.853768, -80232.335938, 0.336788888889
ILE, 7, 25.802, 0.823773, -79828.117188, 0.278788888889
LEU, 4, 29.322, 0.890618, -79529.015625, 0.349325925926
LYS, 4, 28.318, 0.824302, -80640.921875, 0.242707407407
MET, 8, 25.705, 0.824856, -80213.953125, 0.221622222222
PHE, 9, 27.290, 0.838642, -80016.437500, 0.339081481481
PRO, 5, 27.691, 0.826401, -80107.367188, 0.268974074074
SER, 2, 23.954, 0.814081, -79453.140625, 0.234703703704
THR, 5, 27.420, 0.879112, -79800.015625, 0.375159259259
TRP, 2, 30.033, 0.868472, -79448.117188, 0.314955555556
TYR, 10, 27.619, 0.834397, -78709.437500, 0.270355555556
VAL, 2, 26.840, 0.853962, -79701.195312, 0.221659259259
