AMINO ACID, DSSP, SASA, GYRATE, ENERGY, RMSF
ALA, 6, 28.909, 0.869446, -80268.515625, 0.251659259259
ARG, 8, 29.102, 0.849443, -80991.109375, 0.298462962963
ASN, 9, 28.548, 0.838844, -79930.601562, 0.210481481481
ASP, 11, 27.035, 0.826566, -78926.359375, 0.207903703704
CYS, 8, 28.159, 0.885898, -80787.867188, 0.307162962963
GLN, 13, 26.745, 0.8339, -79627.515625, 0.290562962963
GLU, 6, 27.392, 0.833963, -80010.843750, 0.207940740741
GLY, 10, 25.490, 0.831796, -81036.765625, 0.230159259259
HIS, 10, 26.025, 0.821468, -79441.578125, 0.336788888889
ILE, 4, 26.568, 0.841703, -79573.000000, 0.278788888889
LEU, 7, 28.910, 0.8387, -80337.867188, 0.349325925926
LYS, 4, 27.733, 0.828614, -80370.015625, 0.242707407407
MET, 9, 27.245, 0.845218, -80483.781250, 0.221622222222
PHE, 5, 25.332, 0.801765, -79852.414062, 0.339081481481
PRO, 6, 26.172, 0.837441, -80823.851562, 0.268974074074
SER, 12, 24.830, 0.809442, -81048.359375, 0.234703703704
THR, 4, 26.761, 0.837296, -80990.234375, 0.375159259259
TRP, 6, 28.465, 0.856389, -80534.398438, 0.314955555556
TYR, 10, 26.976, 0.870904, -80640.000000, 0.270355555556
VAL, 8, 26.022, 0.830601, -80183.859375, 0.221659259259
