AMINO ACID, DSSP, SASA, GYRATE, ENERGY, RMSF
ALA, 6, 25.167, 0.803594, -79316.351562, 0.251659259259
ARG, 6, 27.944, 0.866738, -80617.531250, 0.298462962963
ASN, 6, 25.285, 0.813911, -80417.703125, 0.210481481481
ASP, 8, 26.718, 0.824505, -80324.234375, 0.207903703704
CYS, 7, 25.866, 0.815443, -79373.835938, 0.307162962963
GLN, 0, 27.033, 0.903133, -79775.171875, 0.290562962963
GLU, 9, 25.672, 0.818469, -80189.296875, 0.207940740741
GLY, 7, 25.801, 0.817737, -80506.687500, 0.230159259259
HIS, 6, 28.484, 0.857992, -80461.523438, 0.336788888889
ILE, 7, 24.825, 0.799589, -80323.234375, 0.278788888889
LEU, 4, 29.167, 0.915978, -79796.273438, 0.349325925926
LYS, 6, 27.365, 0.830175, -81464.125000, 0.242707407407
MET, 8, 25.413, 0.841133, -80508.437500, 0.221622222222
PHE, 9, 26.308, 0.822129, -79781.031250, 0.339081481481
PRO, 5, 26.993, 0.83787, -80188.085938, 0.268974074074
SER, 4, 26.354, 0.846472, -79834.968750, 0.234703703704
THR, 9, 27.145, 0.886503, -80071.242188, 0.375159259259
TRP, 2, 30.262, 0.86169, -79801.140625, 0.314955555556
TYR, 7, 26.903, 0.827274, -80969.265625, 0.270355555556
VAL, 2, 26.787, 0.846122, -80430.312500, 0.221659259259
