AMINO ACID, DSSP, SASA, GYRATE, ENERGY, RMSF
ALA, 6, 27.823, 0.868923, -79807.500000, 0.251659259259
ARG, 8, 28.150, 0.842485, -80071.492188, 0.298462962963
ASN, 8, 27.977, 0.840966, -80771.945312, 0.210481481481
ASP, 9, 26.704, 0.818186, -80112.265625, 0.207903703704
CYS, 8, 28.223, 0.882907, -79836.281250, 0.307162962963
GLN, 13, 28.066, 0.843512, -81017.835938, 0.290562962963
GLU, 6, 27.795, 0.841518, -79374.984375, 0.207940740741
GLY, 10, 25.783, 0.825724, -80093.148438, 0.230159259259
HIS, 11, 25.625, 0.813473, -79388.585938, 0.336788888889
ILE, 7, 27.773, 0.844815, -79954.023438, 0.278788888889
LEU, 7, 29.010, 0.836349, -80208.593750, 0.349325925926
LYS, 2, 27.476, 0.82446, -79627.507812, 0.242707407407
MET, 7, 27.571, 0.843634, -80331.562500, 0.221622222222
PHE, 3, 24.376, 0.803892, -79785.984375, 0.339081481481
PRO, 6, 25.906, 0.831909, -80307.203125, 0.268974074074
SER, 6, 25.822, 0.820239, -80100.359375, 0.234703703704
THR, 4, 25.522, 0.835284, -80449.539062, 0.375159259259
TRP, 10, 29.052, 0.859644, -79975.039062, 0.314955555556
TYR, 9, 27.999, 0.874105, -80106.390625, 0.270355555556
VAL, 10, 26.531, 0.833529, -80434.906250, 0.221659259259
