AMINO ACID, DSSP, SASA, GYRATE, ENERGY, RMSF
ALA, 4, 23.238, 0.78327, -80809.085938, 0.251659259259
ARG, 4, 28.121, 0.869016, -80471.421875, 0.298462962963
ASN, 10, 25.865, 0.826382, -80825.234375, 0.210481481481
ASP, 8, 28.297, 0.836766, -79966.679688, 0.207903703704
CYS, 10, 24.656, 0.812465, -80205.257812, 0.307162962963
GLN, 4, 28.854, 0.889304, -80816.117188, 0.290562962963
GLU, 9, 25.920, 0.815855, -80713.640625, 0.207940740741
GLY, 7, 26.307, 0.817161, -80845.406250, 0.230159259259
HIS, 10, 28.862, 0.851435, -79840.062500, 0.336788888889
ILE, 7, 25.224, 0.818158, -80200.500000, 0.278788888889
LEU, 4, 27.811, 0.893019, -80627.164062, 0.349325925926
LYS, 8, 26.102, 0.8088, -80466.640625, 0.242707407407
MET, 8, 25.714, 0.818277, -79705.710938, 0.221622222222
PHE, 9, 24.866, 0.809933, -80660.484375, 0.339081481481
PRO, 7, 29.143, 0.856463, -80399.617188, 0.268974074074
SER, 4, 25.140, 0.808334, -79386.156250, 0.234703703704
THR, 6, 27.919, 0.896, -79544.445312, 0.375159259259
TRP, 2, 27.475, 0.855691, -79903.242188, 0.314955555556
TYR, 8, 28.134, 0.833539, -79928.359375, 0.270355555556
VAL, 2, 25.855, 0.844985, -80099.000000, 0.221659259259
