AMINO ACID, DSSP, SASA, GYRATE, ENERGY, RMSF
ALA, 6, 23.378, 0.778938, -81412.445312, 0.251659259259
ARG, 4, 28.040, 0.865827, -81628.109375, 0.298462962963
ASN, 12, 27.479, 0.83346, -81612.015625, 0.210481481481
ASP, 6, 28.110, 0.840579, -79810.304688, 0.207903703704
CYS, 7, 27.179, 0.824072, -80606.789062, 0.307162962963
GLN, 6, 27.238, 0.871695, -80596.601562, 0.290562962963
GLU, 7, 25.711, 0.804565, -81008.789062, 0.207940740741
GLY, 9, 26.028, 0.813286, -79767.617188, 0.230159259259
HIS, 4, 28.793, 0.851244, -80618.695312, 0.336788888889
ILE, 4, 25.688, 0.81642, -79709.742188, 0.278788888889
LEU, 7, 28.297, 0.900194, -80524.304688, 0.349325925926
LYS, 10, 28.359, 0.832266, -81439.804688, 0.242707407407
MET, 10, 25.490, 0.828207, -79880.820312, 0.221622222222
PHE, 7, 26.775, 0.815976, -80285.156250, 0.339081481481
PRO, 4, 27.764, 0.850687, -80922.968750, 0.268974074074
SER, 6, 25.973, 0.820334, -81208.796875, 0.234703703704
THR, 2, 28.476, 0.899111, -80063.640625, 0.375159259259
TRP, 4, 28.356, 0.871382, -79303.804688, 0.314955555556
TYR, 12, 26.488, 0.811405, -79472.031250, 0.270355555556
VAL, 8, 25.602, 0.841747, -79351.046875, 0.221659259259
