AMINO ACID, DSSP, SASA, GYRATE, ENERGY, RMSF
ALA, 6, 22.958, 0.779778, -80314.015625, 0.251659259259
ARG, 6, 28.098, 0.85455, -80416.062500, 0.298462962963
ASN, 10, 27.259, 0.825295, -80053.281250, 0.210481481481
ASP, 11, 28.310, 0.829565, -80326.367188, 0.207903703704
CYS, 6, 26.921, 0.834633, -80252.976562, 0.307162962963
GLN, 4, 27.521, 0.876827, -80691.046875, 0.290562962963
GLU, 7, 24.357, 0.809503, -79621.156250, 0.207940740741
GLY, 9, 25.097, 0.812207, -80687.765625, 0.230159259259
HIS, 10, 28.665, 0.839815, -80905.468750, 0.336788888889
ILE, 7, 26.168, 0.823401, -79772.351562, 0.278788888889
LEU, 2, 30.248, 0.908168, -81058.960938, 0.349325925926
LYS, 4, 27.401, 0.815897, -80796.796875, 0.242707407407
MET, 8, 26.297, 0.822218, -80806.484375, 0.221622222222
PHE, 5, 26.593, 0.823798, -79954.867188, 0.339081481481
PRO, 2, 29.483, 0.854357, -79462.945312, 0.268974074074
SER, 4, 27.123, 0.83086, -80219.328125, 0.234703703704
THR, 6, 27.088, 0.902206, -81253.312500, 0.375159259259
TRP, 0, 26.679, 0.834922, -80488.828125, 0.314955555556
TYR, 11, 26.762, 0.807195, -80982.906250, 0.270355555556
VAL, 7, 27.000, 0.858132, -80094.062500, 0.221659259259
