AMINO ACID, DSSP, SASA, GYRATE, ENERGY, RMSF
ALA, 6, 23.065, 0.7858, -80363.656250, 0.251659259259
ARG, 6, 27.888, 0.849816, -80900.117188, 0.298462962963
ASN, 10, 26.195, 0.823729, -80186.828125, 0.210481481481
ASP, 8, 26.547, 0.81702, -79618.187500, 0.207903703704
CYS, 6, 27.804, 0.845779, -79765.093750, 0.307162962963
GLN, 6, 26.681, 0.891345, -80098.656250, 0.290562962963
GLU, 6, 24.010, 0.799747, -80935.523438, 0.207940740741
GLY, 9, 25.758, 0.823079, -81258.093750, 0.230159259259
HIS, 8, 27.200, 0.846225, -79808.273438, 0.336788888889
ILE, 7, 25.277, 0.806941, -80663.187500, 0.278788888889
LEU, 0, 28.059, 0.883697, -80064.421875, 0.349325925926
LYS, 8, 27.713, 0.81934, -80168.859375, 0.242707407407
MET, 10, 25.980, 0.830909, -79903.843750, 0.221622222222
PHE, 7, 26.925, 0.835215, -79818.546875, 0.339081481481
PRO, 2, 28.534, 0.860948, -80193.148438, 0.268974074074
SER, 2, 26.146, 0.819232, -80325.234375, 0.234703703704
THR, 6, 27.971, 0.911941, -80917.421875, 0.375159259259
TRP, 0, 26.406, 0.826916, -80907.796875, 0.314955555556
TYR, 10, 24.859, 0.814362, -79597.828125, 0.270355555556
VAL, 7, 27.310, 0.865899, -81262.679688, 0.221659259259
