AMINO ACID, DSSP, SASA, GYRATE, ENERGY, RMSF
ALA, 6, 23.592, 0.786419, -80571.750000, 0.251659259259
ARG, 6, 28.549, 0.869665, -80756.265625, 0.298462962963
ASN, 10, 25.641, 0.823905, -80394.343750, 0.210481481481
ASP, 10, 26.819, 0.813933, -79954.109375, 0.207903703704
CYS, 7, 28.111, 0.861518, -79151.656250, 0.307162962963
GLN, 6, 27.044, 0.867943, -80224.734375, 0.290562962963
GLU, 4, 25.098, 0.820607, -79772.335938, 0.207940740741
GLY, 9, 25.674, 0.818462, -78633.617188, 0.230159259259
HIS, 8, 27.715, 0.849625, -80403.046875, 0.336788888889
ILE, 7, 26.781, 0.819007, -80300.234375, 0.278788888889
LEU, 2, 28.747, 0.885829, -79995.109375, 0.349325925926
LYS, 8, 27.034, 0.823449, -80822.148438, 0.242707407407
MET, 10, 25.691, 0.838184, -80299.687500, 0.221622222222
PHE, 9, 27.628, 0.830688, -79883.156250, 0.339081481481
PRO, 4, 27.528, 0.877038, -80156.476562, 0.268974074074
SER, 4, 26.590, 0.821874, -80992.234375, 0.234703703704
THR, 6, 28.933, 0.912708, -80288.101562, 0.375159259259
TRP, 2, 27.925, 0.857994, -80692.726562, 0.314955555556
TYR, 8, 27.897, 0.828385, -80655.335938, 0.270355555556
VAL, 7, 28.204, 0.877847, -80579.421875, 0.221659259259
