AMINO ACID, DSSP, SASA, GYRATE, ENERGY, RMSF
ALA, 6, 23.682, 0.789091, -80237.718750, 0.251659259259
ARG, 4, 28.330, 0.864289, -79654.039062, 0.298462962963
ASN, 12, 26.710, 0.825941, -79779.921875, 0.210481481481
ASP, 8, 25.283, 0.80928, -80085.398438, 0.207903703704
CYS, 7, 25.893, 0.820194, -80897.359375, 0.307162962963
GLN, 6, 27.008, 0.866533, -79715.648438, 0.290562962963
GLU, 6, 24.798, 0.814611, -80574.554688, 0.207940740741
GLY, 9, 25.402, 0.80466, -80136.250000, 0.230159259259
HIS, 11, 27.280, 0.845787, -80612.343750, 0.336788888889
ILE, 5, 25.064, 0.807784, -80412.554688, 0.278788888889
LEU, 4, 27.714, 0.87597, -79982.164062, 0.349325925926
LYS, 10, 27.030, 0.810737, -80874.914062, 0.242707407407
MET, 8, 25.821, 0.818613, -80472.984375, 0.221622222222
PHE, 9, 25.042, 0.818777, -79845.148438, 0.339081481481
PRO, 4, 27.971, 0.85913, -80337.531250, 0.268974074074
SER, 4, 26.170, 0.817265, -80593.757812, 0.234703703704
THR, 6, 27.427, 0.88594, -80136.093750, 0.375159259259
TRP, 2, 27.703, 0.844341, -79697.148438, 0.314955555556
TYR, 10, 27.135, 0.819123, -80169.312500, 0.270355555556
VAL, 7, 26.482, 0.856255, -81014.710938, 0.221659259259
