AMINO ACID, DSSP, SASA, GYRATE, ENERGY, RMSF
ALA, 4, 23.145, 0.784331, -80606.718750, 0.251659259259
ARG, 6, 28.570, 0.881265, -81419.382812, 0.298462962963
ASN, 10, 26.374, 0.808842, -80214.484375, 0.210481481481
ASP, 10, 26.124, 0.809945, -79775.632812, 0.207903703704
CYS, 7, 28.233, 0.834365, -79774.351562, 0.307162962963
GLN, 4, 26.358, 0.864835, -80998.187500, 0.290562962963
GLU, 4, 25.193, 0.806108, -79731.320312, 0.207940740741
GLY, 9, 24.402, 0.807365, -79584.390625, 0.230159259259
HIS, 6, 26.066, 0.826726, -81305.796875, 0.336788888889
ILE, 7, 24.462, 0.805768, -80060.968750, 0.278788888889
LEU, 3, 29.341, 0.893393, -80227.023438, 0.349325925926
LYS, 12, 26.930, 0.827199, -80791.757812, 0.242707407407
MET, 8, 26.504, 0.82222, -80213.375000, 0.221622222222
PHE, 7, 26.267, 0.813192, -79806.234375, 0.339081481481
PRO, 4, 27.758, 0.856584, -80319.382812, 0.268974074074
SER, 4, 25.753, 0.822382, -80064.960938, 0.234703703704
THR, 8, 27.089, 0.895665, -80004.343750, 0.375159259259
TRP, 2, 27.140, 0.833677, -80329.203125, 0.314955555556
TYR, 7, 27.843, 0.836516, -80325.500000, 0.270355555556
VAL, 7, 26.360, 0.854024, -79853.156250, 0.221659259259
