AMINO ACID, DSSP, SASA, GYRATE, ENERGY, RMSF
ALA, 6, 23.618, 0.781351, -80424.726562, 0.251659259259
ARG, 4, 28.819, 0.860041, -79951.187500, 0.298462962963
ASN, 13, 25.934, 0.828512, -80324.687500, 0.210481481481
ASP, 12, 25.225, 0.798572, -79739.140625, 0.207903703704
CYS, 10, 27.454, 0.832343, -79837.953125, 0.307162962963
GLN, 6, 26.637, 0.874718, -80103.062500, 0.290562962963
GLU, 6, 25.404, 0.810462, -80162.414062, 0.207940740741
GLY, 9, 23.066, 0.793091, -80195.937500, 0.230159259259
HIS, 8, 25.958, 0.838948, -79861.296875, 0.336788888889
ILE, 7, 25.585, 0.801966, -79722.656250, 0.278788888889
LEU, 0, 27.568, 0.872258, -80031.359375, 0.349325925926
LYS, 8, 26.290, 0.820132, -80385.328125, 0.242707407407
MET, 8, 25.613, 0.81644, -80441.742188, 0.221622222222
PHE, 9, 25.550, 0.823909, -79144.601562, 0.339081481481
PRO, 4, 28.754, 0.874832, -81465.640625, 0.268974074074
SER, 2, 24.588, 0.807992, -81119.093750, 0.234703703704
THR, 11, 26.853, 0.87349, -80375.828125, 0.375159259259
TRP, 2, 26.960, 0.854972, -79889.593750, 0.314955555556
TYR, 10, 27.055, 0.830994, -79505.593750, 0.270355555556
VAL, 7, 28.190, 0.870596, -79946.929688, 0.221659259259
