AMINO ACID, DSSP, SASA, GYRATE, ENERGY, RMSF
ALA, 4, 29.963, 0.861482, -80554.414062, 0.251659259259
ARG, 10, 29.812, 0.854965, -80740.515625, 0.298462962963
ASN, 6, 28.364, 0.851678, -80330.546875, 0.210481481481
ASP, 9, 26.608, 0.82823, -80312.289062, 0.207903703704
CYS, 8, 29.218, 0.890524, -79471.085938, 0.307162962963
GLN, 11, 26.072, 0.846752, -80040.539062, 0.290562962963
GLU, 8, 27.760, 0.822362, -80601.367188, 0.207940740741
GLY, 8, 27.101, 0.85749, -80366.070312, 0.230159259259
HIS, 8, 27.998, 0.838699, -80695.523438, 0.336788888889
ILE, 10, 26.826, 0.827028, -80122.656250, 0.278788888889
LEU, 11, 28.039, 0.821914, -79576.437500, 0.349325925926
LYS, 7, 27.255, 0.838105, -80691.656250, 0.242707407407
MET, 7, 28.576, 0.840765, -80480.015625, 0.221622222222
PHE, 10, 23.951, 0.802385, -80495.648438, 0.339081481481
PRO, 6, 26.914, 0.836981, -80584.078125, 0.268974074074
SER, 8, 25.610, 0.809343, -80384.734375, 0.234703703704
THR, 4, 29.959, 0.840515, -80357.468750, 0.375159259259
TRP, 6, 27.722, 0.850175, -80203.687500, 0.314955555556
TYR, 9, 27.383, 0.853747, -81311.335938, 0.270355555556
VAL, 4, 26.793, 0.844462, -79866.007812, 0.221659259259
