AMINO ACID, DSSP, SASA, GYRATE, ENERGY, RMSF
ALA, 6, 24.701, 0.795405, -80374.406250, 0.251659259259
ARG, 6, 28.583, 0.881092, -81256.968750, 0.298462962963
ASN, 10, 25.570, 0.821952, -80157.945312, 0.210481481481
ASP, 10, 26.969, 0.822447, -80439.289062, 0.207903703704
CYS, 10, 26.818, 0.834893, -80143.781250, 0.307162962963
GLN, 6, 26.553, 0.883603, -80181.539062, 0.290562962963
GLU, 4, 25.629, 0.823359, -80706.468750, 0.207940740741
GLY, 11, 25.526, 0.817097, -80445.695312, 0.230159259259
HIS, 8, 27.676, 0.84219, -79820.546875, 0.336788888889
ILE, 7, 25.296, 0.803137, -80218.351562, 0.278788888889
LEU, 4, 30.785, 0.933986, -79463.375000, 0.349325925926
LYS, 8, 26.627, 0.816499, -80244.937500, 0.242707407407
MET, 5, 27.397, 0.84592, -79809.984375, 0.221622222222
PHE, 4, 25.322, 0.813356, -79158.859375, 0.339081481481
PRO, 4, 28.348, 0.87027, -80120.640625, 0.268974074074
SER, 2, 24.421, 0.813448, -80190.156250, 0.234703703704
THR, 6, 27.971, 0.859286, -80171.562500, 0.375159259259
TRP, 4, 25.407, 0.823027, -79473.015625, 0.314955555556
TYR, 10, 24.753, 0.808144, -79660.765625, 0.270355555556
VAL, 7, 26.700, 0.841861, -80719.492188, 0.221659259259
