AMINO ACID, DSSP, SASA, GYRATE, ENERGY, RMSF
ALA, 6, 23.752, 0.791154, -80016.960938, 0.251659259259
ARG, 4, 29.871, 0.883886, -80673.500000, 0.298462962963
ASN, 8, 25.766, 0.829977, -79798.015625, 0.210481481481
ASP, 12, 26.545, 0.807228, -79842.546875, 0.207903703704
CYS, 11, 28.565, 0.841364, -80051.484375, 0.307162962963
GLN, 6, 27.325, 0.885964, -80560.687500, 0.290562962963
GLU, 4, 25.917, 0.813413, -80097.390625, 0.207940740741
GLY, 11, 25.735, 0.816994, -79019.679688, 0.230159259259
HIS, 11, 25.826, 0.826329, -80685.015625, 0.336788888889
ILE, 7, 25.646, 0.803998, -79832.523438, 0.278788888889
LEU, 2, 29.409, 0.918653, -80430.046875, 0.349325925926
LYS, 8, 26.257, 0.829419, -80095.984375, 0.242707407407
MET, 8, 26.393, 0.822688, -79933.343750, 0.221622222222
PHE, 8, 24.361, 0.821613, -79618.382812, 0.339081481481
PRO, 4, 29.751, 0.873525, -79620.320312, 0.268974074074
SER, 2, 26.150, 0.821097, -80924.968750, 0.234703703704
THR, 10, 26.417, 0.873484, -79348.000000, 0.375159259259
TRP, 2, 26.474, 0.820292, -79905.734375, 0.314955555556
TYR, 11, 25.185, 0.804589, -80844.984375, 0.270355555556
VAL, 7, 25.088, 0.822157, -80259.164062, 0.221659259259
