AMINO ACID, DSSP, SASA, GYRATE, ENERGY, RMSF
ALA, 6, 24.140, 0.795573, -80690.750000, 0.251659259259
ARG, 8, 29.342, 0.886542, -81147.578125, 0.298462962963
ASN, 14, 25.682, 0.814757, -80466.203125, 0.210481481481
ASP, 10, 26.556, 0.824509, -79581.921875, 0.207903703704
CYS, 11, 27.315, 0.853082, -79570.453125, 0.307162962963
GLN, 4, 26.501, 0.870225, -80581.039062, 0.290562962963
GLU, 4, 26.891, 0.812954, -79897.359375, 0.207940740741
GLY, 9, 25.183, 0.807393, -79541.320312, 0.230159259259
HIS, 8, 27.381, 0.855131, -80039.468750, 0.336788888889
ILE, 7, 25.135, 0.810389, -79889.765625, 0.278788888889
LEU, 6, 29.852, 0.944998, -80100.578125, 0.349325925926
LYS, 6, 26.199, 0.809818, -81617.875000, 0.242707407407
MET, 8, 27.345, 0.841582, -80724.257812, 0.221622222222
PHE, 14, 25.704, 0.829387, -79949.015625, 0.339081481481
PRO, 2, 26.873, 0.850118, -80446.281250, 0.268974074074
SER, 4, 25.075, 0.812802, -79379.359375, 0.234703703704
THR, 6, 27.265, 0.887298, -79964.953125, 0.375159259259
TRP, 2, 25.407, 0.815736, -79870.546875, 0.314955555556
TYR, 11, 26.323, 0.819485, -80200.960938, 0.270355555556
VAL, 7, 26.311, 0.853932, -80079.437500, 0.221659259259
