AMINO ACID, DSSP, SASA, GYRATE, ENERGY, RMSF
ALA, 6, 24.317, 0.797716, -80334.648438, 0.251659259259
ARG, 8, 29.854, 0.895672, -81107.125000, 0.298462962963
ASN, 8, 25.125, 0.814787, -79847.421875, 0.210481481481
ASP, 12, 25.750, 0.818809, -80267.835938, 0.207903703704
CYS, 10, 26.942, 0.836911, -79446.335938, 0.307162962963
GLN, 4, 25.797, 0.861407, -80184.304688, 0.290562962963
GLU, 2, 25.730, 0.8041, -79898.390625, 0.207940740741
GLY, 9, 26.044, 0.812316, -80715.312500, 0.230159259259
HIS, 6, 28.936, 0.856728, -80032.523438, 0.336788888889
ILE, 7, 24.418, 0.803895, -80395.632812, 0.278788888889
LEU, 4, 28.898, 0.940308, -79980.484375, 0.349325925926
LYS, 10, 25.535, 0.806569, -81734.187500, 0.242707407407
MET, 8, 26.366, 0.82816, -79754.210938, 0.221622222222
PHE, 16, 25.648, 0.828226, -79249.765625, 0.339081481481
PRO, 3, 26.650, 0.852548, -79686.609375, 0.268974074074
SER, 4, 26.388, 0.829304, -79991.281250, 0.234703703704
THR, 11, 27.527, 0.878363, -79026.812500, 0.375159259259
TRP, 2, 24.370, 0.804288, -80926.992188, 0.314955555556
TYR, 10, 27.174, 0.82275, -80177.015625, 0.270355555556
VAL, 7, 26.068, 0.84422, -80883.078125, 0.221659259259
