AMINO ACID, DSSP, SASA, GYRATE, ENERGY, RMSF
ALA, 10, 27.131, 0.839571, -80081.695312, 0.251659259259
ARG, 6, 30.375, 0.86875, -81011.359375, 0.298462962963
ASN, 8, 26.769, 0.815799, -80085.531250, 0.210481481481
ASP, 10, 26.292, 0.811796, -80182.296875, 0.207903703704
CYS, 6, 29.273, 0.874095, -79588.656250, 0.307162962963
GLN, 12, 25.369, 0.805003, -80143.171875, 0.290562962963
GLU, 10, 26.769, 0.848462, -80611.710938, 0.207940740741
GLY, 6, 26.976, 0.839574, -80513.335938, 0.230159259259
HIS, 10, 26.825, 0.859734, -79792.109375, 0.336788888889
ILE, 4, 28.190, 0.835476, -79088.812500, 0.278788888889
LEU, 10, 26.925, 0.822731, -79702.210938, 0.349325925926
LYS, 12, 25.665, 0.811798, -81859.976562, 0.242707407407
MET, 9, 26.345, 0.828565, -79893.109375, 0.221622222222
PHE, 6, 27.898, 0.840135, -79627.796875, 0.339081481481
PRO, 7, 26.925, 0.854745, -80386.453125, 0.268974074074
SER, 8, 26.348, 0.829059, -80569.851562, 0.234703703704
THR, 8, 27.202, 0.804489, -81069.921875, 0.375159259259
TRP, 12, 26.742, 0.834044, -80604.921875, 0.314955555556
TYR, 11, 29.017, 0.854041, -80601.914062, 0.270355555556
VAL, 4, 24.841, 0.790369, -79971.195312, 0.221659259259
