AMINO ACID, DSSP, SASA, GYRATE, ENERGY, RMSF
ALA, 6, 25.802, 0.804005, -80464.820312, 0.251659259259
ARG, 8, 28.067, 0.875307, -80247.539062, 0.298462962963
ASN, 10, 25.442, 0.810148, -80295.601562, 0.210481481481
ASP, 10, 26.572, 0.828162, -79622.250000, 0.207903703704
CYS, 14, 29.238, 0.868127, -81049.289062, 0.307162962963
GLN, 6, 26.541, 0.86246, -79680.468750, 0.290562962963
GLU, 6, 25.176, 0.825037, -80081.703125, 0.207940740741
GLY, 9, 25.645, 0.81317, -80398.156250, 0.230159259259
HIS, 6, 25.887, 0.847199, -80216.085938, 0.336788888889
ILE, 7, 25.465, 0.801899, -79725.257812, 0.278788888889
LEU, 6, 29.843, 0.937275, -79152.062500, 0.349325925926
LYS, 8, 28.249, 0.82524, -81184.398438, 0.242707407407
MET, 7, 27.126, 0.833106, -79594.140625, 0.221622222222
PHE, 6, 26.485, 0.835402, -80443.078125, 0.339081481481
PRO, 0, 26.775, 0.875839, -79289.960938, 0.268974074074
SER, 4, 27.279, 0.825059, -79882.320312, 0.234703703704
THR, 10, 27.783, 0.880312, -80272.609375, 0.375159259259
TRP, 2, 24.937, 0.806681, -80072.039062, 0.314955555556
TYR, 11, 26.542, 0.816459, -80370.546875, 0.270355555556
VAL, 7, 27.305, 0.868262, -79845.531250, 0.221659259259
