AMINO ACID, DSSP, SASA, GYRATE, ENERGY, RMSF
ALA, 6, 24.107, 0.791192, -80570.757812, 0.251659259259
ARG, 6, 30.274, 0.885217, -80904.703125, 0.298462962963
ASN, 6, 27.484, 0.829965, -79813.687500, 0.210481481481
ASP, 10, 24.897, 0.812237, -79761.156250, 0.207903703704
CYS, 12, 25.819, 0.839821, -80484.421875, 0.307162962963
GLN, 6, 26.342, 0.863061, -80364.304688, 0.290562962963
GLU, 4, 24.600, 0.802802, -80360.531250, 0.207940740741
GLY, 9, 25.232, 0.807412, -80612.187500, 0.230159259259
HIS, 6, 26.997, 0.839186, -80157.765625, 0.336788888889
ILE, 7, 25.991, 0.81219, -80405.421875, 0.278788888889
LEU, 9, 31.154, 0.926055, -80717.828125, 0.349325925926
LYS, 8, 24.767, 0.804634, -80052.460938, 0.242707407407
MET, 10, 26.134, 0.837871, -80048.921875, 0.221622222222
PHE, 7, 26.185, 0.827435, -80431.296875, 0.339081481481
PRO, 0, 26.499, 0.861989, -81141.781250, 0.268974074074
SER, 4, 25.752, 0.820088, -79773.093750, 0.234703703704
THR, 10, 28.163, 0.893873, -80055.312500, 0.375159259259
TRP, 2, 25.484, 0.81725, -80508.359375, 0.314955555556
TYR, 10, 26.138, 0.824428, -79277.859375, 0.270355555556
VAL, 7, 26.147, 0.8527, -80088.218750, 0.221659259259
