AMINO ACID, DSSP, SASA, GYRATE, ENERGY, RMSF
ALA, 6, 24.090, 0.791846, -80363.625000, 0.251659259259
ARG, 6, 28.951, 0.872731, -80655.585938, 0.298462962963
ASN, 10, 25.984, 0.84197, -80158.242188, 0.210481481481
ASP, 10, 25.896, 0.805422, -79706.875000, 0.207903703704
CYS, 11, 27.374, 0.865602, -80454.085938, 0.307162962963
GLN, 8, 27.474, 0.858057, -80121.468750, 0.290562962963
GLU, 4, 26.532, 0.812434, -80492.078125, 0.207940740741
GLY, 9, 25.482, 0.813187, -80347.812500, 0.230159259259
HIS, 6, 27.095, 0.830453, -79974.820312, 0.336788888889
ILE, 7, 24.625, 0.805412, -79570.843750, 0.278788888889
LEU, 14, 31.203, 0.920431, -79977.718750, 0.349325925926
LYS, 10, 27.138, 0.823623, -80845.140625, 0.242707407407
MET, 5, 26.008, 0.836259, -79868.375000, 0.221622222222
PHE, 8, 29.011, 0.845702, -79821.531250, 0.339081481481
PRO, 0, 26.416, 0.86154, -79583.429688, 0.268974074074
SER, 4, 26.119, 0.822219, -79426.437500, 0.234703703704
THR, 10, 28.574, 0.882563, -79379.101562, 0.375159259259
TRP, 0, 26.289, 0.812561, -79114.015625, 0.314955555556
TYR, 10, 26.650, 0.823022, -80518.750000, 0.270355555556
VAL, 7, 26.202, 0.843811, -81421.984375, 0.221659259259
