AMINO ACID, DSSP, SASA, GYRATE, ENERGY, RMSF
ALA, 6, 24.881, 0.79684, -80635.367188, 0.251659259259
ARG, 8, 28.296, 0.858785, -81051.156250, 0.298462962963
ASN, 12, 27.848, 0.82235, -80639.656250, 0.210481481481
ASP, 6, 24.825, 0.801316, -80977.812500, 0.207903703704
CYS, 12, 25.860, 0.842758, -80783.148438, 0.307162962963
GLN, 4, 27.721, 0.897282, -80161.187500, 0.290562962963
GLU, 4, 25.108, 0.80927, -80303.156250, 0.207940740741
GLY, 4, 27.677, 0.827256, -80874.664062, 0.230159259259
HIS, 8, 26.698, 0.83248, -80049.359375, 0.336788888889
ILE, 7, 25.783, 0.814557, -80462.742188, 0.278788888889
LEU, 12, 30.669, 0.939707, -80321.429688, 0.349325925926
LYS, 8, 24.594, 0.807892, -80689.218750, 0.242707407407
MET, 8, 26.424, 0.832288, -79971.328125, 0.221622222222
PHE, 7, 26.215, 0.824309, -80212.742188, 0.339081481481
PRO, 0, 27.690, 0.878792, -79587.351562, 0.268974074074
SER, 4, 26.011, 0.825047, -80590.328125, 0.234703703704
THR, 6, 26.836, 0.87745, -80214.187500, 0.375159259259
TRP, 2, 26.210, 0.815591, -80287.750000, 0.314955555556
TYR, 10, 26.645, 0.81883, -79930.843750, 0.270355555556
VAL, 7, 26.024, 0.849491, -79951.070312, 0.221659259259
