AMINO ACID, DSSP, SASA, GYRATE, ENERGY, RMSF
ALA, 6, 24.627, 0.794842, -79998.835938, 0.251659259259
ARG, 8, 30.377, 0.864305, -82287.734375, 0.298462962963
ASN, 10, 26.262, 0.833497, -80621.859375, 0.210481481481
ASP, 8, 25.886, 0.807964, -80215.273438, 0.207903703704
CYS, 10, 26.298, 0.846524, -81684.078125, 0.307162962963
GLN, 7, 27.488, 0.888507, -79987.812500, 0.290562962963
GLU, 7, 24.820, 0.809914, -80121.515625, 0.207940740741
GLY, 9, 26.214, 0.824829, -81031.273438, 0.230159259259
HIS, 8, 26.297, 0.828125, -80751.515625, 0.336788888889
ILE, 7, 24.701, 0.807381, -79661.890625, 0.278788888889
LEU, 7, 30.762, 0.928316, -80470.117188, 0.349325925926
LYS, 8, 25.921, 0.812336, -79830.507812, 0.242707407407
MET, 8, 27.142, 0.847108, -79297.546875, 0.221622222222
PHE, 9, 24.746, 0.814938, -79323.476562, 0.339081481481
PRO, 0, 27.110, 0.865938, -80764.757812, 0.268974074074
SER, 4, 26.320, 0.824466, -81220.195312, 0.234703703704
THR, 4, 28.115, 0.887585, -80050.460938, 0.375159259259
TRP, 2, 27.521, 0.846082, -79746.718750, 0.314955555556
TYR, 10, 26.314, 0.813977, -79432.609375, 0.270355555556
VAL, 7, 25.423, 0.84151, -80637.382812, 0.221659259259
