AMINO ACID, DSSP, SASA, GYRATE, ENERGY, RMSF
ALA, 6, 23.540, 0.781722, -80787.507812, 0.251659259259
ARG, 8, 28.415, 0.871781, -81098.968750, 0.298462962963
ASN, 10, 26.209, 0.83241, -80497.867188, 0.210481481481
ASP, 6, 25.929, 0.811704, -81117.007812, 0.207903703704
CYS, 12, 26.815, 0.852751, -80195.781250, 0.307162962963
GLN, 6, 28.495, 0.897337, -80025.953125, 0.290562962963
GLU, 2, 24.412, 0.817087, -80022.664062, 0.207940740741
GLY, 9, 25.739, 0.821679, -80226.375000, 0.230159259259
HIS, 6, 27.194, 0.832276, -80409.117188, 0.336788888889
ILE, 7, 26.172, 0.80557, -80489.601562, 0.278788888889
LEU, 10, 31.453, 0.931891, -80378.343750, 0.349325925926
LYS, 8, 26.820, 0.813286, -80877.703125, 0.242707407407
MET, 8, 26.353, 0.847431, -80231.046875, 0.221622222222
PHE, 9, 26.529, 0.819605, -79457.039062, 0.339081481481
PRO, 0, 27.738, 0.87367, -80536.640625, 0.268974074074
SER, 2, 26.594, 0.81872, -80112.500000, 0.234703703704
THR, 6, 28.949, 0.899616, -79453.687500, 0.375159259259
TRP, 2, 27.663, 0.840003, -78820.710938, 0.314955555556
TYR, 8, 26.922, 0.82267, -80416.015625, 0.270355555556
VAL, 7, 27.917, 0.859985, -79533.773438, 0.221659259259
