AMINO ACID, DSSP, SASA, GYRATE, ENERGY, RMSF
ALA, 4, 24.213, 0.79056, -80633.554688, 0.251659259259
ARG, 10, 29.034, 0.867337, -80697.171875, 0.298462962963
ASN, 10, 26.911, 0.841754, -80205.781250, 0.210481481481
ASP, 8, 26.895, 0.821464, -80794.296875, 0.207903703704
CYS, 9, 26.761, 0.870549, -80384.125000, 0.307162962963
GLN, 6, 27.377, 0.892965, -81059.859375, 0.290562962963
GLU, 6, 24.766, 0.81041, -79262.390625, 0.207940740741
GLY, 9, 24.671, 0.825468, -80129.687500, 0.230159259259
HIS, 8, 27.771, 0.842295, -80204.453125, 0.336788888889
ILE, 7, 25.857, 0.796686, -80204.484375, 0.278788888889
LEU, 4, 30.226, 0.931679, -80473.273438, 0.349325925926
LYS, 8, 27.042, 0.81747, -80231.031250, 0.242707407407
MET, 10, 27.435, 0.858222, -80396.546875, 0.221622222222
PHE, 7, 25.747, 0.818114, -80135.015625, 0.339081481481
PRO, 0, 26.620, 0.876075, -79412.671875, 0.268974074074
SER, 2, 26.811, 0.821233, -79989.437500, 0.234703703704
THR, 9, 27.072, 0.886691, -80580.382812, 0.375159259259
TRP, 2, 27.254, 0.826649, -79018.859375, 0.314955555556
TYR, 11, 25.379, 0.806141, -80934.960938, 0.270355555556
VAL, 7, 26.394, 0.854489, -80522.960938, 0.221659259259
