AMINO ACID, DSSP, SASA, GYRATE, ENERGY, RMSF
ALA, 10, 23.120, 0.782527, -80522.187500, 0.251659259259
ARG, 6, 28.657, 0.875586, -81290.515625, 0.298462962963
ASN, 10, 27.721, 0.838104, -80913.476562, 0.210481481481
ASP, 8, 26.253, 0.81942, -81020.609375, 0.207903703704
CYS, 12, 26.983, 0.845565, -80721.171875, 0.307162962963
GLN, 6, 26.241, 0.871699, -80850.554688, 0.290562962963
GLU, 4, 25.756, 0.815646, -80536.414062, 0.207940740741
GLY, 9, 25.233, 0.821802, -79449.515625, 0.230159259259
HIS, 6, 28.778, 0.837467, -80511.500000, 0.336788888889
ILE, 7, 26.379, 0.808984, -80582.046875, 0.278788888889
LEU, 5, 30.973, 0.939973, -80318.687500, 0.349325925926
LYS, 8, 27.559, 0.822879, -81351.945312, 0.242707407407
MET, 8, 27.709, 0.852289, -80947.742188, 0.221622222222
PHE, 7, 24.810, 0.821087, -79692.390625, 0.339081481481
PRO, 0, 27.019, 0.871805, -79094.875000, 0.268974074074
SER, 4, 25.495, 0.81803, -80734.242188, 0.234703703704
THR, 6, 27.119, 0.880065, -79510.609375, 0.375159259259
TRP, 2, 25.534, 0.819445, -80112.234375, 0.314955555556
TYR, 10, 25.947, 0.810836, -80050.304688, 0.270355555556
VAL, 7, 27.866, 0.865571, -81172.562500, 0.221659259259
