AMINO ACID, DSSP, SASA, GYRATE, ENERGY, RMSF
ALA, 10, 23.605, 0.780349, -80198.304688, 0.251659259259
ARG, 6, 29.084, 0.876117, -80905.640625, 0.298462962963
ASN, 8, 26.159, 0.837152, -79417.109375, 0.210481481481
ASP, 6, 26.680, 0.816038, -80696.765625, 0.207903703704
CYS, 12, 27.240, 0.864556, -80115.765625, 0.307162962963
GLN, 4, 27.616, 0.876222, -80161.468750, 0.290562962963
GLU, 8, 26.269, 0.814451, -79989.945312, 0.207940740741
GLY, 9, 25.476, 0.806306, -80842.265625, 0.230159259259
HIS, 6, 28.200, 0.847315, -80203.210938, 0.336788888889
ILE, 7, 26.525, 0.810131, -79812.015625, 0.278788888889
LEU, 10, 29.182, 0.944106, -79797.273438, 0.349325925926
LYS, 11, 26.161, 0.809347, -80369.062500, 0.242707407407
MET, 10, 26.872, 0.823808, -80216.929688, 0.221622222222
PHE, 6, 25.513, 0.821827, -80219.234375, 0.339081481481
PRO, 0, 28.629, 0.859387, -80647.609375, 0.268974074074
SER, 4, 24.382, 0.810798, -79536.109375, 0.234703703704
THR, 6, 27.006, 0.864295, -80469.468750, 0.375159259259
TRP, 0, 26.150, 0.819018, -80719.617188, 0.314955555556
TYR, 12, 27.156, 0.813341, -80219.875000, 0.270355555556
VAL, 7, 25.764, 0.835157, -79689.640625, 0.221659259259
