AMINO ACID, DSSP, SASA, GYRATE, ENERGY, RMSF
ALA, 8, 24.072, 0.785459, -80908.000000, 0.251659259259
ARG, 8, 26.588, 0.868088, -80765.937500, 0.298462962963
ASN, 6, 27.175, 0.847726, -80238.445312, 0.210481481481
ASP, 10, 25.291, 0.815485, -80268.468750, 0.207903703704
CYS, 12, 27.827, 0.854134, -79523.843750, 0.307162962963
GLN, 6, 26.983, 0.874442, -80536.851562, 0.290562962963
GLU, 4, 25.969, 0.829637, -80056.789062, 0.207940740741
GLY, 11, 26.343, 0.804135, -80035.937500, 0.230159259259
HIS, 9, 28.412, 0.85091, -78916.179688, 0.336788888889
ILE, 7, 25.762, 0.814288, -80166.750000, 0.278788888889
LEU, 5, 27.891, 0.907679, -80886.390625, 0.349325925926
LYS, 9, 26.732, 0.815123, -80659.937500, 0.242707407407
MET, 10, 27.140, 0.828676, -79060.648438, 0.221622222222
PHE, 7, 25.945, 0.825255, -79319.906250, 0.339081481481
PRO, 0, 28.710, 0.869992, -80396.945312, 0.268974074074
SER, 4, 25.950, 0.811111, -80451.804688, 0.234703703704
THR, 8, 28.203, 0.88992, -80527.625000, 0.375159259259
TRP, 2, 26.291, 0.82025, -80275.375000, 0.314955555556
TYR, 12, 28.595, 0.828639, -79266.492188, 0.270355555556
VAL, 7, 25.200, 0.840994, -80495.234375, 0.221659259259
