AMINO ACID, DSSP, SASA, GYRATE, ENERGY, RMSF
ALA, 4, 23.649, 0.791078, -81013.812500, 0.251659259259
ARG, 8, 27.136, 0.874145, -81294.953125, 0.298462962963
ASN, 8, 25.912, 0.832934, -80158.140625, 0.210481481481
ASP, 10, 25.993, 0.818457, -79829.875000, 0.207903703704
CYS, 12, 27.556, 0.865315, -79853.296875, 0.307162962963
GLN, 6, 27.208, 0.863416, -82189.312500, 0.290562962963
GLU, 5, 26.554, 0.817958, -79751.218750, 0.207940740741
GLY, 9, 24.257, 0.818801, -79416.109375, 0.230159259259
HIS, 7, 28.588, 0.857886, -80100.140625, 0.336788888889
ILE, 7, 24.557, 0.80785, -79923.140625, 0.278788888889
LEU, 5, 29.321, 0.912801, -80768.437500, 0.349325925926
LYS, 11, 24.735, 0.80228, -80803.960938, 0.242707407407
MET, 5, 25.992, 0.828711, -79731.242188, 0.221622222222
PHE, 6, 25.670, 0.82463, -80403.804688, 0.339081481481
PRO, 0, 28.212, 0.864024, -80143.671875, 0.268974074074
SER, 4, 25.475, 0.827574, -79776.570312, 0.234703703704
THR, 8, 26.945, 0.883608, -79801.875000, 0.375159259259
TRP, 2, 27.134, 0.832852, -80187.734375, 0.314955555556
TYR, 10, 25.871, 0.816778, -80869.906250, 0.270355555556
VAL, 7, 26.511, 0.85448, -79606.226562, 0.221659259259
