AMINO ACID, DSSP, SASA, GYRATE, ENERGY, RMSF
ALA, 4, 23.402, 0.789638, -79309.906250, 0.251659259259
ARG, 8, 28.280, 0.871789, -81763.218750, 0.298462962963
ASN, 2, 26.544, 0.834781, -81338.671875, 0.210481481481
ASP, 10, 27.123, 0.810891, -80415.460938, 0.207903703704
CYS, 10, 29.030, 0.881227, -80768.820312, 0.307162962963
GLN, 6, 28.597, 0.888595, -80864.171875, 0.290562962963
GLU, 4, 27.152, 0.8218, -80164.140625, 0.207940740741
GLY, 9, 25.767, 0.819049, -80710.601562, 0.230159259259
HIS, 8, 27.343, 0.836203, -80156.015625, 0.336788888889
ILE, 7, 26.515, 0.819543, -80668.078125, 0.278788888889
LEU, 4, 30.435, 0.912485, -80994.898438, 0.349325925926
LYS, 13, 26.585, 0.810642, -80544.187500, 0.242707407407
MET, 8, 26.047, 0.825765, -80669.007812, 0.221622222222
PHE, 8, 25.522, 0.818236, -79573.078125, 0.339081481481
PRO, 0, 29.061, 0.856513, -79334.093750, 0.268974074074
SER, 4, 24.919, 0.82051, -80492.656250, 0.234703703704
THR, 6, 25.764, 0.878434, -79760.250000, 0.375159259259
TRP, 2, 27.397, 0.834937, -81086.109375, 0.314955555556
TYR, 10, 26.693, 0.820039, -80061.796875, 0.270355555556
VAL, 7, 25.376, 0.846454, -80608.578125, 0.221659259259
