AMINO ACID, DSSP, SASA, GYRATE, ENERGY, RMSF
ALA, 8, 30.551, 0.866513, -79683.765625, 0.251659259259
ARG, 10, 28.087, 0.841032, -81552.359375, 0.298462962963
ASN, 2, 28.963, 0.83838, -79786.265625, 0.210481481481
ASP, 7, 27.201, 0.816504, -80104.640625, 0.207903703704
CYS, 6, 27.499, 0.861536, -79962.609375, 0.307162962963
GLN, 11, 27.381, 0.841296, -79922.867188, 0.290562962963
GLU, 6, 27.399, 0.833275, -79918.171875, 0.207940740741
GLY, 9, 25.543, 0.844628, -80353.390625, 0.230159259259
HIS, 10, 27.230, 0.834947, -80609.359375, 0.336788888889
ILE, 10, 26.792, 0.834942, -80491.921875, 0.278788888889
LEU, 10, 25.167, 0.805894, -80231.312500, 0.349325925926
LYS, 2, 27.669, 0.845683, -80308.125000, 0.242707407407
MET, 4, 27.331, 0.839234, -80230.992188, 0.221622222222
PHE, 8, 24.765, 0.806225, -80411.445312, 0.339081481481
PRO, 6, 26.412, 0.822673, -79927.312500, 0.268974074074
SER, 8, 25.172, 0.818913, -80711.507812, 0.234703703704
THR, 6, 27.896, 0.849299, -80075.062500, 0.375159259259
TRP, 6, 28.289, 0.856942, -79795.968750, 0.314955555556
TYR, 9, 26.543, 0.851906, -80075.726562, 0.270355555556
VAL, 8, 26.656, 0.827477, -79419.484375, 0.221659259259
