AMINO ACID, DSSP, SASA, GYRATE, ENERGY, RMSF
ALA, 6, 24.100, 0.796364, -80412.148438, 0.251659259259
ARG, 8, 27.957, 0.867447, -80789.250000, 0.298462962963
ASN, 8, 26.651, 0.832224, -81535.578125, 0.210481481481
ASP, 4, 25.269, 0.805751, -80708.343750, 0.207903703704
CYS, 8, 29.263, 0.854343, -79766.382812, 0.307162962963
GLN, 4, 27.358, 0.865373, -79872.453125, 0.290562962963
GLU, 2, 26.619, 0.825163, -80286.484375, 0.207940740741
GLY, 12, 24.515, 0.806229, -80336.898438, 0.230159259259
HIS, 10, 29.797, 0.851053, -79423.718750, 0.336788888889
ILE, 7, 27.079, 0.842443, -79803.703125, 0.278788888889
LEU, 5, 29.262, 0.938803, -80920.000000, 0.349325925926
LYS, 11, 26.547, 0.815855, -79926.351562, 0.242707407407
MET, 10, 27.534, 0.829845, -79471.210938, 0.221622222222
PHE, 2, 25.432, 0.82435, -80227.390625, 0.339081481481
PRO, 0, 28.801, 0.883355, -79728.250000, 0.268974074074
SER, 4, 25.389, 0.822612, -80505.226562, 0.234703703704
THR, 6, 26.829, 0.881375, -81049.203125, 0.375159259259
TRP, 2, 25.175, 0.815339, -79875.734375, 0.314955555556
TYR, 10, 27.371, 0.832834, -79949.375000, 0.270355555556
VAL, 5, 26.197, 0.845591, -80694.078125, 0.221659259259
