AMINO ACID, DSSP, SASA, GYRATE, ENERGY, RMSF
ALA, 2, 25.920, 0.816432, -80356.734375, 0.251659259259
ARG, 6, 28.008, 0.877598, -81656.500000, 0.298462962963
ASN, 10, 26.316, 0.847546, -79583.953125, 0.210481481481
ASP, 8, 25.400, 0.817678, -79940.695312, 0.207903703704
CYS, 7, 28.904, 0.875537, -80141.156250, 0.307162962963
GLN, 4, 26.834, 0.872907, -80175.218750, 0.290562962963
GLU, 7, 25.681, 0.818156, -79387.296875, 0.207940740741
GLY, 12, 26.046, 0.811523, -80646.812500, 0.230159259259
HIS, 7, 28.099, 0.854581, -79519.304688, 0.336788888889
ILE, 4, 26.607, 0.834107, -80422.046875, 0.278788888889
LEU, 5, 28.905, 0.928649, -80447.515625, 0.349325925926
LYS, 13, 25.797, 0.821928, -80525.296875, 0.242707407407
MET, 10, 26.908, 0.824889, -79859.750000, 0.221622222222
PHE, 4, 26.714, 0.841925, -79746.046875, 0.339081481481
PRO, 2, 26.318, 0.828363, -80670.859375, 0.268974074074
SER, 4, 25.419, 0.814812, -79866.546875, 0.234703703704
THR, 8, 27.013, 0.891539, -80605.609375, 0.375159259259
TRP, 4, 27.407, 0.83088, -79953.570312, 0.314955555556
TYR, 11, 27.249, 0.830942, -80074.273438, 0.270355555556
VAL, 7, 26.196, 0.838247, -80190.648438, 0.221659259259
