AMINO ACID, DSSP, SASA, GYRATE, ENERGY, RMSF
ALA, 2, 27.044, 0.818636, -79435.773438, 0.251659259259
ARG, 6, 27.683, 0.870715, -80167.304688, 0.298462962963
ASN, 8, 25.884, 0.832557, -81035.468750, 0.210481481481
ASP, 4, 25.566, 0.801632, -79896.671875, 0.207903703704
CYS, 7, 28.819, 0.864704, -80115.015625, 0.307162962963
GLN, 4, 26.140, 0.855965, -80648.937500, 0.290562962963
GLU, 7, 26.048, 0.812669, -81109.109375, 0.207940740741
GLY, 13, 26.246, 0.816818, -80456.210938, 0.230159259259
HIS, 13, 28.893, 0.872057, -80284.125000, 0.336788888889
ILE, 7, 26.303, 0.826938, -79667.601562, 0.278788888889
LEU, 3, 29.181, 0.91606, -79950.054688, 0.349325925926
LYS, 13, 27.475, 0.820741, -81151.304688, 0.242707407407
MET, 10, 27.183, 0.837938, -79366.117188, 0.221622222222
PHE, 4, 26.353, 0.824803, -79438.109375, 0.339081481481
PRO, 0, 27.243, 0.854088, -79461.843750, 0.268974074074
SER, 2, 25.421, 0.814862, -80185.351562, 0.234703703704
THR, 10, 26.160, 0.869225, -79655.210938, 0.375159259259
TRP, 4, 26.923, 0.826345, -80268.148438, 0.314955555556
TYR, 8, 29.528, 0.832417, -80830.515625, 0.270355555556
VAL, 7, 25.950, 0.839083, -80024.960938, 0.221659259259
