AMINO ACID, DSSP, SASA, GYRATE, ENERGY, RMSF
ALA, 4, 27.527, 0.831092, -79825.312500, 0.251659259259
ARG, 6, 28.895, 0.879548, -80731.343750, 0.298462962963
ASN, 12, 26.181, 0.833022, -81412.437500, 0.210481481481
ASP, 10, 25.262, 0.810373, -80327.687500, 0.207903703704
CYS, 10, 26.421, 0.841768, -79220.859375, 0.307162962963
GLN, 2, 26.513, 0.868977, -80049.234375, 0.290562962963
GLU, 8, 25.340, 0.823817, -80662.046875, 0.207940740741
GLY, 11, 24.655, 0.808613, -80679.398438, 0.230159259259
HIS, 10, 27.056, 0.84301, -81182.359375, 0.336788888889
ILE, 7, 26.437, 0.824209, -79958.335938, 0.278788888889
LEU, 7, 29.245, 0.919768, -80497.054688, 0.349325925926
LYS, 11, 26.733, 0.816876, -80526.828125, 0.242707407407
MET, 11, 25.174, 0.824926, -79985.273438, 0.221622222222
PHE, 2, 24.883, 0.822302, -80170.468750, 0.339081481481
PRO, 0, 26.162, 0.842602, -80292.781250, 0.268974074074
SER, 2, 26.346, 0.820245, -80445.890625, 0.234703703704
THR, 8, 26.240, 0.854651, -80439.687500, 0.375159259259
TRP, 4, 28.211, 0.839413, -79765.945312, 0.314955555556
TYR, 11, 25.768, 0.806535, -79939.625000, 0.270355555556
VAL, 7, 25.937, 0.841727, -79631.882812, 0.221659259259
