AMINO ACID, DSSP, SASA, GYRATE, ENERGY, RMSF
ALA, 4, 26.004, 0.822749, -80301.312500, 0.251659259259
ARG, 2, 28.563, 0.878563, -80667.640625, 0.298462962963
ASN, 10, 27.758, 0.837283, -81590.429688, 0.210481481481
ASP, 8, 25.780, 0.804452, -80000.250000, 0.207903703704
CYS, 10, 27.066, 0.857573, -80980.945312, 0.307162962963
GLN, 4, 26.310, 0.875493, -80647.468750, 0.290562962963
GLU, 6, 27.253, 0.829336, -80076.617188, 0.207940740741
GLY, 9, 25.377, 0.816636, -80239.140625, 0.230159259259
HIS, 9, 27.991, 0.843626, -78772.570312, 0.336788888889
ILE, 7, 25.725, 0.812345, -80944.406250, 0.278788888889
LEU, 7, 29.115, 0.913334, -80241.250000, 0.349325925926
LYS, 13, 25.857, 0.807407, -80230.625000, 0.242707407407
MET, 10, 25.524, 0.81658, -79697.140625, 0.221622222222
PHE, 6, 25.219, 0.820102, -80267.304688, 0.339081481481
PRO, 2, 24.667, 0.830896, -80171.000000, 0.268974074074
SER, 4, 26.024, 0.82887, -81074.906250, 0.234703703704
THR, 8, 26.737, 0.86297, -80089.539062, 0.375159259259
TRP, 4, 28.475, 0.857577, -79307.632812, 0.314955555556
TYR, 8, 26.646, 0.821427, -79948.062500, 0.270355555556
VAL, 6, 27.011, 0.856459, -80046.921875, 0.221659259259
