AMINO ACID, DSSP, SASA, GYRATE, ENERGY, RMSF
ALA, 2, 27.008, 0.816087, -81034.570312, 0.251659259259
ARG, 6, 27.817, 0.86865, -80925.773438, 0.298462962963
ASN, 10, 27.218, 0.845361, -79737.453125, 0.210481481481
ASP, 13, 24.030, 0.80596, -80649.203125, 0.207903703704
CYS, 9, 27.127, 0.851575, -80033.750000, 0.307162962963
GLN, 4, 25.119, 0.847707, -79200.617188, 0.290562962963
GLU, 8, 25.602, 0.817156, -80387.015625, 0.207940740741
GLY, 9, 25.190, 0.81603, -79947.585938, 0.230159259259
HIS, 8, 27.922, 0.841884, -80261.164062, 0.336788888889
ILE, 7, 26.534, 0.824532, -80686.398438, 0.278788888889
LEU, 7, 29.574, 0.914746, -80000.421875, 0.349325925926
LYS, 8, 27.695, 0.830457, -80744.445312, 0.242707407407
MET, 10, 25.431, 0.831325, -80779.179688, 0.221622222222
PHE, 6, 25.190, 0.831232, -80288.929688, 0.339081481481
PRO, 0, 25.266, 0.830669, -80443.406250, 0.268974074074
SER, 2, 24.672, 0.817012, -80367.843750, 0.234703703704
THR, 6, 25.801, 0.875239, -80117.156250, 0.375159259259
TRP, 4, 29.451, 0.860207, -79929.265625, 0.314955555556
TYR, 11, 26.477, 0.824283, -80707.890625, 0.270355555556
VAL, 4, 27.257, 0.866048, -81064.351562, 0.221659259259
