AMINO ACID, DSSP, SASA, GYRATE, ENERGY, RMSF
ALA, 4, 26.638, 0.819264, -80126.085938, 0.251659259259
ARG, 4, 28.026, 0.862, -81176.421875, 0.298462962963
ASN, 10, 25.422, 0.833788, -80227.562500, 0.210481481481
ASP, 9, 24.224, 0.803094, -81041.687500, 0.207903703704
CYS, 7, 28.138, 0.858528, -80910.343750, 0.307162962963
GLN, 4, 24.992, 0.84993, -79476.906250, 0.290562962963
GLU, 6, 26.597, 0.826782, -80578.390625, 0.207940740741
GLY, 9, 25.617, 0.815013, -80101.343750, 0.230159259259
HIS, 11, 28.350, 0.850751, -79998.718750, 0.336788888889
ILE, 7, 25.930, 0.835913, -80932.984375, 0.278788888889
LEU, 9, 28.381, 0.921711, -79906.992188, 0.349325925926
LYS, 8, 27.192, 0.818944, -80347.234375, 0.242707407407
MET, 10, 26.103, 0.833223, -80158.703125, 0.221622222222
PHE, 6, 25.676, 0.82998, -78959.703125, 0.339081481481
PRO, 0, 26.026, 0.831525, -80346.351562, 0.268974074074
SER, 2, 25.248, 0.819716, -80389.640625, 0.234703703704
THR, 8, 25.799, 0.869877, -80233.453125, 0.375159259259
TRP, 4, 28.866, 0.866564, -79593.992188, 0.314955555556
TYR, 8, 25.692, 0.820454, -80294.351562, 0.270355555556
VAL, 4, 25.838, 0.851137, -80788.171875, 0.221659259259
