AMINO ACID, DSSP, SASA, GYRATE, ENERGY, RMSF
ALA, 2, 24.274, 0.801416, -79691.015625, 0.251659259259
ARG, 6, 28.518, 0.876986, -80898.296875, 0.298462962963
ASN, 8, 25.817, 0.827898, -80287.328125, 0.210481481481
ASP, 12, 25.627, 0.81424, -80244.343750, 0.207903703704
CYS, 9, 25.449, 0.846176, -79651.015625, 0.307162962963
GLN, 4, 25.846, 0.855994, -80838.132812, 0.290562962963
GLU, 6, 24.711, 0.805364, -80225.343750, 0.207940740741
GLY, 10, 26.792, 0.826283, -80384.843750, 0.230159259259
HIS, 11, 27.369, 0.83372, -81105.234375, 0.336788888889
ILE, 7, 26.524, 0.819924, -80766.796875, 0.278788888889
LEU, 5, 30.301, 0.919565, -80241.656250, 0.349325925926
LYS, 10, 26.671, 0.811461, -81062.093750, 0.242707407407
MET, 8, 26.951, 0.830061, -79783.906250, 0.221622222222
PHE, 8, 25.330, 0.822286, -79563.523438, 0.339081481481
PRO, 0, 27.037, 0.847455, -80208.570312, 0.268974074074
SER, 2, 24.618, 0.817445, -80737.484375, 0.234703703704
THR, 13, 26.575, 0.886191, -79107.062500, 0.375159259259
TRP, 4, 28.496, 0.857056, -81010.101562, 0.314955555556
TYR, 7, 27.451, 0.834486, -79291.781250, 0.270355555556
VAL, 4, 25.625, 0.850014, -78944.343750, 0.221659259259
