AMINO ACID, DSSP, SASA, GYRATE, ENERGY, RMSF
ALA, 4, 25.432, 0.801309, -80473.437500, 0.251659259259
ARG, 2, 28.188, 0.871309, -79887.500000, 0.298462962963
ASN, 10, 27.248, 0.834294, -80024.718750, 0.210481481481
ASP, 6, 25.757, 0.817214, -79977.812500, 0.207903703704
CYS, 7, 25.855, 0.855419, -80282.164062, 0.307162962963
GLN, 4, 25.350, 0.852978, -80648.328125, 0.290562962963
GLU, 6, 25.891, 0.80734, -80397.984375, 0.207940740741
GLY, 12, 26.044, 0.815205, -80032.289062, 0.230159259259
HIS, 9, 26.848, 0.855454, -79887.265625, 0.336788888889
ILE, 7, 26.740, 0.823079, -80537.046875, 0.278788888889
LEU, 3, 28.222, 0.898136, -79583.429688, 0.349325925926
LYS, 10, 26.438, 0.805617, -81292.250000, 0.242707407407
MET, 8, 26.323, 0.823367, -80236.375000, 0.221622222222
PHE, 10, 24.632, 0.836966, -79704.109375, 0.339081481481
PRO, 2, 26.477, 0.838488, -79954.875000, 0.268974074074
SER, 4, 25.575, 0.81601, -79980.210938, 0.234703703704
THR, 8, 26.950, 0.886084, -79343.765625, 0.375159259259
TRP, 4, 29.066, 0.86512, -79886.156250, 0.314955555556
TYR, 10, 27.893, 0.826167, -80544.250000, 0.270355555556
VAL, 4, 27.247, 0.871396, -80250.703125, 0.221659259259
