AMINO ACID, DSSP, SASA, GYRATE, ENERGY, RMSF
ALA, 6, 29.398, 0.863806, -79346.656250, 0.251659259259
ARG, 10, 29.032, 0.857096, -81160.734375, 0.298462962963
ASN, 7, 27.799, 0.839178, -79745.578125, 0.210481481481
ASP, 11, 26.950, 0.819659, -81230.562500, 0.207903703704
CYS, 6, 27.301, 0.870242, -79793.656250, 0.307162962963
GLN, 13, 26.431, 0.83715, -80946.679688, 0.290562962963
GLU, 6, 27.988, 0.844669, -80327.375000, 0.207940740741
GLY, 6, 25.690, 0.838248, -81021.937500, 0.230159259259
HIS, 6, 26.668, 0.838598, -79826.054688, 0.336788888889
ILE, 14, 27.586, 0.841317, -79430.289062, 0.278788888889
LEU, 10, 26.104, 0.80929, -79422.570312, 0.349325925926
LYS, 2, 26.734, 0.841114, -80918.992188, 0.242707407407
MET, 7, 25.306, 0.822631, -80101.156250, 0.221622222222
PHE, 8, 28.152, 0.82738, -80838.414062, 0.339081481481
PRO, 4, 25.773, 0.828162, -79516.984375, 0.268974074074
SER, 8, 24.526, 0.801612, -79856.179688, 0.234703703704
THR, 4, 27.581, 0.845837, -80002.031250, 0.375159259259
TRP, 6, 28.343, 0.836474, -79573.796875, 0.314955555556
TYR, 10, 26.281, 0.850594, -79075.679688, 0.270355555556
VAL, 8, 26.325, 0.83332, -80260.234375, 0.221659259259
