AMINO ACID, DSSP, SASA, GYRATE, ENERGY, RMSF
ALA, 4, 24.730, 0.806446, -80890.796875, 0.251659259259
ARG, 2, 28.862, 0.886107, -81541.695312, 0.298462962963
ASN, 8, 26.532, 0.826848, -80208.421875, 0.210481481481
ASP, 12, 24.317, 0.801428, -80637.281250, 0.207903703704
CYS, 9, 26.520, 0.853318, -80245.835938, 0.307162962963
GLN, 6, 28.348, 0.885842, -80861.695312, 0.290562962963
GLU, 4, 26.574, 0.812493, -80523.820312, 0.207940740741
GLY, 9, 24.383, 0.810468, -80131.250000, 0.230159259259
HIS, 4, 26.320, 0.838036, -80234.554688, 0.336788888889
ILE, 7, 25.057, 0.80508, -80174.125000, 0.278788888889
LEU, 11, 29.769, 0.904198, -78956.117188, 0.349325925926
LYS, 12, 26.694, 0.8238, -81092.968750, 0.242707407407
MET, 8, 26.950, 0.827482, -80141.390625, 0.221622222222
PHE, 4, 25.817, 0.822082, -79344.093750, 0.339081481481
PRO, 0, 26.686, 0.858453, -80882.578125, 0.268974074074
SER, 4, 24.911, 0.818286, -80742.562500, 0.234703703704
THR, 4, 27.908, 0.889912, -80614.437500, 0.375159259259
TRP, 5, 28.767, 0.853289, -79971.718750, 0.314955555556
TYR, 12, 24.448, 0.794888, -80137.351562, 0.270355555556
VAL, 4, 26.999, 0.857521, -79644.156250, 0.221659259259
