AMINO ACID, DSSP, SASA, GYRATE, ENERGY, RMSF
ALA, 4, 24.616, 0.801963, -80536.093750, 0.251659259259
ARG, 6, 25.951, 0.863839, -80614.882812, 0.298462962963
ASN, 8, 25.629, 0.825615, -81343.992188, 0.210481481481
ASP, 12, 26.330, 0.80648, -79534.953125, 0.207903703704
CYS, 9, 27.880, 0.86845, -79987.390625, 0.307162962963
GLN, 6, 29.342, 0.900563, -81262.132812, 0.290562962963
GLU, 9, 24.238, 0.79786, -80295.703125, 0.207940740741
GLY, 9, 25.890, 0.810313, -79573.570312, 0.230159259259
HIS, 6, 27.153, 0.840957, -79091.296875, 0.336788888889
ILE, 7, 23.783, 0.796102, -80133.500000, 0.278788888889
LEU, 9, 29.031, 0.904986, -79569.296875, 0.349325925926
LYS, 14, 27.077, 0.824085, -80510.257812, 0.242707407407
MET, 10, 24.715, 0.8262, -80100.632812, 0.221622222222
PHE, 6, 26.272, 0.830707, -80333.429688, 0.339081481481
PRO, 0, 27.123, 0.85942, -80265.031250, 0.268974074074
SER, 4, 25.720, 0.817777, -81374.273438, 0.234703703704
THR, 2, 27.767, 0.907929, -80174.281250, 0.375159259259
TRP, 5, 29.622, 0.863183, -80156.812500, 0.314955555556
TYR, 10, 25.334, 0.806058, -80009.375000, 0.270355555556
VAL, 4, 27.815, 0.872712, -80490.164062, 0.221659259259
