AMINO ACID, DSSP, SASA, GYRATE, ENERGY, RMSF
ALA, 4, 24.103, 0.802696, -80409.218750, 0.251659259259
ARG, 8, 27.992, 0.859212, -80320.710938, 0.298462962963
ASN, 14, 26.468, 0.832208, -81076.023438, 0.210481481481
ASP, 8, 25.172, 0.823125, -80284.601562, 0.207903703704
CYS, 7, 27.386, 0.878489, -80642.765625, 0.307162962963
GLN, 4, 27.500, 0.876582, -79921.343750, 0.290562962963
GLU, 6, 25.274, 0.816714, -79305.140625, 0.207940740741
GLY, 10, 25.728, 0.809572, -80834.593750, 0.230159259259
HIS, 4, 26.780, 0.832841, -80371.968750, 0.336788888889
ILE, 7, 24.063, 0.795547, -80173.101562, 0.278788888889
LEU, 11, 29.969, 0.919237, -79730.382812, 0.349325925926
LYS, 12, 26.093, 0.818857, -81208.796875, 0.242707407407
MET, 10, 25.318, 0.830431, -80062.671875, 0.221622222222
PHE, 4, 26.648, 0.841018, -79595.328125, 0.339081481481
PRO, 0, 27.870, 0.844413, -80574.117188, 0.268974074074
SER, 4, 26.081, 0.826253, -80615.679688, 0.234703703704
THR, 2, 26.544, 0.904354, -80088.773438, 0.375159259259
TRP, 5, 29.057, 0.841853, -80493.945312, 0.314955555556
TYR, 12, 26.780, 0.810481, -80459.421875, 0.270355555556
VAL, 4, 27.366, 0.861845, -79845.835938, 0.221659259259
