AMINO ACID, DSSP, SASA, GYRATE, ENERGY, RMSF
ALA, 6, 26.154, 0.811554, -80126.687500, 0.251659259259
ARG, 2, 27.092, 0.858534, -80834.875000, 0.298462962963
ASN, 12, 26.582, 0.822349, -80653.476562, 0.210481481481
ASP, 8, 26.299, 0.809529, -79978.781250, 0.207903703704
CYS, 7, 26.200, 0.860199, -81010.703125, 0.307162962963
GLN, 4, 27.481, 0.888624, -80311.312500, 0.290562962963
GLU, 10, 24.831, 0.807683, -79876.515625, 0.207940740741
GLY, 11, 24.630, 0.809086, -80654.718750, 0.230159259259
HIS, 9, 27.595, 0.852139, -80295.218750, 0.336788888889
ILE, 9, 25.055, 0.802142, -79918.171875, 0.278788888889
LEU, 7, 30.203, 0.929125, -79922.351562, 0.349325925926
LYS, 8, 26.198, 0.816395, -79693.414062, 0.242707407407
MET, 8, 25.633, 0.832232, -80617.765625, 0.221622222222
PHE, 8, 26.852, 0.833361, -80584.539062, 0.339081481481
PRO, 0, 27.559, 0.871567, -79739.304688, 0.268974074074
SER, 4, 24.679, 0.814991, -80673.828125, 0.234703703704
THR, 4, 26.053, 0.8975, -80441.312500, 0.375159259259
TRP, 5, 29.109, 0.854398, -80195.906250, 0.314955555556
TYR, 10, 25.485, 0.799321, -80704.203125, 0.270355555556
VAL, 4, 27.374, 0.870899, -79830.640625, 0.221659259259
