AMINO ACID, DSSP, SASA, GYRATE, ENERGY, RMSF
ALA, 4, 25.185, 0.809484, -80583.937500, 0.251659259259
ARG, 2, 29.071, 0.895373, -80747.187500, 0.298462962963
ASN, 12, 26.135, 0.82639, -80450.203125, 0.210481481481
ASP, 8, 25.844, 0.803135, -79749.609375, 0.207903703704
CYS, 7, 28.441, 0.894553, -80153.078125, 0.307162962963
GLN, 4, 28.854, 0.885109, -80567.500000, 0.290562962963
GLU, 9, 25.095, 0.815868, -80194.437500, 0.207940740741
GLY, 11, 23.667, 0.789393, -81309.625000, 0.230159259259
HIS, 9, 26.761, 0.846127, -79980.515625, 0.336788888889
ILE, 7, 24.678, 0.794873, -80681.453125, 0.278788888889
LEU, 9, 29.503, 0.913206, -80570.437500, 0.349325925926
LYS, 10, 27.156, 0.836347, -80401.023438, 0.242707407407
MET, 10, 26.473, 0.838587, -79307.406250, 0.221622222222
PHE, 6, 27.631, 0.829459, -79259.468750, 0.339081481481
PRO, 0, 30.933, 0.902022, -80297.007812, 0.268974074074
SER, 4, 26.535, 0.817436, -80871.718750, 0.234703703704
THR, 4, 26.028, 0.893763, -81204.359375, 0.375159259259
TRP, 3, 29.796, 0.860271, -80512.859375, 0.314955555556
TYR, 8, 27.461, 0.823544, -80017.921875, 0.270355555556
VAL, 4, 26.316, 0.859689, -80046.828125, 0.221659259259
