AMINO ACID, DSSP, SASA, GYRATE, ENERGY, RMSF
ALA, 6, 26.222, 0.817513, -79472.054688, 0.251659259259
ARG, 4, 27.320, 0.884535, -81227.914062, 0.298462962963
ASN, 14, 26.122, 0.829791, -79672.054688, 0.210481481481
ASP, 10, 25.185, 0.805393, -79730.226562, 0.207903703704
CYS, 5, 28.614, 0.891614, -80128.085938, 0.307162962963
GLN, 4, 28.788, 0.885265, -80074.445312, 0.290562962963
GLU, 7, 23.907, 0.807737, -80587.476562, 0.207940740741
GLY, 11, 24.683, 0.801511, -80199.125000, 0.230159259259
HIS, 11, 25.333, 0.834276, -79961.828125, 0.336788888889
ILE, 7, 25.606, 0.798222, -79771.265625, 0.278788888889
LEU, 9, 30.036, 0.927509, -79539.468750, 0.349325925926
LYS, 12, 26.448, 0.831921, -79932.203125, 0.242707407407
MET, 10, 26.004, 0.831469, -79424.570312, 0.221622222222
PHE, 2, 27.526, 0.841757, -81090.171875, 0.339081481481
PRO, 0, 30.172, 0.9013, -80936.625000, 0.268974074074
SER, 4, 26.017, 0.828105, -80492.976562, 0.234703703704
THR, 9, 26.698, 0.901339, -81232.062500, 0.375159259259
TRP, 5, 28.603, 0.855817, -79253.351562, 0.314955555556
TYR, 10, 27.870, 0.817725, -79179.195312, 0.270355555556
VAL, 4, 26.904, 0.861215, -80970.890625, 0.221659259259
