AMINO ACID, DSSP, SASA, GYRATE, ENERGY, RMSF
ALA, 7, 24.451, 0.803926, -80659.039062, 0.251659259259
ARG, 2, 28.458, 0.884588, -80703.398438, 0.298462962963
ASN, 6, 27.581, 0.833742, -79526.945312, 0.210481481481
ASP, 12, 25.898, 0.80927, -79818.226562, 0.207903703704
CYS, 9, 29.682, 0.900135, -80286.281250, 0.307162962963
GLN, 4, 28.216, 0.891587, -79234.781250, 0.290562962963
GLU, 7, 24.532, 0.812091, -79959.117188, 0.207940740741
GLY, 9, 26.981, 0.808145, -79318.921875, 0.230159259259
HIS, 11, 26.190, 0.840087, -80183.500000, 0.336788888889
ILE, 7, 25.561, 0.810119, -80190.718750, 0.278788888889
LEU, 11, 29.594, 0.918538, -79694.460938, 0.349325925926
LYS, 12, 27.108, 0.826901, -80385.023438, 0.242707407407
MET, 10, 25.441, 0.828824, -80451.125000, 0.221622222222
PHE, 4, 25.194, 0.825609, -80025.671875, 0.339081481481
PRO, 0, 29.942, 0.903193, -80990.500000, 0.268974074074
SER, 4, 26.118, 0.830376, -80104.460938, 0.234703703704
THR, 4, 27.784, 0.904667, -80282.859375, 0.375159259259
TRP, 5, 31.086, 0.858045, -79353.328125, 0.314955555556
TYR, 10, 25.499, 0.808652, -79924.890625, 0.270355555556
VAL, 4, 26.312, 0.850494, -80565.453125, 0.221659259259
