AMINO ACID, DSSP, SASA, GYRATE, ENERGY, RMSF
ALA, 7, 25.303, 0.821523, -79369.695312, 0.251659259259
ARG, 2, 28.162, 0.896006, -80917.773438, 0.298462962963
ASN, 10, 25.658, 0.817904, -79856.101562, 0.210481481481
ASP, 10, 27.194, 0.834151, -80349.867188, 0.207903703704
CYS, 7, 26.830, 0.868488, -80722.234375, 0.307162962963
GLN, 6, 29.196, 0.901885, -80602.429688, 0.290562962963
GLU, 4, 24.663, 0.815891, -80406.382812, 0.207940740741
GLY, 9, 24.687, 0.806448, -79895.703125, 0.230159259259
HIS, 6, 26.781, 0.844673, -81016.867188, 0.336788888889
ILE, 7, 25.159, 0.796136, -79883.828125, 0.278788888889
LEU, 9, 28.317, 0.902748, -79701.148438, 0.349325925926
LYS, 8, 25.981, 0.813864, -80897.304688, 0.242707407407
MET, 10, 25.614, 0.824075, -80139.062500, 0.221622222222
PHE, 4, 26.790, 0.823128, -79851.640625, 0.339081481481
PRO, 0, 27.832, 0.862082, -80739.171875, 0.268974074074
SER, 4, 26.348, 0.823991, -79543.539062, 0.234703703704
THR, 6, 26.288, 0.906815, -80090.523438, 0.375159259259
TRP, 5, 29.432, 0.850626, -80187.296875, 0.314955555556
TYR, 11, 27.586, 0.821309, -80703.687500, 0.270355555556
VAL, 4, 27.245, 0.853997, -80400.734375, 0.221659259259
