AMINO ACID, DSSP, SASA, GYRATE, ENERGY, RMSF
ALA, 7, 25.577, 0.815622, -80131.226562, 0.251659259259
ARG, 2, 27.912, 0.870828, -79816.312500, 0.298462962963
ASN, 12, 24.601, 0.81912, -80751.203125, 0.210481481481
ASP, 15, 25.667, 0.806217, -80802.343750, 0.207903703704
CYS, 7, 26.051, 0.850436, -81147.000000, 0.307162962963
GLN, 2, 29.255, 0.897506, -79807.390625, 0.290562962963
GLU, 8, 24.329, 0.808826, -79758.914062, 0.207940740741
GLY, 7, 23.879, 0.78887, -80645.156250, 0.230159259259
HIS, 13, 27.624, 0.838964, -80039.796875, 0.336788888889
ILE, 7, 26.241, 0.810885, -80091.312500, 0.278788888889
LEU, 9, 28.091, 0.913372, -80003.554688, 0.349325925926
LYS, 8, 27.362, 0.822366, -80060.289062, 0.242707407407
MET, 8, 25.858, 0.828256, -79873.265625, 0.221622222222
PHE, 7, 27.443, 0.829838, -80285.898438, 0.339081481481
PRO, 2, 28.749, 0.870258, -80740.429688, 0.268974074074
SER, 2, 25.455, 0.816119, -79855.500000, 0.234703703704
THR, 4, 27.876, 0.906999, -80747.593750, 0.375159259259
TRP, 5, 30.091, 0.853037, -80947.937500, 0.314955555556
TYR, 9, 26.669, 0.809788, -80553.531250, 0.270355555556
VAL, 4, 26.624, 0.849358, -79365.062500, 0.221659259259
