AMINO ACID, DSSP, SASA, GYRATE, ENERGY, RMSF
ALA, 4, 28.567, 0.884705, -80988.625000, 0.251659259259
ARG, 2, 29.470, 0.873371, -80625.593750, 0.298462962963
ASN, 11, 26.386, 0.820552, -79587.171875, 0.210481481481
ASP, 6, 27.176, 0.833671, -80176.476562, 0.207903703704
CYS, 9, 27.240, 0.855557, -80087.171875, 0.307162962963
GLN, 6, 26.666, 0.872807, -79822.007812, 0.290562962963
GLU, 9, 23.677, 0.808485, -81537.687500, 0.207940740741
GLY, 10, 27.070, 0.821436, -81109.585938, 0.230159259259
HIS, 8, 27.267, 0.828025, -81107.304688, 0.336788888889
ILE, 7, 27.095, 0.825951, -79265.640625, 0.278788888889
LEU, 9, 30.047, 0.889192, -80385.156250, 0.349325925926
LYS, 10, 26.209, 0.817119, -81264.507812, 0.242707407407
MET, 10, 26.226, 0.842713, -79159.296875, 0.221622222222
PHE, 5, 26.931, 0.836299, -80323.921875, 0.339081481481
PRO, 0, 29.743, 0.883295, -79607.093750, 0.268974074074
SER, 4, 26.745, 0.819357, -80222.156250, 0.234703703704
THR, 6, 28.825, 0.894596, -80287.093750, 0.375159259259
TRP, 5, 30.065, 0.857891, -80376.054688, 0.314955555556
TYR, 10, 25.472, 0.797882, -78758.226562, 0.270355555556
VAL, 4, 25.440, 0.846806, -80051.843750, 0.221659259259
