AMINO ACID, DSSP, SASA, GYRATE, ENERGY, RMSF
ALA, 4, 29.179, 0.893509, -80235.601562, 0.251659259259
ARG, 2, 29.405, 0.881278, -80609.281250, 0.298462962963
ASN, 11, 26.436, 0.827743, -80623.906250, 0.210481481481
ASP, 4, 26.630, 0.824731, -80140.367188, 0.207903703704
CYS, 9, 26.748, 0.861186, -79983.875000, 0.307162962963
GLN, 4, 27.038, 0.884708, -80835.515625, 0.290562962963
GLU, 9, 24.079, 0.80286, -80562.812500, 0.207940740741
GLY, 9, 27.261, 0.819668, -80460.687500, 0.230159259259
HIS, 4, 28.241, 0.843715, -80268.867188, 0.336788888889
ILE, 7, 26.151, 0.823935, -79715.593750, 0.278788888889
LEU, 7, 29.130, 0.918967, -79835.906250, 0.349325925926
LYS, 6, 26.802, 0.817164, -80492.695312, 0.242707407407
MET, 10, 25.649, 0.832999, -79780.125000, 0.221622222222
PHE, 4, 26.715, 0.821218, -79975.851562, 0.339081481481
PRO, 0, 28.356, 0.86741, -80044.531250, 0.268974074074
SER, 6, 26.222, 0.818794, -81052.578125, 0.234703703704
THR, 4, 27.839, 0.902067, -80493.039062, 0.375159259259
TRP, 5, 30.064, 0.858504, -80195.726562, 0.314955555556
TYR, 10, 25.792, 0.819216, -79627.460938, 0.270355555556
VAL, 4, 26.844, 0.856885, -81455.234375, 0.221659259259
