AMINO ACID, DSSP, SASA, GYRATE, ENERGY, RMSF
ALA, 3, 30.265, 0.884595, -79332.890625, 0.251659259259
ARG, 2, 29.269, 0.883448, -81070.625000, 0.298462962963
ASN, 10, 27.165, 0.827404, -80543.492188, 0.210481481481
ASP, 4, 27.815, 0.826496, -79534.804688, 0.207903703704
CYS, 5, 26.979, 0.847314, -79335.968750, 0.307162962963
GLN, 4, 29.117, 0.884778, -80433.000000, 0.290562962963
GLU, 9, 25.781, 0.817383, -80454.257812, 0.207940740741
GLY, 9, 26.252, 0.810098, -79745.593750, 0.230159259259
HIS, 6, 28.511, 0.851748, -79386.343750, 0.336788888889
ILE, 7, 25.486, 0.823885, -80505.304688, 0.278788888889
LEU, 9, 27.494, 0.89734, -79902.062500, 0.349325925926
LYS, 10, 25.216, 0.800091, -81544.156250, 0.242707407407
MET, 8, 27.131, 0.842412, -79886.359375, 0.221622222222
PHE, 6, 27.377, 0.830155, -80214.570312, 0.339081481481
PRO, 0, 28.695, 0.873769, -79646.156250, 0.268974074074
SER, 4, 25.600, 0.818667, -81033.023438, 0.234703703704
THR, 9, 28.243, 0.921321, -79586.320312, 0.375159259259
TRP, 5, 29.295, 0.852843, -80440.281250, 0.314955555556
TYR, 10, 26.612, 0.823527, -80529.914062, 0.270355555556
VAL, 4, 26.146, 0.846953, -79265.085938, 0.221659259259
