AMINO ACID, DSSP, SASA, GYRATE, ENERGY, RMSF
ALA, 4, 27.823, 0.876004, -80066.132812, 0.251659259259
ARG, 2, 27.508, 0.871081, -81392.859375, 0.298462962963
ASN, 8, 24.841, 0.830593, -79621.250000, 0.210481481481
ASP, 6, 28.673, 0.840222, -80280.156250, 0.207903703704
CYS, 9, 26.947, 0.853933, -79555.593750, 0.307162962963
GLN, 6, 25.964, 0.858124, -79806.835938, 0.290562962963
GLU, 9, 25.727, 0.814494, -79678.773438, 0.207940740741
GLY, 11, 24.614, 0.813423, -81078.507812, 0.230159259259
HIS, 8, 29.427, 0.852752, -80264.890625, 0.336788888889
ILE, 7, 25.703, 0.809705, -80229.242188, 0.278788888889
LEU, 9, 28.258, 0.888001, -81319.726562, 0.349325925926
LYS, 6, 27.746, 0.813751, -81208.492188, 0.242707407407
MET, 10, 26.818, 0.837519, -80432.890625, 0.221622222222
PHE, 3, 27.307, 0.841228, -79534.601562, 0.339081481481
PRO, 0, 26.514, 0.850122, -79702.617188, 0.268974074074
SER, 2, 24.778, 0.805064, -80857.843750, 0.234703703704
THR, 2, 26.346, 0.907408, -80443.937500, 0.375159259259
TRP, 5, 28.784, 0.849024, -80100.132812, 0.314955555556
TYR, 10, 26.969, 0.822754, -79726.484375, 0.270355555556
VAL, 4, 26.076, 0.843422, -79324.148438, 0.221659259259
