AMINO ACID, DSSP, SASA, GYRATE, ENERGY, RMSF
ALA, 4, 29.026, 0.849943, -80615.640625, 0.251659259259
ARG, 10, 27.424, 0.839717, -81117.421875, 0.298462962963
ASN, 4, 28.490, 0.847092, -80781.265625, 0.210481481481
ASP, 5, 27.984, 0.835602, -80247.343750, 0.207903703704
CYS, 8, 27.191, 0.86835, -80797.203125, 0.307162962963
GLN, 15, 27.959, 0.843642, -80326.195312, 0.290562962963
GLU, 8, 28.040, 0.848447, -79902.734375, 0.207940740741
GLY, 10, 25.730, 0.843826, -81155.765625, 0.230159259259
HIS, 6, 27.795, 0.86167, -80794.570312, 0.336788888889
ILE, 10, 25.601, 0.815689, -79660.585938, 0.278788888889
LEU, 11, 26.824, 0.805987, -79828.218750, 0.349325925926
LYS, 2, 26.455, 0.848056, -80954.187500, 0.242707407407
MET, 11, 27.162, 0.838741, -79833.046875, 0.221622222222
PHE, 7, 26.913, 0.813307, -79300.226562, 0.339081481481
PRO, 6, 26.899, 0.837991, -81025.632812, 0.268974074074
SER, 12, 23.898, 0.791237, -80266.312500, 0.234703703704
THR, 4, 29.343, 0.852395, -79434.734375, 0.375159259259
TRP, 6, 29.578, 0.862471, -80236.914062, 0.314955555556
TYR, 6, 27.385, 0.859499, -80039.656250, 0.270355555556
VAL, 12, 26.039, 0.837864, -80271.273438, 0.221659259259
