AMINO ACID, DSSP, SASA, GYRATE, ENERGY, RMSF
ALA, 6, 26.403, 0.839291, -79601.281250, 0.251659259259
ARG, 2, 29.481, 0.872533, -80368.437500, 0.298462962963
ASN, 6, 26.432, 0.828497, -80945.093750, 0.210481481481
ASP, 10, 27.096, 0.822851, -80245.390625, 0.207903703704
CYS, 7, 27.643, 0.857136, -80145.937500, 0.307162962963
GLN, 4, 25.789, 0.867766, -80697.414062, 0.290562962963
GLU, 10, 25.289, 0.820033, -79904.609375, 0.207940740741
GLY, 9, 26.348, 0.813589, -79613.523438, 0.230159259259
HIS, 11, 27.993, 0.850562, -80684.250000, 0.336788888889
ILE, 7, 26.249, 0.811689, -80145.296875, 0.278788888889
LEU, 9, 28.327, 0.89868, -81094.937500, 0.349325925926
LYS, 6, 28.531, 0.826653, -80596.757812, 0.242707407407
MET, 10, 26.093, 0.822779, -80083.859375, 0.221622222222
PHE, 4, 25.165, 0.819595, -78826.789062, 0.339081481481
PRO, 0, 29.284, 0.881783, -79750.101562, 0.268974074074
SER, 2, 26.682, 0.8195, -80415.625000, 0.234703703704
THR, 4, 26.946, 0.918598, -80214.992188, 0.375159259259
TRP, 5, 29.319, 0.844439, -79793.554688, 0.314955555556
TYR, 12, 26.389, 0.816326, -79840.453125, 0.270355555556
VAL, 4, 26.307, 0.840221, -79037.281250, 0.221659259259
