AMINO ACID, DSSP, SASA, GYRATE, ENERGY, RMSF
ALA, 4, 27.286, 0.854142, -80322.765625, 0.251659259259
ARG, 2, 27.462, 0.868827, -80866.539062, 0.298462962963
ASN, 13, 26.949, 0.819715, -80847.406250, 0.210481481481
ASP, 8, 26.084, 0.828814, -80458.687500, 0.207903703704
CYS, 11, 27.676, 0.876218, -80637.140625, 0.307162962963
GLN, 4, 27.136, 0.870015, -80562.726562, 0.290562962963
GLU, 11, 25.349, 0.814504, -79418.953125, 0.207940740741
GLY, 7, 26.013, 0.812384, -80419.953125, 0.230159259259
HIS, 8, 28.340, 0.848161, -80971.976562, 0.336788888889
ILE, 9, 27.092, 0.820046, -79983.148438, 0.278788888889
LEU, 9, 29.356, 0.893577, -80096.890625, 0.349325925926
LYS, 15, 28.345, 0.819732, -80563.015625, 0.242707407407
MET, 10, 26.292, 0.829944, -79149.812500, 0.221622222222
PHE, 4, 25.166, 0.810529, -79266.781250, 0.339081481481
PRO, 0, 27.299, 0.871832, -80548.054688, 0.268974074074
SER, 4, 25.009, 0.817506, -81087.703125, 0.234703703704
THR, 4, 26.634, 0.907701, -80608.625000, 0.375159259259
TRP, 5, 30.561, 0.864043, -79450.546875, 0.314955555556
TYR, 5, 26.273, 0.816789, -80655.546875, 0.270355555556
VAL, 4, 25.640, 0.840715, -80477.296875, 0.221659259259
