AMINO ACID, DSSP, SASA, GYRATE, ENERGY, RMSF
ALA, 2, 27.674, 0.865183, -81222.453125, 0.251659259259
ARG, 0, 29.858, 0.887709, -80322.664062, 0.298462962963
ASN, 8, 27.297, 0.822973, -80630.703125, 0.210481481481
ASP, 6, 26.202, 0.829661, -79577.468750, 0.207903703704
CYS, 7, 26.686, 0.865384, -80408.015625, 0.307162962963
GLN, 5, 27.796, 0.873323, -79420.085938, 0.290562962963
GLU, 13, 24.426, 0.81038, -80665.523438, 0.207940740741
GLY, 9, 25.680, 0.809331, -80201.203125, 0.230159259259
HIS, 8, 28.625, 0.860262, -80151.765625, 0.336788888889
ILE, 9, 26.500, 0.815603, -79464.531250, 0.278788888889
LEU, 9, 28.974, 0.89955, -80206.328125, 0.349325925926
LYS, 6, 26.969, 0.81343, -79736.593750, 0.242707407407
MET, 10, 25.831, 0.818846, -81105.156250, 0.221622222222
PHE, 2, 23.337, 0.801489, -79632.796875, 0.339081481481
PRO, 2, 28.445, 0.880439, -79749.046875, 0.268974074074
SER, 4, 25.716, 0.819829, -80566.867188, 0.234703703704
THR, 4, 27.926, 0.913038, -79775.296875, 0.375159259259
TRP, 5, 29.436, 0.850091, -79657.281250, 0.314955555556
TYR, 10, 26.670, 0.810741, -79940.703125, 0.270355555556
VAL, 4, 26.525, 0.857676, -81170.570312, 0.221659259259
