AMINO ACID, DSSP, SASA, GYRATE, ENERGY, RMSF
ALA, 6, 28.874, 0.88208, -80915.453125, 0.251659259259
ARG, 4, 28.149, 0.871054, -81555.421875, 0.298462962963
ASN, 8, 27.602, 0.825885, -80090.179688, 0.210481481481
ASP, 10, 26.549, 0.813924, -80003.906250, 0.207903703704
CYS, 7, 27.931, 0.866756, -80246.335938, 0.307162962963
GLN, 4, 25.681, 0.875053, -80157.953125, 0.290562962963
GLU, 6, 25.529, 0.821794, -80384.140625, 0.207940740741
GLY, 12, 25.582, 0.81793, -80679.515625, 0.230159259259
HIS, 8, 27.241, 0.842585, -80119.492188, 0.336788888889
ILE, 7, 26.349, 0.818409, -79793.484375, 0.278788888889
LEU, 9, 27.379, 0.892029, -79850.757812, 0.349325925926
LYS, 12, 27.482, 0.823934, -81361.523438, 0.242707407407
MET, 10, 26.580, 0.84083, -79714.101562, 0.221622222222
PHE, 2, 25.377, 0.843092, -78942.890625, 0.339081481481
PRO, 0, 28.904, 0.879863, -81048.906250, 0.268974074074
SER, 4, 24.712, 0.815151, -80795.500000, 0.234703703704
THR, 9, 28.161, 0.915137, -79385.687500, 0.375159259259
TRP, 5, 29.587, 0.852887, -79616.125000, 0.314955555556
TYR, 8, 26.976, 0.823995, -80697.523438, 0.270355555556
VAL, 4, 26.972, 0.845422, -80270.382812, 0.221659259259
