AMINO ACID, DSSP, SASA, GYRATE, ENERGY, RMSF
ALA, 6, 27.044, 0.856672, -80209.210938, 0.251659259259
ARG, 2, 29.085, 0.871846, -81653.210938, 0.298462962963
ASN, 11, 25.503, 0.822139, -80822.125000, 0.210481481481
ASP, 8, 28.344, 0.834054, -80324.398438, 0.207903703704
CYS, 9, 25.480, 0.852468, -79996.929688, 0.307162962963
GLN, 4, 28.617, 0.888757, -80169.218750, 0.290562962963
GLU, 4, 26.952, 0.819864, -78483.742188, 0.207940740741
GLY, 9, 26.773, 0.825024, -79690.625000, 0.230159259259
HIS, 11, 27.688, 0.835232, -79282.890625, 0.336788888889
ILE, 7, 25.683, 0.822675, -79645.656250, 0.278788888889
LEU, 11, 28.446, 0.908436, -80410.546875, 0.349325925926
LYS, 10, 26.311, 0.805754, -80754.406250, 0.242707407407
MET, 10, 26.138, 0.836047, -80490.515625, 0.221622222222
PHE, 4, 26.291, 0.848303, -79989.929688, 0.339081481481
PRO, 0, 28.405, 0.867191, -81137.359375, 0.268974074074
SER, 4, 26.730, 0.824, -80280.757812, 0.234703703704
THR, 6, 27.328, 0.890978, -80598.148438, 0.375159259259
TRP, 5, 27.597, 0.856351, -79280.039062, 0.314955555556
TYR, 10, 26.622, 0.811844, -79082.421875, 0.270355555556
VAL, 4, 26.316, 0.852198, -79670.687500, 0.221659259259
