AMINO ACID, DSSP, SASA, GYRATE, ENERGY, RMSF
ALA, 6, 27.161, 0.836213, -80767.820312, 0.251659259259
ARG, 2, 28.026, 0.875908, -79845.132812, 0.298462962963
ASN, 10, 27.740, 0.839128, -80691.062500, 0.210481481481
ASP, 14, 26.843, 0.813471, -80403.156250, 0.207903703704
CYS, 9, 26.706, 0.861527, -80570.500000, 0.307162962963
GLN, 2, 28.814, 0.9214, -80350.890625, 0.290562962963
GLU, 10, 25.588, 0.809849, -80938.000000, 0.207940740741
GLY, 11, 25.861, 0.805774, -79860.250000, 0.230159259259
HIS, 8, 28.207, 0.851714, -80840.398438, 0.336788888889
ILE, 7, 25.238, 0.815325, -79975.312500, 0.278788888889
LEU, 12, 30.794, 0.950188, -80191.148438, 0.349325925926
LYS, 12, 26.508, 0.810874, -80074.484375, 0.242707407407
MET, 10, 26.734, 0.837318, -80953.078125, 0.221622222222
PHE, 0, 27.278, 0.842108, -79629.531250, 0.339081481481
PRO, 0, 27.749, 0.857721, -80429.671875, 0.268974074074
SER, 4, 25.828, 0.818677, -80316.359375, 0.234703703704
THR, 8, 27.465, 0.903893, -80111.164062, 0.375159259259
TRP, 2, 27.226, 0.843866, -80414.187500, 0.314955555556
TYR, 10, 27.015, 0.811552, -79997.187500, 0.270355555556
VAL, 4, 26.494, 0.859465, -80513.109375, 0.221659259259
