AMINO ACID, DSSP, SASA, GYRATE, ENERGY, RMSF
ALA, 4, 26.693, 0.83062, -80730.968750, 0.251659259259
ARG, 4, 28.314, 0.871571, -80490.046875, 0.298462962963
ASN, 13, 25.598, 0.819039, -80615.320312, 0.210481481481
ASP, 10, 26.205, 0.821872, -80223.539062, 0.207903703704
CYS, 7, 26.624, 0.866898, -79877.500000, 0.307162962963
GLN, 4, 29.110, 0.901218, -79686.937500, 0.290562962963
GLU, 6, 25.562, 0.812953, -80701.500000, 0.207940740741
GLY, 9, 25.817, 0.814346, -80222.203125, 0.230159259259
HIS, 8, 26.756, 0.831695, -80608.929688, 0.336788888889
ILE, 7, 24.643, 0.808116, -79611.375000, 0.278788888889
LEU, 13, 29.357, 0.939866, -79821.562500, 0.349325925926
LYS, 12, 27.468, 0.822062, -81288.156250, 0.242707407407
MET, 10, 26.153, 0.830117, -79827.765625, 0.221622222222
PHE, 2, 26.969, 0.842512, -80293.984375, 0.339081481481
PRO, 2, 28.596, 0.865447, -80542.710938, 0.268974074074
SER, 4, 25.279, 0.808603, -80075.328125, 0.234703703704
THR, 6, 28.692, 0.890177, -79549.351562, 0.375159259259
TRP, 4, 28.055, 0.848907, -80066.117188, 0.314955555556
TYR, 12, 26.807, 0.806829, -80222.789062, 0.270355555556
VAL, 4, 25.392, 0.853768, -79759.015625, 0.221659259259
