AMINO ACID, DSSP, SASA, GYRATE, ENERGY, RMSF
ALA, 6, 27.056, 0.842566, -80343.085938, 0.251659259259
ARG, 2, 27.562, 0.866014, -81392.000000, 0.298462962963
ASN, 10, 25.839, 0.834481, -80926.046875, 0.210481481481
ASP, 10, 27.311, 0.826896, -80040.367188, 0.207903703704
CYS, 7, 26.841, 0.874485, -80492.031250, 0.307162962963
GLN, 4, 27.469, 0.878198, -80854.687500, 0.290562962963
GLU, 9, 25.231, 0.808499, -80177.640625, 0.207940740741
GLY, 11, 25.705, 0.815806, -79999.921875, 0.230159259259
HIS, 8, 28.792, 0.843939, -80679.046875, 0.336788888889
ILE, 7, 27.973, 0.829759, -80500.835938, 0.278788888889
LEU, 6, 29.664, 0.95609, -80206.523438, 0.349325925926
LYS, 6, 26.322, 0.822313, -80789.062500, 0.242707407407
MET, 10, 25.657, 0.827385, -80132.562500, 0.221622222222
PHE, 2, 26.673, 0.842897, -80060.875000, 0.339081481481
PRO, 4, 26.104, 0.840891, -80439.296875, 0.268974074074
SER, 4, 25.412, 0.82488, -81100.679688, 0.234703703704
THR, 8, 27.446, 0.898557, -80436.312500, 0.375159259259
TRP, 2, 28.837, 0.860032, -80575.867188, 0.314955555556
TYR, 10, 26.322, 0.816207, -80349.664062, 0.270355555556
VAL, 4, 26.816, 0.861728, -79796.250000, 0.221659259259
