AMINO ACID, DSSP, SASA, GYRATE, ENERGY, RMSF
ALA, 8, 27.328, 0.855577, -80712.882812, 0.251659259259
ARG, 2, 27.677, 0.866321, -79994.703125, 0.298462962963
ASN, 11, 25.983, 0.850808, -81063.585938, 0.210481481481
ASP, 6, 26.301, 0.816224, -79701.109375, 0.207903703704
CYS, 9, 26.232, 0.851975, -81052.101562, 0.307162962963
GLN, 6, 30.327, 0.890059, -79839.945312, 0.290562962963
GLU, 7, 25.218, 0.81545, -79636.101562, 0.207940740741
GLY, 9, 25.173, 0.827094, -79910.453125, 0.230159259259
HIS, 6, 28.915, 0.842517, -80121.937500, 0.336788888889
ILE, 7, 27.136, 0.822909, -79913.976562, 0.278788888889
LEU, 9, 30.300, 0.930884, -79991.632812, 0.349325925926
LYS, 9, 26.858, 0.814363, -80547.796875, 0.242707407407
MET, 8, 26.216, 0.817384, -80986.437500, 0.221622222222
PHE, 5, 26.836, 0.838048, -79524.507812, 0.339081481481
PRO, 2, 27.052, 0.856859, -79627.757812, 0.268974074074
SER, 4, 25.574, 0.810931, -80670.265625, 0.234703703704
THR, 6, 25.586, 0.891555, -79926.226562, 0.375159259259
TRP, 2, 27.478, 0.870214, -80713.414062, 0.314955555556
TYR, 10, 26.389, 0.815887, -79802.789062, 0.270355555556
VAL, 2, 27.016, 0.860007, -80324.703125, 0.221659259259
