AMINO ACID, DSSP, SASA, GYRATE, ENERGY, RMSF
ALA, 6, 27.038, 0.852234, -80922.843750, 0.251659259259
ARG, 2, 28.182, 0.869885, -80686.632812, 0.298462962963
ASN, 8, 25.938, 0.843933, -79538.531250, 0.210481481481
ASP, 8, 27.055, 0.826238, -79879.781250, 0.207903703704
CYS, 7, 26.190, 0.855071, -79992.078125, 0.307162962963
GLN, 4, 28.761, 0.876024, -80071.859375, 0.290562962963
GLU, 9, 25.978, 0.814128, -80470.609375, 0.207940740741
GLY, 9, 25.359, 0.820117, -80604.773438, 0.230159259259
HIS, 6, 29.635, 0.850072, -80879.179688, 0.336788888889
ILE, 7, 24.724, 0.817151, -80800.671875, 0.278788888889
LEU, 11, 30.018, 0.963731, -80214.992188, 0.349325925926
LYS, 8, 27.955, 0.81675, -79785.937500, 0.242707407407
MET, 10, 25.600, 0.827617, -80696.562500, 0.221622222222
PHE, 7, 25.537, 0.8394, -80003.484375, 0.339081481481
PRO, 4, 27.663, 0.853999, -80188.234375, 0.268974074074
SER, 4, 25.148, 0.814606, -79491.773438, 0.234703703704
THR, 10, 28.036, 0.905487, -80000.390625, 0.375159259259
TRP, 2, 27.870, 0.858351, -79876.203125, 0.314955555556
TYR, 11, 26.443, 0.813746, -80397.984375, 0.270355555556
VAL, 2, 25.786, 0.854762, -79951.578125, 0.221659259259
