AMINO ACID, DSSP, SASA, GYRATE, ENERGY, RMSF
ALA, 6, 26.986, 0.84741, -79476.140625, 0.251659259259
ARG, 2, 28.841, 0.875, -80592.273438, 0.298462962963
ASN, 10, 26.037, 0.832486, -80271.851562, 0.210481481481
ASP, 12, 27.286, 0.832585, -80468.390625, 0.207903703704
CYS, 8, 27.305, 0.868666, -80144.210938, 0.307162962963
GLN, 8, 28.648, 0.888085, -81137.070312, 0.290562962963
GLU, 11, 25.786, 0.815092, -79664.687500, 0.207940740741
GLY, 9, 23.894, 0.804067, -79977.421875, 0.230159259259
HIS, 6, 29.998, 0.851835, -79906.437500, 0.336788888889
ILE, 7, 26.422, 0.81974, -80309.976562, 0.278788888889
LEU, 11, 29.806, 0.95037, -78946.835938, 0.349325925926
LYS, 6, 27.631, 0.823055, -80195.750000, 0.242707407407
MET, 10, 25.860, 0.828413, -80516.320312, 0.221622222222
PHE, 7, 25.074, 0.82489, -80413.085938, 0.339081481481
PRO, 0, 27.183, 0.857256, -79756.343750, 0.268974074074
SER, 4, 26.608, 0.819884, -80004.125000, 0.234703703704
THR, 8, 27.093, 0.898657, -80325.328125, 0.375159259259
TRP, 2, 27.808, 0.860914, -79313.718750, 0.314955555556
TYR, 10, 26.588, 0.796101, -79966.687500, 0.270355555556
VAL, 2, 26.068, 0.855242, -79833.085938, 0.221659259259
