AMINO ACID, DSSP, SASA, GYRATE, ENERGY, RMSF
ALA, 4, 28.921, 0.859737, -79640.437500, 0.251659259259
ARG, 2, 28.934, 0.879248, -80449.304688, 0.298462962963
ASN, 8, 26.235, 0.832088, -81180.000000, 0.210481481481
ASP, 12, 27.674, 0.840137, -80752.781250, 0.207903703704
CYS, 7, 28.607, 0.862255, -81177.812500, 0.307162962963
GLN, 6, 29.212, 0.897463, -80484.765625, 0.290562962963
GLU, 9, 24.978, 0.80385, -80438.554688, 0.207940740741
GLY, 11, 24.734, 0.812386, -80179.953125, 0.230159259259
HIS, 4, 29.277, 0.85014, -80925.375000, 0.336788888889
ILE, 7, 25.431, 0.825289, -79717.343750, 0.278788888889
LEU, 11, 28.577, 0.950705, -79834.984375, 0.349325925926
LYS, 10, 26.917, 0.81921, -81158.593750, 0.242707407407
MET, 10, 25.838, 0.825776, -80286.593750, 0.221622222222
PHE, 5, 24.641, 0.821069, -79298.000000, 0.339081481481
PRO, 4, 28.713, 0.869424, -80154.398438, 0.268974074074
SER, 2, 24.909, 0.812207, -81292.687500, 0.234703703704
THR, 6, 28.314, 0.891346, -80766.617188, 0.375159259259
TRP, 2, 26.530, 0.85525, -80425.000000, 0.314955555556
TYR, 12, 26.496, 0.817576, -80517.218750, 0.270355555556
VAL, 2, 26.301, 0.842932, -79185.921875, 0.221659259259
