AMINO ACID, DSSP, SASA, GYRATE, ENERGY, RMSF
ALA, 6, 27.089, 0.852125, -79489.476562, 0.251659259259
ARG, 2, 28.506, 0.874807, -81024.656250, 0.298462962963
ASN, 6, 26.402, 0.824866, -79738.937500, 0.210481481481
ASP, 4, 25.849, 0.830452, -79814.890625, 0.207903703704
CYS, 5, 25.978, 0.853931, -80088.703125, 0.307162962963
GLN, 9, 27.249, 0.874919, -80893.351562, 0.290562962963
GLU, 9, 24.974, 0.814396, -80032.695312, 0.207940740741
GLY, 9, 25.241, 0.813116, -80602.898438, 0.230159259259
HIS, 8, 27.153, 0.847295, -79600.593750, 0.336788888889
ILE, 9, 25.725, 0.820413, -79829.890625, 0.278788888889
LEU, 7, 27.574, 0.89236, -79800.679688, 0.349325925926
LYS, 10, 27.176, 0.813203, -80835.882812, 0.242707407407
MET, 10, 25.348, 0.825161, -79049.242188, 0.221622222222
PHE, 4, 25.432, 0.820617, -79218.734375, 0.339081481481
PRO, 0, 27.452, 0.844915, -81076.023438, 0.268974074074
SER, 4, 24.863, 0.81258, -80834.273438, 0.234703703704
THR, 8, 27.934, 0.873551, -80721.117188, 0.375159259259
TRP, 8, 28.831, 0.857818, -79359.984375, 0.314955555556
TYR, 10, 25.382, 0.811169, -79692.890625, 0.270355555556
VAL, 4, 25.742, 0.840662, -80387.078125, 0.221659259259
