AMINO ACID, DSSP, SASA, GYRATE, ENERGY, RMSF
ALA, 6, 27.466, 0.857397, -80479.742188, 0.251659259259
ARG, 0, 27.126, 0.859305, -80559.476562, 0.298462962963
ASN, 10, 27.197, 0.839569, -79979.765625, 0.210481481481
ASP, 8, 27.303, 0.823473, -80086.078125, 0.207903703704
CYS, 9, 26.025, 0.847257, -81175.773438, 0.307162962963
GLN, 4, 30.148, 0.897205, -80815.367188, 0.290562962963
GLU, 7, 25.615, 0.800187, -80265.843750, 0.207940740741
GLY, 11, 25.022, 0.801968, -80238.406250, 0.230159259259
HIS, 10, 28.776, 0.845, -79131.406250, 0.336788888889
ILE, 7, 26.662, 0.835864, -80270.664062, 0.278788888889
LEU, 11, 29.248, 0.895194, -80715.773438, 0.349325925926
LYS, 6, 27.584, 0.824911, -79881.546875, 0.242707407407
MET, 10, 24.566, 0.8251, -79651.031250, 0.221622222222
PHE, 5, 26.248, 0.831127, -79860.765625, 0.339081481481
PRO, 2, 28.058, 0.845077, -80564.984375, 0.268974074074
SER, 4, 25.849, 0.818334, -79374.523438, 0.234703703704
THR, 4, 26.828, 0.871525, -80143.851562, 0.375159259259
TRP, 4, 28.170, 0.844183, -81449.265625, 0.314955555556
TYR, 8, 26.747, 0.821597, -80734.476562, 0.270355555556
VAL, 2, 26.483, 0.854946, -80649.578125, 0.221659259259
