AMINO ACID, DSSP, SASA, GYRATE, ENERGY, RMSF
ALA, 4, 27.213, 0.854937, -80508.703125, 0.251659259259
ARG, 0, 27.536, 0.853318, -80805.546875, 0.298462962963
ASN, 10, 26.948, 0.833696, -80839.203125, 0.210481481481
ASP, 6, 27.849, 0.829904, -80807.031250, 0.207903703704
CYS, 7, 28.536, 0.84307, -80195.531250, 0.307162962963
GLN, 6, 29.237, 0.905927, -80154.250000, 0.290562962963
GLU, 6, 24.100, 0.810832, -80221.765625, 0.207940740741
GLY, 9, 25.553, 0.802741, -80178.031250, 0.230159259259
HIS, 11, 27.938, 0.844373, -80595.960938, 0.336788888889
ILE, 7, 26.717, 0.836089, -80907.859375, 0.278788888889
LEU, 5, 29.277, 0.904675, -78904.609375, 0.349325925926
LYS, 8, 27.586, 0.816645, -81002.570312, 0.242707407407
MET, 10, 24.880, 0.817846, -80293.375000, 0.221622222222
PHE, 11, 26.581, 0.841824, -79521.375000, 0.339081481481
PRO, 2, 27.439, 0.856617, -79744.460938, 0.268974074074
SER, 2, 23.714, 0.808055, -79929.179688, 0.234703703704
THR, 8, 27.820, 0.870644, -79681.289062, 0.375159259259
TRP, 6, 28.501, 0.848508, -79842.125000, 0.314955555556
TYR, 10, 26.633, 0.82906, -80574.437500, 0.270355555556
VAL, 2, 25.949, 0.842782, -80568.203125, 0.221659259259
