AMINO ACID, DSSP, SASA, GYRATE, ENERGY, RMSF
ALA, 6, 26.498, 0.861398, -80071.992188, 0.251659259259
ARG, 0, 27.235, 0.861333, -81538.242188, 0.298462962963
ASN, 12, 26.518, 0.829228, -81193.648438, 0.210481481481
ASP, 6, 27.682, 0.841664, -79613.796875, 0.207903703704
CYS, 10, 27.630, 0.851971, -80584.750000, 0.307162962963
GLN, 6, 31.642, 0.918594, -79550.750000, 0.290562962963
GLU, 8, 24.959, 0.80767, -80375.875000, 0.207940740741
GLY, 9, 25.280, 0.805074, -79350.953125, 0.230159259259
HIS, 11, 29.232, 0.848042, -80362.312500, 0.336788888889
ILE, 5, 27.631, 0.836868, -80212.046875, 0.278788888889
LEU, 7, 30.814, 0.895182, -79915.203125, 0.349325925926
LYS, 6, 26.980, 0.821647, -80634.250000, 0.242707407407
MET, 8, 24.883, 0.828778, -79775.085938, 0.221622222222
PHE, 7, 25.853, 0.825622, -79843.382812, 0.339081481481
PRO, 4, 27.092, 0.843611, -80315.523438, 0.268974074074
SER, 4, 25.068, 0.815372, -79888.625000, 0.234703703704
THR, 6, 26.548, 0.875956, -80001.898438, 0.375159259259
TRP, 7, 28.473, 0.846166, -78302.671875, 0.314955555556
TYR, 13, 26.649, 0.828222, -80393.789062, 0.270355555556
VAL, 2, 26.310, 0.851864, -79673.625000, 0.221659259259
