AMINO ACID, DSSP, SASA, GYRATE, ENERGY, RMSF
ALA, 9, 27.657, 0.851411, -80860.875000, 0.251659259259
ARG, 2, 28.888, 0.871845, -81134.515625, 0.298462962963
ASN, 10, 27.437, 0.843272, -80619.906250, 0.210481481481
ASP, 6, 25.434, 0.813744, -79400.890625, 0.207903703704
CYS, 9, 25.420, 0.838824, -79999.640625, 0.307162962963
GLN, 8, 26.887, 0.880545, -80414.671875, 0.290562962963
GLU, 10, 26.283, 0.812978, -80630.484375, 0.207940740741
GLY, 9, 24.680, 0.806602, -80463.476562, 0.230159259259
HIS, 6, 30.557, 0.883891, -79457.093750, 0.336788888889
ILE, 7, 27.691, 0.832996, -79096.429688, 0.278788888889
LEU, 5, 29.554, 0.920696, -80105.453125, 0.349325925926
LYS, 8, 26.436, 0.812491, -80402.671875, 0.242707407407
MET, 10, 26.253, 0.841373, -80257.000000, 0.221622222222
PHE, 3, 26.407, 0.831949, -80169.562500, 0.339081481481
PRO, 4, 27.214, 0.829445, -80311.437500, 0.268974074074
SER, 2, 24.691, 0.81756, -80620.390625, 0.234703703704
THR, 8, 28.684, 0.907206, -80843.640625, 0.375159259259
TRP, 4, 28.352, 0.859082, -80277.835938, 0.314955555556
TYR, 9, 25.354, 0.816198, -80215.445312, 0.270355555556
VAL, 2, 25.680, 0.844264, -79691.976562, 0.221659259259
