AMINO ACID, DSSP, SASA, GYRATE, ENERGY, RMSF
ALA, 11, 27.262, 0.861711, -81162.609375, 0.251659259259
ARG, 0, 27.809, 0.874993, -81373.898438, 0.298462962963
ASN, 8, 27.430, 0.843948, -80062.648438, 0.210481481481
ASP, 12, 26.540, 0.815548, -79953.304688, 0.207903703704
CYS, 9, 25.976, 0.852891, -80512.000000, 0.307162962963
GLN, 8, 28.260, 0.901393, -80601.570312, 0.290562962963
GLU, 8, 26.600, 0.820896, -79965.734375, 0.207940740741
GLY, 6, 24.771, 0.814493, -80580.585938, 0.230159259259
HIS, 8, 29.930, 0.872793, -80046.117188, 0.336788888889
ILE, 5, 27.123, 0.836065, -79803.960938, 0.278788888889
LEU, 7, 30.133, 0.905162, -80525.156250, 0.349325925926
LYS, 8, 25.668, 0.813848, -80475.718750, 0.242707407407
MET, 10, 25.704, 0.829345, -79939.265625, 0.221622222222
PHE, 9, 27.638, 0.836062, -80195.609375, 0.339081481481
PRO, 4, 27.224, 0.837639, -80231.187500, 0.268974074074
SER, 2, 24.874, 0.813026, -79613.781250, 0.234703703704
THR, 2, 29.127, 0.925553, -79600.148438, 0.375159259259
TRP, 3, 28.260, 0.865477, -80403.429688, 0.314955555556
TYR, 9, 26.754, 0.830221, -79630.421875, 0.270355555556
VAL, 2, 26.194, 0.849474, -80337.640625, 0.221659259259
