AMINO ACID, DSSP, SASA, GYRATE, ENERGY, RMSF
ALA, 10, 27.792, 0.867587, -79437.453125, 0.251659259259
ARG, 0, 26.717, 0.877665, -80188.453125, 0.298462962963
ASN, 12, 27.079, 0.835327, -81112.750000, 0.210481481481
ASP, 9, 25.784, 0.823658, -79669.125000, 0.207903703704
CYS, 7, 25.450, 0.864584, -79947.453125, 0.307162962963
GLN, 6, 27.207, 0.885783, -80456.359375, 0.290562962963
GLU, 10, 25.166, 0.809261, -80963.765625, 0.207940740741
GLY, 7, 24.900, 0.810551, -81150.281250, 0.230159259259
HIS, 10, 29.250, 0.865136, -80311.195312, 0.336788888889
ILE, 5, 27.745, 0.834443, -80569.304688, 0.278788888889
LEU, 5, 27.930, 0.9126, -80462.695312, 0.349325925926
LYS, 4, 26.121, 0.807716, -80995.031250, 0.242707407407
MET, 10, 27.698, 0.832262, -79694.625000, 0.221622222222
PHE, 3, 25.664, 0.838131, -80060.656250, 0.339081481481
PRO, 4, 27.860, 0.844205, -79570.687500, 0.268974074074
SER, 4, 25.276, 0.815809, -80140.687500, 0.234703703704
THR, 4, 30.356, 0.907504, -79950.734375, 0.375159259259
TRP, 3, 27.935, 0.851492, -79994.562500, 0.314955555556
TYR, 7, 27.077, 0.823438, -79141.031250, 0.270355555556
VAL, 2, 27.443, 0.852344, -79738.875000, 0.221659259259
