AMINO ACID, DSSP, SASA, GYRATE, ENERGY, RMSF
ALA, 9, 26.670, 0.850416, -79424.046875, 0.251659259259
ARG, 2, 29.959, 0.885157, -80575.257812, 0.298462962963
ASN, 12, 27.846, 0.838091, -80655.187500, 0.210481481481
ASP, 6, 26.380, 0.816728, -79770.578125, 0.207903703704
CYS, 7, 27.308, 0.852466, -79209.570312, 0.307162962963
GLN, 8, 28.023, 0.889261, -80924.226562, 0.290562962963
GLU, 10, 25.262, 0.810794, -81289.359375, 0.207940740741
GLY, 9, 24.581, 0.811661, -80444.906250, 0.230159259259
HIS, 9, 28.552, 0.850977, -79616.414062, 0.336788888889
ILE, 7, 26.164, 0.830991, -80108.125000, 0.278788888889
LEU, 7, 28.963, 0.90651, -81100.164062, 0.349325925926
LYS, 8, 25.690, 0.814548, -81677.976562, 0.242707407407
MET, 10, 25.933, 0.840413, -80158.171875, 0.221622222222
PHE, 2, 25.297, 0.830771, -80045.523438, 0.339081481481
PRO, 2, 27.463, 0.841102, -80078.406250, 0.268974074074
SER, 4, 25.155, 0.823463, -79731.945312, 0.234703703704
THR, 8, 26.947, 0.872774, -80741.828125, 0.375159259259
TRP, 5, 29.478, 0.854229, -79430.492188, 0.314955555556
TYR, 11, 25.056, 0.801799, -79330.968750, 0.270355555556
VAL, 4, 26.011, 0.835092, -78781.328125, 0.221659259259
