AMINO ACID, DSSP, SASA, GYRATE, ENERGY, RMSF
ALA, 10, 26.623, 0.850536, -79494.921875, 0.251659259259
ARG, 2, 29.928, 0.894069, -81405.359375, 0.298462962963
ASN, 10, 27.240, 0.832965, -80168.679688, 0.210481481481
ASP, 10, 26.082, 0.81375, -79960.335938, 0.207903703704
CYS, 9, 27.755, 0.851707, -79804.187500, 0.307162962963
GLN, 6, 28.126, 0.880723, -80661.031250, 0.290562962963
GLU, 8, 25.318, 0.812331, -80992.843750, 0.207940740741
GLY, 9, 24.170, 0.806834, -80848.960938, 0.230159259259
HIS, 11, 28.920, 0.846548, -79777.375000, 0.336788888889
ILE, 7, 26.468, 0.836945, -79366.867188, 0.278788888889
LEU, 9, 28.469, 0.906348, -81201.640625, 0.349325925926
LYS, 8, 26.909, 0.819484, -80389.265625, 0.242707407407
MET, 10, 27.588, 0.846223, -80516.171875, 0.221622222222
PHE, 0, 26.105, 0.830281, -79884.734375, 0.339081481481
PRO, 4, 27.921, 0.844636, -80580.515625, 0.268974074074
SER, 4, 25.727, 0.839443, -79551.859375, 0.234703703704
THR, 4, 27.444, 0.897957, -79981.257812, 0.375159259259
TRP, 5, 29.025, 0.848097, -81069.757812, 0.314955555556
TYR, 7, 26.498, 0.817728, -80438.679688, 0.270355555556
VAL, 2, 26.549, 0.842501, -80693.906250, 0.221659259259
