AMINO ACID, DSSP, SASA, GYRATE, ENERGY, RMSF
ALA, 7, 26.242, 0.865157, -79720.531250, 0.251659259259
ARG, 0, 27.877, 0.850989, -80723.539062, 0.298462962963
ASN, 6, 29.593, 0.852181, -80678.015625, 0.210481481481
ASP, 6, 27.798, 0.833708, -80688.882812, 0.207903703704
CYS, 7, 25.637, 0.851313, -80309.140625, 0.307162962963
GLN, 8, 28.261, 0.88564, -80514.593750, 0.290562962963
GLU, 8, 25.985, 0.815523, -80440.031250, 0.207940740741
GLY, 11, 25.112, 0.821687, -79957.875000, 0.230159259259
HIS, 11, 27.655, 0.846408, -81710.359375, 0.336788888889
ILE, 7, 26.436, 0.823456, -80579.421875, 0.278788888889
LEU, 7, 30.509, 0.9463, -79657.031250, 0.349325925926
LYS, 8, 25.770, 0.808755, -79499.546875, 0.242707407407
MET, 10, 27.226, 0.837263, -79217.101562, 0.221622222222
PHE, 0, 25.170, 0.820318, -79768.781250, 0.339081481481
PRO, 4, 27.411, 0.855526, -80476.210938, 0.268974074074
SER, 4, 27.107, 0.830236, -80710.296875, 0.234703703704
THR, 2, 27.993, 0.925753, -79623.960938, 0.375159259259
TRP, 7, 28.945, 0.854105, -81150.859375, 0.314955555556
TYR, 7, 27.626, 0.823569, -79921.281250, 0.270355555556
VAL, 2, 26.700, 0.841807, -80744.148438, 0.221659259259
