AMINO ACID, DSSP, SASA, GYRATE, ENERGY, RMSF
ALA, 7, 28.122, 0.851339, -80876.601562, 0.251659259259
ARG, 0, 27.658, 0.873259, -80539.625000, 0.298462962963
ASN, 8, 28.781, 0.85234, -80565.921875, 0.210481481481
ASP, 6, 26.374, 0.827156, -79739.843750, 0.207903703704
CYS, 10, 26.793, 0.861254, -80085.835938, 0.307162962963
GLN, 8, 26.862, 0.878654, -80888.578125, 0.290562962963
GLU, 9, 25.551, 0.815879, -80730.640625, 0.207940740741
GLY, 9, 24.691, 0.811117, -80224.859375, 0.230159259259
HIS, 11, 27.883, 0.84147, -79753.335938, 0.336788888889
ILE, 7, 26.226, 0.836663, -80231.828125, 0.278788888889
LEU, 5, 30.703, 0.930996, -80324.703125, 0.349325925926
LYS, 8, 25.816, 0.807385, -81305.796875, 0.242707407407
MET, 5, 27.149, 0.844676, -80076.882812, 0.221622222222
PHE, 2, 25.826, 0.817465, -80081.843750, 0.339081481481
PRO, 4, 26.772, 0.842456, -81011.601562, 0.268974074074
SER, 2, 26.607, 0.836526, -79759.664062, 0.234703703704
THR, 4, 28.548, 0.914109, -80361.351562, 0.375159259259
TRP, 5, 28.297, 0.854572, -79987.648438, 0.314955555556
TYR, 10, 26.891, 0.826225, -79727.218750, 0.270355555556
VAL, 2, 25.743, 0.834259, -80416.398438, 0.221659259259
