AMINO ACID, DSSP, SASA, GYRATE, ENERGY, RMSF
ALA, 10, 26.496, 0.857554, -79692.421875, 0.251659259259
ARG, 0, 28.436, 0.862234, -80704.765625, 0.298462962963
ASN, 10, 28.362, 0.848425, -81157.218750, 0.210481481481
ASP, 6, 27.504, 0.828155, -80162.500000, 0.207903703704
CYS, 7, 26.889, 0.867786, -80884.804688, 0.307162962963
GLN, 6, 27.887, 0.876036, -80066.367188, 0.290562962963
GLU, 10, 25.703, 0.816318, -81367.328125, 0.207940740741
GLY, 7, 25.841, 0.826851, -80527.289062, 0.230159259259
HIS, 11, 28.025, 0.845323, -80936.718750, 0.336788888889
ILE, 7, 26.091, 0.833, -80500.562500, 0.278788888889
LEU, 5, 30.348, 0.924506, -79797.015625, 0.349325925926
LYS, 8, 25.631, 0.810475, -80008.281250, 0.242707407407
MET, 8, 26.659, 0.850315, -79985.789062, 0.221622222222
PHE, 6, 25.548, 0.827061, -79685.734375, 0.339081481481
PRO, 2, 26.084, 0.842901, -80106.187500, 0.268974074074
SER, 2, 28.191, 0.835958, -81113.335938, 0.234703703704
THR, 8, 28.637, 0.913243, -79774.375000, 0.375159259259
TRP, 5, 27.754, 0.855034, -80495.804688, 0.314955555556
TYR, 7, 28.120, 0.835579, -80225.312500, 0.270355555556
VAL, 2, 25.324, 0.835095, -80557.343750, 0.221659259259
