AMINO ACID, DSSP, SASA, GYRATE, ENERGY, RMSF
ALA, 8, 27.096, 0.855065, -80107.671875, 0.251659259259
ARG, 2, 28.818, 0.866679, -81957.765625, 0.298462962963
ASN, 6, 28.848, 0.857031, -80122.765625, 0.210481481481
ASP, 6, 26.923, 0.824593, -79983.273438, 0.207903703704
CYS, 9, 26.884, 0.853941, -79562.921875, 0.307162962963
GLN, 8, 29.658, 0.881924, -80544.382812, 0.290562962963
GLU, 7, 26.710, 0.826017, -80023.406250, 0.207940740741
GLY, 10, 25.447, 0.822123, -79727.679688, 0.230159259259
HIS, 11, 28.006, 0.841038, -79540.710938, 0.336788888889
ILE, 7, 27.542, 0.839226, -79917.468750, 0.278788888889
LEU, 7, 30.313, 0.920761, -80354.421875, 0.349325925926
LYS, 8, 27.919, 0.829484, -80782.703125, 0.242707407407
MET, 10, 26.612, 0.843907, -80512.898438, 0.221622222222
PHE, 4, 26.822, 0.835068, -80712.718750, 0.339081481481
PRO, 6, 25.953, 0.837611, -80136.328125, 0.268974074074
SER, 2, 26.169, 0.830455, -79832.992188, 0.234703703704
THR, 4, 27.957, 0.909305, -80587.765625, 0.375159259259
TRP, 5, 27.527, 0.844734, -79308.867188, 0.314955555556
TYR, 12, 26.412, 0.81287, -79729.265625, 0.270355555556
VAL, 2, 26.194, 0.842054, -79848.554688, 0.221659259259
