AMINO ACID, DSSP, SASA, GYRATE, ENERGY, RMSF
ALA, 4, 27.057, 0.850042, -79303.164062, 0.251659259259
ARG, 0, 29.216, 0.87481, -80132.828125, 0.298462962963
ASN, 14, 26.928, 0.830339, -80370.695312, 0.210481481481
ASP, 6, 25.699, 0.824041, -80452.656250, 0.207903703704
CYS, 10, 26.458, 0.849404, -80410.968750, 0.307162962963
GLN, 6, 26.232, 0.852686, -79859.531250, 0.290562962963
GLU, 10, 25.515, 0.821176, -80174.609375, 0.207940740741
GLY, 9, 25.576, 0.824031, -80207.632812, 0.230159259259
HIS, 13, 28.813, 0.842037, -80569.796875, 0.336788888889
ILE, 7, 26.300, 0.823638, -78709.007812, 0.278788888889
LEU, 7, 30.876, 0.953602, -80154.156250, 0.349325925926
LYS, 7, 27.796, 0.816717, -80350.804688, 0.242707407407
MET, 10, 26.222, 0.827836, -81269.609375, 0.221622222222
PHE, 4, 24.190, 0.818081, -79674.625000, 0.339081481481
PRO, 4, 27.785, 0.857159, -80074.007812, 0.268974074074
SER, 0, 25.347, 0.808101, -80575.921875, 0.234703703704
THR, 11, 28.588, 0.901797, -80095.328125, 0.375159259259
TRP, 5, 28.869, 0.867145, -79895.171875, 0.314955555556
TYR, 10, 25.965, 0.810722, -79583.554688, 0.270355555556
VAL, 2, 25.275, 0.844589, -80586.273438, 0.221659259259
