AMINO ACID, DSSP, SASA, GYRATE, ENERGY, RMSF
ALA, 9, 27.868, 0.841253, -80878.164062, 0.251659259259
ARG, 2, 28.346, 0.873362, -80562.968750, 0.298462962963
ASN, 10, 26.606, 0.838678, -81029.031250, 0.210481481481
ASP, 8, 27.154, 0.836719, -80250.351562, 0.207903703704
CYS, 7, 27.894, 0.865439, -81155.937500, 0.307162962963
GLN, 4, 25.650, 0.843126, -80243.968750, 0.290562962963
GLU, 8, 24.932, 0.800423, -79320.281250, 0.207940740741
GLY, 9, 25.564, 0.825411, -81397.937500, 0.230159259259
HIS, 11, 27.985, 0.841254, -80020.625000, 0.336788888889
ILE, 7, 25.646, 0.812502, -80986.109375, 0.278788888889
LEU, 5, 29.369, 0.930151, -80157.648438, 0.349325925926
LYS, 2, 27.957, 0.829457, -81282.203125, 0.242707407407
MET, 10, 25.607, 0.840259, -80737.078125, 0.221622222222
PHE, 2, 25.889, 0.816816, -80434.296875, 0.339081481481
PRO, 4, 28.027, 0.849529, -79450.070312, 0.268974074074
SER, 2, 26.050, 0.816024, -80153.742188, 0.234703703704
THR, 4, 27.156, 0.911825, -79685.156250, 0.375159259259
TRP, 8, 29.418, 0.861777, -80396.765625, 0.314955555556
TYR, 10, 25.779, 0.812387, -79385.367188, 0.270355555556
VAL, 4, 26.181, 0.836765, -80583.203125, 0.221659259259
