AMINO ACID, DSSP, SASA, GYRATE, ENERGY, RMSF
ALA, 7, 26.475, 0.839529, -79442.453125, 0.251659259259
ARG, 2, 29.172, 0.866344, -80874.468750, 0.298462962963
ASN, 10, 25.608, 0.835674, -80105.281250, 0.210481481481
ASP, 6, 27.158, 0.828161, -79296.500000, 0.207903703704
CYS, 7, 27.348, 0.853272, -81008.937500, 0.307162962963
GLN, 8, 27.046, 0.85568, -80748.039062, 0.290562962963
GLU, 6, 25.736, 0.810745, -80301.890625, 0.207940740741
GLY, 9, 25.049, 0.822641, -79884.515625, 0.230159259259
HIS, 11, 28.295, 0.845393, -80367.078125, 0.336788888889
ILE, 7, 25.815, 0.812679, -80483.648438, 0.278788888889
LEU, 2, 29.642, 0.931675, -79972.710938, 0.349325925926
LYS, 2, 28.688, 0.834337, -80271.898438, 0.242707407407
MET, 10, 27.493, 0.83754, -80410.414062, 0.221622222222
PHE, 4, 24.955, 0.811781, -79371.375000, 0.339081481481
PRO, 6, 28.236, 0.843973, -80324.945312, 0.268974074074
SER, 4, 25.720, 0.810143, -80993.164062, 0.234703703704
THR, 9, 28.901, 0.921129, -79683.593750, 0.375159259259
TRP, 8, 28.956, 0.860506, -79662.390625, 0.314955555556
TYR, 10, 26.833, 0.818854, -80273.343750, 0.270355555556
VAL, 4, 24.878, 0.841152, -80046.093750, 0.221659259259
