AMINO ACID, DSSP, SASA, GYRATE, ENERGY, RMSF
ALA, 9, 26.640, 0.836816, -80363.835938, 0.251659259259
ARG, 2, 28.352, 0.85372, -81469.679688, 0.298462962963
ASN, 12, 26.858, 0.831339, -81414.031250, 0.210481481481
ASP, 8, 26.956, 0.837093, -80462.601562, 0.207903703704
CYS, 9, 27.752, 0.840538, -80847.437500, 0.307162962963
GLN, 6, 27.077, 0.863888, -80242.257812, 0.290562962963
GLU, 6, 26.149, 0.820931, -79799.453125, 0.207940740741
GLY, 9, 24.860, 0.820245, -80686.953125, 0.230159259259
HIS, 8, 27.224, 0.840135, -81202.984375, 0.336788888889
ILE, 7, 26.812, 0.823709, -80495.453125, 0.278788888889
LEU, 6, 28.541, 0.915188, -80277.476562, 0.349325925926
LYS, 3, 26.670, 0.809694, -79847.359375, 0.242707407407
MET, 10, 25.672, 0.828593, -80946.242188, 0.221622222222
PHE, 2, 25.257, 0.81394, -80644.968750, 0.339081481481
PRO, 4, 25.866, 0.833466, -80701.562500, 0.268974074074
SER, 2, 25.756, 0.811776, -80518.601562, 0.234703703704
THR, 2, 28.469, 0.895614, -79998.156250, 0.375159259259
TRP, 6, 27.791, 0.852213, -79792.898438, 0.314955555556
TYR, 11, 26.353, 0.80819, -79601.203125, 0.270355555556
VAL, 4, 26.688, 0.852413, -79675.078125, 0.221659259259
