AMINO ACID, DSSP, SASA, GYRATE, ENERGY, RMSF
ALA, 9, 25.738, 0.832709, -80493.250000, 0.251659259259
ARG, 3, 27.282, 0.851357, -80472.078125, 0.298462962963
ASN, 10, 26.223, 0.824436, -81002.367188, 0.210481481481
ASP, 8, 26.827, 0.83155, -80100.757812, 0.207903703704
CYS, 9, 26.692, 0.858958, -80464.500000, 0.307162962963
GLN, 8, 26.916, 0.86218, -80650.945312, 0.290562962963
GLU, 7, 26.334, 0.817982, -80193.109375, 0.207940740741
GLY, 9, 24.911, 0.825372, -80077.992188, 0.230159259259
HIS, 9, 26.607, 0.833227, -81368.328125, 0.336788888889
ILE, 9, 26.986, 0.830748, -79585.960938, 0.278788888889
LEU, 7, 29.654, 0.904078, -79726.906250, 0.349325925926
LYS, 4, 27.259, 0.816056, -80072.804688, 0.242707407407
MET, 10, 26.679, 0.833331, -80080.882812, 0.221622222222
PHE, 4, 25.439, 0.82002, -80202.921875, 0.339081481481
PRO, 4, 27.408, 0.832872, -80993.750000, 0.268974074074
SER, 4, 25.423, 0.809043, -80639.562500, 0.234703703704
THR, 4, 28.521, 0.898181, -80544.656250, 0.375159259259
TRP, 5, 28.150, 0.839137, -80106.468750, 0.314955555556
TYR, 14, 25.737, 0.80514, -80429.046875, 0.270355555556
VAL, 4, 26.793, 0.845459, -80327.218750, 0.221659259259
