AMINO ACID, DSSP, SASA, GYRATE, ENERGY, RMSF
ALA, 9, 26.880, 0.8375, -81035.335938, 0.251659259259
ARG, 3, 28.242, 0.854488, -80414.125000, 0.298462962963
ASN, 10, 26.528, 0.823339, -79775.296875, 0.210481481481
ASP, 6, 26.967, 0.829914, -79741.937500, 0.207903703704
CYS, 10, 26.960, 0.846486, -79612.007812, 0.307162962963
GLN, 8, 28.581, 0.880621, -80133.000000, 0.290562962963
GLU, 8, 24.976, 0.808954, -79206.265625, 0.207940740741
GLY, 9, 24.795, 0.826506, -80014.867188, 0.230159259259
HIS, 6, 26.787, 0.844644, -80383.250000, 0.336788888889
ILE, 11, 25.974, 0.82413, -79504.015625, 0.278788888889
LEU, 3, 30.169, 0.939337, -80256.609375, 0.349325925926
LYS, 12, 26.953, 0.813399, -80715.773438, 0.242707407407
MET, 10, 26.807, 0.827554, -80116.265625, 0.221622222222
PHE, 4, 25.067, 0.807364, -80477.671875, 0.339081481481
PRO, 6, 27.566, 0.83537, -79915.562500, 0.268974074074
SER, 2, 25.717, 0.807, -80222.820312, 0.234703703704
THR, 4, 27.787, 0.926347, -80457.335938, 0.375159259259
TRP, 5, 28.328, 0.853039, -80043.296875, 0.314955555556
TYR, 10, 26.176, 0.811876, -80464.132812, 0.270355555556
VAL, 4, 25.761, 0.853732, -80640.234375, 0.221659259259
