AMINO ACID, DSSP, SASA, GYRATE, ENERGY, RMSF
ALA, 9, 26.912, 0.832122, -80005.656250, 0.251659259259
ARG, 3, 27.727, 0.851464, -80869.468750, 0.298462962963
ASN, 13, 25.839, 0.822256, -80114.367188, 0.210481481481
ASP, 8, 27.604, 0.841045, -80522.968750, 0.207903703704
CYS, 12, 27.107, 0.853454, -80020.156250, 0.307162962963
GLN, 8, 27.221, 0.873842, -80578.781250, 0.290562962963
GLU, 9, 24.303, 0.817992, -80249.375000, 0.207940740741
GLY, 9, 24.723, 0.825236, -80232.203125, 0.230159259259
HIS, 4, 26.642, 0.840645, -80163.656250, 0.336788888889
ILE, 7, 27.200, 0.828936, -79627.695312, 0.278788888889
LEU, 2, 30.238, 0.924757, -79845.375000, 0.349325925926
LYS, 8, 26.915, 0.816165, -80343.796875, 0.242707407407
MET, 10, 26.357, 0.839117, -80293.085938, 0.221622222222
PHE, 0, 25.625, 0.818563, -80492.734375, 0.339081481481
PRO, 4, 27.408, 0.835508, -79332.953125, 0.268974074074
SER, 2, 25.315, 0.819268, -80418.445312, 0.234703703704
THR, 4, 28.429, 0.919255, -79903.546875, 0.375159259259
TRP, 5, 28.474, 0.853008, -80380.765625, 0.314955555556
TYR, 11, 26.214, 0.818777, -80586.578125, 0.270355555556
VAL, 4, 26.486, 0.863085, -81270.562500, 0.221659259259
