AMINO ACID, DSSP, SASA, GYRATE, ENERGY, RMSF
ALA, 6, 27.836, 0.858619, -80126.984375, 0.251659259259
ARG, 8, 27.505, 0.848523, -79826.468750, 0.298462962963
ASN, 6, 28.221, 0.839962, -80164.390625, 0.210481481481
ASP, 9, 27.857, 0.829378, -80723.382812, 0.207903703704
CYS, 8, 25.644, 0.848029, -79168.976562, 0.307162962963
GLN, 15, 25.957, 0.837277, -79926.531250, 0.290562962963
GLU, 4, 26.591, 0.833027, -80370.460938, 0.207940740741
GLY, 6, 24.830, 0.840134, -79987.195312, 0.230159259259
HIS, 10, 27.332, 0.853741, -79814.414062, 0.336788888889
ILE, 10, 25.899, 0.817801, -80413.984375, 0.278788888889
LEU, 10, 26.553, 0.811065, -80185.992188, 0.349325925926
LYS, 4, 28.405, 0.839203, -80454.812500, 0.242707407407
MET, 9, 27.076, 0.82586, -79977.476562, 0.221622222222
PHE, 10, 26.231, 0.803757, -79762.843750, 0.339081481481
PRO, 9, 25.175, 0.813794, -80566.414062, 0.268974074074
SER, 12, 25.495, 0.804977, -80216.445312, 0.234703703704
THR, 9, 27.773, 0.831384, -79809.859375, 0.375159259259
TRP, 6, 28.581, 0.839538, -79269.234375, 0.314955555556
TYR, 9, 27.639, 0.86288, -79860.109375, 0.270355555556
VAL, 10, 27.201, 0.834972, -79968.710938, 0.221659259259
