AMINO ACID, DSSP, SASA, GYRATE, ENERGY, RMSF
ALA, 9, 25.993, 0.837192, -80469.710938, 0.251659259259
ARG, 7, 28.280, 0.851138, -80854.906250, 0.298462962963
ASN, 12, 27.338, 0.837397, -81248.546875, 0.210481481481
ASP, 8, 29.416, 0.848499, -80537.242188, 0.207903703704
CYS, 12, 28.308, 0.864052, -80181.859375, 0.307162962963
GLN, 8, 26.251, 0.844351, -81298.468750, 0.290562962963
GLU, 9, 23.852, 0.809568, -80844.859375, 0.207940740741
GLY, 9, 27.118, 0.853021, -79398.992188, 0.230159259259
HIS, 13, 27.715, 0.843189, -80098.343750, 0.336788888889
ILE, 9, 26.957, 0.826033, -79786.218750, 0.278788888889
LEU, 3, 28.429, 0.919026, -79962.718750, 0.349325925926
LYS, 4, 27.621, 0.818646, -80599.359375, 0.242707407407
MET, 10, 25.682, 0.821967, -80358.453125, 0.221622222222
PHE, 4, 26.415, 0.832777, -79747.296875, 0.339081481481
PRO, 4, 28.296, 0.853405, -79314.921875, 0.268974074074
SER, 2, 25.700, 0.818367, -81578.335938, 0.234703703704
THR, 4, 26.642, 0.915947, -79973.257812, 0.375159259259
TRP, 5, 28.267, 0.852599, -80620.312500, 0.314955555556
TYR, 11, 26.463, 0.804636, -80479.593750, 0.270355555556
VAL, 2, 27.446, 0.854373, -79896.625000, 0.221659259259
