AMINO ACID, DSSP, SASA, GYRATE, ENERGY, RMSF
ALA, 9, 24.600, 0.832888, -79528.523438, 0.251659259259
ARG, 7, 28.648, 0.86058, -80768.765625, 0.298462962963
ASN, 8, 28.231, 0.836376, -80591.726562, 0.210481481481
ASP, 10, 29.299, 0.855537, -79711.312500, 0.207903703704
CYS, 12, 25.903, 0.861754, -80568.242188, 0.307162962963
GLN, 6, 26.832, 0.858532, -80901.687500, 0.290562962963
GLU, 11, 22.855, 0.795911, -80779.117188, 0.207940740741
GLY, 9, 27.238, 0.847678, -80369.562500, 0.230159259259
HIS, 13, 28.376, 0.838284, -80785.359375, 0.336788888889
ILE, 11, 25.629, 0.819186, -80182.718750, 0.278788888889
LEU, 5, 29.652, 0.928545, -79230.921875, 0.349325925926
LYS, 6, 27.115, 0.8206, -80354.437500, 0.242707407407
MET, 10, 26.478, 0.827949, -79513.468750, 0.221622222222
PHE, 4, 26.779, 0.825044, -79565.289062, 0.339081481481
PRO, 4, 27.977, 0.855337, -80352.195312, 0.268974074074
SER, 0, 25.341, 0.814277, -79924.250000, 0.234703703704
THR, 4, 26.536, 0.915558, -80319.250000, 0.375159259259
TRP, 5, 28.356, 0.851726, -80493.398438, 0.314955555556
TYR, 10, 25.756, 0.810346, -79084.843750, 0.270355555556
VAL, 4, 26.439, 0.840654, -79371.750000, 0.221659259259
