AMINO ACID, DSSP, SASA, GYRATE, ENERGY, RMSF
ALA, 2, 29.283, 0.873315, -79666.687500, 0.251659259259
ARG, 10, 28.781, 0.841752, -80074.054688, 0.298462962963
ASN, 4, 26.666, 0.83162, -80719.921875, 0.210481481481
ASP, 9, 25.908, 0.808605, -80317.070312, 0.207903703704
CYS, 8, 27.685, 0.860009, -80155.671875, 0.307162962963
GLN, 12, 26.140, 0.834749, -80499.992188, 0.290562962963
GLU, 6, 27.041, 0.832635, -79894.945312, 0.207940740741
GLY, 4, 25.589, 0.834898, -80174.234375, 0.230159259259
HIS, 10, 26.771, 0.830974, -80523.218750, 0.336788888889
ILE, 6, 26.291, 0.835088, -79185.554688, 0.278788888889
LEU, 10, 25.884, 0.807115, -80471.375000, 0.349325925926
LYS, 5, 28.112, 0.844596, -80991.570312, 0.242707407407
MET, 7, 27.755, 0.826746, -80047.835938, 0.221622222222
PHE, 7, 25.644, 0.799654, -80769.281250, 0.339081481481
PRO, 8, 25.589, 0.824403, -79948.976562, 0.268974074074
SER, 10, 25.708, 0.806537, -81231.234375, 0.234703703704
THR, 13, 26.668, 0.812537, -79959.398438, 0.375159259259
TRP, 6, 28.641, 0.854865, -80128.265625, 0.314955555556
TYR, 9, 28.317, 0.870943, -79976.015625, 0.270355555556
VAL, 8, 28.566, 0.83761, -79595.531250, 0.221659259259
