AMINO ACID, DSSP, SASA, GYRATE, ENERGY, RMSF
ALA, 7, 27.844, 0.851926, -80275.953125, 0.251659259259
ARG, 5, 27.551, 0.838229, -80956.023438, 0.298462962963
ASN, 8, 26.490, 0.829593, -81325.429688, 0.210481481481
ASP, 8, 27.943, 0.846282, -79622.117188, 0.207903703704
CYS, 15, 25.157, 0.829696, -79800.445312, 0.307162962963
GLN, 6, 26.595, 0.855169, -80011.656250, 0.290562962963
GLU, 7, 24.395, 0.809578, -79972.164062, 0.207940740741
GLY, 9, 26.093, 0.820377, -79803.750000, 0.230159259259
HIS, 13, 26.395, 0.833324, -80904.140625, 0.336788888889
ILE, 9, 26.376, 0.836178, -80703.703125, 0.278788888889
LEU, 7, 28.546, 0.939782, -80313.375000, 0.349325925926
LYS, 10, 26.637, 0.802943, -81102.125000, 0.242707407407
MET, 10, 26.186, 0.838537, -79705.156250, 0.221622222222
PHE, 2, 26.466, 0.840394, -79843.789062, 0.339081481481
PRO, 6, 28.414, 0.846534, -79671.906250, 0.268974074074
SER, 4, 25.628, 0.817914, -81472.289062, 0.234703703704
THR, 4, 28.328, 0.931868, -80776.093750, 0.375159259259
TRP, 5, 27.780, 0.837455, -80893.125000, 0.314955555556
TYR, 8, 26.633, 0.8147, -80025.531250, 0.270355555556
VAL, 4, 28.327, 0.866719, -80578.750000, 0.221659259259
