AMINO ACID, DSSP, SASA, GYRATE, ENERGY, RMSF
ALA, 8, 26.290, 0.839301, -80158.210938, 0.251659259259
ARG, 8, 28.066, 0.843114, -80004.468750, 0.298462962963
ASN, 10, 27.128, 0.81729, -80224.554688, 0.210481481481
ASP, 10, 25.273, 0.800888, -79743.742188, 0.207903703704
CYS, 11, 29.839, 0.874283, -79751.265625, 0.307162962963
GLN, 10, 25.481, 0.812355, -80935.226562, 0.290562962963
GLU, 6, 27.375, 0.84887, -80409.531250, 0.207940740741
GLY, 8, 26.793, 0.831114, -80283.843750, 0.230159259259
HIS, 12, 29.210, 0.861792, -79864.781250, 0.336788888889
ILE, 6, 27.254, 0.835649, -80458.968750, 0.278788888889
LEU, 12, 26.590, 0.817013, -80495.500000, 0.349325925926
LYS, 10, 26.114, 0.804304, -80580.367188, 0.242707407407
MET, 9, 28.482, 0.847854, -79513.203125, 0.221622222222
PHE, 8, 27.176, 0.826766, -79846.062500, 0.339081481481
PRO, 9, 27.122, 0.828691, -80002.859375, 0.268974074074
SER, 8, 28.051, 0.828528, -80010.492188, 0.234703703704
THR, 6, 24.928, 0.809448, -79342.328125, 0.375159259259
TRP, 8, 28.488, 0.836323, -79276.343750, 0.314955555556
TYR, 7, 27.200, 0.85269, -80012.250000, 0.270355555556
VAL, 6, 24.151, 0.803803, -80587.390625, 0.221659259259
