AMINO ACID, DSSP, SASA, GYRATE, ENERGY, RMSF
ALA, 9, 27.862, 0.842735, -79704.531250, 0.251659259259
ARG, 3, 26.403, 0.840581, -81034.789062, 0.298462962963
ASN, 12, 25.285, 0.819959, -79831.328125, 0.210481481481
ASP, 10, 27.980, 0.832533, -80203.984375, 0.207903703704
CYS, 12, 27.380, 0.850463, -80137.382812, 0.307162962963
GLN, 4, 26.004, 0.85798, -80034.242188, 0.290562962963
GLU, 10, 24.848, 0.805651, -80934.453125, 0.207940740741
GLY, 9, 25.655, 0.811067, -80607.273438, 0.230159259259
HIS, 9, 28.411, 0.854991, -79830.734375, 0.336788888889
ILE, 9, 27.985, 0.84289, -80451.125000, 0.278788888889
LEU, 7, 28.422, 0.937903, -80773.718750, 0.349325925926
LYS, 8, 28.464, 0.811222, -81317.250000, 0.242707407407
MET, 10, 26.964, 0.830864, -79574.546875, 0.221622222222
PHE, 4, 25.012, 0.816218, -80089.742188, 0.339081481481
PRO, 6, 28.016, 0.841875, -80732.625000, 0.268974074074
SER, 6, 25.183, 0.795995, -80003.328125, 0.234703703704
THR, 4, 28.099, 0.934644, -79815.234375, 0.375159259259
TRP, 2, 27.947, 0.866332, -79670.625000, 0.314955555556
TYR, 10, 26.383, 0.814431, -80054.320312, 0.270355555556
VAL, 4, 28.109, 0.873466, -81519.531250, 0.221659259259
