AMINO ACID, DSSP, SASA, GYRATE, ENERGY, RMSF
ALA, 7, 27.659, 0.844517, -80666.234375, 0.251659259259
ARG, 3, 26.093, 0.852309, -80250.195312, 0.298462962963
ASN, 8, 26.161, 0.823323, -81143.828125, 0.210481481481
ASP, 13, 28.593, 0.843268, -80093.585938, 0.207903703704
CYS, 12, 26.918, 0.859775, -79350.101562, 0.307162962963
GLN, 8, 28.317, 0.863961, -80280.492188, 0.290562962963
GLU, 12, 25.296, 0.819985, -79903.085938, 0.207940740741
GLY, 6, 27.031, 0.820655, -80882.125000, 0.230159259259
HIS, 11, 26.807, 0.841469, -80491.414062, 0.336788888889
ILE, 7, 27.081, 0.828508, -80503.593750, 0.278788888889
LEU, 2, 28.987, 0.916779, -80250.125000, 0.349325925926
LYS, 10, 27.400, 0.809736, -81058.062500, 0.242707407407
MET, 10, 27.142, 0.836016, -79860.085938, 0.221622222222
PHE, 6, 25.745, 0.807472, -80200.007812, 0.339081481481
PRO, 4, 27.456, 0.840658, -80133.179688, 0.268974074074
SER, 4, 26.232, 0.827225, -80283.523438, 0.234703703704
THR, 6, 28.024, 0.912629, -80392.484375, 0.375159259259
TRP, 4, 29.347, 0.859019, -79661.570312, 0.314955555556
TYR, 10, 26.473, 0.82409, -79669.281250, 0.270355555556
VAL, 4, 26.081, 0.878512, -80472.945312, 0.221659259259
