AMINO ACID, DSSP, SASA, GYRATE, ENERGY, RMSF
ALA, 9, 27.189, 0.851458, -80266.109375, 0.251659259259
ARG, 5, 26.672, 0.843382, -81144.570312, 0.298462962963
ASN, 11, 25.802, 0.82586, -80295.257812, 0.210481481481
ASP, 10, 28.876, 0.850558, -80102.093750, 0.207903703704
CYS, 9, 27.286, 0.849306, -79999.578125, 0.307162962963
GLN, 8, 27.491, 0.859083, -80605.796875, 0.290562962963
GLU, 9, 25.464, 0.816837, -80049.085938, 0.207940740741
GLY, 9, 25.550, 0.799945, -80857.843750, 0.230159259259
HIS, 6, 25.229, 0.81533, -80428.078125, 0.336788888889
ILE, 7, 25.366, 0.824416, -80786.687500, 0.278788888889
LEU, 5, 28.485, 0.905099, -80511.125000, 0.349325925926
LYS, 4, 27.866, 0.831145, -80184.593750, 0.242707407407
MET, 10, 27.045, 0.83442, -79868.632812, 0.221622222222
PHE, 8, 25.628, 0.817301, -79946.328125, 0.339081481481
PRO, 6, 25.873, 0.82702, -79967.625000, 0.268974074074
SER, 2, 25.533, 0.828009, -79871.531250, 0.234703703704
THR, 6, 28.793, 0.940891, -80902.140625, 0.375159259259
TRP, 2, 28.127, 0.855545, -80447.796875, 0.314955555556
TYR, 11, 27.457, 0.82744, -81308.437500, 0.270355555556
VAL, 6, 26.630, 0.851311, -80513.234375, 0.221659259259
