AMINO ACID, DSSP, SASA, GYRATE, ENERGY, RMSF
ALA, 7, 27.851, 0.851697, -79933.468750, 0.251659259259
ARG, 3, 28.148, 0.847995, -81545.187500, 0.298462962963
ASN, 8, 26.478, 0.841597, -80374.218750, 0.210481481481
ASP, 4, 28.063, 0.843147, -79876.937500, 0.207903703704
CYS, 9, 26.568, 0.844902, -80407.414062, 0.307162962963
GLN, 8, 27.144, 0.8692, -79556.570312, 0.290562962963
GLU, 11, 24.443, 0.805505, -80110.804688, 0.207940740741
GLY, 9, 24.349, 0.798506, -81592.734375, 0.230159259259
HIS, 6, 28.890, 0.859193, -80020.101562, 0.336788888889
ILE, 7, 26.304, 0.823213, -79059.898438, 0.278788888889
LEU, 10, 27.659, 0.928265, -79247.812500, 0.349325925926
LYS, 8, 24.368, 0.807032, -81386.539062, 0.242707407407
MET, 10, 25.999, 0.830212, -79618.476562, 0.221622222222
PHE, 4, 25.426, 0.808901, -79438.460938, 0.339081481481
PRO, 4, 27.064, 0.838289, -80519.648438, 0.268974074074
SER, 2, 24.370, 0.809585, -79979.570312, 0.234703703704
THR, 11, 28.154, 0.92815, -80738.312500, 0.375159259259
TRP, 4, 28.516, 0.844654, -80121.671875, 0.314955555556
TYR, 10, 27.559, 0.826561, -80405.507812, 0.270355555556
VAL, 2, 26.710, 0.857172, -80412.640625, 0.221659259259
