AMINO ACID, DSSP, SASA, GYRATE, ENERGY, RMSF
ALA, 9, 27.625, 0.848611, -80362.460938, 0.251659259259
ARG, 5, 27.511, 0.848695, -80976.250000, 0.298462962963
ASN, 12, 27.113, 0.833096, -80249.812500, 0.210481481481
ASP, 6, 27.084, 0.843028, -79263.187500, 0.207903703704
CYS, 10, 26.265, 0.837769, -79906.070312, 0.307162962963
GLN, 6, 27.245, 0.871732, -80059.890625, 0.290562962963
GLU, 6, 25.380, 0.818343, -80105.390625, 0.207940740741
GLY, 9, 24.989, 0.805018, -80487.679688, 0.230159259259
HIS, 8, 29.395, 0.855083, -79438.164062, 0.336788888889
ILE, 7, 26.197, 0.824993, -79752.945312, 0.278788888889
LEU, 12, 29.088, 0.935549, -80508.734375, 0.349325925926
LYS, 4, 27.035, 0.825794, -81469.304688, 0.242707407407
MET, 10, 26.703, 0.835292, -79150.601562, 0.221622222222
PHE, 6, 25.865, 0.801183, -79932.812500, 0.339081481481
PRO, 4, 26.056, 0.839536, -80021.468750, 0.268974074074
SER, 2, 25.418, 0.819793, -80753.984375, 0.234703703704
THR, 6, 28.002, 0.938117, -79751.812500, 0.375159259259
TRP, 4, 28.233, 0.841334, -79967.671875, 0.314955555556
TYR, 12, 28.521, 0.824589, -80631.031250, 0.270355555556
VAL, 2, 26.791, 0.861486, -80639.140625, 0.221659259259
