AMINO ACID, DSSP, SASA, GYRATE, ENERGY, RMSF
ALA, 6, 25.262, 0.833199, -79334.117188, 0.251659259259
ARG, 5, 27.714, 0.850421, -80138.539062, 0.298462962963
ASN, 11, 26.406, 0.815826, -80559.953125, 0.210481481481
ASP, 10, 28.714, 0.838263, -79850.343750, 0.207903703704
CYS, 5, 26.444, 0.843036, -80252.257812, 0.307162962963
GLN, 8, 27.373, 0.869906, -80749.351562, 0.290562962963
GLU, 7, 25.333, 0.810304, -81077.851562, 0.207940740741
GLY, 11, 23.599, 0.79213, -81154.976562, 0.230159259259
HIS, 10, 26.150, 0.829305, -79845.812500, 0.336788888889
ILE, 7, 26.541, 0.843619, -80553.539062, 0.278788888889
LEU, 4, 30.386, 0.94048, -80115.273438, 0.349325925926
LYS, 6, 27.926, 0.820858, -80557.898438, 0.242707407407
MET, 10, 27.334, 0.845811, -80503.937500, 0.221622222222
PHE, 4, 26.992, 0.825883, -80311.632812, 0.339081481481
PRO, 4, 27.897, 0.86939, -79828.937500, 0.268974074074
SER, 2, 26.586, 0.814208, -79718.406250, 0.234703703704
THR, 4, 28.616, 0.94093, -80400.679688, 0.375159259259
TRP, 2, 27.726, 0.84496, -79646.015625, 0.314955555556
TYR, 12, 26.548, 0.811589, -80215.164062, 0.270355555556
VAL, 2, 26.934, 0.856322, -79660.343750, 0.221659259259
