AMINO ACID, DSSP, SASA, GYRATE, ENERGY, RMSF
ALA, 8, 26.989, 0.829093, -80416.390625, 0.251659259259
ARG, 2, 26.772, 0.847372, -80002.218750, 0.298462962963
ASN, 10, 27.422, 0.821452, -79662.859375, 0.210481481481
ASP, 12, 26.674, 0.834404, -79633.390625, 0.207903703704
CYS, 13, 25.300, 0.835482, -80700.031250, 0.307162962963
GLN, 8, 26.689, 0.856348, -80191.882812, 0.290562962963
GLU, 6, 26.093, 0.8239, -80201.625000, 0.207940740741
GLY, 9, 24.750, 0.811493, -80601.335938, 0.230159259259
HIS, 10, 25.613, 0.814418, -80265.015625, 0.336788888889
ILE, 11, 28.088, 0.832176, -79803.281250, 0.278788888889
LEU, 4, 30.117, 0.922648, -79768.796875, 0.349325925926
LYS, 9, 26.317, 0.818109, -80765.296875, 0.242707407407
MET, 11, 26.284, 0.839467, -80376.179688, 0.221622222222
PHE, 5, 25.858, 0.819038, -80831.992188, 0.339081481481
PRO, 4, 28.516, 0.857433, -81061.406250, 0.268974074074
SER, 2, 25.501, 0.819696, -80321.093750, 0.234703703704
THR, 4, 28.591, 0.929133, -79937.984375, 0.375159259259
TRP, 4, 27.845, 0.856787, -80569.203125, 0.314955555556
TYR, 11, 25.431, 0.803219, -80515.398438, 0.270355555556
VAL, 2, 25.915, 0.839487, -80608.031250, 0.221659259259
