AMINO ACID, DSSP, SASA, GYRATE, ENERGY, RMSF
ALA, 6, 27.888, 0.847687, -79905.156250, 0.251659259259
ARG, 6, 28.635, 0.838617, -80195.484375, 0.298462962963
ASN, 6, 27.611, 0.836432, -80018.031250, 0.210481481481
ASP, 9, 26.757, 0.824465, -80476.953125, 0.207903703704
CYS, 6, 27.066, 0.863595, -79956.171875, 0.307162962963
GLN, 12, 25.503, 0.834957, -80765.859375, 0.290562962963
GLU, 8, 27.176, 0.836496, -81071.632812, 0.207940740741
GLY, 9, 25.528, 0.828226, -80275.398438, 0.230159259259
HIS, 12, 27.697, 0.859129, -81190.015625, 0.336788888889
ILE, 8, 25.528, 0.832362, -80467.039062, 0.278788888889
LEU, 10, 24.884, 0.79068, -80293.257812, 0.349325925926
LYS, 5, 27.608, 0.856432, -79719.351562, 0.242707407407
MET, 5, 27.410, 0.833157, -80220.296875, 0.221622222222
PHE, 10, 26.810, 0.804237, -79519.734375, 0.339081481481
PRO, 6, 26.398, 0.831061, -80672.664062, 0.268974074074
SER, 8, 24.725, 0.804687, -79424.476562, 0.234703703704
THR, 8, 27.533, 0.830296, -79039.453125, 0.375159259259
TRP, 4, 28.716, 0.852411, -79265.515625, 0.314955555556
TYR, 10, 26.585, 0.858343, -80807.906250, 0.270355555556
VAL, 4, 27.594, 0.840287, -79849.625000, 0.221659259259
