AMINO ACID, DSSP, SASA, GYRATE, ENERGY, RMSF
ALA, 4, 27.230, 0.843824, -81191.156250, 0.251659259259
ARG, 3, 28.092, 0.854443, -81541.484375, 0.298462962963
ASN, 13, 26.067, 0.818168, -81262.460938, 0.210481481481
ASP, 8, 26.648, 0.841035, -80764.031250, 0.207903703704
CYS, 7, 26.110, 0.847424, -80233.234375, 0.307162962963
GLN, 6, 28.137, 0.868076, -80507.226562, 0.290562962963
GLU, 10, 24.787, 0.813407, -80080.476562, 0.207940740741
GLY, 9, 25.498, 0.811247, -79409.875000, 0.230159259259
HIS, 8, 28.466, 0.836195, -79502.125000, 0.336788888889
ILE, 5, 27.622, 0.836135, -80383.875000, 0.278788888889
LEU, 6, 30.333, 0.94528, -80331.664062, 0.349325925926
LYS, 6, 28.195, 0.819575, -80983.765625, 0.242707407407
MET, 10, 26.538, 0.836232, -79193.468750, 0.221622222222
PHE, 4, 25.813, 0.813289, -79683.359375, 0.339081481481
PRO, 6, 27.387, 0.852584, -80114.578125, 0.268974074074
SER, 2, 25.529, 0.817834, -80969.781250, 0.234703703704
THR, 4, 28.973, 0.924834, -80999.492188, 0.375159259259
TRP, 4, 27.634, 0.856278, -80046.148438, 0.314955555556
TYR, 10, 26.785, 0.822425, -80633.757812, 0.270355555556
VAL, 2, 26.431, 0.836479, -79750.343750, 0.221659259259
