AMINO ACID, DSSP, SASA, GYRATE, ENERGY, RMSF
ALA, 2, 27.239, 0.84642, -79909.531250, 0.251659259259
ARG, 7, 26.955, 0.851955, -80913.375000, 0.298462962963
ASN, 8, 26.650, 0.811599, -79841.609375, 0.210481481481
ASP, 10, 26.510, 0.829502, -80288.312500, 0.207903703704
CYS, 12, 24.483, 0.823194, -80218.187500, 0.307162962963
GLN, 8, 26.080, 0.831215, -80348.625000, 0.290562962963
GLU, 10, 25.358, 0.808728, -79520.406250, 0.207940740741
GLY, 9, 24.721, 0.807203, -79904.257812, 0.230159259259
HIS, 8, 27.893, 0.853767, -80492.132812, 0.336788888889
ILE, 7, 26.067, 0.829239, -80502.765625, 0.278788888889
LEU, 4, 32.035, 0.951391, -79933.796875, 0.349325925926
LYS, 7, 27.336, 0.823076, -81035.882812, 0.242707407407
MET, 10, 26.334, 0.830503, -79972.531250, 0.221622222222
PHE, 6, 24.709, 0.80002, -79458.453125, 0.339081481481
PRO, 4, 27.224, 0.863047, -80344.765625, 0.268974074074
SER, 4, 25.833, 0.814753, -79487.531250, 0.234703703704
THR, 4, 29.422, 0.959534, -80446.609375, 0.375159259259
TRP, 4, 26.812, 0.83512, -80312.140625, 0.314955555556
TYR, 10, 25.770, 0.81495, -79911.500000, 0.270355555556
VAL, 2, 25.863, 0.84246, -79640.820312, 0.221659259259
