AMINO ACID, DSSP, SASA, GYRATE, ENERGY, RMSF
ALA, 7, 26.543, 0.822279, -80174.328125, 0.251659259259
ARG, 2, 27.001, 0.851907, -81334.093750, 0.298462962963
ASN, 10, 25.174, 0.812732, -80889.140625, 0.210481481481
ASP, 10, 26.879, 0.830705, -80465.796875, 0.207903703704
CYS, 12, 24.930, 0.836947, -80848.796875, 0.307162962963
GLN, 10, 25.918, 0.850876, -81419.093750, 0.290562962963
GLU, 7, 24.485, 0.798878, -80715.726562, 0.207940740741
GLY, 9, 25.381, 0.802717, -80135.796875, 0.230159259259
HIS, 12, 28.542, 0.844368, -79651.156250, 0.336788888889
ILE, 7, 26.054, 0.838267, -80997.468750, 0.278788888889
LEU, 12, 29.206, 0.945326, -80157.843750, 0.349325925926
LYS, 13, 26.559, 0.80996, -79490.335938, 0.242707407407
MET, 8, 27.599, 0.839842, -79995.375000, 0.221622222222
PHE, 8, 24.612, 0.806896, -79576.421875, 0.339081481481
PRO, 2, 28.469, 0.849781, -80825.187500, 0.268974074074
SER, 2, 25.083, 0.816675, -79593.828125, 0.234703703704
THR, 6, 30.137, 0.973855, -80999.210938, 0.375159259259
TRP, 4, 28.460, 0.840181, -79836.312500, 0.314955555556
TYR, 8, 27.045, 0.814534, -79348.812500, 0.270355555556
VAL, 2, 26.057, 0.852573, -79279.281250, 0.221659259259
