AMINO ACID, DSSP, SASA, GYRATE, ENERGY, RMSF
ALA, 4, 26.427, 0.822645, -80166.437500, 0.251659259259
ARG, 0, 28.931, 0.876207, -80988.523438, 0.298462962963
ASN, 10, 25.562, 0.807751, -79847.195312, 0.210481481481
ASP, 10, 27.890, 0.837534, -79601.710938, 0.207903703704
CYS, 13, 26.383, 0.852539, -79895.359375, 0.307162962963
GLN, 10, 25.707, 0.840039, -80109.093750, 0.290562962963
GLU, 9, 25.863, 0.811212, -80547.882812, 0.207940740741
GLY, 6, 24.683, 0.810373, -80007.148438, 0.230159259259
HIS, 12, 28.851, 0.863678, -80524.851562, 0.336788888889
ILE, 7, 25.490, 0.825159, -79759.796875, 0.278788888889
LEU, 6, 29.913, 0.956405, -80155.328125, 0.349325925926
LYS, 8, 26.807, 0.825206, -80767.070312, 0.242707407407
MET, 10, 25.882, 0.829406, -80463.343750, 0.221622222222
PHE, 8, 24.443, 0.799715, -79558.718750, 0.339081481481
PRO, 2, 28.920, 0.864847, -79607.476562, 0.268974074074
SER, 4, 25.101, 0.824977, -81470.468750, 0.234703703704
THR, 4, 28.206, 0.941105, -80635.703125, 0.375159259259
TRP, 2, 28.460, 0.849287, -80695.843750, 0.314955555556
TYR, 10, 27.348, 0.816937, -80475.171875, 0.270355555556
VAL, 2, 26.959, 0.851306, -79650.937500, 0.221659259259
