AMINO ACID, DSSP, SASA, GYRATE, ENERGY, RMSF
ALA, 4, 27.607, 0.829712, -79765.125000, 0.251659259259
ARG, 0, 29.788, 0.87801, -80513.171875, 0.298462962963
ASN, 12, 27.227, 0.81345, -80480.640625, 0.210481481481
ASP, 8, 29.158, 0.860533, -81139.796875, 0.207903703704
CYS, 7, 26.757, 0.857677, -79757.937500, 0.307162962963
GLN, 6, 26.523, 0.8607, -80258.281250, 0.290562962963
GLU, 10, 26.414, 0.818612, -80281.609375, 0.207940740741
GLY, 6, 25.449, 0.805312, -80870.750000, 0.230159259259
HIS, 8, 28.235, 0.872211, -80166.656250, 0.336788888889
ILE, 5, 27.168, 0.829215, -80896.867188, 0.278788888889
LEU, 5, 28.651, 0.913742, -79843.132812, 0.349325925926
LYS, 9, 25.948, 0.811904, -79577.703125, 0.242707407407
MET, 7, 24.627, 0.823105, -80198.617188, 0.221622222222
PHE, 10, 24.508, 0.80859, -80606.171875, 0.339081481481
PRO, 6, 26.559, 0.848492, -79914.054688, 0.268974074074
SER, 4, 26.217, 0.815862, -79910.828125, 0.234703703704
THR, 6, 27.826, 0.921456, -80222.765625, 0.375159259259
TRP, 4, 27.453, 0.852352, -79930.148438, 0.314955555556
TYR, 8, 25.792, 0.809242, -79843.234375, 0.270355555556
VAL, 2, 25.507, 0.84266, -80046.007812, 0.221659259259
