AMINO ACID, DSSP, SASA, GYRATE, ENERGY, RMSF
ALA, 6, 26.558, 0.826353, -79709.898438, 0.251659259259
ARG, 2, 28.741, 0.870361, -81452.351562, 0.298462962963
ASN, 12, 27.980, 0.828997, -79810.554688, 0.210481481481
ASP, 10, 28.961, 0.847596, -79718.203125, 0.207903703704
CYS, 15, 26.173, 0.850647, -80490.179688, 0.307162962963
GLN, 4, 26.546, 0.861769, -80194.593750, 0.290562962963
GLU, 8, 24.892, 0.801474, -80835.476562, 0.207940740741
GLY, 7, 23.456, 0.79219, -80417.531250, 0.230159259259
HIS, 10, 28.151, 0.870718, -80350.671875, 0.336788888889
ILE, 7, 26.864, 0.844211, -80895.953125, 0.278788888889
LEU, 5, 29.662, 0.903826, -80493.390625, 0.349325925926
LYS, 10, 25.598, 0.816716, -80681.578125, 0.242707407407
MET, 10, 24.948, 0.816819, -80024.867188, 0.221622222222
PHE, 10, 24.248, 0.800794, -78944.851562, 0.339081481481
PRO, 6, 27.425, 0.846383, -80870.570312, 0.268974074074
SER, 2, 26.179, 0.824696, -80641.773438, 0.234703703704
THR, 6, 28.137, 0.938977, -80997.203125, 0.375159259259
TRP, 4, 27.591, 0.854233, -79993.562500, 0.314955555556
TYR, 8, 25.963, 0.804989, -80205.140625, 0.270355555556
VAL, 2, 25.638, 0.846211, -80132.562500, 0.221659259259
