AMINO ACID, DSSP, SASA, GYRATE, ENERGY, RMSF
ALA, 4, 27.278, 0.828371, -81018.898438, 0.251659259259
ARG, 0, 28.184, 0.864626, -80388.953125, 0.298462962963
ASN, 10, 25.209, 0.825652, -79626.000000, 0.210481481481
ASP, 6, 30.541, 0.847524, -80656.687500, 0.207903703704
CYS, 7, 26.681, 0.860185, -80692.289062, 0.307162962963
GLN, 6, 25.378, 0.859007, -79588.687500, 0.290562962963
GLU, 8, 25.367, 0.819646, -80339.351562, 0.207940740741
GLY, 8, 26.226, 0.792936, -79943.968750, 0.230159259259
HIS, 12, 28.450, 0.864751, -80963.125000, 0.336788888889
ILE, 7, 26.246, 0.834182, -80539.429688, 0.278788888889
LEU, 5, 30.746, 0.935427, -79241.515625, 0.349325925926
LYS, 9, 26.416, 0.81923, -80051.804688, 0.242707407407
MET, 10, 26.853, 0.834472, -80958.281250, 0.221622222222
PHE, 8, 25.394, 0.814916, -80512.484375, 0.339081481481
PRO, 4, 27.144, 0.855078, -81008.640625, 0.268974074074
SER, 4, 25.997, 0.815982, -80500.015625, 0.234703703704
THR, 8, 29.278, 0.968043, -80298.601562, 0.375159259259
TRP, 4, 28.161, 0.850424, -80229.218750, 0.314955555556
TYR, 8, 26.306, 0.814811, -79922.625000, 0.270355555556
VAL, 2, 25.754, 0.833664, -80219.585938, 0.221659259259
