AMINO ACID, DSSP, SASA, GYRATE, ENERGY, RMSF
ALA, 6, 26.506, 0.831474, -79665.648438, 0.251659259259
ARG, 0, 27.156, 0.859151, -81600.179688, 0.298462962963
ASN, 8, 27.601, 0.829554, -79539.203125, 0.210481481481
ASP, 10, 26.574, 0.842458, -80324.750000, 0.207903703704
CYS, 10, 25.389, 0.866487, -80389.015625, 0.307162962963
GLN, 6, 25.801, 0.864561, -80840.039062, 0.290562962963
GLU, 9, 25.537, 0.81843, -79793.953125, 0.207940740741
GLY, 8, 26.380, 0.82252, -79963.585938, 0.230159259259
HIS, 12, 27.141, 0.861727, -79708.398438, 0.336788888889
ILE, 7, 27.383, 0.829142, -80383.687500, 0.278788888889
LEU, 7, 28.428, 0.907288, -80054.062500, 0.349325925926
LYS, 9, 27.416, 0.823654, -81631.617188, 0.242707407407
MET, 10, 26.041, 0.838317, -79978.859375, 0.221622222222
PHE, 9, 25.348, 0.819863, -79713.718750, 0.339081481481
PRO, 4, 27.954, 0.861221, -79464.703125, 0.268974074074
SER, 4, 25.457, 0.814816, -80823.375000, 0.234703703704
THR, 4, 28.595, 0.977827, -80752.226562, 0.375159259259
TRP, 4, 28.031, 0.851102, -80514.296875, 0.314955555556
TYR, 10, 27.345, 0.828442, -81155.914062, 0.270355555556
VAL, 4, 25.735, 0.841642, -79722.812500, 0.221659259259
