AMINO ACID, DSSP, SASA, GYRATE, ENERGY, RMSF
ALA, 4, 27.112, 0.836882, -79677.625000, 0.251659259259
ARG, 0, 29.114, 0.857659, -81305.687500, 0.298462962963
ASN, 10, 27.169, 0.829449, -80232.906250, 0.210481481481
ASP, 10, 28.928, 0.834624, -79736.718750, 0.207903703704
CYS, 7, 26.980, 0.867283, -79997.656250, 0.307162962963
GLN, 6, 26.916, 0.873186, -79666.015625, 0.290562962963
GLU, 9, 25.409, 0.818341, -80328.328125, 0.207940740741
GLY, 6, 24.997, 0.802845, -79714.070312, 0.230159259259
HIS, 6, 28.143, 0.86376, -80296.781250, 0.336788888889
ILE, 7, 25.980, 0.82243, -79668.718750, 0.278788888889
LEU, 7, 28.616, 0.93154, -80835.296875, 0.349325925926
LYS, 11, 26.071, 0.806614, -80784.960938, 0.242707407407
MET, 10, 26.094, 0.830924, -80256.687500, 0.221622222222
PHE, 8, 24.281, 0.807842, -79840.203125, 0.339081481481
PRO, 4, 26.742, 0.84788, -78881.992188, 0.268974074074
SER, 2, 25.992, 0.824165, -80209.101562, 0.234703703704
THR, 8, 29.711, 0.968455, -80138.765625, 0.375159259259
TRP, 2, 29.170, 0.854065, -80235.242188, 0.314955555556
TYR, 11, 27.994, 0.825101, -80575.437500, 0.270355555556
VAL, 4, 26.128, 0.853002, -79854.671875, 0.221659259259
