AMINO ACID, DSSP, SASA, GYRATE, ENERGY, RMSF
ALA, 6, 26.969, 0.837491, -80859.093750, 0.251659259259
ARG, 0, 28.186, 0.869634, -80669.703125, 0.298462962963
ASN, 12, 27.393, 0.833329, -80030.656250, 0.210481481481
ASP, 8, 28.662, 0.850552, -79951.546875, 0.207903703704
CYS, 9, 26.736, 0.873544, -79994.781250, 0.307162962963
GLN, 2, 26.011, 0.875049, -80525.687500, 0.290562962963
GLU, 9, 25.716, 0.816664, -80882.062500, 0.207940740741
GLY, 8, 26.346, 0.8146, -80185.546875, 0.230159259259
HIS, 10, 29.703, 0.866467, -80515.976562, 0.336788888889
ILE, 4, 26.755, 0.827088, -80300.218750, 0.278788888889
LEU, 7, 27.523, 0.927285, -80082.406250, 0.349325925926
LYS, 11, 26.919, 0.810923, -81063.921875, 0.242707407407
MET, 10, 26.743, 0.826778, -79147.226562, 0.221622222222
PHE, 8, 26.482, 0.811519, -79682.500000, 0.339081481481
PRO, 0, 26.385, 0.822287, -80294.929688, 0.268974074074
SER, 4, 26.539, 0.821767, -80844.718750, 0.234703703704
THR, 6, 28.276, 0.917291, -80007.179688, 0.375159259259
TRP, 2, 28.707, 0.851494, -79701.476562, 0.314955555556
TYR, 10, 26.530, 0.829217, -79409.218750, 0.270355555556
VAL, 2, 26.525, 0.850036, -79299.453125, 0.221659259259
