AMINO ACID, DSSP, SASA, GYRATE, ENERGY, RMSF
ALA, 4, 26.607, 0.841509, -80090.179688, 0.251659259259
ARG, 0, 27.995, 0.855953, -80450.046875, 0.298462962963
ASN, 8, 26.582, 0.822552, -80381.046875, 0.210481481481
ASP, 8, 27.947, 0.8398, -79932.453125, 0.207903703704
CYS, 7, 25.969, 0.861929, -80021.742188, 0.307162962963
GLN, 6, 25.840, 0.856523, -80660.921875, 0.290562962963
GLU, 8, 25.511, 0.812021, -80978.156250, 0.207940740741
GLY, 6, 25.554, 0.811946, -80467.101562, 0.230159259259
HIS, 8, 27.905, 0.858362, -80288.625000, 0.336788888889
ILE, 7, 26.152, 0.842572, -80050.453125, 0.278788888889
LEU, 5, 28.492, 0.928493, -79051.757812, 0.349325925926
LYS, 11, 27.634, 0.818781, -80510.109375, 0.242707407407
MET, 10, 26.520, 0.837252, -80376.406250, 0.221622222222
PHE, 11, 26.500, 0.811254, -80065.281250, 0.339081481481
PRO, 11, 27.012, 0.843833, -79456.812500, 0.268974074074
SER, 4, 26.139, 0.822425, -80227.828125, 0.234703703704
THR, 4, 29.442, 0.942129, -79732.656250, 0.375159259259
TRP, 2, 29.155, 0.869333, -79613.750000, 0.314955555556
TYR, 10, 25.724, 0.814715, -80117.601562, 0.270355555556
VAL, 4, 25.683, 0.838108, -80975.515625, 0.221659259259
