AMINO ACID, DSSP, SASA, GYRATE, ENERGY, RMSF
ALA, 4, 27.394, 0.831111, -80468.476562, 0.251659259259
ARG, 0, 27.192, 0.866736, -81081.500000, 0.298462962963
ASN, 10, 26.336, 0.817305, -80921.718750, 0.210481481481
ASP, 12, 26.719, 0.833154, -80381.390625, 0.207903703704
CYS, 10, 26.877, 0.845402, -79632.164062, 0.307162962963
GLN, 6, 26.571, 0.871516, -80585.578125, 0.290562962963
GLU, 9, 23.699, 0.802389, -79959.851562, 0.207940740741
GLY, 8, 24.401, 0.798935, -80496.468750, 0.230159259259
HIS, 8, 27.404, 0.840494, -79586.054688, 0.336788888889
ILE, 7, 26.019, 0.838864, -79611.742188, 0.278788888889
LEU, 4, 30.043, 0.964503, -80085.953125, 0.349325925926
LYS, 12, 27.874, 0.839583, -80761.273438, 0.242707407407
MET, 10, 25.400, 0.824886, -79978.515625, 0.221622222222
PHE, 8, 24.453, 0.80493, -79899.328125, 0.339081481481
PRO, 2, 28.359, 0.848661, -80185.156250, 0.268974074074
SER, 4, 24.937, 0.815094, -80019.570312, 0.234703703704
THR, 4, 26.412, 0.901746, -79767.296875, 0.375159259259
TRP, 4, 29.021, 0.869538, -80560.367188, 0.314955555556
TYR, 12, 26.076, 0.815877, -80031.531250, 0.270355555556
VAL, 4, 27.489, 0.876042, -80015.453125, 0.221659259259
