AMINO ACID, DSSP, SASA, GYRATE, ENERGY, RMSF
ALA, 4, 26.478, 0.832248, -80902.796875, 0.251659259259
ARG, 0, 28.010, 0.863744, -79964.093750, 0.298462962963
ASN, 10, 26.410, 0.819964, -80233.593750, 0.210481481481
ASP, 8, 27.854, 0.855529, -80205.640625, 0.207903703704
CYS, 9, 25.387, 0.846916, -80284.531250, 0.307162962963
GLN, 6, 27.692, 0.893405, -80197.562500, 0.290562962963
GLU, 9, 24.192, 0.806948, -79698.132812, 0.207940740741
GLY, 4, 25.995, 0.821047, -80814.164062, 0.230159259259
HIS, 10, 28.645, 0.847529, -79896.812500, 0.336788888889
ILE, 7, 26.665, 0.831687, -80137.343750, 0.278788888889
LEU, 4, 30.178, 0.938598, -80114.976562, 0.349325925926
LYS, 6, 28.154, 0.833132, -81045.945312, 0.242707407407
MET, 10, 25.731, 0.823303, -81042.867188, 0.221622222222
PHE, 10, 26.127, 0.819279, -80132.656250, 0.339081481481
PRO, 2, 27.539, 0.823071, -79763.578125, 0.268974074074
SER, 2, 25.176, 0.811232, -80454.062500, 0.234703703704
THR, 8, 27.636, 0.903303, -79993.921875, 0.375159259259
TRP, 4, 28.002, 0.848323, -79196.515625, 0.314955555556
TYR, 10, 27.005, 0.824932, -79643.898438, 0.270355555556
VAL, 4, 27.046, 0.86289, -80295.585938, 0.221659259259
