AMINO ACID, DSSP, SASA, GYRATE, ENERGY, RMSF
ALA, 7, 25.451, 0.819745, -81467.351562, 0.251659259259
ARG, 4, 27.525, 0.860876, -80731.125000, 0.298462962963
ASN, 10, 28.274, 0.829477, -80353.226562, 0.210481481481
ASP, 10, 26.266, 0.835542, -80277.765625, 0.207903703704
CYS, 7, 25.825, 0.842583, -79762.578125, 0.307162962963
GLN, 2, 26.357, 0.878808, -80275.437500, 0.290562962963
GLU, 8, 25.176, 0.805399, -79500.515625, 0.207940740741
GLY, 6, 26.034, 0.8231, -79943.937500, 0.230159259259
HIS, 8, 27.407, 0.852039, -80174.500000, 0.336788888889
ILE, 7, 28.438, 0.838109, -80381.929688, 0.278788888889
LEU, 2, 30.708, 0.945671, -79784.398438, 0.349325925926
LYS, 8, 28.023, 0.832577, -79988.335938, 0.242707407407
MET, 8, 25.613, 0.820851, -79971.531250, 0.221622222222
PHE, 8, 26.301, 0.81689, -79622.062500, 0.339081481481
PRO, 4, 26.133, 0.828347, -80237.703125, 0.268974074074
SER, 4, 25.290, 0.820979, -80110.945312, 0.234703703704
THR, 4, 26.759, 0.905654, -80421.562500, 0.375159259259
TRP, 4, 29.739, 0.873546, -80386.218750, 0.314955555556
TYR, 10, 25.294, 0.815562, -79906.125000, 0.270355555556
VAL, 4, 27.146, 0.853706, -80600.476562, 0.221659259259
