AMINO ACID, DSSP, SASA, GYRATE, ENERGY, RMSF
ALA, 7, 25.468, 0.814966, -80414.921875, 0.251659259259
ARG, 4, 25.885, 0.853482, -79748.929688, 0.298462962963
ASN, 10, 26.856, 0.83286, -80673.484375, 0.210481481481
ASP, 8, 26.936, 0.840905, -80611.421875, 0.207903703704
CYS, 10, 25.582, 0.857806, -79555.921875, 0.307162962963
GLN, 2, 26.756, 0.887703, -80237.867188, 0.290562962963
GLU, 9, 26.130, 0.812805, -79440.453125, 0.207940740741
GLY, 8, 25.952, 0.830187, -81256.046875, 0.230159259259
HIS, 10, 27.178, 0.848077, -79421.625000, 0.336788888889
ILE, 7, 27.175, 0.839272, -79404.375000, 0.278788888889
LEU, 4, 30.749, 0.942938, -79689.890625, 0.349325925926
LYS, 10, 26.804, 0.82748, -81406.148438, 0.242707407407
MET, 10, 24.805, 0.82034, -80558.851562, 0.221622222222
PHE, 8, 25.640, 0.812013, -79834.437500, 0.339081481481
PRO, 7, 26.520, 0.83096, -80283.984375, 0.268974074074
SER, 2, 25.666, 0.823028, -80294.828125, 0.234703703704
THR, 4, 27.527, 0.893311, -80277.906250, 0.375159259259
TRP, 4, 27.393, 0.855644, -79734.507812, 0.314955555556
TYR, 12, 27.295, 0.824759, -79800.320312, 0.270355555556
VAL, 2, 27.402, 0.844059, -79923.984375, 0.221659259259
