AMINO ACID, DSSP, SASA, GYRATE, ENERGY, RMSF
ALA, 6, 27.132, 0.832847, -80922.710938, 0.251659259259
ARG, 2, 27.913, 0.870112, -80561.656250, 0.298462962963
ASN, 8, 25.853, 0.81812, -79928.664062, 0.210481481481
ASP, 8, 26.853, 0.836588, -79575.242188, 0.207903703704
CYS, 12, 26.695, 0.855994, -80402.203125, 0.307162962963
GLN, 6, 26.835, 0.875815, -80220.609375, 0.290562962963
GLU, 8, 24.749, 0.805284, -79972.203125, 0.207940740741
GLY, 6, 24.640, 0.80575, -80230.648438, 0.230159259259
HIS, 6, 28.134, 0.859458, -79882.609375, 0.336788888889
ILE, 5, 28.716, 0.855347, -80799.375000, 0.278788888889
LEU, 4, 28.342, 0.942689, -80050.046875, 0.349325925926
LYS, 10, 26.518, 0.822961, -80603.710938, 0.242707407407
MET, 10, 26.213, 0.837128, -80371.812500, 0.221622222222
PHE, 8, 25.971, 0.810325, -79823.578125, 0.339081481481
PRO, 2, 26.512, 0.835758, -79976.835938, 0.268974074074
SER, 2, 26.041, 0.818417, -80163.812500, 0.234703703704
THR, 6, 28.047, 0.886695, -80655.632812, 0.375159259259
TRP, 4, 26.615, 0.863684, -79721.742188, 0.314955555556
TYR, 11, 25.287, 0.811103, -80942.976562, 0.270355555556
VAL, 4, 27.996, 0.859091, -80943.679688, 0.221659259259
