AMINO ACID, DSSP, SASA, GYRATE, ENERGY, RMSF
ALA, 4, 27.244, 0.824576, -80217.351562, 0.251659259259
ARG, 0, 24.754, 0.850391, -80912.031250, 0.298462962963
ASN, 10, 26.362, 0.811137, -80731.578125, 0.210481481481
ASP, 6, 26.785, 0.825626, -80900.492188, 0.207903703704
CYS, 13, 25.579, 0.828911, -79526.500000, 0.307162962963
GLN, 4, 27.472, 0.86553, -80645.585938, 0.290562962963
GLU, 9, 24.932, 0.817869, -80818.031250, 0.207940740741
GLY, 6, 25.155, 0.816027, -80492.148438, 0.230159259259
HIS, 6, 29.073, 0.893355, -80799.031250, 0.336788888889
ILE, 7, 26.950, 0.82224, -80555.671875, 0.278788888889
LEU, 5, 28.605, 0.925191, -80555.429688, 0.349325925926
LYS, 8, 26.722, 0.834205, -80412.796875, 0.242707407407
MET, 10, 26.943, 0.833571, -80140.398438, 0.221622222222
PHE, 6, 26.985, 0.821321, -80817.406250, 0.339081481481
PRO, 6, 27.241, 0.822548, -79199.187500, 0.268974074074
SER, 2, 25.973, 0.8258, -80174.226562, 0.234703703704
THR, 4, 28.125, 0.894993, -81409.312500, 0.375159259259
TRP, 0, 28.322, 0.863079, -80585.484375, 0.314955555556
TYR, 10, 25.852, 0.805782, -79658.882812, 0.270355555556
VAL, 4, 28.200, 0.848811, -80246.679688, 0.221659259259
