AMINO ACID, DSSP, SASA, GYRATE, ENERGY, RMSF
ALA, 4, 27.519, 0.836272, -80105.859375, 0.251659259259
ARG, 0, 27.703, 0.857579, -80253.773438, 0.298462962963
ASN, 6, 25.462, 0.820218, -81429.320312, 0.210481481481
ASP, 8, 25.140, 0.810614, -80107.406250, 0.207903703704
CYS, 15, 26.189, 0.836273, -81442.140625, 0.307162962963
GLN, 4, 26.790, 0.870952, -80833.203125, 0.290562962963
GLU, 8, 26.133, 0.817855, -80320.585938, 0.207940740741
GLY, 8, 25.422, 0.812636, -79979.562500, 0.230159259259
HIS, 8, 28.955, 0.89019, -80603.492188, 0.336788888889
ILE, 7, 26.270, 0.82661, -80343.945312, 0.278788888889
LEU, 5, 28.457, 0.910867, -80180.734375, 0.349325925926
LYS, 8, 28.308, 0.831742, -81369.906250, 0.242707407407
MET, 10, 27.493, 0.84018, -79782.921875, 0.221622222222
PHE, 8, 25.046, 0.812084, -80613.335938, 0.339081481481
PRO, 7, 26.476, 0.814879, -79809.843750, 0.268974074074
SER, 2, 24.768, 0.806407, -80954.648438, 0.234703703704
THR, 6, 27.422, 0.884738, -80930.023438, 0.375159259259
TRP, 4, 27.892, 0.859957, -80422.468750, 0.314955555556
TYR, 13, 27.358, 0.824553, -80088.992188, 0.270355555556
VAL, 4, 26.714, 0.855219, -80096.406250, 0.221659259259
