AMINO ACID, DSSP, SASA, GYRATE, ENERGY, RMSF
ALA, 4, 25.495, 0.826238, -79927.437500, 0.251659259259
ARG, 4, 28.196, 0.856638, -80557.804688, 0.298462962963
ASN, 9, 25.963, 0.820124, -80451.343750, 0.210481481481
ASP, 8, 24.602, 0.80733, -80751.531250, 0.207903703704
CYS, 10, 25.671, 0.849896, -79626.664062, 0.307162962963
GLN, 2, 27.191, 0.867098, -80589.968750, 0.290562962963
GLU, 9, 25.807, 0.813327, -80879.226562, 0.207940740741
GLY, 6, 25.888, 0.812417, -80567.937500, 0.230159259259
HIS, 8, 29.438, 0.880413, -80662.812500, 0.336788888889
ILE, 9, 27.469, 0.842365, -80702.812500, 0.278788888889
LEU, 7, 27.948, 0.895289, -79724.046875, 0.349325925926
LYS, 6, 28.027, 0.828691, -80429.765625, 0.242707407407
MET, 10, 26.558, 0.82821, -79849.296875, 0.221622222222
PHE, 6, 25.642, 0.812192, -79510.789062, 0.339081481481
PRO, 7, 26.458, 0.820387, -79472.609375, 0.268974074074
SER, 2, 26.416, 0.814921, -80371.757812, 0.234703703704
THR, 4, 27.736, 0.911124, -79946.742188, 0.375159259259
TRP, 6, 27.829, 0.849641, -80241.765625, 0.314955555556
TYR, 11, 26.274, 0.821296, -80799.265625, 0.270355555556
VAL, 4, 27.222, 0.855864, -79124.625000, 0.221659259259
