AMINO ACID, DSSP, SASA, GYRATE, ENERGY, RMSF
ALA, 7, 27.228, 0.825055, -80044.125000, 0.251659259259
ARG, 0, 27.077, 0.855557, -80723.710938, 0.298462962963
ASN, 6, 28.133, 0.816684, -80132.484375, 0.210481481481
ASP, 8, 24.671, 0.825883, -79687.078125, 0.207903703704
CYS, 12, 26.830, 0.843785, -80366.734375, 0.307162962963
GLN, 6, 25.807, 0.878883, -79773.914062, 0.290562962963
GLU, 7, 24.970, 0.808252, -80838.750000, 0.207940740741
GLY, 8, 25.253, 0.816043, -80762.773438, 0.230159259259
HIS, 6, 28.411, 0.873398, -80463.062500, 0.336788888889
ILE, 7, 27.360, 0.841239, -79862.695312, 0.278788888889
LEU, 4, 29.461, 0.916874, -80730.343750, 0.349325925926
LYS, 6, 26.494, 0.81981, -80389.093750, 0.242707407407
MET, 7, 26.263, 0.827431, -80661.585938, 0.221622222222
PHE, 8, 25.027, 0.807552, -79390.148438, 0.339081481481
PRO, 11, 26.582, 0.82933, -80514.164062, 0.268974074074
SER, 4, 25.972, 0.828314, -80089.664062, 0.234703703704
THR, 6, 28.098, 0.911143, -79648.453125, 0.375159259259
TRP, 4, 28.095, 0.868403, -80806.632812, 0.314955555556
TYR, 8, 27.521, 0.840787, -80639.632812, 0.270355555556
VAL, 7, 26.902, 0.866562, -79897.164062, 0.221659259259
