AMINO ACID, DSSP, SASA, GYRATE, ENERGY, RMSF
ALA, 4, 27.386, 0.844783, -80446.046875, 0.251659259259
ARG, 0, 26.774, 0.856157, -80508.421875, 0.298462962963
ASN, 8, 27.903, 0.840271, -80711.531250, 0.210481481481
ASP, 12, 25.610, 0.812795, -81061.976562, 0.207903703704
CYS, 13, 26.509, 0.839836, -80672.117188, 0.307162962963
GLN, 10, 26.869, 0.867321, -80864.796875, 0.290562962963
GLU, 9, 25.318, 0.799024, -80358.750000, 0.207940740741
GLY, 6, 24.852, 0.811707, -80220.140625, 0.230159259259
HIS, 8, 28.128, 0.880387, -81028.875000, 0.336788888889
ILE, 7, 26.091, 0.836325, -80417.453125, 0.278788888889
LEU, 3, 29.326, 0.953176, -80263.789062, 0.349325925926
LYS, 6, 27.115, 0.82137, -80454.101562, 0.242707407407
MET, 10, 27.145, 0.843053, -80522.562500, 0.221622222222
PHE, 8, 24.627, 0.813703, -80031.187500, 0.339081481481
PRO, 9, 26.906, 0.827687, -80229.859375, 0.268974074074
SER, 6, 23.716, 0.810206, -81036.687500, 0.234703703704
THR, 10, 27.645, 0.895247, -80696.406250, 0.375159259259
TRP, 2, 28.689, 0.865299, -79438.617188, 0.314955555556
TYR, 10, 27.291, 0.832295, -79921.765625, 0.270355555556
VAL, 6, 26.797, 0.840595, -79902.843750, 0.221659259259
