AMINO ACID, DSSP, SASA, GYRATE, ENERGY, RMSF
ALA, 4, 26.737, 0.833792, -78707.453125, 0.251659259259
ARG, 0, 28.255, 0.871997, -81069.312500, 0.298462962963
ASN, 8, 27.153, 0.813621, -80396.562500, 0.210481481481
ASP, 8, 25.926, 0.828354, -80234.843750, 0.207903703704
CYS, 15, 27.182, 0.835221, -79889.039062, 0.307162962963
GLN, 10, 26.121, 0.861947, -80406.164062, 0.290562962963
GLU, 10, 24.662, 0.807967, -79521.984375, 0.207940740741
GLY, 6, 25.422, 0.816866, -81327.078125, 0.230159259259
HIS, 8, 27.648, 0.861314, -80537.515625, 0.336788888889
ILE, 5, 26.244, 0.814355, -80627.968750, 0.278788888889
LEU, 7, 30.166, 0.927594, -79507.351562, 0.349325925926
LYS, 10, 28.096, 0.835561, -80978.140625, 0.242707407407
MET, 8, 27.228, 0.839939, -80940.023438, 0.221622222222
PHE, 4, 27.021, 0.819159, -79384.468750, 0.339081481481
PRO, 9, 26.916, 0.83823, -79790.875000, 0.268974074074
SER, 4, 24.283, 0.807596, -80720.953125, 0.234703703704
THR, 8, 25.997, 0.863083, -81280.859375, 0.375159259259
TRP, 4, 28.209, 0.856666, -79467.375000, 0.314955555556
TYR, 10, 27.216, 0.824921, -79332.867188, 0.270355555556
VAL, 6, 25.504, 0.822508, -80106.773438, 0.221659259259
