AMINO ACID, DSSP, SASA, GYRATE, ENERGY, RMSF
ALA, 6, 28.404, 0.856483, -80641.765625, 0.251659259259
ARG, 8, 29.696, 0.854875, -81086.328125, 0.298462962963
ASN, 6, 28.931, 0.833729, -80896.812500, 0.210481481481
ASP, 11, 26.821, 0.824864, -79589.179688, 0.207903703704
CYS, 8, 28.244, 0.87484, -80192.687500, 0.307162962963
GLN, 14, 24.749, 0.829993, -79439.718750, 0.290562962963
GLU, 12, 26.237, 0.83284, -79461.671875, 0.207940740741
GLY, 14, 26.347, 0.832289, -80815.359375, 0.230159259259
HIS, 8, 28.206, 0.861132, -80542.046875, 0.336788888889
ILE, 10, 26.059, 0.816277, -80151.601562, 0.278788888889
LEU, 10, 25.245, 0.802026, -80166.460938, 0.349325925926
LYS, 9, 26.672, 0.832896, -79792.281250, 0.242707407407
MET, 6, 26.427, 0.821891, -80395.578125, 0.221622222222
PHE, 12, 25.370, 0.806045, -80324.281250, 0.339081481481
PRO, 6, 25.570, 0.82523, -80875.992188, 0.268974074074
SER, 8, 26.409, 0.809047, -80126.687500, 0.234703703704
THR, 6, 27.926, 0.82493, -80648.437500, 0.375159259259
TRP, 4, 30.533, 0.87787, -79580.593750, 0.314955555556
TYR, 10, 27.608, 0.855154, -79470.828125, 0.270355555556
VAL, 12, 26.188, 0.834479, -80496.968750, 0.221659259259
