AMINO ACID, DSSP, SASA, GYRATE, ENERGY, RMSF
ALA, 8, 26.989, 0.839445, -81096.570312, 0.251659259259
ARG, 8, 29.252, 0.854557, -80352.453125, 0.298462962963
ASN, 8, 28.320, 0.836552, -79932.875000, 0.210481481481
ASP, 9, 27.140, 0.821989, -79895.406250, 0.207903703704
CYS, 8, 26.711, 0.861013, -80866.109375, 0.307162962963
GLN, 14, 24.721, 0.823712, -80590.117188, 0.290562962963
GLU, 12, 25.465, 0.81977, -79580.046875, 0.207940740741
GLY, 11, 24.766, 0.837105, -80843.148438, 0.230159259259
HIS, 13, 28.626, 0.854691, -80340.187500, 0.336788888889
ILE, 6, 25.662, 0.815427, -79729.328125, 0.278788888889
LEU, 7, 26.362, 0.821747, -80376.476562, 0.349325925926
LYS, 7, 26.160, 0.822427, -80674.234375, 0.242707407407
MET, 9, 26.212, 0.813579, -80400.812500, 0.221622222222
PHE, 10, 24.544, 0.794545, -79440.375000, 0.339081481481
PRO, 6, 24.627, 0.825621, -80222.328125, 0.268974074074
SER, 6, 25.803, 0.806567, -80374.804688, 0.234703703704
THR, 8, 25.891, 0.806285, -80291.304688, 0.375159259259
TRP, 4, 30.104, 0.864729, -80068.023438, 0.314955555556
TYR, 10, 27.509, 0.86597, -80633.382812, 0.270355555556
VAL, 6, 26.912, 0.836208, -81248.789062, 0.221659259259
