AMINO ACID, DSSP, SASA, GYRATE, ENERGY, RMSF
ALA, 8, 26.423, 0.828951, -80810.304688, 0.251659259259
ARG, 2, 27.300, 0.850053, -80135.773438, 0.298462962963
ASN, 8, 25.584, 0.817078, -80357.515625, 0.210481481481
ASP, 8, 26.157, 0.825176, -79845.656250, 0.207903703704
CYS, 12, 26.185, 0.849762, -79798.765625, 0.307162962963
GLN, 8, 25.156, 0.862594, -80944.523438, 0.290562962963
GLU, 6, 26.391, 0.826422, -80514.500000, 0.207940740741
GLY, 6, 26.626, 0.832495, -80852.546875, 0.230159259259
HIS, 10, 28.896, 0.871703, -80471.367188, 0.336788888889
ILE, 9, 27.322, 0.842649, -80507.968750, 0.278788888889
LEU, 7, 29.572, 0.926683, -80745.359375, 0.349325925926
LYS, 6, 27.592, 0.839986, -80731.281250, 0.242707407407
MET, 8, 26.382, 0.827884, -80658.265625, 0.221622222222
PHE, 4, 27.507, 0.830411, -80281.960938, 0.339081481481
PRO, 4, 27.417, 0.85421, -80063.718750, 0.268974074074
SER, 4, 24.371, 0.802228, -79919.890625, 0.234703703704
THR, 8, 27.356, 0.895688, -79298.343750, 0.375159259259
TRP, 2, 27.962, 0.866446, -79831.953125, 0.314955555556
TYR, 10, 26.737, 0.813746, -79840.781250, 0.270355555556
VAL, 4, 27.898, 0.866217, -80481.703125, 0.221659259259
