AMINO ACID, DSSP, SASA, GYRATE, ENERGY, RMSF
ALA, 6, 26.191, 0.828846, -79114.679688, 0.251659259259
ARG, 2, 25.817, 0.856527, -80674.710938, 0.298462962963
ASN, 12, 25.993, 0.809181, -80385.851562, 0.210481481481
ASP, 12, 27.522, 0.822088, -79422.320312, 0.207903703704
CYS, 12, 26.098, 0.850422, -81126.796875, 0.307162962963
GLN, 6, 26.310, 0.852211, -80333.742188, 0.290562962963
GLU, 8, 26.627, 0.827146, -80341.875000, 0.207940740741
GLY, 6, 26.183, 0.822355, -79474.875000, 0.230159259259
HIS, 8, 28.946, 0.866464, -80170.843750, 0.336788888889
ILE, 4, 27.344, 0.838073, -80232.585938, 0.278788888889
LEU, 7, 29.368, 0.940035, -80039.039062, 0.349325925926
LYS, 2, 26.965, 0.8211, -80543.750000, 0.242707407407
MET, 8, 26.844, 0.828285, -80525.656250, 0.221622222222
PHE, 2, 25.447, 0.820418, -80459.031250, 0.339081481481
PRO, 11, 27.423, 0.842755, -80604.343750, 0.268974074074
SER, 4, 25.469, 0.811307, -79624.343750, 0.234703703704
THR, 6, 26.600, 0.891563, -81074.960938, 0.375159259259
TRP, 4, 25.926, 0.832552, -80729.242188, 0.314955555556
TYR, 10, 26.332, 0.80658, -80585.671875, 0.270355555556
VAL, 4, 27.749, 0.86467, -81320.585938, 0.221659259259
