AMINO ACID, DSSP, SASA, GYRATE, ENERGY, RMSF
ALA, 6, 27.378, 0.843038, -79613.203125, 0.251659259259
ARG, 6, 29.781, 0.849314, -81302.226562, 0.298462962963
ASN, 6, 28.229, 0.831249, -79599.031250, 0.210481481481
ASP, 11, 27.059, 0.822762, -80382.859375, 0.207903703704
CYS, 8, 28.028, 0.872281, -81451.210938, 0.307162962963
GLN, 12, 24.856, 0.819414, -80051.093750, 0.290562962963
GLU, 13, 26.428, 0.835045, -80224.671875, 0.207940740741
GLY, 9, 23.807, 0.829977, -80257.015625, 0.230159259259
HIS, 6, 25.757, 0.83047, -79464.171875, 0.336788888889
ILE, 8, 26.264, 0.819816, -79949.929688, 0.278788888889
LEU, 10, 25.191, 0.801216, -80135.937500, 0.349325925926
LYS, 9, 27.348, 0.828978, -80557.257812, 0.242707407407
MET, 9, 26.247, 0.814225, -81045.359375, 0.221622222222
PHE, 9, 25.328, 0.813534, -79200.046875, 0.339081481481
PRO, 6, 25.587, 0.82745, -80486.796875, 0.268974074074
SER, 10, 25.744, 0.802021, -80729.828125, 0.234703703704
THR, 4, 26.788, 0.808116, -80199.304688, 0.375159259259
TRP, 4, 29.727, 0.867049, -79722.328125, 0.314955555556
TYR, 9, 27.775, 0.86734, -80585.421875, 0.270355555556
VAL, 12, 25.919, 0.832309, -79578.695312, 0.221659259259
