AMINO ACID, DSSP, SASA, GYRATE, ENERGY, RMSF
ALA, 4, 26.863, 0.831432, -80354.625000, 0.251659259259
ARG, 2, 27.087, 0.863249, -81630.203125, 0.298462962963
ASN, 8, 24.437, 0.808075, -79427.171875, 0.210481481481
ASP, 10, 26.467, 0.830724, -80589.281250, 0.207903703704
CYS, 12, 27.422, 0.860991, -80463.484375, 0.307162962963
GLN, 6, 28.188, 0.875737, -80168.109375, 0.290562962963
GLU, 10, 25.673, 0.814411, -80466.765625, 0.207940740741
GLY, 6, 26.168, 0.814129, -80414.109375, 0.230159259259
HIS, 8, 30.276, 0.886593, -79780.921875, 0.336788888889
ILE, 7, 26.802, 0.839523, -80268.890625, 0.278788888889
LEU, 5, 28.638, 0.924972, -80626.093750, 0.349325925926
LYS, 8, 27.706, 0.823586, -80878.617188, 0.242707407407
MET, 8, 25.983, 0.835215, -79547.234375, 0.221622222222
PHE, 4, 25.708, 0.823054, -78704.007812, 0.339081481481
PRO, 7, 27.075, 0.833463, -80860.828125, 0.268974074074
SER, 4, 25.126, 0.814397, -79722.125000, 0.234703703704
THR, 8, 26.482, 0.904578, -80053.789062, 0.375159259259
TRP, 0, 28.057, 0.864986, -79993.632812, 0.314955555556
TYR, 10, 27.354, 0.82818, -79502.171875, 0.270355555556
VAL, 4, 26.354, 0.839324, -79521.304688, 0.221659259259
