AMINO ACID, DSSP, SASA, GYRATE, ENERGY, RMSF
ALA, 4, 27.232, 0.831879, -80409.296875, 0.251659259259
ARG, 4, 27.608, 0.865667, -80960.531250, 0.298462962963
ASN, 10, 26.226, 0.809369, -80044.171875, 0.210481481481
ASP, 12, 25.591, 0.820128, -79244.812500, 0.207903703704
CYS, 10, 27.004, 0.860896, -81101.968750, 0.307162962963
GLN, 10, 28.263, 0.86735, -80034.789062, 0.290562962963
GLU, 10, 24.592, 0.820377, -80740.234375, 0.207940740741
GLY, 8, 25.554, 0.817322, -81025.476562, 0.230159259259
HIS, 8, 29.013, 0.904183, -80790.851562, 0.336788888889
ILE, 7, 26.653, 0.82418, -80579.031250, 0.278788888889
LEU, 5, 29.827, 0.93606, -79736.500000, 0.349325925926
LYS, 12, 26.233, 0.815076, -79871.093750, 0.242707407407
MET, 10, 26.294, 0.833063, -80179.046875, 0.221622222222
PHE, 4, 25.142, 0.830311, -80496.484375, 0.339081481481
PRO, 8, 25.664, 0.828336, -80111.265625, 0.268974074074
SER, 4, 26.183, 0.820048, -80754.554688, 0.234703703704
THR, 6, 28.612, 0.901237, -80480.484375, 0.375159259259
TRP, 0, 27.311, 0.883294, -79725.296875, 0.314955555556
TYR, 8, 27.455, 0.819065, -81286.812500, 0.270355555556
VAL, 4, 27.787, 0.850902, -80024.984375, 0.221659259259
