AMINO ACID, DSSP, SASA, GYRATE, ENERGY, RMSF
ALA, 4, 27.294, 0.825507, -80208.296875, 0.251659259259
ARG, 0, 27.073, 0.855295, -80464.437500, 0.298462962963
ASN, 12, 26.628, 0.807912, -79291.812500, 0.210481481481
ASP, 10, 26.340, 0.820102, -79596.679688, 0.207903703704
CYS, 10, 25.384, 0.846771, -79921.726562, 0.307162962963
GLN, 4, 26.110, 0.856858, -80492.140625, 0.290562962963
GLU, 5, 25.637, 0.814313, -80534.359375, 0.207940740741
GLY, 6, 26.826, 0.825205, -80007.375000, 0.230159259259
HIS, 8, 31.498, 0.89972, -80175.125000, 0.336788888889
ILE, 7, 26.069, 0.831513, -79701.929688, 0.278788888889
LEU, 8, 27.856, 0.923784, -80470.703125, 0.349325925926
LYS, 10, 27.144, 0.829221, -80632.335938, 0.242707407407
MET, 9, 27.025, 0.848956, -79610.468750, 0.221622222222
PHE, 2, 26.054, 0.846497, -79705.750000, 0.339081481481
PRO, 11, 27.667, 0.830672, -79828.421875, 0.268974074074
SER, 4, 26.418, 0.819346, -79897.242188, 0.234703703704
THR, 4, 26.897, 0.879389, -80011.445312, 0.375159259259
TRP, 4, 25.809, 0.85402, -79671.718750, 0.314955555556
TYR, 8, 26.038, 0.81445, -79491.679688, 0.270355555556
VAL, 4, 25.539, 0.848202, -81111.296875, 0.221659259259
