AMINO ACID, DSSP, SASA, GYRATE, ENERGY, RMSF
ALA, 6, 26.800, 0.814207, -80522.515625, 0.251659259259
ARG, 0, 27.334, 0.862292, -81377.484375, 0.298462962963
ASN, 10, 25.126, 0.793995, -80223.375000, 0.210481481481
ASP, 12, 27.150, 0.825949, -79536.679688, 0.207903703704
CYS, 9, 26.581, 0.863011, -80914.796875, 0.307162962963
GLN, 6, 28.703, 0.884753, -79895.914062, 0.290562962963
GLU, 7, 25.742, 0.819135, -80506.617188, 0.207940740741
GLY, 6, 26.362, 0.821116, -80498.296875, 0.230159259259
HIS, 8, 30.596, 0.88525, -79656.070312, 0.336788888889
ILE, 9, 26.379, 0.825659, -80544.617188, 0.278788888889
LEU, 2, 27.297, 0.923225, -79480.921875, 0.349325925926
LYS, 6, 26.466, 0.82169, -80052.898438, 0.242707407407
MET, 10, 26.998, 0.840333, -79821.593750, 0.221622222222
PHE, 4, 24.937, 0.841412, -80310.210938, 0.339081481481
PRO, 6, 26.949, 0.830272, -79789.406250, 0.268974074074
SER, 4, 25.173, 0.805351, -80208.421875, 0.234703703704
THR, 6, 27.344, 0.896092, -80417.789062, 0.375159259259
TRP, 2, 26.509, 0.854856, -80093.695312, 0.314955555556
TYR, 10, 25.367, 0.808183, -80375.367188, 0.270355555556
VAL, 4, 26.258, 0.851875, -80276.343750, 0.221659259259
