AMINO ACID, DSSP, SASA, GYRATE, ENERGY, RMSF
ALA, 4, 27.329, 0.823871, -81731.031250, 0.251659259259
ARG, 2, 26.311, 0.861967, -80552.648438, 0.298462962963
ASN, 12, 26.354, 0.817963, -80465.117188, 0.210481481481
ASP, 6, 25.620, 0.81322, -79651.445312, 0.207903703704
CYS, 10, 26.573, 0.847903, -79861.718750, 0.307162962963
GLN, 8, 27.661, 0.870618, -80399.226562, 0.290562962963
GLU, 9, 26.134, 0.823203, -80319.656250, 0.207940740741
GLY, 6, 27.037, 0.823006, -80258.281250, 0.230159259259
HIS, 8, 30.058, 0.896227, -80447.734375, 0.336788888889
ILE, 7, 26.310, 0.825315, -79087.468750, 0.278788888889
LEU, 9, 29.947, 0.910119, -80539.671875, 0.349325925926
LYS, 8, 26.772, 0.812917, -80814.843750, 0.242707407407
MET, 10, 25.506, 0.817882, -80695.062500, 0.221622222222
PHE, 4, 24.930, 0.820758, -79183.203125, 0.339081481481
PRO, 6, 26.464, 0.819961, -79959.726562, 0.268974074074
SER, 4, 24.982, 0.814281, -80151.101562, 0.234703703704
THR, 4, 27.103, 0.897386, -79502.945312, 0.375159259259
TRP, 2, 28.264, 0.89056, -80085.453125, 0.314955555556
TYR, 11, 26.898, 0.818152, -80174.687500, 0.270355555556
VAL, 4, 26.498, 0.844103, -79884.078125, 0.221659259259
