AMINO ACID, DSSP, SASA, GYRATE, ENERGY, RMSF
ALA, 4, 25.573, 0.81737, -80055.835938, 0.251659259259
ARG, 4, 27.780, 0.869533, -80539.406250, 0.298462962963
ASN, 10, 26.131, 0.805945, -80150.250000, 0.210481481481
ASP, 10, 27.315, 0.840245, -79859.703125, 0.207903703704
CYS, 5, 26.645, 0.874551, -81401.015625, 0.307162962963
GLN, 6, 28.243, 0.870809, -80035.671875, 0.290562962963
GLU, 10, 26.691, 0.834707, -80186.992188, 0.207940740741
GLY, 6, 25.165, 0.814565, -80723.859375, 0.230159259259
HIS, 8, 30.065, 0.880778, -80276.281250, 0.336788888889
ILE, 7, 25.495, 0.832878, -79895.843750, 0.278788888889
LEU, 6, 28.507, 0.905679, -79828.140625, 0.349325925926
LYS, 10, 28.195, 0.844341, -80675.046875, 0.242707407407
MET, 10, 25.659, 0.821102, -81009.031250, 0.221622222222
PHE, 6, 28.220, 0.851873, -80354.851562, 0.339081481481
PRO, 8, 26.215, 0.831913, -80039.539062, 0.268974074074
SER, 2, 25.849, 0.819226, -80823.171875, 0.234703703704
THR, 4, 27.240, 0.877247, -80975.773438, 0.375159259259
TRP, 0, 27.912, 0.861446, -79109.875000, 0.314955555556
TYR, 8, 26.859, 0.830848, -80062.156250, 0.270355555556
VAL, 2, 25.592, 0.83895, -79987.484375, 0.221659259259
