AMINO ACID, DSSP, SASA, GYRATE, ENERGY, RMSF
ALA, 8, 26.433, 0.811865, -80490.281250, 0.251659259259
ARG, 0, 26.522, 0.861075, -81079.312500, 0.298462962963
ASN, 11, 25.225, 0.807235, -80228.195312, 0.210481481481
ASP, 8, 28.168, 0.835735, -80304.640625, 0.207903703704
CYS, 10, 28.477, 0.881555, -80522.906250, 0.307162962963
GLN, 4, 27.984, 0.885191, -79896.671875, 0.290562962963
GLU, 5, 26.562, 0.820677, -80283.687500, 0.207940740741
GLY, 6, 23.799, 0.818374, -80569.968750, 0.230159259259
HIS, 6, 27.955, 0.872129, -80560.070312, 0.336788888889
ILE, 7, 25.761, 0.828858, -80057.132812, 0.278788888889
LEU, 4, 29.784, 0.914773, -80220.203125, 0.349325925926
LYS, 10, 27.956, 0.829214, -81055.578125, 0.242707407407
MET, 10, 26.377, 0.833247, -80441.375000, 0.221622222222
PHE, 6, 27.594, 0.845039, -80257.085938, 0.339081481481
PRO, 6, 26.111, 0.82854, -81013.234375, 0.268974074074
SER, 4, 25.323, 0.812975, -79975.718750, 0.234703703704
THR, 6, 28.013, 0.897116, -80478.648438, 0.375159259259
TRP, 0, 26.037, 0.853393, -80008.195312, 0.314955555556
TYR, 8, 25.748, 0.822364, -80611.000000, 0.270355555556
VAL, 4, 25.797, 0.843997, -79516.054688, 0.221659259259
