AMINO ACID, DSSP, SASA, GYRATE, ENERGY, RMSF
ALA, 6, 26.323, 0.821874, -81290.429688, 0.251659259259
ARG, 0, 26.022, 0.852646, -80633.265625, 0.298462962963
ASN, 13, 25.609, 0.803931, -80769.828125, 0.210481481481
ASP, 8, 27.368, 0.828382, -80351.828125, 0.207903703704
CYS, 10, 27.918, 0.865181, -80142.562500, 0.307162962963
GLN, 6, 27.488, 0.881364, -80416.593750, 0.290562962963
GLU, 8, 27.392, 0.824377, -80378.656250, 0.207940740741
GLY, 8, 26.390, 0.830725, -80409.179688, 0.230159259259
HIS, 8, 27.929, 0.870221, -80550.093750, 0.336788888889
ILE, 7, 26.872, 0.837525, -80827.273438, 0.278788888889
LEU, 5, 28.911, 0.899672, -80377.812500, 0.349325925926
LYS, 10, 27.374, 0.824397, -80685.148438, 0.242707407407
MET, 10, 26.178, 0.831421, -80012.554688, 0.221622222222
PHE, 6, 28.394, 0.8465, -80486.296875, 0.339081481481
PRO, 4, 26.479, 0.835292, -79780.578125, 0.268974074074
SER, 2, 25.317, 0.819803, -80392.609375, 0.234703703704
THR, 6, 27.451, 0.87685, -80929.914062, 0.375159259259
TRP, 2, 26.889, 0.854492, -78834.140625, 0.314955555556
TYR, 8, 26.272, 0.82626, -80701.757812, 0.270355555556
VAL, 4, 25.054, 0.846266, -79642.375000, 0.221659259259
