AMINO ACID, DSSP, SASA, GYRATE, ENERGY, RMSF
ALA, 4, 26.773, 0.817181, -80070.859375, 0.251659259259
ARG, 0, 27.396, 0.86587, -81373.078125, 0.298462962963
ASN, 12, 25.573, 0.80755, -80907.390625, 0.210481481481
ASP, 10, 26.021, 0.831084, -80015.804688, 0.207903703704
CYS, 10, 29.215, 0.876151, -80218.476562, 0.307162962963
GLN, 8, 30.351, 0.907959, -80224.968750, 0.290562962963
GLU, 8, 26.647, 0.817624, -80355.109375, 0.207940740741
GLY, 6, 25.704, 0.826966, -80728.664062, 0.230159259259
HIS, 6, 29.388, 0.87503, -80385.515625, 0.336788888889
ILE, 7, 27.200, 0.835115, -79767.093750, 0.278788888889
LEU, 6, 28.802, 0.904222, -80988.632812, 0.349325925926
LYS, 6, 28.533, 0.841681, -80493.562500, 0.242707407407
MET, 10, 25.258, 0.814422, -79608.664062, 0.221622222222
PHE, 6, 28.942, 0.863128, -79300.687500, 0.339081481481
PRO, 6, 25.252, 0.820698, -81070.656250, 0.268974074074
SER, 4, 25.766, 0.808475, -79673.953125, 0.234703703704
THR, 6, 27.613, 0.879257, -79391.492188, 0.375159259259
TRP, 2, 26.699, 0.8535, -80017.218750, 0.314955555556
TYR, 8, 24.825, 0.804211, -80271.125000, 0.270355555556
VAL, 4, 25.509, 0.825783, -80099.640625, 0.221659259259
