AMINO ACID, DSSP, SASA, GYRATE, ENERGY, RMSF
ALA, 4, 25.290, 0.827143, -80328.671875, 0.251659259259
ARG, 2, 27.657, 0.867067, -80594.117188, 0.298462962963
ASN, 14, 25.244, 0.806313, -80198.515625, 0.210481481481
ASP, 2, 28.151, 0.834284, -79713.226562, 0.207903703704
CYS, 12, 28.181, 0.847007, -79778.343750, 0.307162962963
GLN, 4, 29.039, 0.899274, -80857.453125, 0.290562962963
GLU, 5, 27.029, 0.827457, -79344.109375, 0.207940740741
GLY, 6, 26.394, 0.825249, -80766.453125, 0.230159259259
HIS, 8, 28.100, 0.867054, -80581.750000, 0.336788888889
ILE, 9, 26.663, 0.827626, -80182.781250, 0.278788888889
LEU, 4, 27.002, 0.892589, -79840.640625, 0.349325925926
LYS, 6, 28.040, 0.838256, -80825.789062, 0.242707407407
MET, 10, 26.260, 0.826833, -80484.718750, 0.221622222222
PHE, 8, 25.672, 0.824814, -79515.945312, 0.339081481481
PRO, 6, 25.581, 0.822657, -79761.500000, 0.268974074074
SER, 4, 24.917, 0.80315, -80453.656250, 0.234703703704
THR, 8, 25.862, 0.859627, -80296.820312, 0.375159259259
TRP, 2, 27.121, 0.857852, -79551.531250, 0.314955555556
TYR, 12, 26.276, 0.805947, -81279.125000, 0.270355555556
VAL, 4, 25.860, 0.844157, -80830.632812, 0.221659259259
