AMINO ACID, DSSP, SASA, GYRATE, ENERGY, RMSF
ALA, 4, 26.024, 0.827569, -79884.609375, 0.251659259259
ARG, 0, 28.685, 0.866699, -80892.195312, 0.298462962963
ASN, 12, 25.589, 0.806663, -80396.210938, 0.210481481481
ASP, 6, 26.976, 0.835884, -80386.554688, 0.207903703704
CYS, 12, 29.911, 0.885988, -79976.250000, 0.307162962963
GLN, 6, 28.351, 0.898019, -79905.257812, 0.290562962963
GLU, 7, 25.992, 0.819808, -81277.664062, 0.207940740741
GLY, 8, 26.290, 0.818993, -80459.210938, 0.230159259259
HIS, 6, 29.411, 0.877282, -80764.562500, 0.336788888889
ILE, 7, 26.201, 0.834216, -80661.898438, 0.278788888889
LEU, 2, 28.619, 0.899056, -79814.742188, 0.349325925926
LYS, 8, 28.231, 0.840169, -80441.789062, 0.242707407407
MET, 10, 27.271, 0.835847, -79525.859375, 0.221622222222
PHE, 6, 26.676, 0.83426, -79549.953125, 0.339081481481
PRO, 6, 25.732, 0.817282, -79760.671875, 0.268974074074
SER, 4, 24.897, 0.815419, -80199.703125, 0.234703703704
THR, 4, 27.742, 0.879248, -80198.773438, 0.375159259259
TRP, 0, 27.716, 0.850679, -79416.031250, 0.314955555556
TYR, 10, 24.702, 0.800437, -80383.125000, 0.270355555556
VAL, 4, 25.924, 0.83384, -79997.828125, 0.221659259259
