AMINO ACID, DSSP, SASA, GYRATE, ENERGY, RMSF
ALA, 6, 27.049, 0.829444, -80169.078125, 0.251659259259
ARG, 0, 28.197, 0.862912, -80273.179688, 0.298462962963
ASN, 12, 26.647, 0.81321, -79333.953125, 0.210481481481
ASP, 8, 29.484, 0.852831, -79930.109375, 0.207903703704
CYS, 10, 28.024, 0.869217, -80044.843750, 0.307162962963
GLN, 8, 28.833, 0.853032, -80522.328125, 0.290562962963
GLU, 7, 25.639, 0.809103, -80146.593750, 0.207940740741
GLY, 8, 26.158, 0.826437, -80491.093750, 0.230159259259
HIS, 6, 29.838, 0.877871, -80963.210938, 0.336788888889
ILE, 7, 26.540, 0.831283, -80780.921875, 0.278788888889
LEU, 6, 30.065, 0.935182, -80025.046875, 0.349325925926
LYS, 6, 27.705, 0.828015, -80325.390625, 0.242707407407
MET, 10, 26.209, 0.839741, -80635.734375, 0.221622222222
PHE, 2, 24.682, 0.819055, -80170.171875, 0.339081481481
PRO, 6, 26.365, 0.830574, -81130.304688, 0.268974074074
SER, 2, 24.752, 0.813569, -80087.046875, 0.234703703704
THR, 8, 26.598, 0.891819, -79766.257812, 0.375159259259
TRP, 0, 28.072, 0.857038, -80216.695312, 0.314955555556
TYR, 8, 27.398, 0.835028, -81407.476562, 0.270355555556
VAL, 6, 25.513, 0.821152, -80905.468750, 0.221659259259
