AMINO ACID, DSSP, SASA, GYRATE, ENERGY, RMSF
ALA, 4, 26.644, 0.835926, -80308.945312, 0.251659259259
ARG, 0, 28.022, 0.86055, -81069.414062, 0.298462962963
ASN, 12, 26.464, 0.817553, -80525.140625, 0.210481481481
ASP, 10, 26.435, 0.836245, -79789.703125, 0.207903703704
CYS, 10, 27.386, 0.853889, -80512.296875, 0.307162962963
GLN, 4, 27.454, 0.866675, -79772.140625, 0.290562962963
GLU, 9, 25.530, 0.81207, -80711.500000, 0.207940740741
GLY, 7, 27.431, 0.823224, -80173.375000, 0.230159259259
HIS, 6, 28.396, 0.866082, -80594.078125, 0.336788888889
ILE, 6, 27.228, 0.824489, -80083.460938, 0.278788888889
LEU, 7, 27.773, 0.897257, -79526.718750, 0.349325925926
LYS, 6, 28.714, 0.84624, -80542.718750, 0.242707407407
MET, 7, 26.269, 0.84115, -80792.062500, 0.221622222222
PHE, 2, 26.222, 0.820021, -80004.343750, 0.339081481481
PRO, 6, 25.313, 0.839156, -80035.656250, 0.268974074074
SER, 4, 24.791, 0.816092, -80469.156250, 0.234703703704
THR, 2, 28.623, 0.895061, -80295.140625, 0.375159259259
TRP, 0, 27.465, 0.879283, -80432.453125, 0.314955555556
TYR, 10, 27.954, 0.820683, -79828.281250, 0.270355555556
VAL, 4, 28.111, 0.857765, -80177.585938, 0.221659259259
