AMINO ACID, DSSP, SASA, GYRATE, ENERGY, RMSF
ALA, 4, 27.513, 0.849785, -79325.429688, 0.251659259259
ARG, 2, 28.194, 0.850291, -80934.703125, 0.298462962963
ASN, 15, 25.772, 0.805416, -80222.867188, 0.210481481481
ASP, 10, 27.812, 0.852024, -79964.429688, 0.207903703704
CYS, 12, 25.880, 0.848528, -80892.468750, 0.307162962963
GLN, 4, 27.956, 0.881652, -80375.812500, 0.290562962963
GLU, 6, 25.639, 0.816041, -79329.789062, 0.207940740741
GLY, 8, 26.113, 0.828586, -79768.773438, 0.230159259259
HIS, 4, 28.309, 0.880538, -80262.343750, 0.336788888889
ILE, 7, 26.632, 0.828079, -79886.703125, 0.278788888889
LEU, 7, 27.464, 0.867398, -79291.781250, 0.349325925926
LYS, 2, 27.995, 0.850879, -80843.484375, 0.242707407407
MET, 10, 26.619, 0.837525, -80424.234375, 0.221622222222
PHE, 4, 26.301, 0.832734, -80736.132812, 0.339081481481
PRO, 8, 26.074, 0.834329, -80055.359375, 0.268974074074
SER, 4, 25.017, 0.818088, -80432.570312, 0.234703703704
THR, 4, 27.709, 0.875471, -79421.148438, 0.375159259259
TRP, 2, 27.294, 0.855764, -80653.062500, 0.314955555556
TYR, 11, 28.473, 0.827872, -79768.656250, 0.270355555556
VAL, 4, 29.507, 0.843355, -80084.531250, 0.221659259259
