AMINO ACID, DSSP, SASA, GYRATE, ENERGY, RMSF
ALA, 6, 27.309, 0.821514, -81235.375000, 0.251659259259
ARG, 2, 28.267, 0.859814, -81498.046875, 0.298462962963
ASN, 10, 24.725, 0.801175, -80618.148438, 0.210481481481
ASP, 8, 26.320, 0.85008, -80261.625000, 0.207903703704
CYS, 10, 24.305, 0.850916, -79676.960938, 0.307162962963
GLN, 4, 28.129, 0.884713, -80885.218750, 0.290562962963
GLU, 10, 25.501, 0.809771, -80130.421875, 0.207940740741
GLY, 6, 26.340, 0.817411, -80373.109375, 0.230159259259
HIS, 6, 30.010, 0.874563, -79151.562500, 0.336788888889
ILE, 9, 26.363, 0.830623, -79910.117188, 0.278788888889
LEU, 3, 28.486, 0.915472, -80222.312500, 0.349325925926
LYS, 2, 29.448, 0.867041, -81033.273438, 0.242707407407
MET, 7, 25.754, 0.836035, -80063.023438, 0.221622222222
PHE, 4, 25.909, 0.848101, -79864.570312, 0.339081481481
PRO, 8, 24.107, 0.807844, -80521.703125, 0.268974074074
SER, 4, 26.250, 0.826054, -79881.031250, 0.234703703704
THR, 8, 27.224, 0.840512, -79516.132812, 0.375159259259
TRP, 2, 29.009, 0.862865, -80192.585938, 0.314955555556
TYR, 11, 26.832, 0.804585, -80562.156250, 0.270355555556
VAL, 5, 24.989, 0.794454, -79923.656250, 0.221659259259
