AMINO ACID, DSSP, SASA, GYRATE, ENERGY, RMSF
ALA, 10, 27.032, 0.823435, -80268.359375, 0.251659259259
ARG, 8, 27.179, 0.835162, -80116.148438, 0.298462962963
ASN, 6, 27.581, 0.846415, -80554.242188, 0.210481481481
ASP, 9, 27.132, 0.821548, -80262.781250, 0.207903703704
CYS, 6, 26.843, 0.866506, -79568.085938, 0.307162962963
GLN, 16, 26.026, 0.821975, -80969.179688, 0.290562962963
GLU, 10, 26.057, 0.816823, -80699.773438, 0.207940740741
GLY, 12, 25.491, 0.827248, -81637.531250, 0.230159259259
HIS, 8, 27.586, 0.847803, -81296.437500, 0.336788888889
ILE, 8, 28.677, 0.835668, -79754.875000, 0.278788888889
LEU, 10, 24.625, 0.80428, -80539.054688, 0.349325925926
LYS, 11, 25.992, 0.814512, -80641.781250, 0.242707407407
MET, 5, 26.506, 0.813679, -79485.304688, 0.221622222222
PHE, 10, 26.005, 0.792944, -79010.281250, 0.339081481481
PRO, 6, 27.926, 0.854037, -79779.343750, 0.268974074074
SER, 9, 25.116, 0.80577, -80770.750000, 0.234703703704
THR, 8, 24.714, 0.799585, -80786.593750, 0.375159259259
TRP, 6, 28.142, 0.849026, -81384.046875, 0.314955555556
TYR, 12, 27.834, 0.858679, -79011.250000, 0.270355555556
VAL, 6, 26.923, 0.835269, -79795.179688, 0.221659259259
