AMINO ACID, DSSP, SASA, GYRATE, ENERGY, RMSF
ALA, 6, 26.556, 0.815276, -80057.382812, 0.251659259259
ARG, 5, 27.470, 0.855134, -81556.968750, 0.298462962963
ASN, 10, 26.775, 0.814891, -79706.203125, 0.210481481481
ASP, 8, 27.178, 0.862156, -80317.554688, 0.207903703704
CYS, 12, 26.183, 0.838474, -80512.140625, 0.307162962963
GLN, 6, 28.059, 0.880299, -80613.031250, 0.290562962963
GLU, 6, 25.283, 0.819507, -79856.234375, 0.207940740741
GLY, 8, 24.850, 0.809484, -80832.609375, 0.230159259259
HIS, 6, 29.302, 0.891288, -79398.656250, 0.336788888889
ILE, 9, 25.757, 0.825655, -80211.085938, 0.278788888889
LEU, 7, 29.926, 0.944126, -79410.820312, 0.349325925926
LYS, 7, 29.743, 0.849157, -81654.960938, 0.242707407407
MET, 10, 26.921, 0.852453, -80753.718750, 0.221622222222
PHE, 2, 27.699, 0.857747, -79969.062500, 0.339081481481
PRO, 6, 24.577, 0.818977, -79853.351562, 0.268974074074
SER, 4, 25.710, 0.812661, -80588.328125, 0.234703703704
THR, 8, 27.004, 0.880509, -80645.703125, 0.375159259259
TRP, 2, 28.284, 0.8537, -79828.851562, 0.314955555556
TYR, 7, 26.048, 0.813098, -80672.843750, 0.270355555556
VAL, 8, 26.711, 0.823972, -80567.421875, 0.221659259259
