AMINO ACID, DSSP, SASA, GYRATE, ENERGY, RMSF
ALA, 8, 26.850, 0.838157, -79727.585938, 0.251659259259
ARG, 7, 28.610, 0.864259, -80375.031250, 0.298462962963
ASN, 12, 26.838, 0.829749, -80473.093750, 0.210481481481
ASP, 6, 27.738, 0.848329, -80513.820312, 0.207903703704
CYS, 10, 26.262, 0.847787, -80249.632812, 0.307162962963
GLN, 4, 27.779, 0.866312, -80218.828125, 0.290562962963
GLU, 8, 25.910, 0.816114, -80084.359375, 0.207940740741
GLY, 6, 26.933, 0.823329, -80379.750000, 0.230159259259
HIS, 6, 29.902, 0.901265, -80457.140625, 0.336788888889
ILE, 7, 26.995, 0.841423, -80657.609375, 0.278788888889
LEU, 2, 28.969, 0.936398, -80289.890625, 0.349325925926
LYS, 8, 28.696, 0.854343, -80397.367188, 0.242707407407
MET, 10, 26.206, 0.828313, -80296.406250, 0.221622222222
PHE, 8, 26.988, 0.842603, -80168.101562, 0.339081481481
PRO, 13, 25.768, 0.834249, -80889.132812, 0.268974074074
SER, 4, 25.551, 0.821825, -79838.375000, 0.234703703704
THR, 4, 25.878, 0.848246, -81102.062500, 0.375159259259
TRP, 2, 28.398, 0.857973, -79786.828125, 0.314955555556
TYR, 8, 27.622, 0.831344, -79717.804688, 0.270355555556
VAL, 4, 25.736, 0.803544, -80637.000000, 0.221659259259
