AMINO ACID, DSSP, SASA, GYRATE, ENERGY, RMSF
ALA, 4, 26.711, 0.845629, -80110.296875, 0.251659259259
ARG, 5, 30.071, 0.885579, -81076.625000, 0.298462962963
ASN, 10, 27.611, 0.83064, -79232.117188, 0.210481481481
ASP, 8, 28.965, 0.861614, -79916.546875, 0.207903703704
CYS, 10, 25.476, 0.828816, -79540.203125, 0.307162962963
GLN, 5, 27.651, 0.86292, -79893.750000, 0.290562962963
GLU, 5, 25.663, 0.824867, -79762.765625, 0.207940740741
GLY, 4, 26.072, 0.820637, -80148.250000, 0.230159259259
HIS, 4, 31.261, 0.880482, -80815.562500, 0.336788888889
ILE, 7, 26.547, 0.815938, -80363.187500, 0.278788888889
LEU, 7, 30.541, 0.926939, -79587.015625, 0.349325925926
LYS, 8, 28.804, 0.851691, -80280.156250, 0.242707407407
MET, 10, 27.561, 0.844367, -80610.304688, 0.221622222222
PHE, 2, 25.805, 0.843662, -80437.250000, 0.339081481481
PRO, 8, 25.325, 0.818703, -80346.171875, 0.268974074074
SER, 4, 26.139, 0.827474, -80723.570312, 0.234703703704
THR, 2, 26.564, 0.84802, -80517.515625, 0.375159259259
TRP, 2, 28.177, 0.857389, -80217.562500, 0.314955555556
TYR, 9, 28.744, 0.831512, -79835.132812, 0.270355555556
VAL, 7, 25.555, 0.810536, -80529.250000, 0.221659259259
