AMINO ACID, DSSP, SASA, GYRATE, ENERGY, RMSF
ALA, 6, 27.213, 0.832133, -80168.101562, 0.251659259259
ARG, 5, 29.178, 0.884564, -80598.773438, 0.298462962963
ASN, 8, 26.696, 0.834213, -80621.484375, 0.210481481481
ASP, 8, 28.487, 0.855212, -80483.773438, 0.207903703704
CYS, 7, 25.497, 0.832631, -79827.859375, 0.307162962963
GLN, 6, 27.286, 0.869449, -80208.101562, 0.290562962963
GLU, 10, 26.451, 0.820577, -80508.085938, 0.207940740741
GLY, 6, 25.345, 0.814734, -80450.648438, 0.230159259259
HIS, 4, 30.876, 0.890308, -79797.609375, 0.336788888889
ILE, 7, 26.129, 0.819101, -79821.132812, 0.278788888889
LEU, 7, 30.004, 0.949822, -79425.375000, 0.349325925926
LYS, 6, 29.988, 0.853719, -80821.312500, 0.242707407407
MET, 10, 27.575, 0.842271, -80228.890625, 0.221622222222
PHE, 2, 26.383, 0.865866, -80390.945312, 0.339081481481
PRO, 13, 26.126, 0.82819, -80468.781250, 0.268974074074
SER, 6, 26.209, 0.836119, -80728.515625, 0.234703703704
THR, 10, 26.574, 0.851027, -80400.289062, 0.375159259259
TRP, 0, 27.187, 0.859326, -79287.484375, 0.314955555556
TYR, 10, 26.845, 0.820271, -80573.781250, 0.270355555556
VAL, 7, 25.655, 0.810449, -80941.554688, 0.221659259259
