AMINO ACID, DSSP, SASA, GYRATE, ENERGY, RMSF
ALA, 4, 26.283, 0.833442, -80666.750000, 0.251659259259
ARG, 2, 29.279, 0.87341, -80328.851562, 0.298462962963
ASN, 14, 25.919, 0.809183, -81578.609375, 0.210481481481
ASP, 4, 27.737, 0.854609, -79988.312500, 0.207903703704
CYS, 7, 25.155, 0.839806, -80828.429688, 0.307162962963
GLN, 6, 29.251, 0.899167, -80731.570312, 0.290562962963
GLU, 9, 26.192, 0.81906, -80283.156250, 0.207940740741
GLY, 8, 24.459, 0.800878, -80194.757812, 0.230159259259
HIS, 6, 30.077, 0.88667, -79869.437500, 0.336788888889
ILE, 10, 24.722, 0.807765, -79836.046875, 0.278788888889
LEU, 5, 28.713, 0.913963, -80153.367188, 0.349325925926
LYS, 6, 29.309, 0.869591, -81257.890625, 0.242707407407
MET, 10, 26.015, 0.837789, -80256.070312, 0.221622222222
PHE, 8, 28.963, 0.8618, -79976.828125, 0.339081481481
PRO, 11, 24.946, 0.822264, -80145.187500, 0.268974074074
SER, 6, 26.227, 0.817099, -80425.968750, 0.234703703704
THR, 6, 27.334, 0.859923, -79190.695312, 0.375159259259
TRP, 0, 26.627, 0.862299, -79598.257812, 0.314955555556
TYR, 8, 28.082, 0.824734, -79158.601562, 0.270355555556
VAL, 8, 24.994, 0.807332, -79433.125000, 0.221659259259
