AMINO ACID, DSSP, SASA, GYRATE, ENERGY, RMSF
ALA, 4, 26.761, 0.83398, -80035.406250, 0.251659259259
ARG, 2, 29.423, 0.874996, -81181.226562, 0.298462962963
ASN, 6, 26.814, 0.814096, -80602.765625, 0.210481481481
ASP, 10, 27.746, 0.840894, -80255.695312, 0.207903703704
CYS, 12, 25.355, 0.843827, -79964.156250, 0.307162962963
GLN, 8, 28.431, 0.886277, -80569.046875, 0.290562962963
GLU, 4, 26.745, 0.835356, -80647.406250, 0.207940740741
GLY, 7, 25.313, 0.809533, -80210.703125, 0.230159259259
HIS, 4, 31.889, 0.920908, -80122.000000, 0.336788888889
ILE, 7, 26.827, 0.822914, -80348.804688, 0.278788888889
LEU, 3, 29.374, 0.920246, -80294.429688, 0.349325925926
LYS, 4, 27.196, 0.84004, -80652.585938, 0.242707407407
MET, 7, 26.459, 0.849377, -79692.960938, 0.221622222222
PHE, 8, 26.845, 0.853617, -79219.882812, 0.339081481481
PRO, 11, 25.476, 0.830115, -80626.937500, 0.268974074074
SER, 4, 25.668, 0.81049, -80102.687500, 0.234703703704
THR, 6, 28.217, 0.870267, -79312.718750, 0.375159259259
TRP, 2, 27.809, 0.863578, -79891.023438, 0.314955555556
TYR, 12, 25.603, 0.808987, -79771.140625, 0.270355555556
VAL, 8, 24.557, 0.794769, -79958.593750, 0.221659259259
