AMINO ACID, DSSP, SASA, GYRATE, ENERGY, RMSF
ALA, 8, 25.840, 0.819866, -80417.851562, 0.251659259259
ARG, 6, 27.687, 0.828541, -80596.359375, 0.298462962963
ASN, 8, 28.352, 0.836684, -80814.953125, 0.210481481481
ASP, 11, 25.801, 0.808017, -80166.640625, 0.207903703704
CYS, 10, 26.590, 0.849784, -80541.828125, 0.307162962963
GLN, 14, 25.951, 0.830093, -79952.640625, 0.290562962963
GLU, 10, 26.963, 0.835381, -79512.539062, 0.207940740741
GLY, 9, 24.824, 0.829027, -79356.085938, 0.230159259259
HIS, 6, 27.145, 0.848995, -81220.023438, 0.336788888889
ILE, 8, 28.739, 0.844402, -80251.742188, 0.278788888889
LEU, 11, 25.038, 0.806997, -79871.398438, 0.349325925926
LYS, 7, 26.595, 0.819967, -81173.929688, 0.242707407407
MET, 8, 26.522, 0.81636, -80313.968750, 0.221622222222
PHE, 8, 26.727, 0.804804, -79978.585938, 0.339081481481
PRO, 6, 27.710, 0.846056, -80999.132812, 0.268974074074
SER, 10, 26.094, 0.812656, -80922.656250, 0.234703703704
THR, 10, 24.335, 0.79504, -80124.859375, 0.375159259259
TRP, 4, 30.225, 0.86143, -79301.289062, 0.314955555556
TYR, 8, 28.620, 0.873155, -79404.765625, 0.270355555556
VAL, 4, 24.922, 0.824919, -79672.171875, 0.221659259259
