AMINO ACID, DSSP, SASA, GYRATE, ENERGY, RMSF
ALA, 4, 26.738, 0.82253, -79907.726562, 0.251659259259
ARG, 2, 28.768, 0.865884, -80676.578125, 0.298462962963
ASN, 12, 28.230, 0.811493, -80556.085938, 0.210481481481
ASP, 8, 28.860, 0.861187, -80120.515625, 0.207903703704
CYS, 8, 27.031, 0.845003, -80431.687500, 0.307162962963
GLN, 8, 30.279, 0.892719, -80902.039062, 0.290562962963
GLU, 8, 25.803, 0.821974, -79722.562500, 0.207940740741
GLY, 8, 24.916, 0.826056, -80468.656250, 0.230159259259
HIS, 4, 31.295, 0.889653, -79649.125000, 0.336788888889
ILE, 7, 27.179, 0.819184, -80614.406250, 0.278788888889
LEU, 7, 29.540, 0.934042, -80335.609375, 0.349325925926
LYS, 6, 28.233, 0.852739, -80151.804688, 0.242707407407
MET, 11, 26.745, 0.831725, -79984.718750, 0.221622222222
PHE, 6, 29.984, 0.923526, -79463.320312, 0.339081481481
PRO, 8, 25.485, 0.818441, -79802.140625, 0.268974074074
SER, 4, 25.154, 0.816413, -80099.085938, 0.234703703704
THR, 6, 28.796, 0.899628, -79678.648438, 0.375159259259
TRP, 2, 28.188, 0.847592, -79852.859375, 0.314955555556
TYR, 10, 25.966, 0.80578, -79702.609375, 0.270355555556
VAL, 9, 24.802, 0.79818, -79794.390625, 0.221659259259
