AMINO ACID, DSSP, SASA, GYRATE, ENERGY, RMSF
ALA, 4, 25.504, 0.8251, -79505.359375, 0.251659259259
ARG, 2, 28.442, 0.853833, -81593.710938, 0.298462962963
ASN, 14, 28.267, 0.818919, -79633.890625, 0.210481481481
ASP, 8, 27.075, 0.833463, -79603.242188, 0.207903703704
CYS, 10, 27.133, 0.841638, -79924.500000, 0.307162962963
GLN, 8, 28.609, 0.895824, -80843.882812, 0.290562962963
GLU, 7, 25.782, 0.825682, -79298.093750, 0.207940740741
GLY, 6, 26.290, 0.828564, -80244.257812, 0.230159259259
HIS, 4, 31.013, 0.87042, -79491.859375, 0.336788888889
ILE, 9, 25.676, 0.823315, -80322.390625, 0.278788888889
LEU, 7, 29.521, 0.931856, -80555.421875, 0.349325925926
LYS, 6, 29.174, 0.864282, -81116.125000, 0.242707407407
MET, 10, 26.656, 0.840735, -80152.210938, 0.221622222222
PHE, 8, 30.211, 0.923507, -80230.054688, 0.339081481481
PRO, 8, 24.120, 0.810051, -79947.468750, 0.268974074074
SER, 4, 26.245, 0.825744, -80446.093750, 0.234703703704
THR, 6, 29.910, 0.893428, -79759.234375, 0.375159259259
TRP, 0, 27.778, 0.861329, -80224.328125, 0.314955555556
TYR, 8, 27.669, 0.834087, -80368.656250, 0.270355555556
VAL, 5, 24.298, 0.798157, -79566.359375, 0.221659259259
