AMINO ACID, DSSP, SASA, GYRATE, ENERGY, RMSF
ALA, 6, 26.542, 0.824838, -80195.703125, 0.251659259259
ARG, 2, 27.691, 0.863882, -81275.296875, 0.298462962963
ASN, 12, 28.775, 0.814699, -80377.875000, 0.210481481481
ASP, 6, 28.003, 0.828376, -80573.609375, 0.207903703704
CYS, 15, 25.411, 0.836118, -81176.656250, 0.307162962963
GLN, 8, 29.040, 0.893271, -80852.828125, 0.290562962963
GLU, 6, 25.528, 0.811745, -80619.359375, 0.207940740741
GLY, 8, 25.306, 0.810715, -81146.820312, 0.230159259259
HIS, 4, 30.143, 0.869086, -79701.929688, 0.336788888889
ILE, 5, 27.311, 0.836908, -79904.875000, 0.278788888889
LEU, 9, 29.134, 0.922358, -79189.156250, 0.349325925926
LYS, 4, 27.641, 0.857572, -81064.687500, 0.242707407407
MET, 10, 25.506, 0.834412, -80508.343750, 0.221622222222
PHE, 8, 28.192, 0.886841, -80284.906250, 0.339081481481
PRO, 13, 24.596, 0.828014, -80458.726562, 0.268974074074
SER, 4, 24.778, 0.809654, -80542.046875, 0.234703703704
THR, 6, 27.851, 0.862765, -79502.406250, 0.375159259259
TRP, 2, 26.406, 0.864027, -79862.453125, 0.314955555556
TYR, 9, 27.478, 0.844028, -80096.718750, 0.270355555556
VAL, 7, 23.522, 0.791912, -80399.796875, 0.221659259259
