AMINO ACID, DSSP, SASA, GYRATE, ENERGY, RMSF
ALA, 6, 26.081, 0.817422, -79302.898438, 0.251659259259
ARG, 8, 28.478, 0.841019, -81089.203125, 0.298462962963
ASN, 8, 27.933, 0.833582, -80263.867188, 0.210481481481
ASP, 10, 24.616, 0.798079, -80067.101562, 0.207903703704
CYS, 10, 29.531, 0.876716, -80244.359375, 0.307162962963
GLN, 10, 25.860, 0.814836, -79909.750000, 0.290562962963
GLU, 4, 28.963, 0.849057, -80190.875000, 0.207940740741
GLY, 10, 28.321, 0.840423, -80652.085938, 0.230159259259
HIS, 14, 28.403, 0.863051, -80534.726562, 0.336788888889
ILE, 4, 28.628, 0.836169, -81028.812500, 0.278788888889
LEU, 12, 26.143, 0.814673, -80024.195312, 0.349325925926
LYS, 6, 27.325, 0.815929, -80793.156250, 0.242707407407
MET, 11, 27.275, 0.824198, -80473.226562, 0.221622222222
PHE, 6, 26.030, 0.81969, -80882.906250, 0.339081481481
PRO, 8, 28.014, 0.85469, -79798.703125, 0.268974074074
SER, 8, 26.442, 0.826542, -80533.328125, 0.234703703704
THR, 8, 25.173, 0.812437, -80072.070312, 0.375159259259
TRP, 6, 28.987, 0.844004, -80277.031250, 0.314955555556
TYR, 11, 28.490, 0.841994, -80188.859375, 0.270355555556
VAL, 8, 24.744, 0.809873, -79732.312500, 0.221659259259
