AMINO ACID, DSSP, SASA, GYRATE, ENERGY, RMSF
ALA, 4, 27.303, 0.839968, -80393.992188, 0.251659259259
ARG, 2, 27.142, 0.859542, -81396.804688, 0.298462962963
ASN, 12, 25.359, 0.799272, -80228.570312, 0.210481481481
ASP, 8, 28.433, 0.840993, -80125.226562, 0.207903703704
CYS, 12, 25.795, 0.833401, -80160.703125, 0.307162962963
GLN, 6, 29.194, 0.883225, -80704.171875, 0.290562962963
GLU, 8, 25.253, 0.832821, -80161.656250, 0.207940740741
GLY, 8, 26.491, 0.815097, -80042.656250, 0.230159259259
HIS, 4, 32.755, 0.894861, -80397.570312, 0.336788888889
ILE, 7, 26.841, 0.840112, -79451.835938, 0.278788888889
LEU, 2, 28.248, 0.942894, -80717.820312, 0.349325925926
LYS, 4, 29.340, 0.86871, -80890.132812, 0.242707407407
MET, 10, 26.450, 0.834931, -80270.554688, 0.221622222222
PHE, 6, 29.854, 0.938475, -80745.234375, 0.339081481481
PRO, 13, 25.065, 0.811848, -79484.546875, 0.268974074074
SER, 6, 26.880, 0.829269, -80415.640625, 0.234703703704
THR, 6, 28.035, 0.871518, -79917.734375, 0.375159259259
TRP, 2, 27.398, 0.86308, -80601.804688, 0.314955555556
TYR, 7, 29.219, 0.864616, -80301.539062, 0.270355555556
VAL, 9, 24.819, 0.797957, -80896.078125, 0.221659259259
