AMINO ACID, DSSP, SASA, GYRATE, ENERGY, RMSF
ALA, 4, 27.599, 0.842747, -80575.812500, 0.251659259259
ARG, 2, 26.879, 0.851651, -81085.320312, 0.298462962963
ASN, 11, 25.298, 0.810726, -80363.578125, 0.210481481481
ASP, 10, 29.112, 0.839814, -79285.195312, 0.207903703704
CYS, 10, 25.274, 0.837426, -80856.992188, 0.307162962963
GLN, 8, 29.555, 0.884579, -79845.312500, 0.290562962963
GLU, 10, 25.606, 0.816881, -79958.265625, 0.207940740741
GLY, 8, 25.720, 0.808818, -80342.554688, 0.230159259259
HIS, 6, 31.793, 0.890203, -79895.343750, 0.336788888889
ILE, 7, 26.407, 0.836271, -80627.859375, 0.278788888889
LEU, 9, 28.874, 0.925298, -79721.773438, 0.349325925926
LYS, 8, 30.670, 0.848433, -80767.890625, 0.242707407407
MET, 10, 26.073, 0.819246, -79832.312500, 0.221622222222
PHE, 2, 29.108, 0.923313, -79527.812500, 0.339081481481
PRO, 8, 25.700, 0.824241, -80545.953125, 0.268974074074
SER, 4, 26.067, 0.825675, -80782.117188, 0.234703703704
THR, 4, 27.848, 0.861036, -79829.406250, 0.375159259259
TRP, 2, 27.520, 0.857138, -80103.171875, 0.314955555556
TYR, 7, 28.396, 0.85884, -79984.562500, 0.270355555556
VAL, 5, 24.685, 0.790298, -79661.750000, 0.221659259259
