AMINO ACID, DSSP, SASA, GYRATE, ENERGY, RMSF
ALA, 4, 27.989, 0.842718, -81339.226562, 0.251659259259
ARG, 4, 27.882, 0.859619, -80375.968750, 0.298462962963
ASN, 8, 26.508, 0.817307, -80106.539062, 0.210481481481
ASP, 8, 27.667, 0.831388, -80535.390625, 0.207903703704
CYS, 10, 26.609, 0.837853, -80142.000000, 0.307162962963
GLN, 8, 29.054, 0.888003, -80176.859375, 0.290562962963
GLU, 10, 24.549, 0.816376, -79639.804688, 0.207940740741
GLY, 8, 25.305, 0.814343, -80334.265625, 0.230159259259
HIS, 4, 30.618, 0.882305, -79911.796875, 0.336788888889
ILE, 7, 27.231, 0.844397, -78927.453125, 0.278788888889
LEU, 3, 28.138, 0.923937, -81017.421875, 0.349325925926
LYS, 6, 29.254, 0.855614, -80509.515625, 0.242707407407
MET, 10, 25.798, 0.830385, -80079.671875, 0.221622222222
PHE, 4, 27.874, 0.925676, -79914.328125, 0.339081481481
PRO, 11, 25.247, 0.830457, -80965.007812, 0.268974074074
SER, 6, 26.446, 0.827833, -80120.671875, 0.234703703704
THR, 8, 29.578, 0.866531, -79623.000000, 0.375159259259
TRP, 2, 29.340, 0.858397, -80652.562500, 0.314955555556
TYR, 7, 27.713, 0.855687, -80332.203125, 0.270355555556
VAL, 6, 25.499, 0.806212, -80249.859375, 0.221659259259
