AMINO ACID, DSSP, SASA, GYRATE, ENERGY, RMSF
ALA, 6, 26.530, 0.822788, -80645.250000, 0.251659259259
ARG, 6, 27.103, 0.835599, -80851.726562, 0.298462962963
ASN, 8, 27.083, 0.826612, -80103.968750, 0.210481481481
ASP, 9, 27.157, 0.825, -79564.859375, 0.207903703704
CYS, 8, 28.972, 0.881825, -80150.000000, 0.307162962963
GLN, 12, 25.167, 0.826204, -80053.343750, 0.290562962963
GLU, 16, 27.105, 0.829375, -79806.554688, 0.207940740741
GLY, 10, 25.300, 0.84681, -80874.554688, 0.230159259259
HIS, 10, 28.174, 0.864929, -80325.648438, 0.336788888889
ILE, 8, 27.237, 0.829853, -80360.601562, 0.278788888889
LEU, 11, 25.848, 0.797584, -79034.687500, 0.349325925926
LYS, 9, 27.690, 0.835195, -79817.281250, 0.242707407407
MET, 5, 26.415, 0.813057, -79283.843750, 0.221622222222
PHE, 8, 26.295, 0.812052, -80443.781250, 0.339081481481
PRO, 6, 26.202, 0.840868, -80833.148438, 0.268974074074
SER, 12, 25.079, 0.804855, -80604.085938, 0.234703703704
THR, 8, 26.632, 0.803514, -78674.843750, 0.375159259259
TRP, 6, 30.029, 0.876289, -80159.796875, 0.314955555556
TYR, 7, 27.017, 0.864501, -80087.484375, 0.270355555556
VAL, 8, 27.715, 0.849367, -79348.093750, 0.221659259259
