AMINO ACID, DSSP, SASA, GYRATE, ENERGY, RMSF
ALA, 4, 26.491, 0.834186, -80528.242188, 0.251659259259
ARG, 2, 27.192, 0.854232, -80136.484375, 0.298462962963
ASN, 10, 25.605, 0.794768, -80512.296875, 0.210481481481
ASP, 8, 26.997, 0.837494, -80818.531250, 0.207903703704
CYS, 14, 26.289, 0.840583, -80224.125000, 0.307162962963
GLN, 6, 28.706, 0.880898, -80698.757812, 0.290562962963
GLU, 6, 25.859, 0.829231, -80185.140625, 0.207940740741
GLY, 6, 26.388, 0.822913, -80757.960938, 0.230159259259
HIS, 4, 32.576, 0.905715, -80849.671875, 0.336788888889
ILE, 7, 25.639, 0.83579, -79805.281250, 0.278788888889
LEU, 6, 28.617, 0.909495, -80553.804688, 0.349325925926
LYS, 8, 27.971, 0.837564, -80827.046875, 0.242707407407
MET, 10, 26.338, 0.827542, -80460.187500, 0.221622222222
PHE, 2, 28.488, 0.951609, -80700.078125, 0.339081481481
PRO, 8, 25.451, 0.820702, -80039.296875, 0.268974074074
SER, 4, 28.387, 0.844206, -80331.578125, 0.234703703704
THR, 6, 25.310, 0.85129, -80619.296875, 0.375159259259
TRP, 0, 29.045, 0.877361, -81226.890625, 0.314955555556
TYR, 6, 28.576, 0.848131, -79692.742188, 0.270355555556
VAL, 4, 25.991, 0.814026, -80669.609375, 0.221659259259
