AMINO ACID, DSSP, SASA, GYRATE, ENERGY, RMSF
ALA, 6, 26.796, 0.825365, -80296.351562, 0.251659259259
ARG, 2, 27.530, 0.863028, -80592.406250, 0.298462962963
ASN, 10, 25.475, 0.797741, -80294.906250, 0.210481481481
ASP, 10, 27.820, 0.833481, -79680.671875, 0.207903703704
CYS, 12, 28.061, 0.863079, -80123.796875, 0.307162962963
GLN, 5, 26.148, 0.880452, -80488.992188, 0.290562962963
GLU, 8, 24.725, 0.822275, -79741.578125, 0.207940740741
GLY, 8, 23.723, 0.809516, -79875.429688, 0.230159259259
HIS, 4, 30.084, 0.889561, -79255.281250, 0.336788888889
ILE, 7, 24.670, 0.833323, -80061.562500, 0.278788888889
LEU, 9, 27.625, 0.911079, -81108.500000, 0.349325925926
LYS, 6, 28.412, 0.860891, -80880.046875, 0.242707407407
MET, 10, 27.281, 0.829997, -79959.031250, 0.221622222222
PHE, 8, 29.919, 0.990117, -79529.953125, 0.339081481481
PRO, 6, 26.339, 0.836396, -80119.828125, 0.268974074074
SER, 2, 26.665, 0.825252, -79550.492188, 0.234703703704
THR, 6, 25.910, 0.854318, -80496.093750, 0.375159259259
TRP, 5, 26.847, 0.857871, -79174.625000, 0.314955555556
TYR, 10, 26.566, 0.841833, -80378.523438, 0.270355555556
VAL, 2, 25.143, 0.798673, -80901.250000, 0.221659259259
