AMINO ACID, DSSP, SASA, GYRATE, ENERGY, RMSF
ALA, 6, 26.994, 0.818211, -80516.054688, 0.251659259259
ARG, 2, 26.957, 0.852489, -81374.562500, 0.298462962963
ASN, 12, 25.314, 0.796384, -80957.765625, 0.210481481481
ASP, 10, 27.444, 0.834775, -80077.953125, 0.207903703704
CYS, 15, 27.769, 0.843799, -80146.734375, 0.307162962963
GLN, 5, 27.333, 0.889108, -80883.554688, 0.290562962963
GLU, 10, 24.071, 0.81108, -80805.078125, 0.207940740741
GLY, 8, 23.656, 0.786189, -79569.812500, 0.230159259259
HIS, 4, 33.309, 0.918041, -80435.875000, 0.336788888889
ILE, 9, 25.425, 0.832991, -80942.125000, 0.278788888889
LEU, 7, 28.294, 0.912181, -79818.750000, 0.349325925926
LYS, 6, 28.240, 0.842503, -81239.187500, 0.242707407407
MET, 10, 25.104, 0.822437, -79556.328125, 0.221622222222
PHE, 6, 28.782, 0.963656, -80241.281250, 0.339081481481
PRO, 6, 26.500, 0.833832, -79660.468750, 0.268974074074
SER, 4, 26.575, 0.823752, -79147.015625, 0.234703703704
THR, 6, 26.162, 0.857458, -80616.054688, 0.375159259259
TRP, 2, 27.927, 0.864785, -79493.273438, 0.314955555556
TYR, 7, 26.871, 0.846518, -80761.062500, 0.270355555556
VAL, 6, 25.885, 0.806908, -80778.562500, 0.221659259259
