AMINO ACID, DSSP, SASA, GYRATE, ENERGY, RMSF
ALA, 4, 26.243, 0.815035, -80020.640625, 0.251659259259
ARG, 2, 27.483, 0.853286, -80847.593750, 0.298462962963
ASN, 14, 26.651, 0.801002, -80455.140625, 0.210481481481
ASP, 8, 27.461, 0.843004, -81673.937500, 0.207903703704
CYS, 10, 26.636, 0.847687, -80257.968750, 0.307162962963
GLN, 0, 28.822, 0.891697, -80415.515625, 0.290562962963
GLU, 7, 25.033, 0.822635, -80286.523438, 0.207940740741
GLY, 10, 23.988, 0.798552, -80132.828125, 0.230159259259
HIS, 4, 33.309, 0.918196, -79748.765625, 0.336788888889
ILE, 7, 26.012, 0.830466, -80419.203125, 0.278788888889
LEU, 6, 28.072, 0.920034, -79702.625000, 0.349325925926
LYS, 8, 28.280, 0.847546, -80819.343750, 0.242707407407
MET, 7, 25.595, 0.825874, -80193.421875, 0.221622222222
PHE, 10, 28.349, 0.972264, -80487.046875, 0.339081481481
PRO, 4, 26.574, 0.840264, -80322.921875, 0.268974074074
SER, 4, 26.800, 0.834235, -80111.390625, 0.234703703704
THR, 6, 26.425, 0.849234, -80453.828125, 0.375159259259
TRP, 2, 27.594, 0.852683, -80359.875000, 0.314955555556
TYR, 9, 28.093, 0.845057, -80418.937500, 0.270355555556
VAL, 10, 24.875, 0.812956, -80008.953125, 0.221659259259
