AMINO ACID, DSSP, SASA, GYRATE, ENERGY, RMSF
ALA, 4, 27.371, 0.831594, -80211.062500, 0.251659259259
ARG, 2, 26.650, 0.858385, -80651.632812, 0.298462962963
ASN, 10, 25.448, 0.80386, -80505.234375, 0.210481481481
ASP, 6, 26.825, 0.84464, -80516.289062, 0.207903703704
CYS, 10, 25.368, 0.845058, -79610.062500, 0.307162962963
GLN, 4, 28.493, 0.892778, -80636.429688, 0.290562962963
GLU, 9, 24.910, 0.817382, -79622.187500, 0.207940740741
GLY, 10, 24.127, 0.798043, -80480.023438, 0.230159259259
HIS, 4, 32.751, 0.906935, -80870.328125, 0.336788888889
ILE, 6, 25.476, 0.826285, -79633.085938, 0.278788888889
LEU, 9, 27.403, 0.911417, -80258.929688, 0.349325925926
LYS, 6, 28.857, 0.844669, -80742.468750, 0.242707407407
MET, 7, 26.474, 0.831337, -79737.187500, 0.221622222222
PHE, 8, 28.836, 0.969682, -80569.289062, 0.339081481481
PRO, 4, 27.155, 0.841391, -80854.851562, 0.268974074074
SER, 4, 24.918, 0.821377, -80071.046875, 0.234703703704
THR, 6, 27.212, 0.851076, -79802.242188, 0.375159259259
TRP, 2, 27.403, 0.85267, -79781.171875, 0.314955555556
TYR, 9, 28.018, 0.850257, -80500.117188, 0.270355555556
VAL, 7, 24.696, 0.802354, -80615.390625, 0.221659259259
