AMINO ACID, DSSP, SASA, GYRATE, ENERGY, RMSF
ALA, 4, 28.093, 0.847632, -80732.898438, 0.251659259259
ARG, 2, 28.818, 0.868954, -80881.078125, 0.298462962963
ASN, 12, 26.161, 0.810457, -80344.656250, 0.210481481481
ASP, 10, 27.144, 0.842138, -79438.023438, 0.207903703704
CYS, 10, 27.000, 0.848726, -79368.453125, 0.307162962963
GLN, 6, 29.133, 0.902532, -79939.523438, 0.290562962963
GLU, 9, 26.235, 0.828711, -79999.492188, 0.207940740741
GLY, 8, 23.446, 0.799838, -79621.929688, 0.230159259259
HIS, 4, 33.727, 0.936541, -80078.101562, 0.336788888889
ILE, 9, 26.612, 0.827082, -80903.789062, 0.278788888889
LEU, 7, 28.547, 0.935099, -79670.687500, 0.349325925926
LYS, 8, 28.125, 0.846178, -81383.484375, 0.242707407407
MET, 9, 26.771, 0.822721, -79812.078125, 0.221622222222
PHE, 8, 29.765, 0.97905, -80560.492188, 0.339081481481
PRO, 9, 25.538, 0.831266, -80870.562500, 0.268974074074
SER, 4, 26.227, 0.834764, -80602.679688, 0.234703703704
THR, 4, 25.526, 0.843022, -82176.406250, 0.375159259259
TRP, 0, 27.641, 0.859191, -80738.968750, 0.314955555556
TYR, 6, 27.004, 0.845088, -80050.179688, 0.270355555556
VAL, 11, 26.228, 0.811267, -79767.117188, 0.221659259259
