AMINO ACID, DSSP, SASA, GYRATE, ENERGY, RMSF
ALA, 4, 25.508, 0.821917, -80322.609375, 0.251659259259
ARG, 2, 27.789, 0.858357, -80667.515625, 0.298462962963
ASN, 10, 26.456, 0.818795, -80723.695312, 0.210481481481
ASP, 12, 26.986, 0.842583, -80063.867188, 0.207903703704
CYS, 13, 26.122, 0.842606, -80255.898438, 0.307162962963
GLN, 5, 28.485, 0.927047, -80763.656250, 0.290562962963
GLU, 9, 25.884, 0.830357, -80311.117188, 0.207940740741
GLY, 10, 23.585, 0.79603, -79721.085938, 0.230159259259
HIS, 4, 32.118, 0.912338, -79591.195312, 0.336788888889
ILE, 7, 27.706, 0.834491, -79668.062500, 0.278788888889
LEU, 5, 29.207, 0.938788, -80394.085938, 0.349325925926
LYS, 6, 27.810, 0.841144, -81150.000000, 0.242707407407
MET, 10, 25.131, 0.817572, -79912.875000, 0.221622222222
PHE, 6, 29.388, 0.939524, -79615.796875, 0.339081481481
PRO, 5, 25.580, 0.827614, -80617.023438, 0.268974074074
SER, 6, 26.235, 0.83107, -80062.976562, 0.234703703704
THR, 6, 26.854, 0.854181, -80222.085938, 0.375159259259
TRP, 0, 27.301, 0.852872, -79535.953125, 0.314955555556
TYR, 7, 27.405, 0.850009, -79937.921875, 0.270355555556
VAL, 12, 25.924, 0.81076, -80633.625000, 0.221659259259
