AMINO ACID, DSSP, SASA, GYRATE, ENERGY, RMSF
ALA, 4, 25.562, 0.819614, -80581.296875, 0.251659259259
ARG, 2, 26.759, 0.859801, -80949.718750, 0.298462962963
ASN, 10, 26.308, 0.805642, -79801.367188, 0.210481481481
ASP, 8, 27.695, 0.841085, -79341.093750, 0.207903703704
CYS, 12, 25.681, 0.847746, -79991.640625, 0.307162962963
GLN, 6, 28.088, 0.922047, -79382.187500, 0.290562962963
GLU, 10, 24.294, 0.828033, -80137.984375, 0.207940740741
GLY, 10, 24.151, 0.798161, -80765.398438, 0.230159259259
HIS, 4, 32.448, 0.916788, -80537.328125, 0.336788888889
ILE, 9, 26.999, 0.831625, -80304.890625, 0.278788888889
LEU, 5, 28.545, 0.941401, -79755.625000, 0.349325925926
LYS, 10, 27.754, 0.844287, -79725.296875, 0.242707407407
MET, 11, 26.023, 0.826067, -80031.523438, 0.221622222222
PHE, 4, 30.123, 0.935385, -80095.484375, 0.339081481481
PRO, 7, 25.111, 0.821857, -79506.882812, 0.268974074074
SER, 2, 26.025, 0.825551, -79599.164062, 0.234703703704
THR, 8, 26.507, 0.85378, -79606.109375, 0.375159259259
TRP, 2, 25.750, 0.845858, -79442.750000, 0.314955555556
TYR, 7, 26.169, 0.848336, -78849.015625, 0.270355555556
VAL, 10, 24.355, 0.792921, -80211.171875, 0.221659259259
