AMINO ACID, DSSP, SASA, GYRATE, ENERGY, RMSF
ALA, 4, 26.320, 0.824196, -79479.968750, 0.251659259259
ARG, 2, 28.407, 0.876347, -81035.828125, 0.298462962963
ASN, 8, 25.853, 0.804286, -80704.421875, 0.210481481481
ASP, 8, 27.057, 0.851273, -80004.500000, 0.207903703704
CYS, 14, 26.303, 0.838636, -80521.093750, 0.307162962963
GLN, 6, 27.993, 0.913264, -81656.734375, 0.290562962963
GLU, 5, 26.272, 0.834047, -80097.210938, 0.207940740741
GLY, 8, 24.100, 0.806254, -79274.148438, 0.230159259259
HIS, 4, 33.963, 0.964077, -79850.578125, 0.336788888889
ILE, 7, 27.074, 0.818968, -79815.476562, 0.278788888889
LEU, 5, 29.193, 0.932114, -80981.929688, 0.349325925926
LYS, 8, 26.982, 0.832636, -80596.812500, 0.242707407407
MET, 8, 27.208, 0.826952, -79466.906250, 0.221622222222
PHE, 4, 28.686, 0.964318, -79546.781250, 0.339081481481
PRO, 5, 26.565, 0.822916, -80526.523438, 0.268974074074
SER, 4, 27.313, 0.834532, -79963.554688, 0.234703703704
THR, 4, 25.187, 0.839691, -81180.171875, 0.375159259259
TRP, 0, 26.821, 0.842014, -79912.484375, 0.314955555556
TYR, 7, 26.980, 0.829001, -79497.312500, 0.270355555556
VAL, 7, 25.814, 0.8016, -79645.343750, 0.221659259259
