AMINO ACID, DSSP, SASA, GYRATE, ENERGY, RMSF
ALA, 4, 26.979, 0.831618, -80197.359375, 0.251659259259
ARG, 2, 29.048, 0.862948, -80157.250000, 0.298462962963
ASN, 8, 25.865, 0.808574, -80669.109375, 0.210481481481
ASP, 8, 27.223, 0.834055, -80520.726562, 0.207903703704
CYS, 10, 26.911, 0.858041, -80315.906250, 0.307162962963
GLN, 7, 28.020, 0.915242, -80121.906250, 0.290562962963
GLU, 11, 26.015, 0.828825, -80253.843750, 0.207940740741
GLY, 6, 25.017, 0.803726, -80870.132812, 0.230159259259
HIS, 6, 33.305, 0.973427, -80461.617188, 0.336788888889
ILE, 7, 25.822, 0.832586, -79571.906250, 0.278788888889
LEU, 7, 30.432, 0.925148, -80332.539062, 0.349325925926
LYS, 8, 28.262, 0.834515, -80893.062500, 0.242707407407
MET, 10, 26.700, 0.832921, -81211.828125, 0.221622222222
PHE, 10, 27.790, 0.966461, -79733.812500, 0.339081481481
PRO, 7, 26.629, 0.837755, -79467.562500, 0.268974074074
SER, 4, 26.836, 0.828283, -79792.468750, 0.234703703704
THR, 4, 26.022, 0.860906, -79650.406250, 0.375159259259
TRP, 0, 27.874, 0.857658, -79572.398438, 0.314955555556
TYR, 7, 26.585, 0.823789, -80110.500000, 0.270355555556
VAL, 5, 26.805, 0.804919, -79185.593750, 0.221659259259
