AMINO ACID, DSSP, SASA, GYRATE, ENERGY, RMSF
ALA, 6, 25.995, 0.821568, -79675.109375, 0.251659259259
ARG, 8, 28.097, 0.840074, -80077.828125, 0.298462962963
ASN, 8, 27.623, 0.82654, -80904.875000, 0.210481481481
ASP, 9, 27.346, 0.82445, -80673.312500, 0.207903703704
CYS, 8, 27.779, 0.854271, -80341.562500, 0.307162962963
GLN, 8, 24.644, 0.824108, -79461.687500, 0.290562962963
GLU, 12, 26.900, 0.82632, -80696.382812, 0.207940740741
GLY, 11, 25.198, 0.828759, -80987.765625, 0.230159259259
HIS, 6, 28.357, 0.861528, -80012.734375, 0.336788888889
ILE, 8, 25.921, 0.837769, -79836.875000, 0.278788888889
LEU, 11, 26.836, 0.814474, -79560.406250, 0.349325925926
LYS, 9, 27.602, 0.824278, -79686.531250, 0.242707407407
MET, 10, 26.760, 0.833472, -79582.296875, 0.221622222222
PHE, 10, 26.711, 0.810195, -79974.843750, 0.339081481481
PRO, 6, 28.050, 0.84615, -80578.140625, 0.268974074074
SER, 9, 26.871, 0.819983, -80223.585938, 0.234703703704
THR, 8, 25.912, 0.800736, -79759.484375, 0.375159259259
TRP, 4, 29.744, 0.858892, -79153.140625, 0.314955555556
TYR, 7, 26.934, 0.853713, -80530.625000, 0.270355555556
VAL, 8, 26.861, 0.83174, -79903.593750, 0.221659259259
