AMINO ACID, DSSP, SASA, GYRATE, ENERGY, RMSF
ALA, 7, 26.872, 0.822308, -79436.101562, 0.251659259259
ARG, 2, 27.931, 0.865983, -80857.906250, 0.298462962963
ASN, 8, 27.353, 0.820873, -80296.140625, 0.210481481481
ASP, 8, 28.836, 0.849369, -80356.218750, 0.207903703704
CYS, 8, 26.255, 0.839498, -80018.507812, 0.307162962963
GLN, 6, 27.186, 0.875116, -81286.093750, 0.290562962963
GLU, 7, 24.478, 0.807418, -79767.171875, 0.207940740741
GLY, 10, 24.981, 0.811765, -81608.171875, 0.230159259259
HIS, 4, 29.757, 0.943593, -79426.687500, 0.336788888889
ILE, 9, 25.612, 0.820883, -80134.281250, 0.278788888889
LEU, 7, 29.257, 0.941522, -80414.195312, 0.349325925926
LYS, 6, 27.237, 0.845193, -79726.781250, 0.242707407407
MET, 8, 25.983, 0.819673, -80611.203125, 0.221622222222
PHE, 6, 28.172, 0.963195, -80788.304688, 0.339081481481
PRO, 6, 26.339, 0.844561, -80724.781250, 0.268974074074
SER, 2, 26.624, 0.821381, -80713.218750, 0.234703703704
THR, 2, 28.049, 0.897778, -80484.734375, 0.375159259259
TRP, 0, 27.126, 0.867564, -80346.390625, 0.314955555556
TYR, 11, 26.640, 0.845176, -79424.507812, 0.270355555556
VAL, 8, 25.927, 0.805937, -79163.789062, 0.221659259259
