AMINO ACID, DSSP, SASA, GYRATE, ENERGY, RMSF
ALA, 6, 27.977, 0.841609, -79572.851562, 0.251659259259
ARG, 4, 27.799, 0.867632, -79746.601562, 0.298462962963
ASN, 10, 28.648, 0.82726, -81381.000000, 0.210481481481
ASP, 8, 28.099, 0.833294, -79759.078125, 0.207903703704
CYS, 10, 25.980, 0.831423, -80234.937500, 0.307162962963
GLN, 6, 28.405, 0.885259, -80373.906250, 0.290562962963
GLU, 8, 24.053, 0.816335, -80539.296875, 0.207940740741
GLY, 7, 24.583, 0.809695, -80574.914062, 0.230159259259
HIS, 6, 30.746, 0.97979, -79534.804688, 0.336788888889
ILE, 9, 27.121, 0.837064, -80132.578125, 0.278788888889
LEU, 7, 29.240, 0.935001, -80299.062500, 0.349325925926
LYS, 6, 28.419, 0.837919, -80516.554688, 0.242707407407
MET, 10, 27.666, 0.816272, -80514.781250, 0.221622222222
PHE, 6, 28.295, 0.95005, -80183.875000, 0.339081481481
PRO, 6, 26.903, 0.841354, -79949.812500, 0.268974074074
SER, 4, 26.848, 0.827021, -80372.492188, 0.234703703704
THR, 2, 28.021, 0.886634, -79936.906250, 0.375159259259
TRP, 0, 28.714, 0.872901, -79510.515625, 0.314955555556
TYR, 7, 28.021, 0.843019, -79496.632812, 0.270355555556
VAL, 7, 24.618, 0.799683, -79308.593750, 0.221659259259
