AMINO ACID, DSSP, SASA, GYRATE, ENERGY, RMSF
ALA, 6, 25.526, 0.816382, -79886.242188, 0.251659259259
ARG, 2, 28.387, 0.862302, -80945.953125, 0.298462962963
ASN, 8, 27.450, 0.821438, -79618.789062, 0.210481481481
ASP, 8, 27.973, 0.83592, -80442.812500, 0.207903703704
CYS, 8, 25.209, 0.830448, -80848.242188, 0.307162962963
GLN, 6, 26.694, 0.882473, -79877.984375, 0.290562962963
GLU, 10, 24.632, 0.819132, -78791.125000, 0.207940740741
GLY, 8, 26.221, 0.821127, -80471.015625, 0.230159259259
HIS, 2, 32.434, 0.979606, -79720.453125, 0.336788888889
ILE, 7, 24.924, 0.818735, -80082.507812, 0.278788888889
LEU, 7, 29.686, 0.925864, -79588.789062, 0.349325925926
LYS, 8, 28.474, 0.842881, -80522.140625, 0.242707407407
MET, 12, 25.919, 0.814759, -81206.992188, 0.221622222222
PHE, 4, 30.387, 0.961365, -81068.367188, 0.339081481481
PRO, 11, 26.665, 0.840446, -80246.445312, 0.268974074074
SER, 4, 25.210, 0.818228, -80403.953125, 0.234703703704
THR, 4, 28.923, 0.895472, -80197.015625, 0.375159259259
TRP, 0, 28.664, 0.852683, -79466.375000, 0.314955555556
TYR, 7, 25.772, 0.832485, -79107.179688, 0.270355555556
VAL, 7, 24.022, 0.781522, -79845.812500, 0.221659259259
