AMINO ACID, DSSP, SASA, GYRATE, ENERGY, RMSF
ALA, 4, 25.040, 0.811973, -79398.406250, 0.251659259259
ARG, 2, 28.163, 0.873909, -80858.718750, 0.298462962963
ASN, 8, 26.844, 0.803096, -80022.437500, 0.210481481481
ASP, 6, 27.990, 0.836811, -80194.914062, 0.207903703704
CYS, 12, 25.719, 0.835294, -79987.984375, 0.307162962963
GLN, 4, 26.233, 0.877358, -79329.929688, 0.290562962963
GLU, 9, 25.831, 0.825298, -80939.906250, 0.207940740741
GLY, 8, 25.604, 0.813885, -80767.179688, 0.230159259259
HIS, 4, 30.179, 0.946432, -80222.875000, 0.336788888889
ILE, 9, 25.428, 0.827118, -79619.445312, 0.278788888889
LEU, 9, 28.152, 0.944802, -81239.429688, 0.349325925926
LYS, 4, 28.244, 0.851817, -80403.835938, 0.242707407407
MET, 10, 25.032, 0.816499, -79195.992188, 0.221622222222
PHE, 6, 30.191, 0.958929, -79427.507812, 0.339081481481
PRO, 6, 25.265, 0.839376, -80233.406250, 0.268974074074
SER, 6, 25.897, 0.822237, -80362.414062, 0.234703703704
THR, 4, 27.248, 0.869552, -79570.265625, 0.375159259259
TRP, 2, 27.752, 0.856962, -80810.921875, 0.314955555556
TYR, 9, 28.131, 0.836038, -79557.398438, 0.270355555556
VAL, 5, 25.772, 0.807521, -80170.070312, 0.221659259259
