AMINO ACID, DSSP, SASA, GYRATE, ENERGY, RMSF
ALA, 4, 24.448, 0.817184, -80217.515625, 0.251659259259
ARG, 2, 27.031, 0.86308, -81016.187500, 0.298462962963
ASN, 10, 26.192, 0.802047, -80827.531250, 0.210481481481
ASP, 6, 27.945, 0.836532, -79521.687500, 0.207903703704
CYS, 10, 26.492, 0.835013, -80081.390625, 0.307162962963
GLN, 4, 27.324, 0.881292, -80572.210938, 0.290562962963
GLU, 8, 25.361, 0.815475, -80039.804688, 0.207940740741
GLY, 6, 25.740, 0.826247, -79546.179688, 0.230159259259
HIS, 4, 30.347, 0.961221, -80837.750000, 0.336788888889
ILE, 4, 25.410, 0.836791, -79727.109375, 0.278788888889
LEU, 5, 28.941, 0.933841, -79589.843750, 0.349325925926
LYS, 6, 28.134, 0.845477, -80835.125000, 0.242707407407
MET, 10, 25.274, 0.812138, -79981.148438, 0.221622222222
PHE, 4, 28.909, 0.957416, -80590.875000, 0.339081481481
PRO, 7, 25.944, 0.855739, -80663.937500, 0.268974074074
SER, 6, 25.344, 0.818486, -80677.531250, 0.234703703704
THR, 4, 26.385, 0.861338, -79607.093750, 0.375159259259
TRP, 2, 27.662, 0.850423, -80081.632812, 0.314955555556
TYR, 11, 26.245, 0.827457, -79696.265625, 0.270355555556
VAL, 7, 26.956, 0.813808, -80261.664062, 0.221659259259
