AMINO ACID, DSSP, SASA, GYRATE, ENERGY, RMSF
ALA, 4, 25.118, 0.806839, -79341.976562, 0.251659259259
ARG, 2, 27.728, 0.86546, -80721.992188, 0.298462962963
ASN, 7, 26.009, 0.792262, -80413.437500, 0.210481481481
ASP, 8, 27.159, 0.839842, -79914.718750, 0.207903703704
CYS, 9, 25.594, 0.838185, -81581.593750, 0.307162962963
GLN, 4, 26.945, 0.882159, -80127.406250, 0.290562962963
GLU, 8, 23.295, 0.808323, -79312.984375, 0.207940740741
GLY, 6, 26.329, 0.82686, -79055.289062, 0.230159259259
HIS, 6, 30.724, 0.968079, -80834.179688, 0.336788888889
ILE, 12, 25.017, 0.818964, -79984.023438, 0.278788888889
LEU, 5, 28.810, 0.919303, -80311.632812, 0.349325925926
LYS, 6, 27.259, 0.834177, -81217.757812, 0.242707407407
MET, 10, 27.250, 0.821466, -80058.078125, 0.221622222222
PHE, 4, 30.207, 0.985177, -79217.125000, 0.339081481481
PRO, 4, 27.966, 0.854797, -79880.953125, 0.268974074074
SER, 6, 27.059, 0.828872, -80219.531250, 0.234703703704
THR, 2, 27.729, 0.843536, -80117.234375, 0.375159259259
TRP, 2, 27.264, 0.844694, -79862.171875, 0.314955555556
TYR, 12, 26.676, 0.837052, -80558.164062, 0.270355555556
VAL, 9, 26.495, 0.811939, -80766.835938, 0.221659259259
