AMINO ACID, DSSP, SASA, GYRATE, ENERGY, RMSF
ALA, 8, 26.421, 0.821707, -79954.570312, 0.251659259259
ARG, 8, 28.189, 0.851966, -81187.984375, 0.298462962963
ASN, 8, 27.786, 0.835181, -81219.656250, 0.210481481481
ASP, 9, 25.532, 0.815622, -79865.968750, 0.207903703704
CYS, 6, 27.888, 0.870889, -80554.218750, 0.307162962963
GLN, 12, 24.971, 0.820817, -80930.875000, 0.290562962963
GLU, 6, 26.911, 0.82444, -80650.656250, 0.207940740741
GLY, 6, 24.389, 0.810229, -79478.578125, 0.230159259259
HIS, 6, 27.578, 0.876771, -80604.546875, 0.336788888889
ILE, 8, 26.481, 0.824536, -80295.132812, 0.278788888889
LEU, 10, 26.787, 0.824342, -80374.171875, 0.349325925926
LYS, 11, 26.478, 0.82237, -81005.187500, 0.242707407407
MET, 8, 26.882, 0.829295, -79833.390625, 0.221622222222
PHE, 10, 26.729, 0.814513, -78690.609375, 0.339081481481
PRO, 8, 26.883, 0.827026, -80770.085938, 0.268974074074
SER, 12, 27.472, 0.821358, -79246.929688, 0.234703703704
THR, 8, 27.165, 0.80618, -80338.304688, 0.375159259259
TRP, 4, 30.322, 0.861164, -80470.101562, 0.314955555556
TYR, 9, 27.771, 0.844244, -80793.359375, 0.270355555556
VAL, 10, 27.591, 0.848624, -80781.109375, 0.221659259259
