AMINO ACID, DSSP, SASA, GYRATE, ENERGY, RMSF
ALA, 2, 26.432, 0.821471, -79015.562500, 0.251659259259
ARG, 2, 27.693, 0.858744, -81334.531250, 0.298462962963
ASN, 8, 27.162, 0.800437, -81307.703125, 0.210481481481
ASP, 10, 26.525, 0.825233, -79890.500000, 0.207903703704
CYS, 7, 27.204, 0.841673, -79784.640625, 0.307162962963
GLN, 7, 25.963, 0.890492, -79423.781250, 0.290562962963
GLU, 9, 26.014, 0.819831, -79601.679688, 0.207940740741
GLY, 8, 24.620, 0.811288, -80450.812500, 0.230159259259
HIS, 2, 29.098, 0.93124, -80353.703125, 0.336788888889
ILE, 5, 26.785, 0.822508, -80303.492188, 0.278788888889
LEU, 5, 28.973, 0.913694, -79741.070312, 0.349325925926
LYS, 6, 27.233, 0.825468, -79818.578125, 0.242707407407
MET, 12, 26.317, 0.810904, -80125.117188, 0.221622222222
PHE, 2, 27.854, 0.940366, -79844.679688, 0.339081481481
PRO, 0, 26.837, 0.835365, -80169.906250, 0.268974074074
SER, 6, 26.630, 0.823322, -81097.437500, 0.234703703704
THR, 4, 27.314, 0.863609, -80779.382812, 0.375159259259
TRP, 0, 28.536, 0.857513, -80469.500000, 0.314955555556
TYR, 11, 28.753, 0.857013, -80352.859375, 0.270355555556
VAL, 9, 25.732, 0.808411, -81087.875000, 0.221659259259
