AMINO ACID, DSSP, SASA, GYRATE, ENERGY, RMSF
ALA, 4, 26.695, 0.829695, -79766.632812, 0.251659259259
ARG, 2, 28.572, 0.887702, -80283.171875, 0.298462962963
ASN, 8, 26.088, 0.798464, -79333.218750, 0.210481481481
ASP, 8, 26.620, 0.831026, -80358.484375, 0.207903703704
CYS, 5, 25.510, 0.831454, -80750.218750, 0.307162962963
GLN, 5, 28.903, 0.898958, -80059.210938, 0.290562962963
GLU, 6, 24.818, 0.826966, -79564.101562, 0.207940740741
GLY, 9, 25.356, 0.802381, -79988.609375, 0.230159259259
HIS, 6, 32.562, 0.949694, -81035.382812, 0.336788888889
ILE, 7, 25.180, 0.826061, -80571.914062, 0.278788888889
LEU, 5, 28.585, 0.909876, -78895.281250, 0.349325925926
LYS, 4, 25.928, 0.82943, -80791.773438, 0.242707407407
MET, 10, 25.839, 0.822215, -79909.171875, 0.221622222222
PHE, 6, 29.384, 0.940161, -80609.078125, 0.339081481481
PRO, 11, 26.255, 0.830212, -80064.656250, 0.268974074074
SER, 6, 26.230, 0.819082, -80395.132812, 0.234703703704
THR, 7, 28.165, 0.856283, -80547.265625, 0.375159259259
TRP, 2, 26.540, 0.860644, -79532.835938, 0.314955555556
TYR, 7, 27.288, 0.849513, -80570.335938, 0.270355555556
VAL, 10, 26.289, 0.800718, -79700.898438, 0.221659259259
