AMINO ACID, DSSP, SASA, GYRATE, ENERGY, RMSF
ALA, 6, 26.442, 0.829803, -80698.968750, 0.251659259259
ARG, 10, 29.197, 0.856024, -80236.890625, 0.298462962963
ASN, 12, 28.264, 0.842617, -80660.890625, 0.210481481481
ASP, 9, 26.107, 0.814676, -80006.070312, 0.207903703704
CYS, 8, 29.161, 0.880521, -81030.000000, 0.307162962963
GLN, 16, 25.725, 0.814544, -80760.937500, 0.290562962963
GLU, 10, 26.989, 0.828007, -80560.773438, 0.207940740741
GLY, 8, 24.480, 0.80904, -80166.562500, 0.230159259259
HIS, 6, 28.050, 0.878664, -80315.515625, 0.336788888889
ILE, 8, 27.831, 0.821507, -79564.968750, 0.278788888889
LEU, 9, 26.261, 0.810961, -79780.734375, 0.349325925926
LYS, 9, 27.728, 0.836482, -79948.953125, 0.242707407407
MET, 9, 26.888, 0.821914, -80433.648438, 0.221622222222
PHE, 10, 27.056, 0.820631, -80415.804688, 0.339081481481
PRO, 6, 27.192, 0.843761, -79388.835938, 0.268974074074
SER, 11, 25.294, 0.81198, -80604.453125, 0.234703703704
THR, 8, 25.741, 0.807326, -80613.734375, 0.375159259259
TRP, 4, 30.420, 0.863793, -79775.492188, 0.314955555556
TYR, 11, 28.142, 0.855989, -80628.968750, 0.270355555556
VAL, 8, 26.508, 0.81666, -80272.343750, 0.221659259259
