AMINO ACID, DSSP, SASA, GYRATE, ENERGY, RMSF
ALA, 4, 26.273, 0.821058, -79968.078125, 0.251659259259
ARG, 2, 28.679, 0.87439, -80391.039062, 0.298462962963
ASN, 8, 25.784, 0.801831, -81044.906250, 0.210481481481
ASP, 8, 27.401, 0.84711, -79939.781250, 0.207903703704
CYS, 7, 25.649, 0.844255, -79996.070312, 0.307162962963
GLN, 5, 28.819, 0.903424, -79658.742188, 0.290562962963
GLU, 8, 25.692, 0.82047, -80278.796875, 0.207940740741
GLY, 6, 24.761, 0.813613, -79816.859375, 0.230159259259
HIS, 4, 31.573, 0.934466, -80496.250000, 0.336788888889
ILE, 4, 26.138, 0.826464, -80116.492188, 0.278788888889
LEU, 5, 29.225, 0.936773, -80312.242188, 0.349325925926
LYS, 6, 28.755, 0.842668, -80963.875000, 0.242707407407
MET, 12, 26.727, 0.817923, -80170.328125, 0.221622222222
PHE, 4, 29.040, 0.9919, -79761.593750, 0.339081481481
PRO, 6, 25.670, 0.833957, -79289.656250, 0.268974074074
SER, 4, 25.662, 0.819424, -80126.546875, 0.234703703704
THR, 4, 26.605, 0.872855, -80472.500000, 0.375159259259
TRP, 0, 28.761, 0.867574, -80149.226562, 0.314955555556
TYR, 5, 28.374, 0.875798, -79873.289062, 0.270355555556
VAL, 5, 26.380, 0.825779, -80334.687500, 0.221659259259
