AMINO ACID, DSSP, SASA, GYRATE, ENERGY, RMSF
ALA, 6, 26.217, 0.819681, -80008.640625, 0.251659259259
ARG, 2, 27.888, 0.854981, -80625.203125, 0.298462962963
ASN, 8, 26.237, 0.803683, -80626.125000, 0.210481481481
ASP, 8, 28.066, 0.837221, -80635.859375, 0.207903703704
CYS, 3, 25.694, 0.843873, -80762.914062, 0.307162962963
GLN, 8, 30.479, 0.91244, -80215.906250, 0.290562962963
GLU, 10, 25.910, 0.817404, -82211.976562, 0.207940740741
GLY, 6, 24.788, 0.81582, -80192.390625, 0.230159259259
HIS, 0, 30.320, 0.93721, -80624.234375, 0.336788888889
ILE, 10, 25.596, 0.834723, -80422.296875, 0.278788888889
LEU, 3, 28.746, 0.928192, -80960.796875, 0.349325925926
LYS, 6, 29.545, 0.849773, -80473.757812, 0.242707407407
MET, 12, 26.552, 0.830938, -79925.625000, 0.221622222222
PHE, 6, 28.761, 0.984501, -80347.562500, 0.339081481481
PRO, 8, 25.730, 0.824739, -80865.812500, 0.268974074074
SER, 4, 26.303, 0.827004, -80052.515625, 0.234703703704
THR, 9, 27.148, 0.85016, -80763.257812, 0.375159259259
TRP, 0, 28.382, 0.861713, -80658.585938, 0.314955555556
TYR, 8, 28.881, 0.861567, -79863.703125, 0.270355555556
VAL, 7, 26.450, 0.813441, -79608.554688, 0.221659259259
