AMINO ACID, DSSP, SASA, GYRATE, ENERGY, RMSF
ALA, 4, 26.576, 0.833919, -80220.906250, 0.251659259259
ARG, 2, 28.030, 0.857512, -81600.335938, 0.298462962963
ASN, 10, 26.711, 0.813349, -81208.054688, 0.210481481481
ASP, 10, 26.991, 0.808971, -80170.656250, 0.207903703704
CYS, 5, 24.965, 0.837364, -81046.734375, 0.307162962963
GLN, 7, 28.450, 0.904028, -80377.359375, 0.290562962963
GLU, 9, 25.651, 0.833617, -80449.031250, 0.207940740741
GLY, 6, 24.995, 0.809976, -79312.070312, 0.230159259259
HIS, 6, 30.118, 0.972447, -80469.648438, 0.336788888889
ILE, 10, 26.351, 0.822218, -78964.875000, 0.278788888889
LEU, 5, 29.393, 0.932791, -79693.890625, 0.349325925926
LYS, 8, 28.765, 0.835138, -80461.015625, 0.242707407407
MET, 10, 26.326, 0.822505, -80093.890625, 0.221622222222
PHE, 4, 28.904, 0.944892, -79985.609375, 0.339081481481
PRO, 11, 28.716, 0.837098, -79872.773438, 0.268974074074
SER, 4, 25.759, 0.811785, -80222.445312, 0.234703703704
THR, 6, 25.570, 0.853745, -80580.171875, 0.375159259259
TRP, 0, 27.984, 0.857747, -79768.359375, 0.314955555556
TYR, 9, 29.648, 0.869582, -80462.429688, 0.270355555556
VAL, 8, 25.125, 0.816646, -80176.117188, 0.221659259259
