AMINO ACID, DSSP, SASA, GYRATE, ENERGY, RMSF
ALA, 6, 26.466, 0.830761, -79685.117188, 0.251659259259
ARG, 6, 29.195, 0.865007, -80219.226562, 0.298462962963
ASN, 8, 28.005, 0.844792, -80123.359375, 0.210481481481
ASP, 9, 25.566, 0.816613, -80345.734375, 0.207903703704
CYS, 8, 27.898, 0.852724, -79893.023438, 0.307162962963
GLN, 14, 27.240, 0.84436, -79787.500000, 0.290562962963
GLU, 6, 27.830, 0.8314, -79919.484375, 0.207940740741
GLY, 6, 24.003, 0.81704, -79594.609375, 0.230159259259
HIS, 8, 26.836, 0.852162, -79831.796875, 0.336788888889
ILE, 6, 26.735, 0.817996, -80411.312500, 0.278788888889
LEU, 9, 25.603, 0.801562, -79800.875000, 0.349325925926
LYS, 9, 25.318, 0.825765, -80711.328125, 0.242707407407
MET, 6, 26.411, 0.830583, -79682.648438, 0.221622222222
PHE, 10, 28.571, 0.822467, -80687.539062, 0.339081481481
PRO, 6, 27.834, 0.852614, -80498.234375, 0.268974074074
SER, 10, 26.211, 0.8207, -80716.609375, 0.234703703704
THR, 8, 26.669, 0.802172, -80315.179688, 0.375159259259
TRP, 6, 30.019, 0.879247, -79986.281250, 0.314955555556
TYR, 9, 28.016, 0.843715, -80264.000000, 0.270355555556
VAL, 8, 27.419, 0.850116, -80685.734375, 0.221659259259
