AMINO ACID, DSSP, SASA, GYRATE, ENERGY, RMSF
ALA, 6, 26.061, 0.817014, -81095.921875, 0.251659259259
ARG, 2, 27.874, 0.871223, -80642.828125, 0.298462962963
ASN, 8, 27.407, 0.81552, -80559.171875, 0.210481481481
ASP, 14, 27.933, 0.829234, -79961.343750, 0.207903703704
CYS, 3, 27.986, 0.849457, -80761.054688, 0.307162962963
GLN, 7, 29.116, 0.908183, -79864.593750, 0.290562962963
GLU, 9, 26.051, 0.826628, -80332.492188, 0.207940740741
GLY, 12, 24.857, 0.798366, -80830.828125, 0.230159259259
HIS, 8, 30.090, 0.961568, -80196.578125, 0.336788888889
ILE, 7, 25.637, 0.821227, -79776.726562, 0.278788888889
LEU, 7, 29.454, 0.936385, -79548.171875, 0.349325925926
LYS, 4, 27.427, 0.848462, -79172.796875, 0.242707407407
MET, 10, 25.156, 0.827541, -79690.640625, 0.221622222222
PHE, 2, 29.696, 0.939617, -79194.031250, 0.339081481481
PRO, 9, 26.574, 0.827463, -80277.539062, 0.268974074074
SER, 4, 25.496, 0.811867, -80279.625000, 0.234703703704
THR, 6, 27.732, 0.86208, -81173.578125, 0.375159259259
TRP, 0, 28.408, 0.866115, -80430.812500, 0.314955555556
TYR, 5, 27.870, 0.84988, -79767.890625, 0.270355555556
VAL, 7, 25.078, 0.804628, -80044.593750, 0.221659259259
