AMINO ACID, DSSP, SASA, GYRATE, ENERGY, RMSF
ALA, 6, 25.335, 0.814836, -80858.250000, 0.251659259259
ARG, 2, 28.553, 0.889897, -80047.007812, 0.298462962963
ASN, 8, 26.144, 0.806903, -80430.257812, 0.210481481481
ASP, 5, 27.544, 0.832943, -80140.000000, 0.207903703704
CYS, 7, 25.530, 0.845422, -80107.453125, 0.307162962963
GLN, 7, 28.869, 0.908979, -79949.328125, 0.290562962963
GLU, 7, 25.537, 0.82801, -80103.390625, 0.207940740741
GLY, 4, 24.461, 0.805356, -80325.953125, 0.230159259259
HIS, 4, 31.073, 0.990396, -80098.015625, 0.336788888889
ILE, 5, 26.794, 0.829095, -79610.218750, 0.278788888889
LEU, 3, 28.134, 0.918835, -79839.718750, 0.349325925926
LYS, 2, 30.467, 0.863665, -80923.390625, 0.242707407407
MET, 9, 27.162, 0.827898, -79607.554688, 0.221622222222
PHE, 8, 27.482, 0.947069, -80187.687500, 0.339081481481
PRO, 7, 26.308, 0.834733, -79787.695312, 0.268974074074
SER, 4, 27.378, 0.831581, -81507.210938, 0.234703703704
THR, 4, 29.609, 0.901969, -80757.250000, 0.375159259259
TRP, 0, 26.853, 0.846693, -79966.132812, 0.314955555556
TYR, 7, 28.375, 0.854333, -79982.367188, 0.270355555556
VAL, 7, 23.984, 0.784128, -79743.562500, 0.221659259259
