AMINO ACID, DSSP, SASA, GYRATE, ENERGY, RMSF
ALA, 6, 26.610, 0.822478, -80293.101562, 0.251659259259
ARG, 4, 28.891, 0.869623, -80788.750000, 0.298462962963
ASN, 10, 26.762, 0.793175, -79809.906250, 0.210481481481
ASP, 10, 25.614, 0.814983, -79587.890625, 0.207903703704
CYS, 5, 26.517, 0.853534, -80457.562500, 0.307162962963
GLN, 5, 27.751, 0.89107, -80279.140625, 0.290562962963
GLU, 10, 25.660, 0.820057, -80373.000000, 0.207940740741
GLY, 7, 25.490, 0.801118, -79711.515625, 0.230159259259
HIS, 8, 31.072, 0.999759, -80470.000000, 0.336788888889
ILE, 8, 26.908, 0.826595, -80082.937500, 0.278788888889
LEU, 7, 28.670, 0.924379, -80044.109375, 0.349325925926
LYS, 8, 26.067, 0.813411, -80639.343750, 0.242707407407
MET, 10, 27.008, 0.835783, -79953.023438, 0.221622222222
PHE, 6, 27.577, 0.92591, -80956.656250, 0.339081481481
PRO, 7, 26.714, 0.833629, -80122.054688, 0.268974074074
SER, 4, 25.887, 0.83522, -80665.601562, 0.234703703704
THR, 8, 27.670, 0.891611, -79716.906250, 0.375159259259
TRP, 0, 28.348, 0.872821, -81305.210938, 0.314955555556
TYR, 9, 27.866, 0.828951, -80026.453125, 0.270355555556
VAL, 4, 24.961, 0.790587, -80366.398438, 0.221659259259
