AMINO ACID, DSSP, SASA, GYRATE, ENERGY, RMSF
ALA, 6, 26.640, 0.827566, -80260.421875, 0.251659259259
ARG, 4, 28.073, 0.859391, -80180.414062, 0.298462962963
ASN, 8, 25.509, 0.791465, -80605.671875, 0.210481481481
ASP, 8, 26.943, 0.830636, -79942.320312, 0.207903703704
CYS, 5, 27.225, 0.865617, -80337.070312, 0.307162962963
GLN, 4, 27.446, 0.896142, -81011.351562, 0.290562962963
GLU, 10, 24.740, 0.815892, -80528.023438, 0.207940740741
GLY, 5, 24.778, 0.806456, -80274.140625, 0.230159259259
HIS, 4, 30.365, 0.998992, -80528.671875, 0.336788888889
ILE, 7, 26.400, 0.830862, -80187.921875, 0.278788888889
LEU, 9, 28.937, 0.946269, -79490.164062, 0.349325925926
LYS, 7, 25.913, 0.813229, -80913.867188, 0.242707407407
MET, 7, 26.569, 0.834612, -80202.070312, 0.221622222222
PHE, 6, 27.179, 0.926298, -79635.359375, 0.339081481481
PRO, 4, 25.829, 0.827635, -80251.156250, 0.268974074074
SER, 4, 26.160, 0.830021, -79605.304688, 0.234703703704
THR, 6, 29.094, 0.913216, -80631.718750, 0.375159259259
TRP, 0, 27.299, 0.852442, -79366.140625, 0.314955555556
TYR, 8, 29.227, 0.849527, -80522.648438, 0.270355555556
VAL, 5, 24.477, 0.784847, -79802.968750, 0.221659259259
