AMINO ACID, DSSP, SASA, GYRATE, ENERGY, RMSF
ALA, 6, 25.026, 0.815314, -80266.656250, 0.251659259259
ARG, 2, 26.698, 0.866053, -80901.289062, 0.298462962963
ASN, 8, 24.850, 0.798245, -80001.250000, 0.210481481481
ASP, 8, 28.503, 0.845108, -79839.960938, 0.207903703704
CYS, 5, 27.165, 0.866435, -79964.203125, 0.307162962963
GLN, 4, 28.590, 0.89914, -80999.140625, 0.290562962963
GLU, 9, 25.398, 0.819177, -80710.429688, 0.207940740741
GLY, 6, 25.892, 0.817083, -80186.375000, 0.230159259259
HIS, 4, 30.889, 0.964241, -80779.265625, 0.336788888889
ILE, 6, 26.448, 0.822922, -80190.765625, 0.278788888889
LEU, 6, 29.556, 0.928998, -80323.015625, 0.349325925926
LYS, 6, 26.536, 0.825467, -80692.218750, 0.242707407407
MET, 12, 26.634, 0.821558, -80282.382812, 0.221622222222
PHE, 6, 28.608, 0.956885, -79403.406250, 0.339081481481
PRO, 2, 24.264, 0.822389, -80453.335938, 0.268974074074
SER, 4, 25.636, 0.825993, -80506.226562, 0.234703703704
THR, 6, 28.178, 0.886877, -80101.164062, 0.375159259259
TRP, 0, 28.197, 0.849813, -80885.179688, 0.314955555556
TYR, 8, 28.624, 0.86213, -80723.781250, 0.270355555556
VAL, 9, 24.381, 0.783187, -80890.296875, 0.221659259259
