AMINO ACID, DSSP, SASA, GYRATE, ENERGY, RMSF
ALA, 4, 25.691, 0.806431, -80643.265625, 0.251659259259
ARG, 2, 27.059, 0.858966, -81702.000000, 0.298462962963
ASN, 13, 26.152, 0.808686, -79871.625000, 0.210481481481
ASP, 4, 27.284, 0.830184, -81114.281250, 0.207903703704
CYS, 5, 26.754, 0.858981, -81330.617188, 0.307162962963
GLN, 5, 28.945, 0.90485, -79410.484375, 0.290562962963
GLU, 9, 24.755, 0.814277, -79561.195312, 0.207940740741
GLY, 7, 24.836, 0.811125, -81197.421875, 0.230159259259
HIS, 8, 33.860, 1.00293, -80000.117188, 0.336788888889
ILE, 4, 26.939, 0.845034, -81111.843750, 0.278788888889
LEU, 5, 28.977, 0.934282, -80099.375000, 0.349325925926
LYS, 6, 29.060, 0.836621, -80663.093750, 0.242707407407
MET, 12, 27.344, 0.823007, -79907.343750, 0.221622222222
PHE, 8, 28.214, 0.932716, -80168.187500, 0.339081481481
PRO, 4, 26.596, 0.837686, -80505.265625, 0.268974074074
SER, 4, 26.372, 0.831655, -81220.398438, 0.234703703704
THR, 6, 29.844, 0.875868, -80859.515625, 0.375159259259
TRP, 2, 29.530, 0.869826, -80473.718750, 0.314955555556
TYR, 7, 27.653, 0.843487, -80308.031250, 0.270355555556
VAL, 5, 26.373, 0.812853, -80204.093750, 0.221659259259
