AMINO ACID, DSSP, SASA, GYRATE, ENERGY, RMSF
ALA, 8, 25.184, 0.80455, -80915.015625, 0.251659259259
ARG, 4, 27.783, 0.882348, -80354.921875, 0.298462962963
ASN, 12, 26.402, 0.810074, -79619.562500, 0.210481481481
ASP, 8, 26.527, 0.83935, -80599.804688, 0.207903703704
CYS, 5, 26.785, 0.859876, -80333.335938, 0.307162962963
GLN, 5, 28.252, 0.912555, -80887.078125, 0.290562962963
GLU, 9, 24.663, 0.814372, -80530.078125, 0.207940740741
GLY, 6, 24.468, 0.814645, -80142.343750, 0.230159259259
HIS, 6, 33.985, 1.04647, -80215.656250, 0.336788888889
ILE, 4, 27.959, 0.849623, -80618.570312, 0.278788888889
LEU, 7, 28.064, 0.926478, -80268.898438, 0.349325925926
LYS, 6, 27.963, 0.844132, -80324.828125, 0.242707407407
MET, 12, 26.306, 0.837961, -80305.531250, 0.221622222222
PHE, 4, 25.954, 0.923405, -80260.546875, 0.339081481481
PRO, 7, 27.196, 0.84195, -80533.437500, 0.268974074074
SER, 4, 25.986, 0.8255, -80175.117188, 0.234703703704
THR, 8, 27.961, 0.858104, -80009.242188, 0.375159259259
TRP, 2, 28.253, 0.861585, -79807.968750, 0.314955555556
TYR, 5, 27.799, 0.841426, -79836.757812, 0.270355555556
VAL, 7, 26.858, 0.809827, -80007.789062, 0.221659259259
