AMINO ACID, DSSP, SASA, GYRATE, ENERGY, RMSF
ALA, 4, 24.599, 0.791882, -79801.937500, 0.251659259259
ARG, 0, 27.619, 0.882487, -81464.421875, 0.298462962963
ASN, 6, 25.443, 0.807315, -80552.281250, 0.210481481481
ASP, 6, 29.043, 0.840955, -80387.484375, 0.207903703704
CYS, 3, 25.679, 0.845321, -80200.578125, 0.307162962963
GLN, 5, 29.262, 0.921078, -80214.593750, 0.290562962963
GLU, 10, 25.607, 0.824882, -81004.585938, 0.207940740741
GLY, 4, 24.007, 0.818489, -80647.093750, 0.230159259259
HIS, 4, 31.499, 1.09299, -79954.218750, 0.336788888889
ILE, 4, 27.338, 0.836582, -79412.328125, 0.278788888889
LEU, 7, 28.198, 0.893753, -80035.406250, 0.349325925926
LYS, 6, 26.958, 0.83336, -80231.054688, 0.242707407407
MET, 12, 27.210, 0.820253, -80700.101562, 0.221622222222
PHE, 6, 27.884, 0.943313, -80115.250000, 0.339081481481
PRO, 2, 26.291, 0.820571, -80098.937500, 0.268974074074
SER, 4, 25.683, 0.827655, -80862.929688, 0.234703703704
THR, 6, 26.569, 0.856474, -79706.406250, 0.375159259259
TRP, 2, 27.276, 0.838023, -79811.109375, 0.314955555556
TYR, 8, 29.077, 0.866685, -80276.281250, 0.270355555556
VAL, 7, 25.276, 0.796731, -80339.429688, 0.221659259259
