AMINO ACID, DSSP, SASA, GYRATE, ENERGY, RMSF
ALA, 4, 24.838, 0.80272, -80977.195312, 0.251659259259
ARG, 2, 26.830, 0.861663, -81472.828125, 0.298462962963
ASN, 10, 25.326, 0.79913, -80220.515625, 0.210481481481
ASP, 12, 27.901, 0.84416, -80328.781250, 0.207903703704
CYS, 3, 25.649, 0.866537, -80132.765625, 0.307162962963
GLN, 5, 28.162, 0.89021, -80314.632812, 0.290562962963
GLU, 8, 25.790, 0.837611, -80198.343750, 0.207940740741
GLY, 4, 24.349, 0.81693, -80458.593750, 0.230159259259
HIS, 4, 32.691, 1.07067, -79808.460938, 0.336788888889
ILE, 6, 27.349, 0.840116, -80078.070312, 0.278788888889
LEU, 5, 28.719, 0.896342, -80382.406250, 0.349325925926
LYS, 2, 27.768, 0.835951, -80593.921875, 0.242707407407
MET, 9, 26.234, 0.822614, -79945.492188, 0.221622222222
PHE, 6, 25.872, 0.920939, -79700.671875, 0.339081481481
PRO, 9, 26.306, 0.834289, -80039.609375, 0.268974074074
SER, 8, 26.435, 0.828117, -80371.578125, 0.234703703704
THR, 4, 28.845, 0.868787, -80028.320312, 0.375159259259
TRP, 2, 27.604, 0.857227, -79761.304688, 0.314955555556
TYR, 7, 28.578, 0.870616, -80662.156250, 0.270355555556
VAL, 7, 27.411, 0.817561, -80159.843750, 0.221659259259
