AMINO ACID, DSSP, SASA, GYRATE, ENERGY, RMSF
ALA, 2, 25.218, 0.805614, -80742.609375, 0.251659259259
ARG, 2, 28.508, 0.884345, -81310.890625, 0.298462962963
ASN, 8, 26.969, 0.807787, -80925.460938, 0.210481481481
ASP, 8, 26.311, 0.821882, -80743.703125, 0.207903703704
CYS, 5, 26.869, 0.872483, -81068.281250, 0.307162962963
GLN, 5, 27.807, 0.914036, -81004.562500, 0.290562962963
GLU, 6, 25.429, 0.823889, -80291.632812, 0.207940740741
GLY, 4, 25.361, 0.819094, -81347.640625, 0.230159259259
HIS, 4, 32.514, 1.08652, -80367.000000, 0.336788888889
ILE, 9, 26.370, 0.826153, -80430.062500, 0.278788888889
LEU, 5, 29.543, 0.901308, -80063.812500, 0.349325925926
LYS, 10, 26.223, 0.809469, -79808.023438, 0.242707407407
MET, 11, 26.446, 0.820509, -80195.468750, 0.221622222222
PHE, 6, 27.352, 0.924798, -80586.132812, 0.339081481481
PRO, 9, 28.035, 0.837804, -79756.773438, 0.268974074074
SER, 4, 26.104, 0.823922, -79938.390625, 0.234703703704
THR, 4, 28.472, 0.866938, -80682.578125, 0.375159259259
TRP, 2, 27.468, 0.84575, -79778.750000, 0.314955555556
TYR, 7, 28.096, 0.86324, -79819.835938, 0.270355555556
VAL, 5, 25.045, 0.802896, -79472.335938, 0.221659259259
