AMINO ACID, DSSP, SASA, GYRATE, ENERGY, RMSF
ALA, 6, 25.790, 0.803764, -80403.414062, 0.251659259259
ARG, 0, 29.614, 0.875784, -80768.789062, 0.298462962963
ASN, 8, 27.223, 0.812275, -80492.468750, 0.210481481481
ASP, 10, 25.821, 0.821057, -79883.906250, 0.207903703704
CYS, 3, 27.365, 0.866092, -79437.390625, 0.307162962963
GLN, 5, 27.789, 0.914081, -80936.343750, 0.290562962963
GLU, 9, 24.839, 0.817991, -81550.382812, 0.207940740741
GLY, 4, 25.985, 0.819506, -80040.437500, 0.230159259259
HIS, 4, 32.861, 1.05011, -80130.171875, 0.336788888889
ILE, 9, 28.371, 0.851565, -81238.765625, 0.278788888889
LEU, 5, 27.228, 0.902397, -80548.773438, 0.349325925926
LYS, 8, 26.048, 0.821893, -80434.562500, 0.242707407407
MET, 7, 26.116, 0.83711, -79668.093750, 0.221622222222
PHE, 6, 26.691, 0.919902, -79619.984375, 0.339081481481
PRO, 5, 26.385, 0.830242, -80099.265625, 0.268974074074
SER, 11, 25.531, 0.822386, -80994.132812, 0.234703703704
THR, 4, 29.016, 0.874641, -80202.632812, 0.375159259259
TRP, 4, 27.178, 0.84185, -79795.289062, 0.314955555556
TYR, 4, 28.849, 0.853964, -80080.781250, 0.270355555556
VAL, 10, 24.131, 0.798926, -80100.351562, 0.221659259259
