AMINO ACID, DSSP, SASA, GYRATE, ENERGY, RMSF
ALA, 6, 25.255, 0.811244, -80004.125000, 0.251659259259
ARG, 2, 27.950, 0.879764, -81382.062500, 0.298462962963
ASN, 11, 26.900, 0.814331, -80718.601562, 0.210481481481
ASP, 8, 26.856, 0.834753, -80462.101562, 0.207903703704
CYS, 3, 27.038, 0.860685, -81113.125000, 0.307162962963
GLN, 5, 29.062, 0.899864, -79102.234375, 0.290562962963
GLU, 9, 24.922, 0.815119, -80665.445312, 0.207940740741
GLY, 4, 26.135, 0.828547, -80148.859375, 0.230159259259
HIS, 4, 34.785, 1.10606, -80775.039062, 0.336788888889
ILE, 7, 26.068, 0.805427, -80347.453125, 0.278788888889
LEU, 7, 27.465, 0.912929, -80857.335938, 0.349325925926
LYS, 10, 26.984, 0.835656, -79896.953125, 0.242707407407
MET, 10, 26.149, 0.820396, -79815.312500, 0.221622222222
PHE, 6, 27.347, 0.919965, -80681.265625, 0.339081481481
PRO, 2, 26.050, 0.856166, -80217.726562, 0.268974074074
SER, 4, 26.222, 0.82414, -79667.984375, 0.234703703704
THR, 6, 27.457, 0.857188, -80201.953125, 0.375159259259
TRP, 2, 28.232, 0.852244, -80162.640625, 0.314955555556
TYR, 5, 26.473, 0.851775, -79815.492188, 0.270355555556
VAL, 9, 25.789, 0.807499, -80557.554688, 0.221659259259
