AMINO ACID, DSSP, SASA, GYRATE, ENERGY, RMSF
ALA, 6, 24.355, 0.809968, -79728.453125, 0.251659259259
ARG, 0, 29.176, 0.877548, -81131.328125, 0.298462962963
ASN, 6, 26.134, 0.816277, -81365.734375, 0.210481481481
ASP, 10, 26.478, 0.832669, -79915.226562, 0.207903703704
CYS, 2, 26.517, 0.862255, -80401.140625, 0.307162962963
GLN, 5, 27.181, 0.898012, -80166.023438, 0.290562962963
GLU, 9, 26.043, 0.835865, -79521.984375, 0.207940740741
GLY, 6, 24.221, 0.81854, -80551.695312, 0.230159259259
HIS, 6, 31.512, 1.05574, -79779.812500, 0.336788888889
ILE, 7, 27.815, 0.843653, -79698.929688, 0.278788888889
LEU, 6, 29.562, 0.915848, -80617.117188, 0.349325925926
LYS, 8, 29.232, 0.851826, -80598.273438, 0.242707407407
MET, 12, 26.361, 0.814112, -79548.218750, 0.221622222222
PHE, 6, 26.521, 0.915783, -80425.695312, 0.339081481481
PRO, 7, 26.909, 0.839529, -80522.914062, 0.268974074074
SER, 6, 23.815, 0.823455, -81003.187500, 0.234703703704
THR, 6, 28.469, 0.917543, -80358.914062, 0.375159259259
TRP, 2, 26.862, 0.827564, -79312.656250, 0.314955555556
TYR, 5, 27.702, 0.868203, -80609.617188, 0.270355555556
VAL, 10, 24.328, 0.789096, -79291.796875, 0.221659259259
