AMINO ACID, DSSP, SASA, GYRATE, ENERGY, RMSF
ALA, 4, 27.044, 0.833301, -80239.570312, 0.251659259259
ARG, 0, 30.679, 0.871697, -80285.382812, 0.298462962963
ASN, 6, 27.809, 0.826629, -81043.265625, 0.210481481481
ASP, 8, 27.232, 0.817933, -79993.265625, 0.207903703704
CYS, 2, 26.750, 0.872432, -79989.656250, 0.307162962963
GLN, 5, 28.792, 0.915064, -80129.687500, 0.290562962963
GLU, 6, 27.571, 0.850087, -81169.773438, 0.207940740741
GLY, 6, 26.485, 0.833896, -80567.078125, 0.230159259259
HIS, 8, 31.935, 0.946714, -80853.421875, 0.336788888889
ILE, 4, 27.541, 0.840843, -79976.375000, 0.278788888889
LEU, 5, 28.405, 0.914085, -80290.250000, 0.349325925926
LYS, 2, 28.313, 0.844659, -81545.187500, 0.242707407407
MET, 6, 27.703, 0.847369, -80570.796875, 0.221622222222
PHE, 6, 27.756, 0.936231, -80187.609375, 0.339081481481
PRO, 7, 27.336, 0.846463, -80272.046875, 0.268974074074
SER, 6, 25.766, 0.81793, -79547.656250, 0.234703703704
THR, 4, 26.378, 0.853831, -80023.960938, 0.375159259259
TRP, 2, 28.334, 0.844076, -80302.710938, 0.314955555556
TYR, 9, 27.486, 0.870639, -80010.109375, 0.270355555556
VAL, 8, 27.371, 0.831134, -81053.625000, 0.221659259259
