AMINO ACID, DSSP, SASA, GYRATE, ENERGY, RMSF
ALA, 2, 28.119, 0.838358, -80990.250000, 0.251659259259
ARG, 0, 28.286, 0.858823, -80943.765625, 0.298462962963
ASN, 8, 25.270, 0.800312, -80977.070312, 0.210481481481
ASP, 8, 26.715, 0.813649, -80928.195312, 0.207903703704
CYS, 8, 26.447, 0.873018, -80333.328125, 0.307162962963
GLN, 5, 28.394, 0.909067, -80548.390625, 0.290562962963
GLU, 4, 27.071, 0.844885, -80593.593750, 0.207940740741
GLY, 6, 25.679, 0.822019, -80155.781250, 0.230159259259
HIS, 6, 29.630, 0.945277, -80341.234375, 0.336788888889
ILE, 6, 27.226, 0.832091, -80255.718750, 0.278788888889
LEU, 5, 27.045, 0.915523, -80266.328125, 0.349325925926
LYS, 2, 28.628, 0.857582, -80353.414062, 0.242707407407
MET, 12, 27.441, 0.831945, -80107.812500, 0.221622222222
PHE, 8, 26.822, 0.924119, -80196.718750, 0.339081481481
PRO, 7, 27.012, 0.840901, -80909.187500, 0.268974074074
SER, 8, 25.952, 0.852796, -80271.406250, 0.234703703704
THR, 4, 27.607, 0.871257, -80608.585938, 0.375159259259
TRP, 4, 28.380, 0.850304, -80191.078125, 0.314955555556
TYR, 7, 27.927, 0.886621, -80491.648438, 0.270355555556
VAL, 6, 26.594, 0.816395, -80568.812500, 0.221659259259
