AMINO ACID, DSSP, SASA, GYRATE, ENERGY, RMSF
ALA, 4, 25.430, 0.801184, -80032.039062, 0.251659259259
ARG, 0, 28.151, 0.839011, -80488.125000, 0.298462962963
ASN, 6, 26.230, 0.795463, -79997.710938, 0.210481481481
ASP, 12, 26.627, 0.82622, -79828.890625, 0.207903703704
CYS, 0, 26.613, 0.892471, -80644.578125, 0.307162962963
GLN, 7, 28.294, 0.907416, -79638.375000, 0.290562962963
GLU, 9, 26.812, 0.842857, -80472.679688, 0.207940740741
GLY, 8, 24.870, 0.822619, -79952.453125, 0.230159259259
HIS, 6, 31.666, 0.965541, -80431.843750, 0.336788888889
ILE, 7, 26.766, 0.835553, -80829.218750, 0.278788888889
LEU, 5, 28.462, 0.90749, -79971.601562, 0.349325925926
LYS, 0, 29.014, 0.866801, -80731.132812, 0.242707407407
MET, 9, 28.110, 0.83979, -80428.375000, 0.221622222222
PHE, 4, 28.525, 0.916239, -80022.929688, 0.339081481481
PRO, 6, 26.743, 0.823822, -79425.257812, 0.268974074074
SER, 8, 24.813, 0.828075, -80747.976562, 0.234703703704
THR, 2, 27.941, 0.868183, -80850.953125, 0.375159259259
TRP, 2, 27.235, 0.851372, -80511.609375, 0.314955555556
TYR, 9, 27.331, 0.846127, -79890.054688, 0.270355555556
VAL, 8, 25.712, 0.812054, -80257.335938, 0.221659259259
