AMINO ACID, DSSP, SASA, GYRATE, ENERGY, RMSF
ALA, 6, 26.526, 0.820393, -80236.125000, 0.251659259259
ARG, 2, 28.687, 0.873137, -80421.203125, 0.298462962963
ASN, 7, 26.497, 0.798548, -80066.468750, 0.210481481481
ASP, 6, 25.828, 0.827093, -80953.812500, 0.207903703704
CYS, 5, 26.840, 0.861975, -79806.992188, 0.307162962963
GLN, 5, 29.105, 0.911523, -80004.906250, 0.290562962963
GLU, 10, 24.127, 0.828568, -81232.632812, 0.207940740741
GLY, 6, 24.984, 0.831819, -80277.992188, 0.230159259259
HIS, 4, 33.729, 1.07062, -80525.890625, 0.336788888889
ILE, 2, 27.593, 0.843661, -79661.406250, 0.278788888889
LEU, 3, 28.958, 0.917629, -80200.734375, 0.349325925926
LYS, 4, 26.767, 0.833299, -80986.179688, 0.242707407407
MET, 10, 26.516, 0.815202, -79323.515625, 0.221622222222
PHE, 4, 26.485, 0.872426, -79155.125000, 0.339081481481
PRO, 9, 26.488, 0.8279, -79914.203125, 0.268974074074
SER, 6, 26.644, 0.826826, -80531.484375, 0.234703703704
THR, 4, 28.307, 0.911904, -80361.695312, 0.375159259259
TRP, 0, 27.471, 0.830463, -79897.062500, 0.314955555556
TYR, 7, 27.623, 0.86279, -80132.500000, 0.270355555556
VAL, 6, 26.395, 0.815575, -79624.625000, 0.221659259259
