AMINO ACID, DSSP, SASA, GYRATE, ENERGY, RMSF
ALA, 6, 25.312, 0.813798, -80400.421875, 0.251659259259
ARG, 0, 27.954, 0.8638, -80309.523438, 0.298462962963
ASN, 11, 26.544, 0.803444, -80687.890625, 0.210481481481
ASP, 8, 26.113, 0.82345, -80291.093750, 0.207903703704
CYS, 5, 25.525, 0.844779, -80542.851562, 0.307162962963
GLN, 5, 29.373, 0.915344, -81087.781250, 0.290562962963
GLU, 10, 24.750, 0.824859, -80457.859375, 0.207940740741
GLY, 8, 24.720, 0.817362, -80809.304688, 0.230159259259
HIS, 4, 33.368, 1.069, -79406.546875, 0.336788888889
ILE, 2, 28.588, 0.846421, -80802.093750, 0.278788888889
LEU, 3, 29.096, 0.923222, -80089.765625, 0.349325925926
LYS, 4, 27.238, 0.834799, -81267.953125, 0.242707407407
MET, 7, 26.397, 0.818363, -80362.515625, 0.221622222222
PHE, 2, 26.889, 0.872359, -80428.390625, 0.339081481481
PRO, 9, 26.640, 0.824262, -80057.234375, 0.268974074074
SER, 4, 25.596, 0.827131, -80505.500000, 0.234703703704
THR, 2, 27.142, 0.878541, -79842.406250, 0.375159259259
TRP, 0, 26.138, 0.825853, -80031.187500, 0.314955555556
TYR, 8, 27.415, 0.859858, -79951.421875, 0.270355555556
VAL, 8, 26.285, 0.816165, -80020.390625, 0.221659259259
