AMINO ACID, DSSP, SASA, GYRATE, ENERGY, RMSF
ALA, 6, 25.992, 0.81408, -79877.328125, 0.251659259259
ARG, 0, 27.318, 0.852995, -80853.781250, 0.298462962963
ASN, 6, 25.923, 0.810875, -80581.101562, 0.210481481481
ASP, 8, 25.078, 0.817227, -79834.046875, 0.207903703704
CYS, 3, 24.724, 0.858061, -80910.609375, 0.307162962963
GLN, 5, 30.796, 0.933135, -79889.281250, 0.290562962963
GLU, 9, 25.133, 0.821387, -80081.812500, 0.207940740741
GLY, 6, 25.460, 0.822964, -81185.289062, 0.230159259259
HIS, 8, 32.561, 1.03156, -79320.328125, 0.336788888889
ILE, 2, 28.907, 0.843405, -80091.898438, 0.278788888889
LEU, 3, 28.872, 0.91231, -79853.265625, 0.349325925926
LYS, 4, 28.330, 0.843206, -80986.710938, 0.242707407407
MET, 10, 26.641, 0.826595, -79743.046875, 0.221622222222
PHE, 6, 26.369, 0.883047, -79732.445312, 0.339081481481
PRO, 11, 27.056, 0.83809, -80372.734375, 0.268974074074
SER, 8, 25.391, 0.81429, -80222.070312, 0.234703703704
THR, 2, 26.334, 0.862925, -80037.375000, 0.375159259259
TRP, 2, 28.323, 0.858578, -79993.703125, 0.314955555556
TYR, 9, 28.623, 0.854654, -80088.601562, 0.270355555556
VAL, 6, 29.123, 0.830099, -80801.835938, 0.221659259259
