AMINO ACID, DSSP, SASA, GYRATE, ENERGY, RMSF
ALA, 4, 25.306, 0.814197, -80686.562500, 0.251659259259
ARG, 0, 26.454, 0.846496, -80946.140625, 0.298462962963
ASN, 4, 25.541, 0.80823, -80742.953125, 0.210481481481
ASP, 6, 25.279, 0.811507, -80728.968750, 0.207903703704
CYS, 6, 27.647, 0.874194, -80042.968750, 0.307162962963
GLN, 5, 29.258, 0.913175, -79892.343750, 0.290562962963
GLU, 8, 24.844, 0.825344, -79650.171875, 0.207940740741
GLY, 6, 25.387, 0.822865, -79668.703125, 0.230159259259
HIS, 4, 35.572, 1.08997, -80387.062500, 0.336788888889
ILE, 2, 27.887, 0.854375, -80127.984375, 0.278788888889
LEU, 3, 28.769, 0.898988, -80904.203125, 0.349325925926
LYS, 8, 27.729, 0.840278, -79889.726562, 0.242707407407
MET, 11, 26.208, 0.814852, -80735.000000, 0.221622222222
PHE, 2, 27.346, 0.88082, -79292.804688, 0.339081481481
PRO, 11, 26.729, 0.834784, -80526.734375, 0.268974074074
SER, 4, 26.498, 0.829241, -80201.828125, 0.234703703704
THR, 4, 26.880, 0.851915, -80684.187500, 0.375159259259
TRP, 0, 26.043, 0.835479, -80366.382812, 0.314955555556
TYR, 10, 27.567, 0.849329, -80689.218750, 0.270355555556
VAL, 8, 27.047, 0.819597, -80290.914062, 0.221659259259
