AMINO ACID, DSSP, SASA, GYRATE, ENERGY, RMSF
ALA, 6, 26.416, 0.806352, -79793.914062, 0.251659259259
ARG, 2, 26.137, 0.83497, -80041.765625, 0.298462962963
ASN, 11, 24.297, 0.79868, -79753.984375, 0.210481481481
ASP, 12, 26.205, 0.823626, -80508.781250, 0.207903703704
CYS, 3, 26.517, 0.851389, -81386.390625, 0.307162962963
GLN, 6, 29.614, 0.91766, -80172.695312, 0.290562962963
GLU, 8, 23.791, 0.811401, -80485.375000, 0.207940740741
GLY, 6, 25.220, 0.827408, -79848.796875, 0.230159259259
HIS, 5, 31.690, 0.998805, -81089.445312, 0.336788888889
ILE, 6, 27.984, 0.848234, -79470.531250, 0.278788888889
LEU, 5, 29.181, 0.920142, -79988.992188, 0.349325925926
LYS, 6, 26.916, 0.836053, -80385.921875, 0.242707407407
MET, 10, 25.933, 0.816791, -80319.421875, 0.221622222222
PHE, 6, 27.442, 0.882746, -79755.898438, 0.339081481481
PRO, 6, 26.278, 0.834023, -79902.687500, 0.268974074074
SER, 8, 25.851, 0.806494, -81197.710938, 0.234703703704
THR, 6, 27.278, 0.872225, -79775.812500, 0.375159259259
TRP, 2, 26.562, 0.838266, -79404.671875, 0.314955555556
TYR, 8, 27.408, 0.866919, -79646.554688, 0.270355555556
VAL, 8, 24.619, 0.81747, -79664.109375, 0.221659259259
