AMINO ACID, DSSP, SASA, GYRATE, ENERGY, RMSF
ALA, 4, 24.569, 0.804903, -81070.421875, 0.251659259259
ARG, 0, 25.623, 0.831061, -81846.687500, 0.298462962963
ASN, 6, 25.851, 0.798381, -79925.328125, 0.210481481481
ASP, 8, 24.632, 0.811047, -80509.906250, 0.207903703704
CYS, 3, 27.147, 0.853391, -79581.937500, 0.307162962963
GLN, 5, 29.127, 0.916092, -80353.187500, 0.290562962963
GLU, 10, 24.471, 0.81576, -79422.906250, 0.207940740741
GLY, 4, 25.113, 0.823758, -79088.640625, 0.230159259259
HIS, 4, 31.806, 0.997625, -79867.562500, 0.336788888889
ILE, 2, 27.022, 0.852728, -80183.289062, 0.278788888889
LEU, 3, 28.385, 0.907095, -80527.265625, 0.349325925926
LYS, 6, 28.012, 0.821654, -81360.562500, 0.242707407407
MET, 10, 24.497, 0.820358, -81122.515625, 0.221622222222
PHE, 8, 28.433, 0.89672, -79093.875000, 0.339081481481
PRO, 4, 26.578, 0.834183, -80892.203125, 0.268974074074
SER, 8, 24.946, 0.809857, -79740.468750, 0.234703703704
THR, 8, 24.922, 0.839926, -81226.273438, 0.375159259259
TRP, 0, 27.508, 0.859327, -79837.984375, 0.314955555556
TYR, 9, 27.959, 0.874166, -80526.117188, 0.270355555556
VAL, 6, 25.778, 0.819558, -80911.437500, 0.221659259259
