AMINO ACID, DSSP, SASA, GYRATE, ENERGY, RMSF
ALA, 6, 26.481, 0.812335, -79902.523438, 0.251659259259
ARG, 4, 27.656, 0.860917, -80532.179688, 0.298462962963
ASN, 4, 25.022, 0.79923, -80411.078125, 0.210481481481
ASP, 10, 25.034, 0.798748, -80289.929688, 0.207903703704
CYS, 3, 27.870, 0.879026, -79745.750000, 0.307162962963
GLN, 9, 28.342, 0.910395, -79882.210938, 0.290562962963
GLU, 10, 23.738, 0.812395, -80974.875000, 0.207940740741
GLY, 6, 23.957, 0.817889, -81232.429688, 0.230159259259
HIS, 6, 32.053, 1.03568, -80500.343750, 0.336788888889
ILE, 4, 29.321, 0.861251, -79242.812500, 0.278788888889
LEU, 5, 29.194, 0.918912, -79941.960938, 0.349325925926
LYS, 4, 27.948, 0.841239, -80236.359375, 0.242707407407
MET, 9, 25.057, 0.809571, -80046.468750, 0.221622222222
PHE, 8, 27.380, 0.883465, -79932.242188, 0.339081481481
PRO, 11, 27.223, 0.849742, -79422.921875, 0.268974074074
SER, 4, 26.561, 0.831655, -79881.015625, 0.234703703704
THR, 4, 26.064, 0.849184, -80429.265625, 0.375159259259
TRP, 0, 26.781, 0.835415, -79696.945312, 0.314955555556
TYR, 12, 29.061, 0.882172, -80343.429688, 0.270355555556
VAL, 8, 24.892, 0.806896, -80864.554688, 0.221659259259
