AMINO ACID, DSSP, SASA, GYRATE, ENERGY, RMSF
ALA, 4, 25.328, 0.81345, -80623.250000, 0.251659259259
ARG, 0, 27.792, 0.866749, -80469.539062, 0.298462962963
ASN, 4, 26.180, 0.809768, -80352.968750, 0.210481481481
ASP, 15, 24.680, 0.803548, -80462.000000, 0.207903703704
CYS, 3, 26.107, 0.875321, -80309.523438, 0.307162962963
GLN, 5, 28.342, 0.91056, -80503.093750, 0.290562962963
GLU, 12, 24.665, 0.820236, -81104.859375, 0.207940740741
GLY, 7, 24.525, 0.813121, -80423.734375, 0.230159259259
HIS, 6, 30.858, 1.02511, -79793.492188, 0.336788888889
ILE, 4, 28.434, 0.861155, -81392.289062, 0.278788888889
LEU, 5, 29.040, 0.907696, -80582.125000, 0.349325925926
LYS, 6, 28.959, 0.843079, -80063.929688, 0.242707407407
MET, 8, 25.584, 0.807496, -80346.726562, 0.221622222222
PHE, 8, 27.557, 0.883923, -80592.234375, 0.339081481481
PRO, 6, 26.110, 0.826828, -80234.390625, 0.268974074074
SER, 4, 26.800, 0.824215, -79608.812500, 0.234703703704
THR, 8, 26.745, 0.86303, -80308.039062, 0.375159259259
TRP, 0, 28.374, 0.857366, -80242.078125, 0.314955555556
TYR, 10, 27.734, 0.865827, -79847.296875, 0.270355555556
VAL, 8, 25.513, 0.807931, -80014.046875, 0.221659259259
