AMINO ACID, DSSP, SASA, GYRATE, ENERGY, RMSF
ALA, 4, 25.101, 0.796636, -80285.531250, 0.251659259259
ARG, 0, 28.032, 0.868486, -80904.445312, 0.298462962963
ASN, 10, 25.547, 0.798208, -80720.460938, 0.210481481481
ASP, 8, 25.384, 0.825417, -79048.710938, 0.207903703704
CYS, 3, 27.074, 0.861146, -80288.031250, 0.307162962963
GLN, 5, 28.050, 0.898232, -80564.781250, 0.290562962963
GLU, 14, 25.196, 0.827675, -80493.062500, 0.207940740741
GLY, 9, 24.760, 0.799119, -78793.554688, 0.230159259259
HIS, 4, 30.289, 0.977797, -80145.445312, 0.336788888889
ILE, 4, 27.904, 0.853895, -80248.687500, 0.278788888889
LEU, 5, 29.871, 0.959771, -80776.742188, 0.349325925926
LYS, 6, 26.437, 0.832536, -79997.093750, 0.242707407407
MET, 8, 27.090, 0.829745, -79721.500000, 0.221622222222
PHE, 8, 27.554, 0.876644, -80000.820312, 0.339081481481
PRO, 2, 27.320, 0.833522, -80240.859375, 0.268974074074
SER, 4, 26.010, 0.843151, -80948.101562, 0.234703703704
THR, 6, 28.350, 0.866239, -79615.203125, 0.375159259259
TRP, 2, 26.276, 0.84399, -79680.632812, 0.314955555556
TYR, 9, 27.552, 0.885451, -80462.265625, 0.270355555556
VAL, 6, 26.868, 0.833196, -80555.828125, 0.221659259259
