AMINO ACID, DSSP, SASA, GYRATE, ENERGY, RMSF
ALA, 10, 27.748, 0.830924, -80016.843750, 0.251659259259
ARG, 8, 29.862, 0.83611, -81468.343750, 0.298462962963
ASN, 8, 27.721, 0.834571, -80881.562500, 0.210481481481
ASP, 7, 28.422, 0.833716, -79847.218750, 0.207903703704
CYS, 11, 26.544, 0.859214, -79903.750000, 0.307162962963
GLN, 14, 26.129, 0.836574, -81096.335938, 0.290562962963
GLU, 12, 26.387, 0.817318, -80273.421875, 0.207940740741
GLY, 6, 26.085, 0.811908, -80072.046875, 0.230159259259
HIS, 8, 25.015, 0.830819, -80124.468750, 0.336788888889
ILE, 7, 27.599, 0.872327, -80822.726562, 0.278788888889
LEU, 10, 23.951, 0.792933, -79356.953125, 0.349325925926
LYS, 6, 27.160, 0.835213, -80814.171875, 0.242707407407
MET, 6, 25.827, 0.817734, -80063.140625, 0.221622222222
PHE, 12, 27.222, 0.811241, -80211.585938, 0.339081481481
PRO, 6, 25.876, 0.83907, -80606.203125, 0.268974074074
SER, 10, 24.902, 0.800783, -81106.468750, 0.234703703704
THR, 8, 25.499, 0.795626, -80772.765625, 0.375159259259
TRP, 6, 29.090, 0.846431, -79932.593750, 0.314955555556
TYR, 8, 27.401, 0.851166, -79770.750000, 0.270355555556
VAL, 10, 27.115, 0.851735, -79608.859375, 0.221659259259
