AMINO ACID, DSSP, SASA, GYRATE, ENERGY, RMSF
ALA, 4, 25.599, 0.808182, -80549.531250, 0.251659259259
ARG, 0, 26.786, 0.871988, -80723.421875, 0.298462962963
ASN, 13, 24.401, 0.80798, -79720.039062, 0.210481481481
ASP, 10, 28.016, 0.837172, -79649.125000, 0.207903703704
CYS, 3, 26.382, 0.856656, -80299.562500, 0.307162962963
GLN, 3, 28.657, 0.893318, -80509.757812, 0.290562962963
GLU, 10, 25.724, 0.830455, -80846.625000, 0.207940740741
GLY, 9, 25.501, 0.807273, -79795.445312, 0.230159259259
HIS, 6, 29.856, 0.957159, -80947.593750, 0.336788888889
ILE, 4, 27.435, 0.841974, -81159.773438, 0.278788888889
LEU, 7, 29.673, 0.943363, -80188.921875, 0.349325925926
LYS, 6, 27.179, 0.843444, -80380.890625, 0.242707407407
MET, 12, 26.188, 0.832821, -80250.968750, 0.221622222222
PHE, 6, 26.324, 0.883876, -80517.703125, 0.339081481481
PRO, 8, 25.342, 0.816001, -79781.242188, 0.268974074074
SER, 4, 27.185, 0.843305, -80267.546875, 0.234703703704
THR, 6, 27.398, 0.864396, -80578.953125, 0.375159259259
TRP, 4, 27.023, 0.838944, -79832.203125, 0.314955555556
TYR, 9, 28.174, 0.875815, -81387.718750, 0.270355555556
VAL, 6, 27.197, 0.830496, -79752.554688, 0.221659259259
