AMINO ACID, DSSP, SASA, GYRATE, ENERGY, RMSF
ALA, 6, 26.074, 0.806117, -80140.046875, 0.251659259259
ARG, 2, 27.044, 0.864536, -81367.101562, 0.298462962963
ASN, 10, 25.040, 0.801388, -80158.250000, 0.210481481481
ASP, 10, 26.797, 0.811811, -80233.242188, 0.207903703704
CYS, 3, 25.623, 0.849641, -80222.406250, 0.307162962963
GLN, 3, 27.818, 0.89855, -80382.679688, 0.290562962963
GLU, 8, 24.456, 0.812873, -80018.843750, 0.207940740741
GLY, 9, 24.583, 0.793743, -78794.218750, 0.230159259259
HIS, 4, 30.259, 0.95887, -79720.570312, 0.336788888889
ILE, 7, 26.945, 0.848246, -79657.523438, 0.278788888889
LEU, 7, 30.253, 0.94324, -79936.296875, 0.349325925926
LYS, 4, 28.428, 0.844471, -81238.437500, 0.242707407407
MET, 12, 26.564, 0.826437, -80211.523438, 0.221622222222
PHE, 4, 27.949, 0.887828, -80594.148438, 0.339081481481
PRO, 2, 26.747, 0.828043, -80446.335938, 0.268974074074
SER, 4, 28.473, 0.863267, -81036.562500, 0.234703703704
THR, 4, 27.560, 0.871911, -80338.734375, 0.375159259259
TRP, 4, 26.877, 0.852503, -80689.085938, 0.314955555556
TYR, 9, 28.090, 0.877239, -79928.406250, 0.270355555556
VAL, 6, 26.509, 0.825773, -79573.617188, 0.221659259259
