AMINO ACID, DSSP, SASA, GYRATE, ENERGY, RMSF
ALA, 6, 26.133, 0.818157, -79919.281250, 0.251659259259
ARG, 0, 27.413, 0.866068, -81402.343750, 0.298462962963
ASN, 8, 27.373, 0.815846, -80762.453125, 0.210481481481
ASP, 7, 26.633, 0.822251, -79814.437500, 0.207903703704
CYS, 3, 27.502, 0.868783, -79029.007812, 0.307162962963
GLN, 2, 28.660, 0.896945, -80043.937500, 0.290562962963
GLU, 8, 24.593, 0.816027, -80011.679688, 0.207940740741
GLY, 7, 24.331, 0.78267, -81299.656250, 0.230159259259
HIS, 4, 29.401, 0.955553, -79876.843750, 0.336788888889
ILE, 4, 26.989, 0.836911, -80755.125000, 0.278788888889
LEU, 7, 29.273, 0.93104, -80072.109375, 0.349325925926
LYS, 6, 26.752, 0.848662, -80200.375000, 0.242707407407
MET, 12, 25.757, 0.818593, -79836.875000, 0.221622222222
PHE, 4, 27.946, 0.883902, -79824.351562, 0.339081481481
PRO, 6, 25.778, 0.813707, -80367.203125, 0.268974074074
SER, 6, 27.539, 0.838938, -79895.851562, 0.234703703704
THR, 4, 26.053, 0.860607, -80024.257812, 0.375159259259
TRP, 2, 27.088, 0.849133, -78699.750000, 0.314955555556
TYR, 6, 28.580, 0.88472, -80041.546875, 0.270355555556
VAL, 8, 25.754, 0.823374, -79613.156250, 0.221659259259
