AMINO ACID, DSSP, SASA, GYRATE, ENERGY, RMSF
ALA, 4, 25.820, 0.815571, -80248.078125, 0.251659259259
ARG, 0, 26.578, 0.858942, -80674.671875, 0.298462962963
ASN, 10, 25.292, 0.801958, -80667.375000, 0.210481481481
ASP, 9, 25.449, 0.810969, -79786.828125, 0.207903703704
CYS, 3, 27.983, 0.895647, -80902.296875, 0.307162962963
GLN, 3, 28.072, 0.897672, -80138.218750, 0.290562962963
GLU, 10, 25.785, 0.828101, -79676.812500, 0.207940740741
GLY, 7, 24.944, 0.80513, -80901.921875, 0.230159259259
HIS, 4, 29.594, 0.945846, -79455.187500, 0.336788888889
ILE, 7, 26.749, 0.834456, -79927.375000, 0.278788888889
LEU, 7, 30.497, 0.946506, -80140.328125, 0.349325925926
LYS, 6, 26.742, 0.813771, -80976.015625, 0.242707407407
MET, 12, 27.220, 0.812595, -79731.312500, 0.221622222222
PHE, 8, 26.760, 0.880276, -79920.281250, 0.339081481481
PRO, 4, 26.098, 0.828261, -79922.179688, 0.268974074074
SER, 8, 26.795, 0.841732, -80496.562500, 0.234703703704
THR, 6, 29.490, 0.870532, -80567.812500, 0.375159259259
TRP, 2, 27.386, 0.85308, -80589.031250, 0.314955555556
TYR, 8, 29.229, 0.886859, -79719.875000, 0.270355555556
VAL, 8, 25.210, 0.814603, -79342.984375, 0.221659259259
