AMINO ACID, DSSP, SASA, GYRATE, ENERGY, RMSF
ALA, 4, 23.661, 0.811028, -79642.984375, 0.251659259259
ARG, 2, 27.561, 0.844273, -81031.445312, 0.298462962963
ASN, 8, 26.370, 0.807157, -81225.632812, 0.210481481481
ASP, 13, 25.675, 0.807608, -81190.078125, 0.207903703704
CYS, 3, 25.923, 0.864568, -80169.203125, 0.307162962963
GLN, 5, 28.016, 0.886033, -81103.375000, 0.290562962963
GLU, 6, 25.898, 0.832575, -81383.687500, 0.207940740741
GLY, 9, 24.475, 0.798332, -79582.921875, 0.230159259259
HIS, 4, 30.229, 0.968791, -79772.312500, 0.336788888889
ILE, 6, 26.342, 0.84101, -79240.609375, 0.278788888889
LEU, 4, 30.219, 0.948271, -79670.390625, 0.349325925926
LYS, 6, 25.657, 0.818578, -79749.406250, 0.242707407407
MET, 14, 26.558, 0.821404, -79321.609375, 0.221622222222
PHE, 6, 27.423, 0.869375, -79459.906250, 0.339081481481
PRO, 11, 27.920, 0.840892, -80672.039062, 0.268974074074
SER, 6, 28.243, 0.843684, -81220.187500, 0.234703703704
THR, 6, 27.723, 0.849734, -81403.093750, 0.375159259259
TRP, 4, 26.885, 0.844821, -80955.648438, 0.314955555556
TYR, 5, 27.925, 0.880306, -79429.187500, 0.270355555556
VAL, 4, 25.935, 0.829723, -80406.445312, 0.221659259259
