AMINO ACID, DSSP, SASA, GYRATE, ENERGY, RMSF
ALA, 8, 26.474, 0.830365, -80250.500000, 0.251659259259
ARG, 8, 29.284, 0.845704, -81412.039062, 0.298462962963
ASN, 8, 27.005, 0.836233, -80861.023438, 0.210481481481
ASP, 9, 26.869, 0.830506, -80388.585938, 0.207903703704
CYS, 7, 27.374, 0.866576, -80261.671875, 0.307162962963
GLN, 16, 26.831, 0.821763, -79728.023438, 0.290562962963
GLU, 10, 25.565, 0.810077, -80594.523438, 0.207940740741
GLY, 6, 25.419, 0.809142, -80310.039062, 0.230159259259
HIS, 8, 26.340, 0.840612, -80348.617188, 0.336788888889
ILE, 6, 28.145, 0.873704, -79739.335938, 0.278788888889
LEU, 12, 23.919, 0.793117, -80372.320312, 0.349325925926
LYS, 9, 26.896, 0.838028, -80515.593750, 0.242707407407
MET, 4, 26.582, 0.826037, -80131.242188, 0.221622222222
PHE, 8, 27.300, 0.816503, -79828.500000, 0.339081481481
PRO, 8, 26.160, 0.824335, -79530.070312, 0.268974074074
SER, 12, 24.664, 0.801562, -80438.648438, 0.234703703704
THR, 8, 25.117, 0.800401, -79769.890625, 0.375159259259
TRP, 8, 27.643, 0.830595, -80053.398438, 0.314955555556
TYR, 7, 26.834, 0.850235, -79894.781250, 0.270355555556
VAL, 8, 26.007, 0.833378, -79744.328125, 0.221659259259
