AMINO ACID, DSSP, SASA, GYRATE, ENERGY, RMSF
ALA, 4, 26.972, 0.842615, -80797.312500, 0.251659259259
ARG, 0, 29.449, 0.878628, -80203.851562, 0.298462962963
ASN, 10, 26.690, 0.806978, -81115.375000, 0.210481481481
ASP, 8, 25.369, 0.806794, -80310.414062, 0.207903703704
CYS, 5, 26.447, 0.865771, -79016.046875, 0.307162962963
GLN, 5, 27.260, 0.913185, -80226.109375, 0.290562962963
GLU, 10, 23.900, 0.810895, -80848.703125, 0.207940740741
GLY, 9, 25.860, 0.799729, -79542.453125, 0.230159259259
HIS, 9, 29.316, 0.922819, -80299.257812, 0.336788888889
ILE, 7, 27.408, 0.840959, -79517.515625, 0.278788888889
LEU, 5, 28.861, 0.925627, -81048.593750, 0.349325925926
LYS, 6, 27.027, 0.819345, -80412.406250, 0.242707407407
MET, 9, 27.183, 0.825571, -80284.226562, 0.221622222222
PHE, 6, 28.140, 0.901664, -80315.015625, 0.339081481481
PRO, 4, 28.370, 0.847484, -80610.492188, 0.268974074074
SER, 2, 28.205, 0.858945, -80070.484375, 0.234703703704
THR, 6, 27.211, 0.84524, -80274.164062, 0.375159259259
TRP, 2, 27.002, 0.857042, -80213.156250, 0.314955555556
TYR, 7, 30.635, 0.904501, -79597.601562, 0.270355555556
VAL, 6, 26.395, 0.829979, -80539.359375, 0.221659259259
