AMINO ACID, DSSP, SASA, GYRATE, ENERGY, RMSF
ALA, 4, 25.997, 0.826598, -80291.218750, 0.251659259259
ARG, 0, 30.303, 0.872915, -80866.164062, 0.298462962963
ASN, 8, 25.451, 0.813359, -80902.367188, 0.210481481481
ASP, 8, 26.020, 0.816142, -80937.968750, 0.207903703704
CYS, 0, 25.655, 0.854766, -81073.218750, 0.307162962963
GLN, 5, 26.729, 0.892055, -81086.156250, 0.290562962963
GLU, 9, 24.475, 0.816405, -80054.531250, 0.207940740741
GLY, 9, 25.564, 0.815208, -80236.710938, 0.230159259259
HIS, 2, 29.240, 0.938986, -79251.625000, 0.336788888889
ILE, 7, 26.443, 0.83525, -79570.078125, 0.278788888889
LEU, 5, 29.115, 0.930113, -79573.921875, 0.349325925926
LYS, 7, 27.338, 0.815371, -80928.960938, 0.242707407407
MET, 12, 26.583, 0.821813, -80249.554688, 0.221622222222
PHE, 6, 26.266, 0.88358, -79683.812500, 0.339081481481
PRO, 9, 27.630, 0.848018, -80915.382812, 0.268974074074
SER, 4, 27.097, 0.84003, -80524.968750, 0.234703703704
THR, 6, 27.252, 0.847677, -80961.601562, 0.375159259259
TRP, 4, 28.659, 0.849564, -81052.656250, 0.314955555556
TYR, 6, 28.783, 0.908557, -79693.687500, 0.270355555556
VAL, 6, 26.340, 0.834044, -80077.359375, 0.221659259259
