AMINO ACID, DSSP, SASA, GYRATE, ENERGY, RMSF
ALA, 2, 24.981, 0.820689, -80493.625000, 0.251659259259
ARG, 2, 28.040, 0.862503, -81533.359375, 0.298462962963
ASN, 10, 25.562, 0.804777, -80277.343750, 0.210481481481
ASP, 13, 25.165, 0.803106, -81289.679688, 0.207903703704
CYS, 9, 26.543, 0.892232, -80000.046875, 0.307162962963
GLN, 10, 28.717, 0.897566, -80421.640625, 0.290562962963
GLU, 9, 23.873, 0.819051, -79574.531250, 0.207940740741
GLY, 9, 24.974, 0.812136, -80296.945312, 0.230159259259
HIS, 2, 28.828, 0.937127, -80083.843750, 0.336788888889
ILE, 7, 26.702, 0.828085, -79887.671875, 0.278788888889
LEU, 7, 30.642, 0.939787, -80124.960938, 0.349325925926
LYS, 6, 27.336, 0.822507, -79997.515625, 0.242707407407
MET, 12, 26.021, 0.813822, -79875.445312, 0.221622222222
PHE, 6, 26.153, 0.853787, -80274.687500, 0.339081481481
PRO, 2, 27.516, 0.834149, -79971.507812, 0.268974074074
SER, 6, 27.277, 0.840781, -80491.953125, 0.234703703704
THR, 6, 27.800, 0.876023, -80814.078125, 0.375159259259
TRP, 7, 29.004, 0.848471, -79618.156250, 0.314955555556
TYR, 7, 29.544, 0.916534, -79922.312500, 0.270355555556
VAL, 8, 25.965, 0.820683, -80678.648438, 0.221659259259
