AMINO ACID, DSSP, SASA, GYRATE, ENERGY, RMSF
ALA, 2, 27.295, 0.842401, -80437.796875, 0.251659259259
ARG, 6, 27.495, 0.848409, -80304.015625, 0.298462962963
ASN, 10, 26.167, 0.797069, -80260.000000, 0.210481481481
ASP, 10, 24.570, 0.80164, -80344.664062, 0.207903703704
CYS, 5, 26.356, 0.83872, -79072.898438, 0.307162962963
GLN, 9, 30.023, 0.916145, -80930.289062, 0.290562962963
GLU, 7, 26.769, 0.84421, -79638.734375, 0.207940740741
GLY, 9, 25.107, 0.799483, -80669.109375, 0.230159259259
HIS, 0, 28.010, 0.91225, -80691.546875, 0.336788888889
ILE, 7, 26.561, 0.838579, -79429.640625, 0.278788888889
LEU, 7, 28.235, 0.918286, -79695.968750, 0.349325925926
LYS, 9, 26.522, 0.816355, -80355.453125, 0.242707407407
MET, 10, 25.891, 0.821933, -80846.398438, 0.221622222222
PHE, 6, 25.816, 0.864164, -80354.968750, 0.339081481481
PRO, 9, 24.932, 0.796799, -80302.078125, 0.268974074074
SER, 2, 26.605, 0.831442, -79911.789062, 0.234703703704
THR, 4, 27.069, 0.845903, -81018.101562, 0.375159259259
TRP, 4, 28.248, 0.86054, -80137.843750, 0.314955555556
TYR, 5, 29.292, 0.889029, -80266.046875, 0.270355555556
VAL, 8, 27.175, 0.838938, -80115.968750, 0.221659259259
