AMINO ACID, DSSP, SASA, GYRATE, ENERGY, RMSF
ALA, 2, 26.227, 0.831258, -79990.085938, 0.251659259259
ARG, 0, 26.857, 0.849486, -80397.343750, 0.298462962963
ASN, 10, 26.370, 0.806487, -79453.500000, 0.210481481481
ASP, 8, 24.320, 0.799624, -80326.250000, 0.207903703704
CYS, 9, 26.024, 0.839204, -79166.031250, 0.307162962963
GLN, 6, 28.971, 0.900267, -80004.421875, 0.290562962963
GLU, 6, 26.777, 0.838093, -79378.031250, 0.207940740741
GLY, 9, 24.448, 0.798761, -80247.429688, 0.230159259259
HIS, 2, 28.791, 0.928746, -79836.203125, 0.336788888889
ILE, 7, 26.646, 0.835703, -79289.429688, 0.278788888889
LEU, 7, 29.396, 0.911543, -80866.531250, 0.349325925926
LYS, 9, 25.955, 0.809156, -81301.484375, 0.242707407407
MET, 12, 26.538, 0.828101, -80808.945312, 0.221622222222
PHE, 6, 26.026, 0.851425, -80254.484375, 0.339081481481
PRO, 11, 26.890, 0.813782, -79293.585938, 0.268974074074
SER, 2, 26.940, 0.829951, -80599.812500, 0.234703703704
THR, 6, 27.787, 0.860626, -80451.773438, 0.375159259259
TRP, 2, 28.193, 0.845943, -79641.515625, 0.314955555556
TYR, 5, 29.185, 0.903963, -80578.546875, 0.270355555556
VAL, 4, 26.606, 0.837038, -80213.968750, 0.221659259259
