AMINO ACID, DSSP, SASA, GYRATE, ENERGY, RMSF
ALA, 8, 26.757, 0.827671, -80764.710938, 0.251659259259
ARG, 8, 29.542, 0.856302, -81128.671875, 0.298462962963
ASN, 8, 27.987, 0.842756, -80431.500000, 0.210481481481
ASP, 9, 26.475, 0.816275, -80119.609375, 0.207903703704
CYS, 7, 27.112, 0.857187, -80725.492188, 0.307162962963
GLN, 16, 25.528, 0.830384, -80556.695312, 0.290562962963
GLU, 12, 26.764, 0.800362, -80148.718750, 0.207940740741
GLY, 2, 25.703, 0.828354, -80559.578125, 0.230159259259
HIS, 4, 26.673, 0.832632, -79740.765625, 0.336788888889
ILE, 9, 27.126, 0.857707, -80077.679688, 0.278788888889
LEU, 11, 25.297, 0.805666, -81125.304688, 0.349325925926
LYS, 6, 29.371, 0.842215, -80591.960938, 0.242707407407
MET, 7, 26.291, 0.821106, -79886.125000, 0.221622222222
PHE, 8, 27.806, 0.814446, -80671.195312, 0.339081481481
PRO, 5, 25.923, 0.816095, -80051.718750, 0.268974074074
SER, 12, 23.983, 0.798166, -80902.257812, 0.234703703704
THR, 10, 26.288, 0.807863, -79962.656250, 0.375159259259
TRP, 6, 28.855, 0.849615, -79958.359375, 0.314955555556
TYR, 12, 27.684, 0.87429, -79929.250000, 0.270355555556
VAL, 8, 25.431, 0.839282, -80350.328125, 0.221659259259
