AMINO ACID, DSSP, SASA, GYRATE, ENERGY, RMSF
ALA, 4, 25.751, 0.850906, -80061.296875, 0.251659259259
ARG, 0, 29.371, 0.856866, -80244.921875, 0.298462962963
ASN, 10, 28.289, 0.825824, -80302.062500, 0.210481481481
ASP, 12, 25.476, 0.81384, -79910.875000, 0.207903703704
CYS, 5, 25.319, 0.825787, -79712.421875, 0.307162962963
GLN, 4, 29.262, 0.901564, -79895.718750, 0.290562962963
GLU, 10, 26.399, 0.850372, -81073.859375, 0.207940740741
GLY, 9, 24.547, 0.799791, -80509.484375, 0.230159259259
HIS, 2, 26.790, 0.907836, -80276.218750, 0.336788888889
ILE, 7, 26.273, 0.839249, -79352.351562, 0.278788888889
LEU, 7, 28.733, 0.932083, -80067.523438, 0.349325925926
LYS, 11, 26.040, 0.806068, -80956.078125, 0.242707407407
MET, 12, 26.306, 0.820221, -80397.156250, 0.221622222222
PHE, 4, 25.354, 0.874283, -80111.734375, 0.339081481481
PRO, 11, 26.357, 0.811894, -80707.039062, 0.268974074074
SER, 6, 26.866, 0.832905, -79685.343750, 0.234703703704
THR, 6, 27.583, 0.859552, -80283.359375, 0.375159259259
TRP, 2, 28.452, 0.854281, -80178.234375, 0.314955555556
TYR, 5, 27.781, 0.873005, -80059.890625, 0.270355555556
VAL, 4, 28.221, 0.836712, -80178.617188, 0.221659259259
