AMINO ACID, DSSP, SASA, GYRATE, ENERGY, RMSF
ALA, 6, 26.848, 0.821196, -80337.140625, 0.251659259259
ARG, 4, 28.563, 0.852927, -80160.406250, 0.298462962963
ASN, 8, 26.690, 0.830775, -80380.359375, 0.210481481481
ASP, 9, 27.338, 0.819476, -80159.117188, 0.207903703704
CYS, 4, 27.209, 0.858565, -79924.335938, 0.307162962963
GLN, 16, 26.073, 0.81988, -80026.671875, 0.290562962963
GLU, 10, 25.849, 0.804151, -80315.140625, 0.207940740741
GLY, 4, 25.450, 0.817686, -80038.578125, 0.230159259259
HIS, 4, 27.832, 0.846686, -81112.320312, 0.336788888889
ILE, 9, 28.101, 0.869146, -80321.593750, 0.278788888889
LEU, 11, 25.996, 0.805928, -80080.265625, 0.349325925926
LYS, 6, 28.251, 0.837635, -79465.140625, 0.242707407407
MET, 6, 26.426, 0.819727, -80468.968750, 0.221622222222
PHE, 8, 26.835, 0.815842, -80329.492188, 0.339081481481
PRO, 6, 26.515, 0.817224, -80402.734375, 0.268974074074
SER, 10, 24.712, 0.796726, -80213.453125, 0.234703703704
THR, 8, 26.893, 0.805364, -81137.789062, 0.375159259259
TRP, 6, 29.024, 0.864733, -80534.375000, 0.314955555556
TYR, 8, 28.479, 0.887371, -80607.093750, 0.270355555556
VAL, 8, 26.639, 0.831605, -79670.898438, 0.221659259259
