AMINO ACID, DSSP, SASA, GYRATE, ENERGY, RMSF
ALA, 6, 25.580, 0.81175, -78946.039062, 0.251659259259
ARG, 2, 27.693, 0.844368, -81325.359375, 0.298462962963
ASN, 10, 27.535, 0.802066, -80530.523438, 0.210481481481
ASP, 11, 24.087, 0.791223, -80753.507812, 0.207903703704
CYS, 5, 26.652, 0.836592, -79845.078125, 0.307162962963
GLN, 2, 27.841, 0.90019, -79447.351562, 0.290562962963
GLU, 4, 24.780, 0.815852, -80393.046875, 0.207940740741
GLY, 9, 24.783, 0.814717, -80285.750000, 0.230159259259
HIS, 6, 29.360, 0.929545, -80824.437500, 0.336788888889
ILE, 7, 26.428, 0.823363, -80586.390625, 0.278788888889
LEU, 5, 29.771, 0.934454, -80585.578125, 0.349325925926
LYS, 11, 26.737, 0.830014, -79683.945312, 0.242707407407
MET, 6, 28.730, 0.837781, -80343.968750, 0.221622222222
PHE, 2, 27.978, 0.8978, -80246.078125, 0.339081481481
PRO, 4, 26.079, 0.824475, -79520.859375, 0.268974074074
SER, 4, 26.332, 0.83308, -81410.828125, 0.234703703704
THR, 6, 27.685, 0.860749, -80043.031250, 0.375159259259
TRP, 4, 28.527, 0.853784, -80402.000000, 0.314955555556
TYR, 5, 28.620, 0.878099, -79723.109375, 0.270355555556
VAL, 4, 28.099, 0.844889, -79791.859375, 0.221659259259
