AMINO ACID, DSSP, SASA, GYRATE, ENERGY, RMSF
ALA, 4, 26.343, 0.83566, -80163.179688, 0.251659259259
ARG, 0, 26.912, 0.860304, -81845.453125, 0.298462962963
ASN, 10, 25.235, 0.788319, -81129.109375, 0.210481481481
ASP, 11, 25.005, 0.796529, -79896.140625, 0.207903703704
CYS, 7, 25.106, 0.846514, -80441.203125, 0.307162962963
GLN, 7, 28.514, 0.900842, -80603.734375, 0.290562962963
GLU, 6, 25.388, 0.823615, -79429.328125, 0.207940740741
GLY, 9, 24.700, 0.816421, -79888.007812, 0.230159259259
HIS, 6, 28.984, 0.92381, -80450.187500, 0.336788888889
ILE, 7, 25.278, 0.831965, -80839.343750, 0.278788888889
LEU, 7, 29.992, 0.923524, -80306.554688, 0.349325925926
LYS, 9, 26.347, 0.814624, -81065.398438, 0.242707407407
MET, 11, 26.789, 0.838093, -80520.875000, 0.221622222222
PHE, 4, 28.135, 0.908932, -80182.703125, 0.339081481481
PRO, 2, 25.613, 0.814054, -80093.195312, 0.268974074074
SER, 2, 25.890, 0.827681, -79865.273438, 0.234703703704
THR, 4, 27.848, 0.865805, -79075.023438, 0.375159259259
TRP, 6, 27.010, 0.843745, -80135.218750, 0.314955555556
TYR, 6, 28.657, 0.897743, -79255.039062, 0.270355555556
VAL, 7, 26.114, 0.809809, -79800.109375, 0.221659259259
