AMINO ACID, DSSP, SASA, GYRATE, ENERGY, RMSF
ALA, 4, 25.438, 0.81757, -79859.859375, 0.251659259259
ARG, 2, 27.975, 0.868089, -81041.078125, 0.298462962963
ASN, 13, 24.683, 0.801237, -79585.679688, 0.210481481481
ASP, 8, 25.508, 0.805834, -79751.265625, 0.207903703704
CYS, 7, 25.289, 0.847317, -81693.562500, 0.307162962963
GLN, 7, 28.762, 0.895436, -80340.578125, 0.290562962963
GLU, 9, 24.306, 0.814447, -80509.828125, 0.207940740741
GLY, 9, 24.579, 0.818179, -80440.562500, 0.230159259259
HIS, 6, 28.790, 0.924568, -80395.265625, 0.336788888889
ILE, 7, 25.383, 0.821279, -79930.710938, 0.278788888889
LEU, 5, 29.430, 0.926506, -80735.093750, 0.349325925926
LYS, 7, 26.642, 0.818014, -79807.625000, 0.242707407407
MET, 10, 27.700, 0.835718, -80313.890625, 0.221622222222
PHE, 6, 26.617, 0.890477, -80365.070312, 0.339081481481
PRO, 11, 26.521, 0.812751, -78674.015625, 0.268974074074
SER, 6, 25.816, 0.833857, -80876.859375, 0.234703703704
THR, 2, 26.485, 0.865943, -80701.898438, 0.375159259259
TRP, 6, 27.461, 0.844332, -80192.562500, 0.314955555556
TYR, 5, 29.781, 0.88931, -80388.546875, 0.270355555556
VAL, 5, 27.087, 0.825417, -79502.828125, 0.221659259259
