AMINO ACID, DSSP, SASA, GYRATE, ENERGY, RMSF
ALA, 8, 27.380, 0.832596, -80459.804688, 0.251659259259
ARG, 6, 29.145, 0.84624, -80191.453125, 0.298462962963
ASN, 8, 26.480, 0.821741, -79908.531250, 0.210481481481
ASP, 9, 26.250, 0.809323, -79978.453125, 0.207903703704
CYS, 9, 28.477, 0.859275, -80133.906250, 0.307162962963
GLN, 16, 27.062, 0.832915, -81026.335938, 0.290562962963
GLU, 10, 25.463, 0.798298, -80587.765625, 0.207940740741
GLY, 8, 24.812, 0.822166, -80833.554688, 0.230159259259
HIS, 8, 28.925, 0.860732, -80553.718750, 0.336788888889
ILE, 9, 28.121, 0.856793, -79345.054688, 0.278788888889
LEU, 11, 25.691, 0.802221, -79107.546875, 0.349325925926
LYS, 6, 27.047, 0.828298, -80144.921875, 0.242707407407
MET, 4, 26.263, 0.826172, -80400.625000, 0.221622222222
PHE, 10, 27.854, 0.825156, -79748.640625, 0.339081481481
PRO, 7, 25.495, 0.820553, -79926.414062, 0.268974074074
SER, 12, 24.792, 0.797352, -80714.914062, 0.234703703704
THR, 6, 26.231, 0.810962, -80397.203125, 0.375159259259
TRP, 4, 30.105, 0.879186, -79452.281250, 0.314955555556
TYR, 14, 26.956, 0.855394, -80320.578125, 0.270355555556
VAL, 10, 27.331, 0.847535, -80452.203125, 0.221659259259
