AMINO ACID, DSSP, SASA, GYRATE, ENERGY, RMSF
ALA, 4, 26.226, 0.815952, -80965.468750, 0.251659259259
ARG, 0, 28.800, 0.859811, -80251.640625, 0.298462962963
ASN, 13, 24.534, 0.797062, -80437.765625, 0.210481481481
ASP, 10, 25.656, 0.804628, -81033.765625, 0.207903703704
CYS, 10, 26.513, 0.827053, -79368.476562, 0.307162962963
GLN, 4, 28.693, 0.899254, -79770.671875, 0.290562962963
GLU, 10, 24.881, 0.827107, -80297.500000, 0.207940740741
GLY, 11, 24.801, 0.808682, -80710.750000, 0.230159259259
HIS, 6, 27.191, 0.884324, -80136.648438, 0.336788888889
ILE, 7, 26.058, 0.82685, -80286.515625, 0.278788888889
LEU, 5, 28.913, 0.899208, -80754.625000, 0.349325925926
LYS, 6, 26.837, 0.833713, -80684.750000, 0.242707407407
MET, 12, 28.286, 0.830203, -79950.546875, 0.221622222222
PHE, 2, 26.815, 0.884671, -80634.429688, 0.339081481481
PRO, 7, 26.916, 0.82776, -80106.093750, 0.268974074074
SER, 6, 28.294, 0.85434, -80221.843750, 0.234703703704
THR, 4, 27.191, 0.853291, -80705.828125, 0.375159259259
TRP, 4, 26.716, 0.844364, -79800.765625, 0.314955555556
TYR, 5, 29.330, 0.887331, -80891.609375, 0.270355555556
VAL, 5, 26.863, 0.823289, -79477.031250, 0.221659259259
