AMINO ACID, DSSP, SASA, GYRATE, ENERGY, RMSF
ALA, 8, 26.366, 0.816099, -79428.703125, 0.251659259259
ARG, 12, 28.850, 0.858604, -81153.437500, 0.298462962963
ASN, 10, 27.911, 0.820215, -80997.906250, 0.210481481481
ASP, 8, 25.094, 0.810037, -80031.718750, 0.207903703704
CYS, 10, 28.381, 0.869457, -79955.523438, 0.307162962963
GLN, 14, 26.671, 0.828843, -80030.492188, 0.290562962963
GLU, 8, 27.857, 0.84377, -79587.578125, 0.207940740741
GLY, 10, 28.909, 0.845987, -79785.953125, 0.230159259259
HIS, 12, 27.603, 0.867954, -80440.796875, 0.336788888889
ILE, 4, 26.744, 0.822897, -81296.914062, 0.278788888889
LEU, 10, 25.719, 0.816434, -80098.585938, 0.349325925926
LYS, 8, 25.272, 0.807341, -80668.046875, 0.242707407407
MET, 10, 28.273, 0.840417, -80481.921875, 0.221622222222
PHE, 10, 26.099, 0.820238, -81099.921875, 0.339081481481
PRO, 6, 27.721, 0.863842, -79771.359375, 0.268974074074
SER, 8, 25.471, 0.81026, -80259.750000, 0.234703703704
THR, 6, 25.537, 0.807568, -80386.195312, 0.375159259259
TRP, 10, 28.082, 0.843584, -78783.296875, 0.314955555556
TYR, 9, 27.904, 0.84428, -80621.804688, 0.270355555556
VAL, 6, 27.613, 0.82949, -79973.179688, 0.221659259259
