AMINO ACID, DSSP, SASA, GYRATE, ENERGY, RMSF
ALA, 4, 25.971, 0.832566, -80687.554688, 0.251659259259
ARG, 2, 28.226, 0.855072, -80488.109375, 0.298462962963
ASN, 14, 27.719, 0.808344, -80934.132812, 0.210481481481
ASP, 13, 25.254, 0.802881, -79689.601562, 0.207903703704
CYS, 9, 25.806, 0.830113, -81150.554688, 0.307162962963
GLN, 4, 29.597, 0.922841, -80309.835938, 0.290562962963
GLU, 7, 25.448, 0.822715, -80607.351562, 0.207940740741
GLY, 2, 25.398, 0.812049, -80814.781250, 0.230159259259
HIS, 4, 29.082, 0.938361, -80370.718750, 0.336788888889
ILE, 7, 25.967, 0.825916, -79961.921875, 0.278788888889
LEU, 5, 27.973, 0.89769, -79487.828125, 0.349325925926
LYS, 4, 27.449, 0.843031, -80766.609375, 0.242707407407
MET, 11, 27.121, 0.826144, -80144.617188, 0.221622222222
PHE, 6, 26.651, 0.871766, -80376.460938, 0.339081481481
PRO, 5, 26.835, 0.81632, -80019.156250, 0.268974074074
SER, 4, 27.425, 0.851322, -80679.500000, 0.234703703704
THR, 8, 26.231, 0.841576, -79514.421875, 0.375159259259
TRP, 4, 28.133, 0.843812, -80008.601562, 0.314955555556
TYR, 7, 28.863, 0.892703, -80269.679688, 0.270355555556
VAL, 4, 27.733, 0.836101, -81127.875000, 0.221659259259
