AMINO ACID, DSSP, SASA, GYRATE, ENERGY, RMSF
ALA, 4, 26.764, 0.833231, -79965.593750, 0.251659259259
ARG, 0, 28.986, 0.869728, -80933.375000, 0.298462962963
ASN, 12, 28.052, 0.814156, -81070.906250, 0.210481481481
ASP, 12, 24.463, 0.810807, -80287.125000, 0.207903703704
CYS, 7, 25.113, 0.82915, -80919.015625, 0.307162962963
GLN, 3, 29.509, 0.926752, -80798.250000, 0.290562962963
GLU, 7, 25.292, 0.824356, -80181.835938, 0.207940740741
GLY, 4, 25.073, 0.808882, -80557.640625, 0.230159259259
HIS, 4, 29.760, 0.968341, -80645.437500, 0.336788888889
ILE, 7, 26.056, 0.825139, -80708.156250, 0.278788888889
LEU, 5, 28.790, 0.919023, -80619.890625, 0.349325925926
LYS, 10, 27.116, 0.82316, -80026.781250, 0.242707407407
MET, 12, 26.334, 0.827849, -80040.453125, 0.221622222222
PHE, 6, 25.742, 0.886788, -79889.296875, 0.339081481481
PRO, 0, 26.500, 0.81008, -80123.695312, 0.268974074074
SER, 4, 27.126, 0.835571, -80051.875000, 0.234703703704
THR, 4, 26.281, 0.853875, -81210.929688, 0.375159259259
TRP, 4, 28.300, 0.852635, -80453.234375, 0.314955555556
TYR, 7, 28.062, 0.870237, -79810.781250, 0.270355555556
VAL, 4, 26.055, 0.820268, -80733.296875, 0.221659259259
