AMINO ACID, DSSP, SASA, GYRATE, ENERGY, RMSF
ALA, 4, 28.058, 0.841352, -79853.164062, 0.251659259259
ARG, 0, 29.539, 0.879341, -80886.250000, 0.298462962963
ASN, 12, 26.775, 0.804613, -80178.789062, 0.210481481481
ASP, 10, 24.966, 0.796664, -79598.570312, 0.207903703704
CYS, 7, 26.810, 0.853592, -79703.492188, 0.307162962963
GLN, 7, 28.961, 0.917178, -80689.500000, 0.290562962963
GLU, 7, 26.865, 0.842645, -80170.929688, 0.207940740741
GLY, 4, 25.000, 0.810527, -81285.867188, 0.230159259259
HIS, 4, 28.578, 0.953837, -79982.687500, 0.336788888889
ILE, 7, 27.451, 0.839794, -80582.015625, 0.278788888889
LEU, 7, 29.587, 0.926925, -80420.195312, 0.349325925926
LYS, 6, 27.128, 0.823672, -80592.257812, 0.242707407407
MET, 10, 25.271, 0.814359, -81524.828125, 0.221622222222
PHE, 8, 26.101, 0.884234, -79916.515625, 0.339081481481
PRO, 7, 25.849, 0.81545, -79566.914062, 0.268974074074
SER, 4, 25.926, 0.830407, -79753.289062, 0.234703703704
THR, 6, 27.705, 0.839025, -81379.085938, 0.375159259259
TRP, 6, 28.286, 0.848115, -80800.625000, 0.314955555556
TYR, 5, 26.581, 0.864287, -79336.828125, 0.270355555556
VAL, 2, 27.551, 0.824363, -80686.570312, 0.221659259259
