AMINO ACID, DSSP, SASA, GYRATE, ENERGY, RMSF
ALA, 6, 28.067, 0.850502, -80349.617188, 0.251659259259
ARG, 2, 28.948, 0.873491, -80168.437500, 0.298462962963
ASN, 12, 25.453, 0.797879, -80271.984375, 0.210481481481
ASP, 10, 24.998, 0.794686, -80092.671875, 0.207903703704
CYS, 9, 26.003, 0.834707, -80100.171875, 0.307162962963
GLN, 7, 29.903, 0.93488, -80285.640625, 0.290562962963
GLU, 7, 24.801, 0.832331, -80028.093750, 0.207940740741
GLY, 6, 25.181, 0.815339, -80204.570312, 0.230159259259
HIS, 6, 29.722, 0.97156, -80250.351562, 0.336788888889
ILE, 6, 26.603, 0.82192, -80162.609375, 0.278788888889
LEU, 5, 28.679, 0.915209, -80022.359375, 0.349325925926
LYS, 8, 25.774, 0.825943, -80878.406250, 0.242707407407
MET, 12, 26.749, 0.825614, -80468.414062, 0.221622222222
PHE, 6, 27.489, 0.886359, -79167.976562, 0.339081481481
PRO, 9, 26.375, 0.813854, -80105.890625, 0.268974074074
SER, 2, 26.269, 0.828038, -80162.914062, 0.234703703704
THR, 4, 27.852, 0.847785, -80044.531250, 0.375159259259
TRP, 6, 28.328, 0.853244, -79848.093750, 0.314955555556
TYR, 5, 28.788, 0.876385, -80070.468750, 0.270355555556
VAL, 4, 26.245, 0.805268, -79576.875000, 0.221659259259
