AMINO ACID, DSSP, SASA, GYRATE, ENERGY, RMSF
ALA, 4, 26.712, 0.848629, -80646.250000, 0.251659259259
ARG, 2, 28.314, 0.867168, -81438.546875, 0.298462962963
ASN, 10, 24.298, 0.800796, -80243.320312, 0.210481481481
ASP, 14, 25.241, 0.792206, -80778.132812, 0.207903703704
CYS, 5, 26.037, 0.843953, -80139.796875, 0.307162962963
GLN, 5, 31.302, 0.933525, -79705.859375, 0.290562962963
GLU, 6, 25.008, 0.836723, -80033.148438, 0.207940740741
GLY, 4, 24.691, 0.813697, -80167.031250, 0.230159259259
HIS, 4, 30.355, 0.989762, -80141.484375, 0.336788888889
ILE, 4, 27.031, 0.837343, -79648.484375, 0.278788888889
LEU, 5, 27.454, 0.913667, -79896.125000, 0.349325925926
LYS, 6, 26.406, 0.823686, -80897.382812, 0.242707407407
MET, 10, 25.813, 0.817813, -80456.890625, 0.221622222222
PHE, 10, 25.677, 0.89349, -79598.335938, 0.339081481481
PRO, 4, 25.443, 0.813788, -79921.156250, 0.268974074074
SER, 0, 28.015, 0.841492, -80711.593750, 0.234703703704
THR, 4, 27.694, 0.855838, -80480.812500, 0.375159259259
TRP, 4, 28.296, 0.856087, -80297.984375, 0.314955555556
TYR, 6, 28.274, 0.877616, -80481.656250, 0.270355555556
VAL, 6, 26.029, 0.819917, -80042.203125, 0.221659259259
