AMINO ACID, DSSP, SASA, GYRATE, ENERGY, RMSF
ALA, 4, 26.408, 0.855508, -80917.671875, 0.251659259259
ARG, 2, 27.546, 0.862493, -80704.250000, 0.298462962963
ASN, 12, 24.360, 0.806818, -80739.750000, 0.210481481481
ASP, 14, 24.562, 0.797676, -79453.234375, 0.207903703704
CYS, 10, 25.189, 0.822171, -80854.625000, 0.307162962963
GLN, 6, 29.238, 0.91762, -80369.375000, 0.290562962963
GLU, 5, 24.189, 0.828194, -80339.187500, 0.207940740741
GLY, 4, 26.160, 0.819349, -79406.609375, 0.230159259259
HIS, 4, 29.926, 0.995054, -80251.171875, 0.336788888889
ILE, 6, 27.223, 0.830289, -79442.281250, 0.278788888889
LEU, 5, 27.679, 0.903363, -80529.578125, 0.349325925926
LYS, 4, 27.434, 0.835514, -81699.187500, 0.242707407407
MET, 9, 26.554, 0.820853, -79811.828125, 0.221622222222
PHE, 6, 26.350, 0.883385, -80170.578125, 0.339081481481
PRO, 4, 26.015, 0.817974, -80686.914062, 0.268974074074
SER, 0, 27.867, 0.837968, -80431.640625, 0.234703703704
THR, 6, 27.863, 0.862227, -80406.695312, 0.375159259259
TRP, 4, 28.455, 0.860653, -79477.203125, 0.314955555556
TYR, 8, 29.702, 0.887694, -79493.273438, 0.270355555556
VAL, 8, 25.801, 0.804143, -80009.476562, 0.221659259259
