AMINO ACID, DSSP, SASA, GYRATE, ENERGY, RMSF
ALA, 10, 25.250, 0.803239, -80629.820312, 0.251659259259
ARG, 10, 28.482, 0.840182, -80369.101562, 0.298462962963
ASN, 6, 27.673, 0.827307, -80436.531250, 0.210481481481
ASP, 8, 25.336, 0.814411, -80761.953125, 0.207903703704
CYS, 12, 25.788, 0.815585, -80064.242188, 0.307162962963
GLN, 12, 25.201, 0.800665, -80434.453125, 0.290562962963
GLU, 8, 26.779, 0.837553, -80379.882812, 0.207940740741
GLY, 4, 26.855, 0.845477, -80085.164062, 0.230159259259
HIS, 6, 29.655, 0.876147, -80878.507812, 0.336788888889
ILE, 12, 28.474, 0.823607, -79391.531250, 0.278788888889
LEU, 12, 26.095, 0.807813, -79485.367188, 0.349325925926
LYS, 10, 25.787, 0.806297, -81392.875000, 0.242707407407
MET, 10, 25.150, 0.806558, -80305.140625, 0.221622222222
PHE, 14, 24.999, 0.800262, -80131.937500, 0.339081481481
PRO, 8, 26.350, 0.815192, -80961.335938, 0.268974074074
SER, 8, 25.624, 0.816135, -79802.281250, 0.234703703704
THR, 12, 25.561, 0.810306, -80412.187500, 0.375159259259
TRP, 12, 27.462, 0.827893, -79891.742188, 0.314955555556
TYR, 14, 27.526, 0.832229, -79522.617188, 0.270355555556
VAL, 6, 26.782, 0.818137, -80933.625000, 0.221659259259
