AMINO ACID, DSSP, SASA, GYRATE, ENERGY, RMSF
ALA, 4, 27.061, 0.842079, -80820.726562, 0.251659259259
ARG, 4, 27.345, 0.85746, -80337.937500, 0.298462962963
ASN, 12, 27.076, 0.833188, -79884.242188, 0.210481481481
ASP, 12, 25.829, 0.823244, -79616.937500, 0.207903703704
CYS, 10, 25.639, 0.84434, -80937.687500, 0.307162962963
GLN, 6, 29.563, 0.918579, -80084.007812, 0.290562962963
GLU, 9, 25.588, 0.836338, -81084.968750, 0.207940740741
GLY, 9, 24.812, 0.809865, -81108.343750, 0.230159259259
HIS, 4, 28.746, 0.939701, -80321.859375, 0.336788888889
ILE, 7, 27.649, 0.835756, -80159.226562, 0.278788888889
LEU, 5, 28.940, 0.924043, -80162.203125, 0.349325925926
LYS, 8, 26.291, 0.813837, -80752.031250, 0.242707407407
MET, 7, 28.426, 0.833202, -80503.015625, 0.221622222222
PHE, 4, 25.945, 0.871745, -79938.312500, 0.339081481481
PRO, 9, 25.552, 0.817686, -80295.757812, 0.268974074074
SER, 6, 24.706, 0.821977, -80601.578125, 0.234703703704
THR, 6, 27.254, 0.849941, -79958.546875, 0.375159259259
TRP, 6, 29.228, 0.846167, -80405.101562, 0.314955555556
TYR, 7, 28.153, 0.895141, -80421.203125, 0.270355555556
VAL, 4, 27.515, 0.821008, -79353.968750, 0.221659259259
