AMINO ACID, DSSP, SASA, GYRATE, ENERGY, RMSF
ALA, 4, 27.654, 0.844887, -80195.281250, 0.251659259259
ARG, 0, 27.560, 0.858701, -80378.523438, 0.298462962963
ASN, 8, 27.406, 0.850391, -79987.335938, 0.210481481481
ASP, 11, 27.075, 0.818622, -79853.671875, 0.207903703704
CYS, 10, 26.274, 0.852933, -80189.148438, 0.307162962963
GLN, 2, 29.570, 0.903671, -79661.765625, 0.290562962963
GLU, 10, 25.212, 0.829673, -80416.468750, 0.207940740741
GLY, 9, 25.789, 0.819693, -79491.335938, 0.230159259259
HIS, 6, 28.403, 0.940736, -78733.914062, 0.336788888889
ILE, 7, 27.755, 0.845547, -79560.367188, 0.278788888889
LEU, 7, 28.979, 0.916439, -79722.164062, 0.349325925926
LYS, 8, 25.222, 0.80348, -80797.023438, 0.242707407407
MET, 7, 27.886, 0.830717, -79926.218750, 0.221622222222
PHE, 6, 28.122, 0.896383, -80074.375000, 0.339081481481
PRO, 11, 26.321, 0.812318, -80382.906250, 0.268974074074
SER, 4, 26.952, 0.830816, -80720.906250, 0.234703703704
THR, 6, 28.000, 0.854085, -79893.890625, 0.375159259259
TRP, 6, 27.633, 0.849849, -79596.609375, 0.314955555556
TYR, 9, 28.197, 0.874102, -79671.398438, 0.270355555556
VAL, 6, 26.610, 0.817053, -80596.437500, 0.221659259259
