AMINO ACID, DSSP, SASA, GYRATE, ENERGY, RMSF
ALA, 4, 26.911, 0.85375, -79974.984375, 0.251659259259
ARG, 2, 28.381, 0.870462, -81277.195312, 0.298462962963
ASN, 8, 27.260, 0.84841, -79931.351562, 0.210481481481
ASP, 10, 27.580, 0.824304, -79712.687500, 0.207903703704
CYS, 9, 26.805, 0.848584, -80062.875000, 0.307162962963
GLN, 2, 28.807, 0.901764, -80885.585938, 0.290562962963
GLU, 9, 24.639, 0.83161, -80342.515625, 0.207940740741
GLY, 7, 24.925, 0.813949, -80685.726562, 0.230159259259
HIS, 2, 28.659, 0.949679, -79559.984375, 0.336788888889
ILE, 4, 28.245, 0.838911, -79992.734375, 0.278788888889
LEU, 5, 28.389, 0.918489, -80507.734375, 0.349325925926
LYS, 6, 24.987, 0.801542, -80200.390625, 0.242707407407
MET, 11, 26.148, 0.831632, -79886.328125, 0.221622222222
PHE, 4, 27.500, 0.875127, -80004.195312, 0.339081481481
PRO, 8, 25.675, 0.806404, -80546.304688, 0.268974074074
SER, 6, 26.830, 0.837166, -80090.250000, 0.234703703704
THR, 6, 27.497, 0.862331, -80729.000000, 0.375159259259
TRP, 6, 28.104, 0.845835, -80506.882812, 0.314955555556
TYR, 7, 28.681, 0.881723, -80179.179688, 0.270355555556
VAL, 4, 27.218, 0.810996, -80086.968750, 0.221659259259
