AMINO ACID, DSSP, SASA, GYRATE, ENERGY, RMSF
ALA, 4, 27.376, 0.847894, -79997.148438, 0.251659259259
ARG, 0, 26.446, 0.862791, -80598.359375, 0.298462962963
ASN, 12, 27.313, 0.834522, -80856.257812, 0.210481481481
ASP, 9, 26.328, 0.812209, -80073.437500, 0.207903703704
CYS, 8, 27.864, 0.857694, -80748.343750, 0.307162962963
GLN, 8, 29.200, 0.905672, -80075.156250, 0.290562962963
GLU, 9, 25.486, 0.826583, -79255.187500, 0.207940740741
GLY, 4, 24.742, 0.79972, -80838.921875, 0.230159259259
HIS, 2, 29.526, 0.942505, -80555.734375, 0.336788888889
ILE, 7, 27.116, 0.812279, -80169.695312, 0.278788888889
LEU, 5, 29.450, 0.919915, -80861.453125, 0.349325925926
LYS, 6, 26.117, 0.822217, -80129.687500, 0.242707407407
MET, 7, 27.164, 0.828411, -78835.281250, 0.221622222222
PHE, 6, 27.055, 0.866742, -80152.796875, 0.339081481481
PRO, 7, 26.602, 0.817354, -80052.515625, 0.268974074074
SER, 6, 28.477, 0.859044, -80189.304688, 0.234703703704
THR, 8, 27.583, 0.857501, -80114.507812, 0.375159259259
TRP, 7, 27.674, 0.835, -80382.875000, 0.314955555556
TYR, 8, 27.233, 0.883189, -80931.531250, 0.270355555556
VAL, 8, 26.649, 0.8066, -80327.625000, 0.221659259259
