AMINO ACID, DSSP, SASA, GYRATE, ENERGY, RMSF
ALA, 4, 25.956, 0.838556, -80587.593750, 0.251659259259
ARG, 0, 26.550, 0.859399, -80644.750000, 0.298462962963
ASN, 8, 26.288, 0.823536, -80248.898438, 0.210481481481
ASP, 12, 25.157, 0.82239, -80007.109375, 0.207903703704
CYS, 9, 25.294, 0.859457, -80063.921875, 0.307162962963
GLN, 8, 29.441, 0.894348, -80413.023438, 0.290562962963
GLU, 10, 24.755, 0.836113, -80371.390625, 0.207940740741
GLY, 8, 26.548, 0.815987, -80269.640625, 0.230159259259
HIS, 4, 28.151, 0.940595, -80144.953125, 0.336788888889
ILE, 7, 27.518, 0.851766, -80114.828125, 0.278788888889
LEU, 5, 28.224, 0.906907, -80015.054688, 0.349325925926
LYS, 8, 26.928, 0.823534, -80476.328125, 0.242707407407
MET, 12, 27.492, 0.832652, -80260.656250, 0.221622222222
PHE, 8, 27.113, 0.885008, -80363.906250, 0.339081481481
PRO, 6, 25.352, 0.812461, -80764.078125, 0.268974074074
SER, 9, 26.202, 0.834701, -81389.343750, 0.234703703704
THR, 6, 26.884, 0.840629, -79437.679688, 0.375159259259
TRP, 2, 26.356, 0.846506, -80675.289062, 0.314955555556
TYR, 5, 29.317, 0.885228, -79160.171875, 0.270355555556
VAL, 10, 26.364, 0.803706, -80728.609375, 0.221659259259
