AMINO ACID, DSSP, SASA, GYRATE, ENERGY, RMSF
ALA, 4, 26.239, 0.83849, -79789.171875, 0.251659259259
ARG, 0, 27.992, 0.87641, -80827.390625, 0.298462962963
ASN, 10, 25.640, 0.821337, -79229.304688, 0.210481481481
ASP, 12, 26.405, 0.816477, -79871.179688, 0.207903703704
CYS, 9, 25.764, 0.860354, -79907.250000, 0.307162962963
GLN, 4, 29.240, 0.91151, -79722.539062, 0.290562962963
GLU, 9, 24.512, 0.814707, -80195.335938, 0.207940740741
GLY, 5, 25.820, 0.814021, -79928.765625, 0.230159259259
HIS, 2, 26.927, 0.928991, -79892.578125, 0.336788888889
ILE, 7, 28.442, 0.841766, -79000.484375, 0.278788888889
LEU, 5, 29.520, 0.932657, -79447.820312, 0.349325925926
LYS, 10, 25.896, 0.825823, -80053.390625, 0.242707407407
MET, 12, 26.155, 0.812165, -81108.625000, 0.221622222222
PHE, 6, 26.873, 0.886904, -80316.562500, 0.339081481481
PRO, 10, 25.207, 0.805503, -79961.585938, 0.268974074074
SER, 6, 26.948, 0.843474, -80207.320312, 0.234703703704
THR, 6, 27.131, 0.858917, -80201.445312, 0.375159259259
TRP, 5, 27.281, 0.832557, -81242.000000, 0.314955555556
TYR, 8, 27.010, 0.864792, -80614.953125, 0.270355555556
VAL, 8, 26.639, 0.811501, -80000.203125, 0.221659259259
