AMINO ACID, DSSP, SASA, GYRATE, ENERGY, RMSF
ALA, 4, 26.222, 0.832691, -80686.718750, 0.251659259259
ARG, 2, 27.389, 0.868895, -81636.703125, 0.298462962963
ASN, 10, 25.826, 0.834179, -81205.687500, 0.210481481481
ASP, 15, 26.716, 0.807973, -80309.492188, 0.207903703704
CYS, 10, 28.331, 0.861668, -80317.132812, 0.307162962963
GLN, 6, 26.969, 0.869262, -80709.421875, 0.290562962963
GLU, 9, 25.371, 0.819908, -80173.593750, 0.207940740741
GLY, 12, 24.737, 0.793612, -80563.500000, 0.230159259259
HIS, 4, 30.051, 0.978238, -80631.140625, 0.336788888889
ILE, 4, 27.574, 0.83927, -79411.718750, 0.278788888889
LEU, 5, 29.384, 0.90747, -79708.703125, 0.349325925926
LYS, 6, 26.124, 0.817463, -80557.093750, 0.242707407407
MET, 11, 25.485, 0.814361, -80103.375000, 0.221622222222
PHE, 6, 26.492, 0.887206, -79704.921875, 0.339081481481
PRO, 7, 26.032, 0.815831, -80417.054688, 0.268974074074
SER, 4, 27.477, 0.83974, -80688.421875, 0.234703703704
THR, 6, 27.409, 0.854081, -80263.000000, 0.375159259259
TRP, 5, 26.539, 0.840352, -80308.406250, 0.314955555556
TYR, 7, 29.794, 0.880898, -79238.218750, 0.270355555556
VAL, 10, 27.017, 0.807823, -79692.703125, 0.221659259259
