AMINO ACID, DSSP, SASA, GYRATE, ENERGY, RMSF
ALA, 4, 26.558, 0.837929, -81009.765625, 0.251659259259
ARG, 2, 28.846, 0.877931, -81075.203125, 0.298462962963
ASN, 6, 26.703, 0.834486, -80837.968750, 0.210481481481
ASP, 11, 25.299, 0.816924, -79665.078125, 0.207903703704
CYS, 9, 27.502, 0.864215, -79557.515625, 0.307162962963
GLN, 0, 27.985, 0.898517, -80231.585938, 0.290562962963
GLU, 8, 24.945, 0.832341, -80044.148438, 0.207940740741
GLY, 7, 25.884, 0.805025, -81131.359375, 0.230159259259
HIS, 4, 30.125, 0.990493, -79430.796875, 0.336788888889
ILE, 6, 27.394, 0.841884, -80268.359375, 0.278788888889
LEU, 5, 28.156, 0.904792, -80283.007812, 0.349325925926
LYS, 4, 25.585, 0.804875, -80085.796875, 0.242707407407
MET, 8, 27.120, 0.831286, -80878.070312, 0.221622222222
PHE, 6, 27.148, 0.884946, -79359.539062, 0.339081481481
PRO, 0, 25.206, 0.807676, -80380.578125, 0.268974074074
SER, 4, 27.393, 0.840463, -80504.648438, 0.234703703704
THR, 4, 27.499, 0.850266, -80920.218750, 0.375159259259
TRP, 5, 28.924, 0.870952, -79892.007812, 0.314955555556
TYR, 6, 26.569, 0.857971, -79128.328125, 0.270355555556
VAL, 6, 26.073, 0.802808, -79561.546875, 0.221659259259
