AMINO ACID, DSSP, SASA, GYRATE, ENERGY, RMSF
ALA, 4, 26.521, 0.842978, -80596.398438, 0.251659259259
ARG, 4, 28.627, 0.874286, -79907.273438, 0.298462962963
ASN, 10, 26.620, 0.840754, -80324.984375, 0.210481481481
ASP, 12, 24.662, 0.813286, -79597.132812, 0.207903703704
CYS, 7, 28.452, 0.873047, -80182.531250, 0.307162962963
GLN, 4, 27.868, 0.879092, -80233.718750, 0.290562962963
GLU, 6, 25.932, 0.831503, -80114.031250, 0.207940740741
GLY, 7, 25.938, 0.816423, -80701.453125, 0.230159259259
HIS, 4, 29.794, 0.993815, -80322.648438, 0.336788888889
ILE, 6, 26.820, 0.833283, -81006.484375, 0.278788888889
LEU, 7, 28.101, 0.906398, -80238.468750, 0.349325925926
LYS, 10, 26.484, 0.813711, -80851.453125, 0.242707407407
MET, 11, 25.780, 0.827919, -80567.937500, 0.221622222222
PHE, 6, 26.118, 0.877337, -79813.687500, 0.339081481481
PRO, 7, 25.217, 0.808281, -80330.156250, 0.268974074074
SER, 8, 26.863, 0.835538, -80577.984375, 0.234703703704
THR, 6, 26.641, 0.840645, -80692.828125, 0.375159259259
TRP, 7, 28.775, 0.861782, -79961.437500, 0.314955555556
TYR, 7, 26.973, 0.86059, -79881.203125, 0.270355555556
VAL, 6, 26.310, 0.808677, -79730.492188, 0.221659259259
