AMINO ACID, DSSP, SASA, GYRATE, ENERGY, RMSF
ALA, 2, 28.890, 0.841102, -80441.882812, 0.251659259259
ARG, 8, 28.024, 0.850146, -79993.289062, 0.298462962963
ASN, 8, 28.118, 0.836061, -80689.179688, 0.210481481481
ASP, 7, 25.857, 0.799401, -80435.125000, 0.207903703704
CYS, 8, 27.487, 0.86345, -80357.242188, 0.307162962963
GLN, 16, 27.461, 0.843868, -80316.515625, 0.290562962963
GLU, 12, 26.629, 0.811101, -79555.882812, 0.207940740741
GLY, 4, 24.977, 0.832025, -80720.421875, 0.230159259259
HIS, 10, 27.639, 0.843834, -80184.046875, 0.336788888889
ILE, 7, 28.335, 0.85161, -79968.820312, 0.278788888889
LEU, 11, 26.257, 0.804686, -80291.703125, 0.349325925926
LYS, 8, 27.851, 0.833842, -80834.937500, 0.242707407407
MET, 6, 26.775, 0.842634, -80165.218750, 0.221622222222
PHE, 12, 26.742, 0.808169, -80930.164062, 0.339081481481
PRO, 8, 26.115, 0.826345, -80748.429688, 0.268974074074
SER, 12, 24.235, 0.792796, -79888.687500, 0.234703703704
THR, 6, 26.238, 0.817428, -79722.453125, 0.375159259259
TRP, 6, 29.153, 0.876075, -80423.593750, 0.314955555556
TYR, 7, 28.082, 0.86793, -79713.437500, 0.270355555556
VAL, 10, 26.345, 0.840203, -80190.843750, 0.221659259259
