AMINO ACID, DSSP, SASA, GYRATE, ENERGY, RMSF
ALA, 4, 26.587, 0.835915, -80782.289062, 0.251659259259
ARG, 0, 27.153, 0.86433, -81046.890625, 0.298462962963
ASN, 8, 26.387, 0.801528, -79943.945312, 0.210481481481
ASP, 9, 25.369, 0.806902, -80548.687500, 0.207903703704
CYS, 14, 27.687, 0.855728, -80917.593750, 0.307162962963
GLN, 4, 29.419, 0.894303, -80439.453125, 0.290562962963
GLU, 9, 26.516, 0.834492, -79677.187500, 0.207940740741
GLY, 7, 25.593, 0.83308, -80978.960938, 0.230159259259
HIS, 6, 29.467, 0.914317, -79924.375000, 0.336788888889
ILE, 7, 26.350, 0.849071, -79830.640625, 0.278788888889
LEU, 5, 28.723, 0.908923, -79928.046875, 0.349325925926
LYS, 6, 27.529, 0.84073, -79856.289062, 0.242707407407
MET, 6, 26.275, 0.819715, -80077.335938, 0.221622222222
PHE, 8, 27.641, 0.894333, -80063.835938, 0.339081481481
PRO, 7, 25.986, 0.80941, -80197.578125, 0.268974074074
SER, 4, 26.223, 0.826107, -80636.734375, 0.234703703704
THR, 6, 25.875, 0.846488, -80440.289062, 0.375159259259
TRP, 6, 27.825, 0.850052, -80070.617188, 0.314955555556
TYR, 7, 28.271, 0.879245, -80410.375000, 0.270355555556
VAL, 6, 25.115, 0.804583, -79967.750000, 0.221659259259
