AMINO ACID, DSSP, SASA, GYRATE, ENERGY, RMSF
ALA, 4, 27.452, 0.832459, -79276.851562, 0.251659259259
ARG, 4, 28.568, 0.85727, -81014.945312, 0.298462962963
ASN, 10, 27.083, 0.839202, -80368.359375, 0.210481481481
ASP, 13, 24.168, 0.80505, -79806.726562, 0.207903703704
CYS, 13, 28.984, 0.859712, -80862.218750, 0.307162962963
GLN, 0, 28.964, 0.901951, -80341.171875, 0.290562962963
GLU, 7, 25.699, 0.832759, -80166.421875, 0.207940740741
GLY, 6, 26.042, 0.838539, -80063.296875, 0.230159259259
HIS, 4, 30.936, 0.984112, -80654.234375, 0.336788888889
ILE, 7, 26.621, 0.839861, -79984.648438, 0.278788888889
LEU, 7, 29.244, 0.908838, -80206.078125, 0.349325925926
LYS, 10, 26.392, 0.810399, -80215.984375, 0.242707407407
MET, 8, 26.328, 0.818052, -80485.976562, 0.221622222222
PHE, 6, 27.756, 0.907204, -79886.781250, 0.339081481481
PRO, 9, 24.442, 0.800376, -79062.921875, 0.268974074074
SER, 2, 26.636, 0.836706, -80452.945312, 0.234703703704
THR, 6, 25.123, 0.84425, -80814.007812, 0.375159259259
TRP, 6, 26.891, 0.848059, -79680.375000, 0.314955555556
TYR, 10, 30.189, 0.89237, -79444.867188, 0.270355555556
VAL, 8, 27.126, 0.821722, -79966.039062, 0.221659259259
