AMINO ACID, DSSP, SASA, GYRATE, ENERGY, RMSF
ALA, 8, 27.811, 0.842903, -81185.945312, 0.251659259259
ARG, 8, 28.343, 0.853715, -80559.648438, 0.298462962963
ASN, 8, 29.136, 0.838548, -80853.812500, 0.210481481481
ASP, 10, 25.455, 0.798505, -80147.062500, 0.207903703704
CYS, 12, 26.366, 0.849516, -80015.453125, 0.307162962963
GLN, 12, 26.408, 0.83445, -80136.796875, 0.290562962963
GLU, 13, 26.504, 0.813663, -80396.367188, 0.207940740741
GLY, 2, 26.497, 0.844521, -81052.546875, 0.230159259259
HIS, 8, 28.600, 0.842978, -81819.625000, 0.336788888889
ILE, 7, 28.457, 0.876496, -80012.109375, 0.278788888889
LEU, 10, 24.518, 0.7938, -80101.984375, 0.349325925926
LYS, 9, 26.095, 0.826569, -80969.023438, 0.242707407407
MET, 4, 24.956, 0.81775, -80471.250000, 0.221622222222
PHE, 10, 27.484, 0.821689, -80604.500000, 0.339081481481
PRO, 6, 26.325, 0.829269, -80661.328125, 0.268974074074
SER, 9, 26.419, 0.808873, -79195.484375, 0.234703703704
THR, 8, 26.003, 0.806083, -80830.125000, 0.375159259259
TRP, 6, 30.468, 0.884444, -79884.539062, 0.314955555556
TYR, 7, 28.082, 0.873798, -80989.875000, 0.270355555556
VAL, 8, 25.844, 0.835317, -79898.281250, 0.221659259259
