AMINO ACID, DSSP, SASA, GYRATE, ENERGY, RMSF
ALA, 4, 25.846, 0.812216, -80821.671875, 0.251659259259
ARG, 2, 27.796, 0.864928, -81470.195312, 0.298462962963
ASN, 10, 26.602, 0.822628, -80060.968750, 0.210481481481
ASP, 8, 26.068, 0.828291, -79811.539062, 0.207903703704
CYS, 5, 26.556, 0.856823, -79122.328125, 0.307162962963
GLN, 2, 28.183, 0.87703, -79549.906250, 0.290562962963
GLU, 10, 25.750, 0.820766, -79516.773438, 0.207940740741
GLY, 8, 25.664, 0.829832, -80256.281250, 0.230159259259
HIS, 4, 28.776, 0.923706, -81136.859375, 0.336788888889
ILE, 9, 26.158, 0.819627, -80283.625000, 0.278788888889
LEU, 9, 28.826, 0.90451, -81014.664062, 0.349325925926
LYS, 6, 28.466, 0.821826, -80929.015625, 0.242707407407
MET, 11, 26.369, 0.827056, -80870.414062, 0.221622222222
PHE, 6, 27.529, 0.885415, -80118.476562, 0.339081481481
PRO, 6, 26.425, 0.813142, -79490.656250, 0.268974074074
SER, 6, 28.160, 0.844244, -80435.453125, 0.234703703704
THR, 4, 25.613, 0.843248, -80917.125000, 0.375159259259
TRP, 4, 27.776, 0.845735, -79116.492188, 0.314955555556
TYR, 6, 27.900, 0.882142, -79457.140625, 0.270355555556
VAL, 8, 26.387, 0.807164, -80323.406250, 0.221659259259
