AMINO ACID, DSSP, SASA, GYRATE, ENERGY, RMSF
ALA, 4, 26.480, 0.834019, -80846.453125, 0.251659259259
ARG, 2, 26.729, 0.836452, -80932.875000, 0.298462962963
ASN, 10, 26.918, 0.827294, -80601.531250, 0.210481481481
ASP, 10, 25.711, 0.827067, -80125.195312, 0.207903703704
CYS, 10, 26.430, 0.850422, -80327.132812, 0.307162962963
GLN, 4, 27.014, 0.891325, -80368.500000, 0.290562962963
GLU, 10, 24.991, 0.8219, -79859.718750, 0.207940740741
GLY, 7, 27.067, 0.834356, -80950.429688, 0.230159259259
HIS, 6, 30.001, 0.958215, -81185.281250, 0.336788888889
ILE, 7, 26.394, 0.837271, -80595.640625, 0.278788888889
LEU, 9, 28.037, 0.881645, -80150.664062, 0.349325925926
LYS, 6, 27.319, 0.816404, -80522.781250, 0.242707407407
MET, 9, 25.977, 0.836867, -80636.070312, 0.221622222222
PHE, 6, 27.346, 0.886067, -80237.890625, 0.339081481481
PRO, 9, 25.730, 0.823589, -79388.320312, 0.268974074074
SER, 6, 26.150, 0.830699, -79347.789062, 0.234703703704
THR, 4, 27.090, 0.871887, -79697.515625, 0.375159259259
TRP, 6, 26.822, 0.837856, -79012.742188, 0.314955555556
TYR, 7, 28.214, 0.8887, -80116.882812, 0.270355555556
VAL, 11, 24.641, 0.79677, -79918.812500, 0.221659259259
