AMINO ACID, DSSP, SASA, GYRATE, ENERGY, RMSF
ALA, 4, 26.042, 0.817758, -79920.820312, 0.251659259259
ARG, 0, 27.286, 0.849151, -80650.507812, 0.298462962963
ASN, 11, 27.555, 0.830419, -79891.406250, 0.210481481481
ASP, 10, 26.149, 0.842532, -79804.492188, 0.207903703704
CYS, 10, 25.229, 0.843445, -80639.250000, 0.307162962963
GLN, 2, 27.378, 0.884197, -79339.679688, 0.290562962963
GLU, 9, 25.850, 0.832467, -79385.664062, 0.207940740741
GLY, 6, 25.571, 0.83238, -81081.656250, 0.230159259259
HIS, 4, 28.831, 0.945457, -78958.031250, 0.336788888889
ILE, 7, 25.750, 0.813774, -80156.156250, 0.278788888889
LEU, 9, 28.138, 0.898025, -79749.039062, 0.349325925926
LYS, 8, 27.118, 0.822623, -80370.437500, 0.242707407407
MET, 12, 26.630, 0.834153, -80076.640625, 0.221622222222
PHE, 8, 28.366, 0.931112, -79837.515625, 0.339081481481
PRO, 7, 26.490, 0.820482, -80966.515625, 0.268974074074
SER, 6, 26.469, 0.829345, -80676.742188, 0.234703703704
THR, 6, 25.732, 0.851055, -79702.757812, 0.375159259259
TRP, 0, 27.718, 0.842555, -80130.781250, 0.314955555556
TYR, 11, 27.616, 0.892067, -80001.656250, 0.270355555556
VAL, 10, 25.711, 0.79717, -80503.921875, 0.221659259259
