AMINO ACID, DSSP, SASA, GYRATE, ENERGY, RMSF
ALA, 4, 25.667, 0.819702, -79808.250000, 0.251659259259
ARG, 2, 28.337, 0.861067, -80226.726562, 0.298462962963
ASN, 10, 28.269, 0.836271, -81101.593750, 0.210481481481
ASP, 10, 26.322, 0.83744, -79933.898438, 0.207903703704
CYS, 13, 26.703, 0.850213, -80656.218750, 0.307162962963
GLN, 2, 26.938, 0.860029, -79563.281250, 0.290562962963
GLU, 9, 25.701, 0.831159, -80847.156250, 0.207940740741
GLY, 8, 24.008, 0.807964, -80832.953125, 0.230159259259
HIS, 2, 30.793, 0.941464, -80047.078125, 0.336788888889
ILE, 7, 26.993, 0.831075, -79969.640625, 0.278788888889
LEU, 9, 27.237, 0.891411, -80450.343750, 0.349325925926
LYS, 8, 26.708, 0.812082, -80535.953125, 0.242707407407
MET, 13, 27.275, 0.834232, -80487.734375, 0.221622222222
PHE, 6, 27.439, 0.878504, -79279.671875, 0.339081481481
PRO, 9, 25.790, 0.803527, -80152.203125, 0.268974074074
SER, 2, 27.010, 0.850172, -80616.257812, 0.234703703704
THR, 4, 26.912, 0.857947, -81016.109375, 0.375159259259
TRP, 0, 28.048, 0.838472, -80817.976562, 0.314955555556
TYR, 9, 29.109, 0.9017, -79594.718750, 0.270355555556
VAL, 6, 26.373, 0.82136, -80418.390625, 0.221659259259
