AMINO ACID, DSSP, SASA, GYRATE, ENERGY, RMSF
ALA, 4, 25.570, 0.838912, -80543.578125, 0.251659259259
ARG, 2, 28.852, 0.868889, -80990.875000, 0.298462962963
ASN, 12, 28.500, 0.830819, -80424.218750, 0.210481481481
ASP, 10, 26.434, 0.844997, -80653.500000, 0.207903703704
CYS, 12, 26.257, 0.843382, -79934.765625, 0.307162962963
GLN, 7, 27.901, 0.879546, -80218.593750, 0.290562962963
GLU, 6, 27.292, 0.84156, -78903.515625, 0.207940740741
GLY, 6, 25.950, 0.831882, -80266.953125, 0.230159259259
HIS, 6, 28.563, 0.931381, -80092.242188, 0.336788888889
ILE, 7, 26.793, 0.835941, -79298.218750, 0.278788888889
LEU, 7, 29.794, 0.920019, -79744.726562, 0.349325925926
LYS, 8, 27.345, 0.817928, -79766.859375, 0.242707407407
MET, 11, 25.581, 0.822472, -80169.484375, 0.221622222222
PHE, 6, 27.623, 0.889678, -80745.578125, 0.339081481481
PRO, 9, 26.302, 0.814027, -79799.984375, 0.268974074074
SER, 4, 26.904, 0.855082, -79769.234375, 0.234703703704
THR, 4, 26.393, 0.845805, -79558.437500, 0.375159259259
TRP, 4, 25.349, 0.814382, -79107.140625, 0.314955555556
TYR, 7, 28.515, 0.89392, -79065.554688, 0.270355555556
VAL, 8, 26.408, 0.812976, -80378.523438, 0.221659259259
