AMINO ACID, DSSP, SASA, GYRATE, ENERGY, RMSF
ALA, 4, 25.639, 0.827516, -79831.023438, 0.251659259259
ARG, 2, 28.820, 0.875039, -80583.929688, 0.298462962963
ASN, 12, 26.100, 0.819062, -80490.679688, 0.210481481481
ASP, 8, 26.135, 0.838092, -80851.828125, 0.207903703704
CYS, 10, 26.431, 0.84243, -80468.656250, 0.307162962963
GLN, 7, 27.037, 0.875609, -79986.148438, 0.290562962963
GLU, 9, 25.067, 0.830092, -80151.296875, 0.207940740741
GLY, 6, 25.789, 0.832807, -80634.398438, 0.230159259259
HIS, 4, 28.414, 0.922275, -81318.460938, 0.336788888889
ILE, 7, 25.957, 0.830499, -80039.859375, 0.278788888889
LEU, 7, 27.646, 0.893407, -79758.117188, 0.349325925926
LYS, 9, 26.573, 0.813598, -80269.007812, 0.242707407407
MET, 11, 25.850, 0.829941, -79845.125000, 0.221622222222
PHE, 6, 27.695, 0.892271, -80490.710938, 0.339081481481
PRO, 11, 25.858, 0.819505, -80438.859375, 0.268974074074
SER, 2, 25.897, 0.828809, -79380.984375, 0.234703703704
THR, 4, 27.932, 0.847435, -81317.476562, 0.375159259259
TRP, 4, 25.137, 0.806115, -80148.359375, 0.314955555556
TYR, 7, 28.491, 0.887604, -79818.851562, 0.270355555556
VAL, 6, 25.466, 0.808498, -80426.062500, 0.221659259259
