AMINO ACID, DSSP, SASA, GYRATE, ENERGY, RMSF
ALA, 4, 27.048, 0.826817, -80154.265625, 0.251659259259
ARG, 2, 29.020, 0.859563, -80670.906250, 0.298462962963
ASN, 10, 24.919, 0.803348, -79766.781250, 0.210481481481
ASP, 8, 27.730, 0.853311, -80140.007812, 0.207903703704
CYS, 5, 27.062, 0.867111, -80037.406250, 0.307162962963
GLN, 4, 29.287, 0.896215, -80481.828125, 0.290562962963
GLU, 6, 25.044, 0.816766, -80264.093750, 0.207940740741
GLY, 6, 25.864, 0.841041, -80391.968750, 0.230159259259
HIS, 6, 28.523, 0.941833, -80850.320312, 0.336788888889
ILE, 4, 26.915, 0.826106, -79952.859375, 0.278788888889
LEU, 9, 28.673, 0.910988, -80279.984375, 0.349325925926
LYS, 9, 27.619, 0.820276, -79508.476562, 0.242707407407
MET, 11, 25.955, 0.812598, -80224.203125, 0.221622222222
PHE, 6, 27.968, 0.901472, -79866.476562, 0.339081481481
PRO, 4, 25.563, 0.816287, -80125.359375, 0.268974074074
SER, 4, 27.189, 0.842268, -81200.671875, 0.234703703704
THR, 6, 26.808, 0.852789, -81177.835938, 0.375159259259
TRP, 2, 25.981, 0.822654, -79271.085938, 0.314955555556
TYR, 7, 28.481, 0.881492, -79599.929688, 0.270355555556
VAL, 8, 26.005, 0.815072, -79366.968750, 0.221659259259
