AMINO ACID, DSSP, SASA, GYRATE, ENERGY, RMSF
ALA, 4, 27.019, 0.838376, -80558.148438, 0.251659259259
ARG, 2, 28.649, 0.863734, -80571.906250, 0.298462962963
ASN, 10, 25.410, 0.814087, -80946.171875, 0.210481481481
ASP, 10, 27.330, 0.855396, -80360.984375, 0.207903703704
CYS, 6, 26.458, 0.850575, -80255.226562, 0.307162962963
GLN, 7, 29.188, 0.889665, -79928.992188, 0.290562962963
GLU, 9, 25.009, 0.822519, -80491.703125, 0.207940740741
GLY, 6, 25.349, 0.831528, -80283.929688, 0.230159259259
HIS, 6, 28.519, 0.92677, -80491.093750, 0.336788888889
ILE, 5, 25.748, 0.827631, -79590.835938, 0.278788888889
LEU, 9, 28.810, 0.910782, -80267.375000, 0.349325925926
LYS, 6, 27.361, 0.822207, -80693.515625, 0.242707407407
MET, 11, 25.349, 0.817238, -80114.742188, 0.221622222222
PHE, 8, 27.992, 0.911664, -79993.210938, 0.339081481481
PRO, 9, 24.538, 0.808317, -79987.109375, 0.268974074074
SER, 4, 26.910, 0.830592, -80045.734375, 0.234703703704
THR, 6, 27.112, 0.85447, -81093.265625, 0.375159259259
TRP, 4, 25.095, 0.811927, -80172.515625, 0.314955555556
TYR, 9, 28.542, 0.862783, -80122.843750, 0.270355555556
VAL, 8, 25.542, 0.812077, -80457.921875, 0.221659259259
