AMINO ACID, DSSP, SASA, GYRATE, ENERGY, RMSF
ALA, 6, 26.006, 0.831997, -80254.359375, 0.251659259259
ARG, 0, 28.536, 0.857798, -80979.375000, 0.298462962963
ASN, 10, 25.593, 0.808245, -80488.593750, 0.210481481481
ASP, 8, 26.965, 0.828987, -79504.757812, 0.207903703704
CYS, 10, 26.935, 0.841284, -81360.796875, 0.307162962963
GLN, 4, 27.712, 0.879296, -80674.906250, 0.290562962963
GLU, 9, 27.049, 0.840735, -80331.789062, 0.207940740741
GLY, 6, 24.882, 0.821439, -79854.843750, 0.230159259259
HIS, 6, 28.479, 0.923992, -80323.320312, 0.336788888889
ILE, 7, 27.212, 0.832294, -78843.312500, 0.278788888889
LEU, 7, 28.636, 0.88786, -78936.453125, 0.349325925926
LYS, 7, 27.066, 0.820406, -79534.226562, 0.242707407407
MET, 9, 27.480, 0.843478, -80895.546875, 0.221622222222
PHE, 8, 26.359, 0.861415, -80028.843750, 0.339081481481
PRO, 9, 25.991, 0.809655, -79527.195312, 0.268974074074
SER, 4, 26.998, 0.850087, -80976.507812, 0.234703703704
THR, 6, 27.268, 0.860489, -80238.117188, 0.375159259259
TRP, 0, 27.213, 0.834642, -80206.070312, 0.314955555556
TYR, 7, 28.628, 0.880399, -79734.125000, 0.270355555556
VAL, 6, 26.674, 0.835934, -80284.140625, 0.221659259259
