AMINO ACID, DSSP, SASA, GYRATE, ENERGY, RMSF
ALA, 6, 28.403, 0.857035, -80094.390625, 0.251659259259
ARG, 6, 30.881, 0.851688, -80798.500000, 0.298462962963
ASN, 8, 26.595, 0.83291, -79778.125000, 0.210481481481
ASP, 9, 25.608, 0.800164, -80102.265625, 0.207903703704
CYS, 10, 26.034, 0.846021, -79913.781250, 0.307162962963
GLN, 10, 29.265, 0.861314, -80420.296875, 0.290562962963
GLU, 15, 25.314, 0.812824, -80218.250000, 0.207940740741
GLY, 6, 25.569, 0.822596, -80434.359375, 0.230159259259
HIS, 14, 27.933, 0.862675, -79820.046875, 0.336788888889
ILE, 9, 28.016, 0.87117, -80277.109375, 0.278788888889
LEU, 11, 25.730, 0.795034, -80077.835938, 0.349325925926
LYS, 7, 27.776, 0.834481, -80478.046875, 0.242707407407
MET, 8, 26.869, 0.813219, -80179.796875, 0.221622222222
PHE, 10, 25.155, 0.804018, -80041.757812, 0.339081481481
PRO, 6, 25.390, 0.816532, -80547.265625, 0.268974074074
SER, 9, 26.003, 0.810703, -79657.843750, 0.234703703704
THR, 8, 25.891, 0.812653, -80264.625000, 0.375159259259
TRP, 6, 29.586, 0.864718, -79944.578125, 0.314955555556
TYR, 10, 27.538, 0.870148, -80029.156250, 0.270355555556
VAL, 10, 26.531, 0.84645, -79704.312500, 0.221659259259
