AMINO ACID, DSSP, SASA, GYRATE, ENERGY, RMSF
ALA, 4, 25.584, 0.831213, -79698.609375, 0.251659259259
ARG, 0, 28.739, 0.871148, -80706.953125, 0.298462962963
ASN, 10, 26.309, 0.819339, -80468.750000, 0.210481481481
ASP, 8, 26.337, 0.82544, -79874.031250, 0.207903703704
CYS, 5, 27.534, 0.86079, -80123.578125, 0.307162962963
GLN, 2, 28.008, 0.888128, -80111.500000, 0.290562962963
GLU, 9, 24.177, 0.820601, -81291.632812, 0.207940740741
GLY, 9, 25.502, 0.823741, -80879.890625, 0.230159259259
HIS, 9, 30.725, 0.926433, -80390.359375, 0.336788888889
ILE, 7, 25.902, 0.820289, -79991.187500, 0.278788888889
LEU, 9, 28.265, 0.906116, -79214.093750, 0.349325925926
LYS, 11, 25.239, 0.810208, -80307.843750, 0.242707407407
MET, 6, 27.379, 0.836035, -80350.500000, 0.221622222222
PHE, 6, 27.397, 0.887373, -80832.312500, 0.339081481481
PRO, 11, 25.690, 0.800995, -79966.312500, 0.268974074074
SER, 4, 26.531, 0.840845, -80488.945312, 0.234703703704
THR, 2, 27.100, 0.843435, -79814.843750, 0.375159259259
TRP, 2, 28.932, 0.849355, -80395.984375, 0.314955555556
TYR, 8, 28.386, 0.874146, -79384.250000, 0.270355555556
VAL, 4, 25.948, 0.825377, -79804.382812, 0.221659259259
