AMINO ACID, DSSP, SASA, GYRATE, ENERGY, RMSF
ALA, 4, 26.119, 0.846806, -80851.390625, 0.251659259259
ARG, 2, 28.377, 0.860526, -80968.210938, 0.298462962963
ASN, 9, 26.237, 0.829343, -81786.906250, 0.210481481481
ASP, 8, 25.342, 0.825709, -80515.812500, 0.207903703704
CYS, 7, 26.232, 0.853087, -80332.015625, 0.307162962963
GLN, 4, 28.436, 0.893779, -80001.828125, 0.290562962963
GLU, 8, 25.179, 0.810794, -80716.093750, 0.207940740741
GLY, 8, 25.464, 0.822945, -80081.031250, 0.230159259259
HIS, 5, 29.065, 0.927609, -79649.492188, 0.336788888889
ILE, 7, 26.385, 0.825658, -78950.890625, 0.278788888889
LEU, 9, 28.107, 0.908489, -80232.531250, 0.349325925926
LYS, 11, 26.212, 0.80979, -80284.078125, 0.242707407407
MET, 6, 26.663, 0.827617, -80149.906250, 0.221622222222
PHE, 8, 27.331, 0.875032, -80146.203125, 0.339081481481
PRO, 6, 26.926, 0.815314, -79405.757812, 0.268974074074
SER, 2, 28.540, 0.862402, -80339.398438, 0.234703703704
THR, 4, 27.084, 0.852336, -80686.828125, 0.375159259259
TRP, 2, 27.038, 0.849071, -79494.085938, 0.314955555556
TYR, 6, 29.501, 0.898663, -79833.437500, 0.270355555556
VAL, 8, 26.293, 0.815363, -79515.304688, 0.221659259259
