AMINO ACID, DSSP, SASA, GYRATE, ENERGY, RMSF
ALA, 4, 26.638, 0.837303, -79885.656250, 0.251659259259
ARG, 6, 28.442, 0.863987, -81604.000000, 0.298462962963
ASN, 8, 26.692, 0.824581, -80402.203125, 0.210481481481
ASP, 6, 25.057, 0.805215, -80492.437500, 0.207903703704
CYS, 7, 28.434, 0.859823, -81687.718750, 0.307162962963
GLN, 2, 28.019, 0.882933, -79456.265625, 0.290562962963
GLU, 9, 26.416, 0.817755, -80246.679688, 0.207940740741
GLY, 7, 24.754, 0.797227, -80265.632812, 0.230159259259
HIS, 4, 29.145, 0.931163, -80941.187500, 0.336788888889
ILE, 7, 26.408, 0.823401, -79716.070312, 0.278788888889
LEU, 9, 28.761, 0.906541, -79554.203125, 0.349325925926
LYS, 7, 27.158, 0.808794, -81697.820312, 0.242707407407
MET, 6, 27.274, 0.837884, -80584.546875, 0.221622222222
PHE, 8, 27.672, 0.880112, -79646.843750, 0.339081481481
PRO, 9, 26.330, 0.811569, -79404.414062, 0.268974074074
SER, 4, 29.184, 0.848841, -80588.304688, 0.234703703704
THR, 6, 25.643, 0.821325, -80412.703125, 0.375159259259
TRP, 2, 26.766, 0.829054, -79939.765625, 0.314955555556
TYR, 7, 27.701, 0.885833, -80530.179688, 0.270355555556
VAL, 6, 26.974, 0.827799, -79925.718750, 0.221659259259
