AMINO ACID, DSSP, SASA, GYRATE, ENERGY, RMSF
ALA, 6, 26.327, 0.834905, -80482.492188, 0.251659259259
ARG, 4, 29.463, 0.875667, -81414.156250, 0.298462962963
ASN, 14, 26.355, 0.809776, -80458.687500, 0.210481481481
ASP, 8, 26.069, 0.828211, -80694.007812, 0.207903703704
CYS, 10, 27.124, 0.852501, -80975.945312, 0.307162962963
GLN, 4, 27.490, 0.886052, -80621.867188, 0.290562962963
GLU, 8, 26.033, 0.825083, -80446.132812, 0.207940740741
GLY, 7, 24.974, 0.806603, -80378.367188, 0.230159259259
HIS, 2, 28.208, 0.911602, -81080.640625, 0.336788888889
ILE, 7, 25.677, 0.821598, -80545.148438, 0.278788888889
LEU, 9, 29.437, 0.91257, -80464.320312, 0.349325925926
LYS, 7, 26.868, 0.812217, -80913.531250, 0.242707407407
MET, 8, 27.312, 0.833817, -78973.484375, 0.221622222222
PHE, 8, 28.128, 0.886502, -80341.000000, 0.339081481481
PRO, 9, 25.660, 0.810009, -80105.375000, 0.268974074074
SER, 2, 28.372, 0.8475, -79944.171875, 0.234703703704
THR, 4, 28.075, 0.8508, -80472.398438, 0.375159259259
TRP, 4, 26.201, 0.822735, -79355.421875, 0.314955555556
TYR, 8, 29.163, 0.894925, -79520.125000, 0.270355555556
VAL, 6, 26.876, 0.835527, -80996.000000, 0.221659259259
