AMINO ACID, DSSP, SASA, GYRATE, ENERGY, RMSF
ALA, 4, 28.706, 0.866662, -79812.953125, 0.251659259259
ARG, 9, 30.010, 0.860092, -80423.437500, 0.298462962963
ASN, 8, 28.209, 0.839802, -80004.640625, 0.210481481481
ASP, 10, 26.076, 0.806281, -80738.523438, 0.207903703704
CYS, 10, 25.860, 0.835881, -80226.828125, 0.307162962963
GLN, 10, 27.804, 0.836274, -81114.656250, 0.290562962963
GLU, 18, 25.940, 0.816538, -79850.984375, 0.207940740741
GLY, 6, 25.160, 0.856232, -80374.468750, 0.230159259259
HIS, 10, 28.050, 0.851226, -80134.343750, 0.336788888889
ILE, 10, 27.142, 0.860807, -80047.578125, 0.278788888889
LEU, 10, 26.903, 0.80439, -80722.234375, 0.349325925926
LYS, 7, 26.712, 0.828225, -79468.812500, 0.242707407407
MET, 8, 25.850, 0.821009, -80026.093750, 0.221622222222
PHE, 7, 26.607, 0.80945, -79557.523438, 0.339081481481
PRO, 6, 26.050, 0.830932, -80803.492188, 0.268974074074
SER, 12, 24.599, 0.805544, -80116.546875, 0.234703703704
THR, 4, 27.554, 0.810744, -80356.484375, 0.375159259259
TRP, 2, 30.275, 0.851034, -80184.148438, 0.314955555556
TYR, 7, 28.558, 0.865668, -80278.953125, 0.270355555556
VAL, 8, 27.230, 0.839159, -80032.140625, 0.221659259259
