AMINO ACID, DSSP, SASA, GYRATE, ENERGY, RMSF
ALA, 4, 25.446, 0.838662, -80371.148438, 0.251659259259
ARG, 0, 26.761, 0.8659, -79978.343750, 0.298462962963
ASN, 14, 27.242, 0.834691, -79815.398438, 0.210481481481
ASP, 10, 27.017, 0.81374, -79774.015625, 0.207903703704
CYS, 5, 26.673, 0.852983, -79755.109375, 0.307162962963
GLN, 7, 28.110, 0.887406, -80363.343750, 0.290562962963
GLU, 9, 25.878, 0.828321, -79672.484375, 0.207940740741
GLY, 8, 23.835, 0.797327, -79392.164062, 0.230159259259
HIS, 4, 27.582, 0.923938, -80075.453125, 0.336788888889
ILE, 7, 27.450, 0.846256, -79665.140625, 0.278788888889
LEU, 9, 28.629, 0.908062, -80553.671875, 0.349325925926
LYS, 7, 26.709, 0.810929, -80551.101562, 0.242707407407
MET, 9, 27.047, 0.825125, -79287.890625, 0.221622222222
PHE, 2, 26.139, 0.856132, -80392.890625, 0.339081481481
PRO, 4, 26.204, 0.825406, -80671.421875, 0.268974074074
SER, 4, 27.338, 0.840847, -80820.070312, 0.234703703704
THR, 4, 27.640, 0.859688, -79534.703125, 0.375159259259
TRP, 0, 27.034, 0.849682, -78918.148438, 0.314955555556
TYR, 7, 27.491, 0.881065, -80563.859375, 0.270355555556
VAL, 6, 26.117, 0.830609, -80003.484375, 0.221659259259
