AMINO ACID, DSSP, SASA, GYRATE, ENERGY, RMSF
ALA, 4, 25.747, 0.828687, -79524.281250, 0.251659259259
ARG, 6, 25.922, 0.845723, -81481.343750, 0.298462962963
ASN, 12, 26.924, 0.833644, -80752.742188, 0.210481481481
ASP, 12, 28.445, 0.821607, -79455.437500, 0.207903703704
CYS, 5, 25.905, 0.861288, -80418.093750, 0.307162962963
GLN, 2, 28.774, 0.883922, -79597.015625, 0.290562962963
GLU, 9, 24.686, 0.826502, -79818.304688, 0.207940740741
GLY, 6, 24.825, 0.804375, -80163.851562, 0.230159259259
HIS, 4, 28.582, 0.918706, -79712.843750, 0.336788888889
ILE, 7, 26.659, 0.835144, -79586.789062, 0.278788888889
LEU, 9, 27.689, 0.902289, -79908.328125, 0.349325925926
LYS, 7, 27.897, 0.811071, -81225.734375, 0.242707407407
MET, 7, 28.178, 0.833184, -80667.312500, 0.221622222222
PHE, 4, 25.632, 0.856075, -80015.640625, 0.339081481481
PRO, 6, 27.127, 0.814904, -79858.906250, 0.268974074074
SER, 8, 28.091, 0.846333, -80764.734375, 0.234703703704
THR, 4, 27.427, 0.856272, -80360.882812, 0.375159259259
TRP, 4, 25.904, 0.830538, -79641.062500, 0.314955555556
TYR, 9, 27.289, 0.860344, -80313.484375, 0.270355555556
VAL, 4, 26.588, 0.842033, -79159.617188, 0.221659259259
