AMINO ACID, DSSP, SASA, GYRATE, ENERGY, RMSF
ALA, 4, 24.768, 0.822285, -79990.234375, 0.251659259259
ARG, 4, 27.153, 0.849535, -81369.171875, 0.298462962963
ASN, 12, 26.871, 0.814939, -80114.375000, 0.210481481481
ASP, 10, 28.633, 0.840406, -80600.843750, 0.207903703704
CYS, 5, 26.338, 0.858632, -80955.656250, 0.307162962963
GLN, 4, 27.366, 0.873005, -81344.625000, 0.290562962963
GLU, 11, 25.124, 0.823892, -80265.007812, 0.207940740741
GLY, 10, 24.641, 0.806511, -79905.687500, 0.230159259259
HIS, 4, 29.235, 0.940017, -81462.023438, 0.336788888889
ILE, 7, 28.174, 0.826267, -80878.726562, 0.278788888889
LEU, 9, 28.755, 0.901285, -79997.765625, 0.349325925926
LYS, 7, 27.186, 0.806727, -80526.578125, 0.242707407407
MET, 6, 27.574, 0.832588, -80399.875000, 0.221622222222
PHE, 4, 26.487, 0.873153, -80255.828125, 0.339081481481
PRO, 11, 25.479, 0.816422, -80077.085938, 0.268974074074
SER, 2, 27.668, 0.84899, -80300.281250, 0.234703703704
THR, 4, 26.954, 0.852311, -80809.937500, 0.375159259259
TRP, 2, 26.347, 0.83796, -80242.890625, 0.314955555556
TYR, 8, 27.481, 0.854624, -80276.046875, 0.270355555556
VAL, 4, 27.761, 0.845414, -81329.218750, 0.221659259259
