AMINO ACID, DSSP, SASA, GYRATE, ENERGY, RMSF
ALA, 4, 26.960, 0.829298, -79611.765625, 0.251659259259
ARG, 2, 28.281, 0.85228, -80981.031250, 0.298462962963
ASN, 12, 26.469, 0.828261, -80204.500000, 0.210481481481
ASP, 6, 27.165, 0.827537, -80506.812500, 0.207903703704
CYS, 9, 26.436, 0.847505, -80381.546875, 0.307162962963
GLN, 7, 27.134, 0.882678, -79305.328125, 0.290562962963
GLU, 10, 24.679, 0.825112, -79978.335938, 0.207940740741
GLY, 9, 25.841, 0.809629, -80325.750000, 0.230159259259
HIS, 4, 28.371, 0.911851, -80563.921875, 0.336788888889
ILE, 7, 26.668, 0.834082, -79539.773438, 0.278788888889
LEU, 7, 27.696, 0.901311, -79996.718750, 0.349325925926
LYS, 7, 26.064, 0.802922, -80657.390625, 0.242707407407
MET, 8, 27.922, 0.840307, -80160.898438, 0.221622222222
PHE, 6, 25.894, 0.868611, -79818.515625, 0.339081481481
PRO, 9, 27.134, 0.816588, -80704.195312, 0.268974074074
SER, 4, 26.289, 0.836312, -81446.976562, 0.234703703704
THR, 6, 26.839, 0.85089, -79438.820312, 0.375159259259
TRP, 2, 29.410, 0.848852, -79275.625000, 0.314955555556
TYR, 7, 28.693, 0.853527, -79059.851562, 0.270355555556
VAL, 6, 27.508, 0.848085, -79688.031250, 0.221659259259
