AMINO ACID, DSSP, SASA, GYRATE, ENERGY, RMSF
ALA, 4, 26.812, 0.830821, -80051.328125, 0.251659259259
ARG, 2, 27.625, 0.857061, -80446.625000, 0.298462962963
ASN, 8, 25.832, 0.839592, -80666.343750, 0.210481481481
ASP, 6, 27.386, 0.828687, -80956.281250, 0.207903703704
CYS, 7, 27.029, 0.848671, -80292.289062, 0.307162962963
GLN, 5, 25.635, 0.868111, -80349.335938, 0.290562962963
GLU, 10, 24.994, 0.826974, -80371.226562, 0.207940740741
GLY, 8, 25.300, 0.813198, -80450.656250, 0.230159259259
HIS, 4, 28.762, 0.902758, -79899.328125, 0.336788888889
ILE, 7, 28.597, 0.841017, -80245.437500, 0.278788888889
LEU, 7, 28.056, 0.886573, -80374.296875, 0.349325925926
LYS, 9, 25.131, 0.795512, -81789.875000, 0.242707407407
MET, 9, 27.219, 0.837638, -80214.687500, 0.221622222222
PHE, 4, 27.250, 0.867454, -80318.578125, 0.339081481481
PRO, 11, 26.393, 0.823127, -79998.281250, 0.268974074074
SER, 6, 26.893, 0.835292, -80316.835938, 0.234703703704
THR, 8, 26.728, 0.851002, -81268.171875, 0.375159259259
TRP, 2, 29.406, 0.85193, -80241.210938, 0.314955555556
TYR, 10, 27.407, 0.859917, -80489.843750, 0.270355555556
VAL, 6, 28.312, 0.852699, -80584.968750, 0.221659259259
