AMINO ACID, DSSP, SASA, GYRATE, ENERGY, RMSF
ALA, 6, 26.871, 0.833319, -80468.000000, 0.251659259259
ARG, 4, 27.182, 0.842039, -81010.492188, 0.298462962963
ASN, 10, 25.683, 0.824531, -80728.859375, 0.210481481481
ASP, 8, 26.322, 0.811023, -80424.968750, 0.207903703704
CYS, 7, 26.783, 0.85043, -79991.984375, 0.307162962963
GLN, 2, 27.535, 0.87135, -80085.187500, 0.290562962963
GLU, 10, 24.828, 0.819832, -79708.984375, 0.207940740741
GLY, 7, 25.341, 0.81054, -80378.578125, 0.230159259259
HIS, 6, 29.597, 0.905356, -80796.593750, 0.336788888889
ILE, 7, 27.127, 0.84234, -79931.562500, 0.278788888889
LEU, 9, 28.064, 0.896814, -80052.593750, 0.349325925926
LYS, 9, 26.545, 0.808791, -79609.804688, 0.242707407407
MET, 9, 27.439, 0.833331, -79742.343750, 0.221622222222
PHE, 4, 26.720, 0.875933, -80067.343750, 0.339081481481
PRO, 11, 27.547, 0.818007, -79955.398438, 0.268974074074
SER, 6, 27.071, 0.840874, -81136.062500, 0.234703703704
THR, 2, 26.290, 0.850913, -79963.726562, 0.375159259259
TRP, 2, 28.542, 0.846768, -79892.156250, 0.314955555556
TYR, 8, 27.757, 0.86731, -79628.125000, 0.270355555556
VAL, 9, 27.907, 0.853067, -79838.835938, 0.221659259259
