AMINO ACID, DSSP, SASA, GYRATE, ENERGY, RMSF
ALA, 4, 26.613, 0.827891, -80359.671875, 0.251659259259
ARG, 6, 27.520, 0.850037, -80445.640625, 0.298462962963
ASN, 10, 27.217, 0.819432, -80606.804688, 0.210481481481
ASP, 8, 27.566, 0.82334, -80791.289062, 0.207903703704
CYS, 5, 26.523, 0.85557, -80208.671875, 0.307162962963
GLN, 5, 27.607, 0.875519, -80634.906250, 0.290562962963
GLU, 9, 24.288, 0.810362, -80296.000000, 0.207940740741
GLY, 8, 25.226, 0.81332, -79934.390625, 0.230159259259
HIS, 4, 28.045, 0.916724, -79930.625000, 0.336788888889
ILE, 7, 27.278, 0.838786, -80039.281250, 0.278788888889
LEU, 9, 27.516, 0.900138, -79588.750000, 0.349325925926
LYS, 9, 25.784, 0.800726, -80274.703125, 0.242707407407
MET, 6, 27.756, 0.831117, -79817.492188, 0.221622222222
PHE, 8, 25.188, 0.875086, -80344.000000, 0.339081481481
PRO, 2, 27.567, 0.820354, -80211.015625, 0.268974074074
SER, 8, 25.615, 0.826673, -80904.367188, 0.234703703704
THR, 2, 26.756, 0.840747, -80268.007812, 0.375159259259
TRP, 2, 29.204, 0.863297, -79497.515625, 0.314955555556
TYR, 7, 29.094, 0.856263, -80532.218750, 0.270355555556
VAL, 6, 26.605, 0.82985, -78935.468750, 0.221659259259
