AMINO ACID, DSSP, SASA, GYRATE, ENERGY, RMSF
ALA, 4, 25.224, 0.824706, -80490.734375, 0.251659259259
ARG, 4, 28.278, 0.858885, -81022.437500, 0.298462962963
ASN, 8, 27.423, 0.817197, -79902.023438, 0.210481481481
ASP, 8, 26.442, 0.813354, -80177.625000, 0.207903703704
CYS, 9, 26.813, 0.844994, -80594.226562, 0.307162962963
GLN, 5, 27.506, 0.878815, -81364.406250, 0.290562962963
GLU, 8, 23.372, 0.821607, -80148.140625, 0.207940740741
GLY, 9, 26.129, 0.806936, -80285.601562, 0.230159259259
HIS, 6, 28.536, 0.912888, -80187.046875, 0.336788888889
ILE, 7, 27.126, 0.82346, -80035.578125, 0.278788888889
LEU, 9, 28.187, 0.904983, -79581.312500, 0.349325925926
LYS, 4, 27.120, 0.813902, -79889.953125, 0.242707407407
MET, 9, 26.104, 0.834583, -80100.812500, 0.221622222222
PHE, 10, 25.766, 0.886094, -80129.546875, 0.339081481481
PRO, 9, 25.403, 0.817061, -79787.500000, 0.268974074074
SER, 6, 26.285, 0.829696, -79610.437500, 0.234703703704
THR, 2, 26.430, 0.830442, -79743.742188, 0.375159259259
TRP, 2, 27.551, 0.863685, -80637.054688, 0.314955555556
TYR, 7, 27.810, 0.851676, -80275.125000, 0.270355555556
VAL, 8, 28.107, 0.859331, -79708.093750, 0.221659259259
