AMINO ACID, DSSP, SASA, GYRATE, ENERGY, RMSF
ALA, 4, 26.751, 0.819306, -79931.726562, 0.251659259259
ARG, 0, 28.113, 0.860687, -80241.367188, 0.298462962963
ASN, 8, 27.409, 0.846908, -79903.453125, 0.210481481481
ASP, 10, 26.881, 0.818599, -80110.390625, 0.207903703704
CYS, 7, 27.358, 0.862175, -80341.250000, 0.307162962963
GLN, 5, 28.073, 0.881211, -79746.882812, 0.290562962963
GLU, 6, 24.970, 0.814454, -80225.437500, 0.207940740741
GLY, 6, 26.247, 0.819536, -80236.789062, 0.230159259259
HIS, 4, 29.601, 0.932782, -80253.515625, 0.336788888889
ILE, 7, 28.472, 0.844402, -79432.000000, 0.278788888889
LEU, 9, 28.701, 0.898842, -79895.125000, 0.349325925926
LYS, 9, 26.749, 0.803417, -79606.304688, 0.242707407407
MET, 11, 25.657, 0.836739, -80496.906250, 0.221622222222
PHE, 8, 26.334, 0.867167, -80161.648438, 0.339081481481
PRO, 7, 25.873, 0.81967, -80830.125000, 0.268974074074
SER, 6, 26.179, 0.816063, -79738.812500, 0.234703703704
THR, 4, 28.588, 0.846592, -80860.343750, 0.375159259259
TRP, 2, 26.705, 0.847996, -81546.859375, 0.314955555556
TYR, 9, 26.129, 0.841011, -79417.250000, 0.270355555556
VAL, 4, 28.745, 0.849595, -80666.406250, 0.221659259259
