AMINO ACID, DSSP, SASA, GYRATE, ENERGY, RMSF
ALA, 4, 26.745, 0.834604, -80223.578125, 0.251659259259
ARG, 6, 27.739, 0.853637, -80115.578125, 0.298462962963
ASN, 12, 26.745, 0.824978, -80568.070312, 0.210481481481
ASP, 12, 26.129, 0.808529, -79589.968750, 0.207903703704
CYS, 9, 28.420, 0.85397, -79790.257812, 0.307162962963
GLN, 7, 26.825, 0.862096, -80089.296875, 0.290562962963
GLU, 12, 24.458, 0.814016, -80518.234375, 0.207940740741
GLY, 7, 24.648, 0.821085, -79526.585938, 0.230159259259
HIS, 6, 30.931, 0.92136, -79394.703125, 0.336788888889
ILE, 5, 26.781, 0.824538, -81503.804688, 0.278788888889
LEU, 9, 28.693, 0.882177, -81112.750000, 0.349325925926
LYS, 7, 28.204, 0.808574, -80710.531250, 0.242707407407
MET, 11, 26.889, 0.843846, -80420.609375, 0.221622222222
PHE, 8, 26.797, 0.870818, -79442.921875, 0.339081481481
PRO, 7, 25.151, 0.810766, -80732.765625, 0.268974074074
SER, 4, 26.241, 0.844707, -79676.726562, 0.234703703704
THR, 2, 28.236, 0.848561, -79738.648438, 0.375159259259
TRP, 2, 26.186, 0.851392, -80180.945312, 0.314955555556
TYR, 7, 26.993, 0.85767, -79339.000000, 0.270355555556
VAL, 6, 25.734, 0.843823, -80366.296875, 0.221659259259
