AMINO ACID, DSSP, SASA, GYRATE, ENERGY, RMSF
ALA, 4, 26.556, 0.838004, -80733.500000, 0.251659259259
ARG, 2, 28.374, 0.856606, -81235.914062, 0.298462962963
ASN, 8, 26.319, 0.819386, -81098.585938, 0.210481481481
ASP, 6, 25.019, 0.807882, -79769.625000, 0.207903703704
CYS, 10, 28.679, 0.851459, -80609.085938, 0.307162962963
GLN, 4, 25.911, 0.873677, -80403.734375, 0.290562962963
GLU, 12, 24.089, 0.812291, -80096.796875, 0.207940740741
GLY, 7, 25.354, 0.824449, -80073.507812, 0.230159259259
HIS, 7, 31.271, 0.923428, -80910.125000, 0.336788888889
ILE, 5, 26.755, 0.819024, -79875.906250, 0.278788888889
LEU, 9, 28.018, 0.8889, -80530.484375, 0.349325925926
LYS, 7, 27.590, 0.80436, -80453.945312, 0.242707407407
MET, 9, 27.096, 0.842342, -80395.703125, 0.221622222222
PHE, 6, 26.421, 0.871129, -80223.968750, 0.339081481481
PRO, 11, 25.002, 0.80614, -80377.796875, 0.268974074074
SER, 4, 26.860, 0.8407, -79437.875000, 0.234703703704
THR, 4, 28.250, 0.850607, -80651.523438, 0.375159259259
TRP, 2, 26.464, 0.854278, -80012.453125, 0.314955555556
TYR, 6, 27.494, 0.843192, -79329.820312, 0.270355555556
VAL, 8, 26.216, 0.841377, -80196.164062, 0.221659259259
