AMINO ACID, DSSP, SASA, GYRATE, ENERGY, RMSF
ALA, 6, 28.686, 0.864312, -80293.281250, 0.251659259259
ARG, 2, 27.485, 0.839687, -79894.046875, 0.298462962963
ASN, 8, 27.861, 0.843265, -80498.906250, 0.210481481481
ASP, 12, 25.367, 0.802893, -80568.710938, 0.207903703704
CYS, 6, 28.597, 0.847284, -79842.476562, 0.307162962963
GLN, 10, 29.288, 0.83311, -80682.054688, 0.290562962963
GLU, 17, 25.962, 0.823518, -81021.875000, 0.207940740741
GLY, 8, 25.166, 0.814832, -80390.226562, 0.230159259259
HIS, 8, 27.218, 0.848271, -80174.031250, 0.336788888889
ILE, 6, 27.486, 0.888777, -80574.414062, 0.278788888889
LEU, 11, 26.890, 0.81302, -80155.203125, 0.349325925926
LYS, 7, 25.039, 0.819216, -80410.343750, 0.242707407407
MET, 4, 26.746, 0.819313, -80217.914062, 0.221622222222
PHE, 9, 25.857, 0.806412, -80671.031250, 0.339081481481
PRO, 6, 26.664, 0.825356, -80595.000000, 0.268974074074
SER, 7, 24.302, 0.80841, -80559.625000, 0.234703703704
THR, 8, 28.132, 0.824694, -80945.421875, 0.375159259259
TRP, 4, 28.913, 0.851017, -79487.445312, 0.314955555556
TYR, 8, 27.354, 0.86366, -81004.796875, 0.270355555556
VAL, 12, 26.035, 0.836825, -80055.648438, 0.221659259259
