AMINO ACID, DSSP, SASA, GYRATE, ENERGY, RMSF
ALA, 2, 27.279, 0.826576, -80556.304688, 0.251659259259
ARG, 0, 28.590, 0.855348, -80902.132812, 0.298462962963
ASN, 10, 26.887, 0.835252, -80180.484375, 0.210481481481
ASP, 8, 25.111, 0.810668, -80046.617188, 0.207903703704
CYS, 9, 27.181, 0.860921, -79921.171875, 0.307162962963
GLN, 7, 26.927, 0.860353, -79488.695312, 0.290562962963
GLU, 9, 24.172, 0.812876, -80239.765625, 0.207940740741
GLY, 8, 25.297, 0.808567, -79871.382812, 0.230159259259
HIS, 2, 29.780, 1.00004, -79866.093750, 0.336788888889
ILE, 7, 26.917, 0.830508, -80023.328125, 0.278788888889
LEU, 7, 30.149, 0.920166, -80023.875000, 0.349325925926
LYS, 9, 26.059, 0.80094, -80035.382812, 0.242707407407
MET, 6, 26.434, 0.833374, -79933.000000, 0.221622222222
PHE, 4, 26.937, 0.859092, -79505.867188, 0.339081481481
PRO, 7, 25.764, 0.823764, -79742.992188, 0.268974074074
SER, 6, 26.974, 0.840796, -80322.398438, 0.234703703704
THR, 4, 26.205, 0.852546, -80177.984375, 0.375159259259
TRP, 2, 26.318, 0.835949, -80549.265625, 0.314955555556
TYR, 7, 28.712, 0.856994, -78852.429688, 0.270355555556
VAL, 6, 26.531, 0.837231, -79879.984375, 0.221659259259
