AMINO ACID, DSSP, SASA, GYRATE, ENERGY, RMSF
ALA, 4, 28.073, 0.842383, -80679.429688, 0.251659259259
ARG, 0, 29.040, 0.874223, -80568.976562, 0.298462962963
ASN, 14, 26.919, 0.832807, -80851.195312, 0.210481481481
ASP, 10, 24.728, 0.807497, -79700.648438, 0.207903703704
CYS, 5, 27.603, 0.85843, -81339.062500, 0.307162962963
GLN, 5, 26.944, 0.857767, -80274.296875, 0.290562962963
GLU, 8, 25.175, 0.815178, -79001.734375, 0.207940740741
GLY, 6, 26.279, 0.824177, -80471.023438, 0.230159259259
HIS, 4, 29.720, 0.967399, -81054.046875, 0.336788888889
ILE, 7, 26.211, 0.821755, -80687.437500, 0.278788888889
LEU, 9, 29.316, 0.907592, -79774.453125, 0.349325925926
LYS, 7, 26.409, 0.810915, -80357.562500, 0.242707407407
MET, 8, 26.832, 0.834634, -80283.882812, 0.221622222222
PHE, 4, 26.938, 0.865484, -80312.703125, 0.339081481481
PRO, 0, 25.174, 0.812079, -79931.484375, 0.268974074074
SER, 4, 27.099, 0.824458, -80490.554688, 0.234703703704
THR, 4, 25.503, 0.83704, -79584.539062, 0.375159259259
TRP, 2, 25.340, 0.839955, -80012.546875, 0.314955555556
TYR, 9, 27.631, 0.848532, -80186.234375, 0.270355555556
VAL, 6, 27.354, 0.844564, -80132.398438, 0.221659259259
