AMINO ACID, DSSP, SASA, GYRATE, ENERGY, RMSF
ALA, 4, 27.464, 0.845591, -79753.187500, 0.251659259259
ARG, 0, 28.274, 0.868906, -81166.031250, 0.298462962963
ASN, 12, 26.518, 0.818351, -80043.921875, 0.210481481481
ASP, 8, 24.976, 0.813222, -80119.968750, 0.207903703704
CYS, 5, 26.485, 0.86036, -80001.218750, 0.307162962963
GLN, 7, 24.939, 0.851534, -80516.960938, 0.290562962963
GLU, 12, 24.884, 0.824052, -80108.132812, 0.207940740741
GLY, 8, 24.855, 0.804013, -80046.757812, 0.230159259259
HIS, 7, 30.661, 0.954993, -79980.617188, 0.336788888889
ILE, 7, 28.041, 0.832121, -80088.382812, 0.278788888889
LEU, 9, 29.401, 0.932819, -80983.484375, 0.349325925926
LYS, 9, 26.308, 0.808021, -80562.671875, 0.242707407407
MET, 6, 28.269, 0.841441, -80348.281250, 0.221622222222
PHE, 4, 26.053, 0.854213, -80379.843750, 0.339081481481
PRO, 7, 25.480, 0.808042, -80347.804688, 0.268974074074
SER, 4, 25.136, 0.84411, -80070.335938, 0.234703703704
THR, 6, 26.175, 0.839183, -80598.875000, 0.375159259259
TRP, 2, 26.439, 0.849969, -79711.703125, 0.314955555556
TYR, 7, 26.999, 0.855454, -80098.828125, 0.270355555556
VAL, 6, 26.521, 0.841395, -79541.843750, 0.221659259259
