AMINO ACID, DSSP, SASA, GYRATE, ENERGY, RMSF
ALA, 4, 26.545, 0.810521, -80567.343750, 0.251659259259
ARG, 0, 29.338, 0.862579, -80614.953125, 0.298462962963
ASN, 12, 26.873, 0.819947, -80534.023438, 0.210481481481
ASP, 12, 25.504, 0.805602, -79702.476562, 0.207903703704
CYS, 9, 25.319, 0.849602, -80095.343750, 0.307162962963
GLN, 5, 28.611, 0.906279, -80085.406250, 0.290562962963
GLU, 12, 24.150, 0.809811, -80312.625000, 0.207940740741
GLY, 6, 27.317, 0.82639, -79669.125000, 0.230159259259
HIS, 6, 29.790, 0.970039, -80875.210938, 0.336788888889
ILE, 4, 26.885, 0.843621, -79983.648438, 0.278788888889
LEU, 9, 28.780, 0.896181, -80267.468750, 0.349325925926
LYS, 7, 25.727, 0.8014, -80753.164062, 0.242707407407
MET, 9, 27.528, 0.836917, -80962.796875, 0.221622222222
PHE, 4, 26.638, 0.874356, -79206.406250, 0.339081481481
PRO, 7, 26.634, 0.826948, -79724.875000, 0.268974074074
SER, 6, 25.583, 0.836335, -79328.375000, 0.234703703704
THR, 2, 25.282, 0.841203, -80391.390625, 0.375159259259
TRP, 2, 26.951, 0.844871, -79742.226562, 0.314955555556
TYR, 8, 27.106, 0.867587, -80191.812500, 0.270355555556
VAL, 6, 26.138, 0.838983, -79979.007812, 0.221659259259
