AMINO ACID, DSSP, SASA, GYRATE, ENERGY, RMSF
ALA, 8, 28.413, 0.869241, -80401.843750, 0.251659259259
ARG, 6, 27.895, 0.830712, -80415.234375, 0.298462962963
ASN, 8, 27.506, 0.82896, -80854.820312, 0.210481481481
ASP, 10, 24.571, 0.797432, -79946.203125, 0.207903703704
CYS, 6, 27.574, 0.846261, -79866.859375, 0.307162962963
GLN, 10, 30.115, 0.85126, -80582.859375, 0.290562962963
GLU, 11, 25.810, 0.828287, -80217.429688, 0.207940740741
GLY, 4, 25.290, 0.834485, -80723.921875, 0.230159259259
HIS, 10, 25.740, 0.844636, -80005.398438, 0.336788888889
ILE, 4, 28.013, 0.871181, -80327.960938, 0.278788888889
LEU, 7, 25.489, 0.806885, -80562.492188, 0.349325925926
LYS, 7, 26.182, 0.822239, -79819.726562, 0.242707407407
MET, 9, 26.151, 0.813944, -81030.117188, 0.221622222222
PHE, 10, 25.907, 0.810776, -79473.921875, 0.339081481481
PRO, 6, 24.646, 0.815398, -79440.539062, 0.268974074074
SER, 10, 25.411, 0.814705, -80334.437500, 0.234703703704
THR, 9, 25.909, 0.810987, -80819.898438, 0.375159259259
TRP, 6, 28.293, 0.843653, -79416.648438, 0.314955555556
TYR, 7, 27.439, 0.859239, -79991.250000, 0.270355555556
VAL, 8, 26.577, 0.835333, -79630.968750, 0.221659259259
