AMINO ACID, DSSP, SASA, GYRATE, ENERGY, RMSF
ALA, 4, 27.493, 0.815206, -80592.507812, 0.251659259259
ARG, 0, 29.967, 0.869766, -80635.046875, 0.298462962963
ASN, 6, 26.852, 0.826056, -80302.843750, 0.210481481481
ASP, 6, 26.964, 0.823329, -80809.601562, 0.207903703704
CYS, 9, 26.505, 0.855245, -80476.765625, 0.307162962963
GLN, 2, 27.848, 0.895716, -79521.710938, 0.290562962963
GLU, 6, 24.378, 0.812638, -79560.976562, 0.207940740741
GLY, 6, 26.598, 0.829272, -80238.875000, 0.230159259259
HIS, 10, 29.849, 0.978011, -79564.953125, 0.336788888889
ILE, 4, 27.724, 0.843877, -79972.312500, 0.278788888889
LEU, 9, 28.734, 0.918742, -80228.960938, 0.349325925926
LYS, 9, 26.379, 0.809412, -81265.421875, 0.242707407407
MET, 9, 26.561, 0.833488, -81000.093750, 0.221622222222
PHE, 4, 26.199, 0.85779, -80501.757812, 0.339081481481
PRO, 9, 27.434, 0.826054, -79963.640625, 0.268974074074
SER, 8, 27.403, 0.833476, -79728.281250, 0.234703703704
THR, 2, 25.843, 0.854068, -81042.843750, 0.375159259259
TRP, 2, 25.192, 0.821379, -79892.851562, 0.314955555556
TYR, 9, 27.577, 0.85331, -79830.093750, 0.270355555556
VAL, 9, 26.630, 0.83022, -80486.687500, 0.221659259259
