AMINO ACID, DSSP, SASA, GYRATE, ENERGY, RMSF
ALA, 4, 26.888, 0.825729, -79405.796875, 0.251659259259
ARG, 0, 28.434, 0.861318, -80111.335938, 0.298462962963
ASN, 13, 27.590, 0.82239, -79763.609375, 0.210481481481
ASP, 8, 26.901, 0.819766, -80241.039062, 0.207903703704
CYS, 9, 26.684, 0.858027, -79740.281250, 0.307162962963
GLN, 2, 28.483, 0.875687, -81573.164062, 0.290562962963
GLU, 12, 24.118, 0.815778, -80774.554688, 0.207940740741
GLY, 6, 27.335, 0.827577, -80634.296875, 0.230159259259
HIS, 8, 29.305, 0.978793, -80355.656250, 0.336788888889
ILE, 6, 28.105, 0.839935, -80445.734375, 0.278788888889
LEU, 9, 27.585, 0.901572, -79968.343750, 0.349325925926
LYS, 7, 26.768, 0.795647, -80220.953125, 0.242707407407
MET, 9, 26.556, 0.832063, -79826.609375, 0.221622222222
PHE, 4, 25.190, 0.845935, -79965.656250, 0.339081481481
PRO, 7, 26.145, 0.823697, -79473.421875, 0.268974074074
SER, 5, 27.394, 0.84354, -80104.968750, 0.234703703704
THR, 2, 26.004, 0.856107, -80594.546875, 0.375159259259
TRP, 2, 27.770, 0.839334, -79932.851562, 0.314955555556
TYR, 7, 27.650, 0.856964, -79892.531250, 0.270355555556
VAL, 11, 26.744, 0.830563, -80282.375000, 0.221659259259
