AMINO ACID, DSSP, SASA, GYRATE, ENERGY, RMSF
ALA, 4, 26.239, 0.832694, -80416.773438, 0.251659259259
ARG, 2, 27.736, 0.85627, -80828.703125, 0.298462962963
ASN, 10, 27.057, 0.818644, -79929.898438, 0.210481481481
ASP, 12, 26.625, 0.821492, -79834.796875, 0.207903703704
CYS, 9, 25.512, 0.84533, -80394.218750, 0.307162962963
GLN, 2, 28.238, 0.876858, -80647.343750, 0.290562962963
GLU, 12, 24.356, 0.804188, -80167.046875, 0.207940740741
GLY, 5, 25.747, 0.816552, -79894.781250, 0.230159259259
HIS, 6, 27.349, 0.926331, -79865.343750, 0.336788888889
ILE, 4, 26.532, 0.841379, -80191.265625, 0.278788888889
LEU, 9, 27.289, 0.896718, -79784.000000, 0.349325925926
LYS, 7, 27.897, 0.811697, -80195.843750, 0.242707407407
MET, 7, 27.459, 0.839497, -79770.429688, 0.221622222222
PHE, 4, 25.238, 0.856863, -80511.554688, 0.339081481481
PRO, 9, 27.021, 0.821181, -80523.109375, 0.268974074074
SER, 6, 26.702, 0.840404, -80117.335938, 0.234703703704
THR, 4, 27.185, 0.85351, -80322.664062, 0.375159259259
TRP, 2, 26.408, 0.833037, -79657.031250, 0.314955555556
TYR, 5, 25.966, 0.847412, -79677.703125, 0.270355555556
VAL, 9, 26.211, 0.83071, -80082.679688, 0.221659259259
