AMINO ACID, DSSP, SASA, GYRATE, ENERGY, RMSF
ALA, 6, 29.290, 0.865503, -80967.953125, 0.251659259259
ARG, 6, 29.733, 0.854784, -81057.132812, 0.298462962963
ASN, 6, 25.521, 0.817146, -80342.742188, 0.210481481481
ASP, 10, 26.714, 0.79403, -80548.164062, 0.207903703704
CYS, 12, 27.245, 0.834387, -80618.687500, 0.307162962963
GLN, 13, 27.234, 0.838813, -81745.906250, 0.290562962963
GLU, 10, 26.651, 0.835037, -80682.937500, 0.207940740741
GLY, 6, 24.743, 0.835764, -79300.796875, 0.230159259259
HIS, 6, 26.122, 0.83705, -80142.343750, 0.336788888889
ILE, 4, 28.904, 0.880512, -79763.140625, 0.278788888889
LEU, 7, 26.363, 0.805333, -79611.617188, 0.349325925926
LYS, 9, 27.673, 0.831174, -81674.265625, 0.242707407407
MET, 2, 28.431, 0.84091, -79538.859375, 0.221622222222
PHE, 14, 25.337, 0.796142, -79979.609375, 0.339081481481
PRO, 6, 25.815, 0.835923, -80607.734375, 0.268974074074
SER, 12, 25.558, 0.809852, -80403.851562, 0.234703703704
THR, 8, 27.683, 0.829208, -79915.304688, 0.375159259259
TRP, 4, 28.173, 0.848276, -79950.453125, 0.314955555556
TYR, 7, 28.944, 0.878622, -80525.578125, 0.270355555556
VAL, 10, 26.838, 0.837328, -79791.015625, 0.221659259259
