AMINO ACID, DSSP, SASA, GYRATE, ENERGY, RMSF
ALA, 2, 27.816, 0.864667, -80511.054688, 0.251659259259
ARG, 0, 28.759, 0.901969, -80332.304688, 0.298462962963
ASN, 12, 25.582, 0.815335, -79672.921875, 0.210481481481
ASP, 6, 27.435, 0.817452, -80332.515625, 0.207903703704
CYS, 10, 28.719, 0.867395, -80331.664062, 0.307162962963
GLN, 5, 28.094, 0.902085, -80543.953125, 0.290562962963
GLU, 9, 25.671, 0.825123, -79904.960938, 0.207940740741
GLY, 8, 24.173, 0.799738, -80655.671875, 0.230159259259
HIS, 8, 28.091, 0.912483, -79791.500000, 0.336788888889
ILE, 4, 27.038, 0.832664, -80677.203125, 0.278788888889
LEU, 7, 29.878, 0.906539, -79341.171875, 0.349325925926
LYS, 9, 27.486, 0.813981, -81328.937500, 0.242707407407
MET, 6, 25.955, 0.832048, -80606.687500, 0.221622222222
PHE, 2, 25.601, 0.855736, -80792.023438, 0.339081481481
PRO, 9, 26.724, 0.815016, -79644.539062, 0.268974074074
SER, 8, 27.084, 0.816187, -79965.750000, 0.234703703704
THR, 4, 28.708, 0.876614, -80596.757812, 0.375159259259
TRP, 2, 28.702, 0.842431, -79756.531250, 0.314955555556
TYR, 9, 27.039, 0.854605, -79842.453125, 0.270355555556
VAL, 6, 26.382, 0.845708, -79587.156250, 0.221659259259
