AMINO ACID, DSSP, SASA, GYRATE, ENERGY, RMSF
ALA, 2, 27.432, 0.864715, -80513.867188, 0.251659259259
ARG, 2, 28.060, 0.895364, -80125.906250, 0.298462962963
ASN, 10, 25.081, 0.807324, -79795.718750, 0.210481481481
ASP, 10, 26.007, 0.813587, -80577.585938, 0.207903703704
CYS, 9, 28.138, 0.856703, -80231.140625, 0.307162962963
GLN, 5, 28.821, 0.897796, -80406.984375, 0.290562962963
GLU, 9, 26.693, 0.831043, -79191.960938, 0.207940740741
GLY, 10, 26.195, 0.81331, -80938.835938, 0.230159259259
HIS, 8, 27.333, 0.925809, -80163.875000, 0.336788888889
ILE, 2, 27.034, 0.833954, -79814.539062, 0.278788888889
LEU, 9, 29.680, 0.916161, -79769.203125, 0.349325925926
LYS, 9, 28.542, 0.81254, -81191.812500, 0.242707407407
MET, 9, 25.372, 0.832055, -80016.796875, 0.221622222222
PHE, 4, 25.759, 0.849006, -80161.093750, 0.339081481481
PRO, 6, 25.908, 0.816079, -80142.562500, 0.268974074074
SER, 4, 26.226, 0.82278, -80246.718750, 0.234703703704
THR, 4, 27.153, 0.877363, -79762.046875, 0.375159259259
TRP, 2, 28.069, 0.845302, -80058.203125, 0.314955555556
TYR, 9, 27.576, 0.839967, -80604.859375, 0.270355555556
VAL, 6, 25.722, 0.841128, -79642.109375, 0.221659259259
