AMINO ACID, DSSP, SASA, GYRATE, ENERGY, RMSF
ALA, 2, 27.306, 0.855117, -80913.835938, 0.251659259259
ARG, 2, 28.328, 0.887876, -81295.273438, 0.298462962963
ASN, 10, 26.695, 0.835616, -81134.367188, 0.210481481481
ASP, 9, 25.111, 0.825913, -79065.109375, 0.207903703704
CYS, 9, 27.956, 0.872159, -81152.218750, 0.307162962963
GLN, 5, 29.734, 0.888865, -80122.765625, 0.290562962963
GLU, 11, 23.669, 0.813034, -80810.906250, 0.207940740741
GLY, 6, 25.258, 0.821763, -79844.109375, 0.230159259259
HIS, 10, 29.627, 0.926987, -79704.250000, 0.336788888889
ILE, 2, 26.571, 0.833267, -80763.882812, 0.278788888889
LEU, 9, 28.819, 0.896712, -80090.593750, 0.349325925926
LYS, 9, 26.149, 0.8012, -80265.359375, 0.242707407407
MET, 6, 26.277, 0.829666, -79578.367188, 0.221622222222
PHE, 2, 25.791, 0.865911, -80154.851562, 0.339081481481
PRO, 9, 26.288, 0.813703, -79972.585938, 0.268974074074
SER, 6, 26.920, 0.833153, -80562.750000, 0.234703703704
THR, 8, 27.977, 0.877997, -80038.484375, 0.375159259259
TRP, 2, 28.029, 0.852389, -80415.914062, 0.314955555556
TYR, 8, 27.561, 0.8514, -79612.921875, 0.270355555556
VAL, 6, 27.358, 0.849813, -79736.140625, 0.221659259259
