AMINO ACID, DSSP, SASA, GYRATE, ENERGY, RMSF
ALA, 2, 26.649, 0.853784, -80560.757812, 0.251659259259
ARG, 2, 27.724, 0.864561, -80496.812500, 0.298462962963
ASN, 6, 25.990, 0.82115, -81567.515625, 0.210481481481
ASP, 12, 25.816, 0.820831, -79180.890625, 0.207903703704
CYS, 5, 26.227, 0.857045, -80724.015625, 0.307162962963
GLN, 5, 29.871, 0.887766, -80240.867188, 0.290562962963
GLU, 9, 24.948, 0.81949, -79613.195312, 0.207940740741
GLY, 6, 24.467, 0.811432, -81491.421875, 0.230159259259
HIS, 7, 28.078, 0.889103, -81344.437500, 0.336788888889
ILE, 2, 26.696, 0.832756, -79533.000000, 0.278788888889
LEU, 9, 27.799, 0.881423, -80313.218750, 0.349325925926
LYS, 7, 27.328, 0.811668, -80735.687500, 0.242707407407
MET, 9, 25.375, 0.822339, -80015.093750, 0.221622222222
PHE, 7, 26.937, 0.883335, -79035.703125, 0.339081481481
PRO, 6, 26.654, 0.817285, -80924.625000, 0.268974074074
SER, 8, 26.874, 0.821354, -80448.140625, 0.234703703704
THR, 6, 27.438, 0.874197, -80970.062500, 0.375159259259
TRP, 2, 28.317, 0.85103, -79448.617188, 0.314955555556
TYR, 10, 27.690, 0.854237, -80152.125000, 0.270355555556
VAL, 6, 26.277, 0.825855, -79706.437500, 0.221659259259
