AMINO ACID, DSSP, SASA, GYRATE, ENERGY, RMSF
ALA, 4, 27.267, 0.84175, -80899.531250, 0.251659259259
ARG, 2, 28.464, 0.883885, -80773.726562, 0.298462962963
ASN, 12, 26.654, 0.824448, -80529.117188, 0.210481481481
ASP, 8, 26.844, 0.820531, -80489.953125, 0.207903703704
CYS, 9, 26.704, 0.870846, -79696.171875, 0.307162962963
GLN, 5, 29.247, 0.878952, -80145.773438, 0.290562962963
GLU, 11, 24.407, 0.82912, -79595.484375, 0.207940740741
GLY, 12, 25.723, 0.822184, -80001.226562, 0.230159259259
HIS, 4, 26.528, 0.9219, -80414.960938, 0.336788888889
ILE, 4, 26.473, 0.848163, -80365.390625, 0.278788888889
LEU, 6, 29.610, 0.900779, -79725.953125, 0.349325925926
LYS, 7, 28.025, 0.831079, -80246.632812, 0.242707407407
MET, 9, 25.884, 0.813382, -79967.734375, 0.221622222222
PHE, 4, 26.712, 0.856586, -80273.914062, 0.339081481481
PRO, 9, 27.042, 0.823382, -80088.687500, 0.268974074074
SER, 6, 27.076, 0.8415, -80898.562500, 0.234703703704
THR, 8, 28.237, 0.871209, -80376.914062, 0.375159259259
TRP, 2, 27.855, 0.840464, -79611.585938, 0.314955555556
TYR, 8, 28.056, 0.848498, -80394.867188, 0.270355555556
VAL, 6, 26.502, 0.843386, -81688.906250, 0.221659259259
