AMINO ACID, DSSP, SASA, GYRATE, ENERGY, RMSF
ALA, 2, 27.752, 0.834174, -80060.640625, 0.251659259259
ARG, 6, 27.187, 0.871734, -81011.523438, 0.298462962963
ASN, 10, 26.027, 0.820265, -81097.281250, 0.210481481481
ASP, 8, 24.974, 0.812681, -80158.156250, 0.207903703704
CYS, 9, 27.455, 0.869526, -80685.265625, 0.307162962963
GLN, 7, 30.667, 0.898643, -80949.609375, 0.290562962963
GLU, 11, 24.781, 0.81975, -79838.671875, 0.207940740741
GLY, 8, 25.326, 0.812484, -80685.375000, 0.230159259259
HIS, 6, 27.798, 0.963368, -80114.156250, 0.336788888889
ILE, 2, 28.394, 0.871115, -80006.328125, 0.278788888889
LEU, 9, 30.526, 0.917705, -79532.585938, 0.349325925926
LYS, 9, 27.225, 0.808237, -81383.093750, 0.242707407407
MET, 7, 26.175, 0.83469, -80537.750000, 0.221622222222
PHE, 4, 27.575, 0.878093, -80796.226562, 0.339081481481
PRO, 9, 26.918, 0.810053, -79732.351562, 0.268974074074
SER, 6, 26.849, 0.836807, -81032.539062, 0.234703703704
THR, 8, 27.033, 0.87358, -79584.945312, 0.375159259259
TRP, 2, 27.790, 0.844385, -79592.375000, 0.314955555556
TYR, 10, 27.754, 0.863058, -79726.281250, 0.270355555556
VAL, 6, 24.872, 0.840408, -80030.539062, 0.221659259259
