AMINO ACID, DSSP, SASA, GYRATE, ENERGY, RMSF
ALA, 2, 26.895, 0.831134, -79409.296875, 0.251659259259
ARG, 6, 29.063, 0.882579, -80604.328125, 0.298462962963
ASN, 14, 25.791, 0.818329, -79885.578125, 0.210481481481
ASP, 10, 25.270, 0.802841, -80029.281250, 0.207903703704
CYS, 10, 28.442, 0.878549, -79602.117188, 0.307162962963
GLN, 5, 28.431, 0.88173, -80626.062500, 0.290562962963
GLU, 9, 24.591, 0.810684, -80249.710938, 0.207940740741
GLY, 5, 25.345, 0.805933, -80707.335938, 0.230159259259
HIS, 8, 30.456, 0.938103, -80095.218750, 0.336788888889
ILE, 2, 28.361, 0.858748, -79441.882812, 0.278788888889
LEU, 9, 27.323, 0.891387, -80341.242188, 0.349325925926
LYS, 9, 26.604, 0.801187, -81139.031250, 0.242707407407
MET, 9, 25.290, 0.811573, -79319.406250, 0.221622222222
PHE, 4, 25.600, 0.854514, -79706.984375, 0.339081481481
PRO, 9, 27.305, 0.815496, -80937.804688, 0.268974074074
SER, 4, 25.777, 0.822849, -79312.984375, 0.234703703704
THR, 6, 27.409, 0.868844, -79784.132812, 0.375159259259
TRP, 2, 27.143, 0.848726, -79006.296875, 0.314955555556
TYR, 9, 28.135, 0.864254, -80264.726562, 0.270355555556
VAL, 4, 26.399, 0.833433, -79847.031250, 0.221659259259
