AMINO ACID, DSSP, SASA, GYRATE, ENERGY, RMSF
ALA, 2, 27.196, 0.830682, -79965.078125, 0.251659259259
ARG, 0, 28.078, 0.875354, -79698.257812, 0.298462962963
ASN, 8, 26.029, 0.81274, -81195.750000, 0.210481481481
ASP, 10, 26.420, 0.812811, -80827.593750, 0.207903703704
CYS, 9, 28.385, 0.877812, -81730.968750, 0.307162962963
GLN, 5, 29.586, 0.893314, -80866.101562, 0.290562962963
GLU, 11, 25.461, 0.817887, -80828.453125, 0.207940740741
GLY, 6, 24.976, 0.810409, -81084.687500, 0.230159259259
HIS, 8, 30.069, 0.971961, -79868.023438, 0.336788888889
ILE, 6, 27.641, 0.854554, -80473.468750, 0.278788888889
LEU, 7, 27.203, 0.887882, -80290.109375, 0.349325925926
LYS, 11, 26.705, 0.811296, -81519.921875, 0.242707407407
MET, 10, 26.997, 0.821987, -80091.726562, 0.221622222222
PHE, 2, 25.439, 0.853271, -79407.187500, 0.339081481481
PRO, 9, 26.937, 0.813031, -79700.250000, 0.268974074074
SER, 4, 25.434, 0.84165, -81150.617188, 0.234703703704
THR, 6, 29.035, 0.881332, -81382.781250, 0.375159259259
TRP, 2, 27.687, 0.833643, -80109.601562, 0.314955555556
TYR, 6, 28.023, 0.861907, -80105.273438, 0.270355555556
VAL, 4, 25.923, 0.829794, -78956.226562, 0.221659259259
