AMINO ACID, DSSP, SASA, GYRATE, ENERGY, RMSF
ALA, 2, 26.152, 0.831347, -80314.726562, 0.251659259259
ARG, 4, 27.423, 0.873923, -81372.703125, 0.298462962963
ASN, 10, 26.594, 0.827232, -80205.156250, 0.210481481481
ASP, 10, 25.406, 0.808322, -80260.945312, 0.207903703704
CYS, 7, 27.921, 0.894418, -79169.859375, 0.307162962963
GLN, 5, 27.023, 0.87402, -81436.515625, 0.290562962963
GLU, 13, 24.538, 0.811162, -79793.992188, 0.207940740741
GLY, 6, 24.050, 0.811721, -80080.484375, 0.230159259259
HIS, 8, 29.092, 0.947293, -80482.437500, 0.336788888889
ILE, 7, 27.370, 0.828355, -80747.468750, 0.278788888889
LEU, 7, 28.703, 0.902073, -79393.484375, 0.349325925926
LYS, 9, 25.082, 0.79755, -81015.937500, 0.242707407407
MET, 11, 26.408, 0.825265, -80218.835938, 0.221622222222
PHE, 6, 26.584, 0.86663, -79518.109375, 0.339081481481
PRO, 7, 26.135, 0.811227, -80884.601562, 0.268974074074
SER, 2, 27.152, 0.851037, -79929.593750, 0.234703703704
THR, 8, 29.230, 0.876319, -80615.484375, 0.375159259259
TRP, 2, 29.300, 0.860124, -79689.687500, 0.314955555556
TYR, 10, 26.889, 0.850385, -81166.656250, 0.270355555556
VAL, 4, 26.363, 0.823303, -79973.750000, 0.221659259259
