AMINO ACID, DSSP, SASA, GYRATE, ENERGY, RMSF
ALA, 4, 25.797, 0.832793, -79756.257812, 0.251659259259
ARG, 4, 30.013, 0.895574, -79906.570312, 0.298462962963
ASN, 10, 25.753, 0.822562, -81012.609375, 0.210481481481
ASP, 8, 25.776, 0.822063, -79777.945312, 0.207903703704
CYS, 9, 27.498, 0.881063, -80377.562500, 0.307162962963
GLN, 3, 30.624, 0.90163, -80852.312500, 0.290562962963
GLU, 6, 25.692, 0.816618, -80575.976562, 0.207940740741
GLY, 6, 23.146, 0.797715, -80350.296875, 0.230159259259
HIS, 10, 29.072, 0.919107, -79826.203125, 0.336788888889
ILE, 7, 26.546, 0.820341, -80647.210938, 0.278788888889
LEU, 9, 29.737, 0.902861, -80831.359375, 0.349325925926
LYS, 9, 25.476, 0.797676, -81134.312500, 0.242707407407
MET, 11, 25.951, 0.833468, -79962.367188, 0.221622222222
PHE, 4, 24.914, 0.853208, -80054.625000, 0.339081481481
PRO, 9, 26.569, 0.824427, -80008.734375, 0.268974074074
SER, 2, 27.574, 0.84444, -80602.351562, 0.234703703704
THR, 6, 28.581, 0.874585, -81702.468750, 0.375159259259
TRP, 2, 30.829, 0.87148, -79635.921875, 0.314955555556
TYR, 9, 27.460, 0.845492, -80312.000000, 0.270355555556
VAL, 2, 26.849, 0.835018, -79796.984375, 0.221659259259
