AMINO ACID, DSSP, SASA, GYRATE, ENERGY, RMSF
ALA, 4, 28.434, 0.842716, -79725.453125, 0.251659259259
ARG, 4, 26.768, 0.867784, -80573.554688, 0.298462962963
ASN, 8, 26.485, 0.819371, -80449.960938, 0.210481481481
ASP, 10, 25.796, 0.809414, -79801.562500, 0.207903703704
CYS, 10, 26.826, 0.876952, -80299.312500, 0.307162962963
GLN, 5, 29.413, 0.900789, -81238.312500, 0.290562962963
GLU, 9, 26.841, 0.827577, -80820.578125, 0.207940740741
GLY, 5, 23.976, 0.796644, -80375.851562, 0.230159259259
HIS, 10, 28.686, 0.947357, -80876.898438, 0.336788888889
ILE, 5, 26.698, 0.842866, -80090.000000, 0.278788888889
LEU, 9, 28.301, 0.913342, -79432.140625, 0.349325925926
LYS, 11, 25.631, 0.800577, -81164.906250, 0.242707407407
MET, 11, 26.271, 0.820166, -81041.898438, 0.221622222222
PHE, 4, 24.151, 0.84699, -80760.804688, 0.339081481481
PRO, 2, 25.958, 0.806091, -80221.820312, 0.268974074074
SER, 4, 27.244, 0.850651, -80718.664062, 0.234703703704
THR, 4, 27.130, 0.85969, -80764.718750, 0.375159259259
TRP, 4, 28.817, 0.869745, -79541.835938, 0.314955555556
TYR, 8, 28.491, 0.86495, -79528.007812, 0.270355555556
VAL, 2, 27.121, 0.841603, -80608.156250, 0.221659259259
