AMINO ACID, DSSP, SASA, GYRATE, ENERGY, RMSF
ALA, 5, 27.091, 0.8494, -79992.281250, 0.251659259259
ARG, 4, 29.095, 0.858715, -81241.234375, 0.298462962963
ASN, 12, 26.386, 0.81036, -80414.703125, 0.210481481481
ASP, 10, 24.708, 0.809829, -80404.546875, 0.207903703704
CYS, 10, 28.210, 0.867081, -80971.250000, 0.307162962963
GLN, 5, 29.688, 0.918858, -79016.375000, 0.290562962963
GLU, 9, 26.929, 0.824323, -80419.125000, 0.207940740741
GLY, 4, 24.963, 0.813912, -80020.195312, 0.230159259259
HIS, 8, 29.700, 0.977475, -79736.937500, 0.336788888889
ILE, 7, 25.985, 0.83539, -80566.648438, 0.278788888889
LEU, 7, 28.461, 0.903161, -80633.718750, 0.349325925926
LYS, 11, 25.440, 0.804319, -80015.421875, 0.242707407407
MET, 11, 27.365, 0.840304, -79664.734375, 0.221622222222
PHE, 6, 25.082, 0.881003, -79595.351562, 0.339081481481
PRO, 4, 25.515, 0.812648, -80353.046875, 0.268974074074
SER, 2, 28.366, 0.852171, -80691.945312, 0.234703703704
THR, 2, 27.009, 0.880757, -80524.976562, 0.375159259259
TRP, 4, 27.792, 0.861799, -80215.312500, 0.314955555556
TYR, 10, 27.060, 0.851534, -79158.851562, 0.270355555556
VAL, 4, 25.815, 0.833863, -80286.890625, 0.221659259259
