AMINO ACID, DSSP, SASA, GYRATE, ENERGY, RMSF
ALA, 4, 27.668, 0.841619, -80558.710938, 0.251659259259
ARG, 2, 28.627, 0.875427, -80286.093750, 0.298462962963
ASN, 4, 24.584, 0.807124, -80597.335938, 0.210481481481
ASP, 10, 26.361, 0.811714, -80290.843750, 0.207903703704
CYS, 9, 28.313, 0.883316, -79832.695312, 0.307162962963
GLN, 5, 28.122, 0.919519, -80143.359375, 0.290562962963
GLU, 9, 26.387, 0.831702, -80319.234375, 0.207940740741
GLY, 6, 24.316, 0.803732, -81401.562500, 0.230159259259
HIS, 8, 30.214, 0.977975, -80751.289062, 0.336788888889
ILE, 7, 27.028, 0.833662, -80287.531250, 0.278788888889
LEU, 9, 29.481, 0.921597, -79923.062500, 0.349325925926
LYS, 9, 26.144, 0.812953, -80611.468750, 0.242707407407
MET, 9, 27.413, 0.829079, -80177.945312, 0.221622222222
PHE, 4, 27.046, 0.889793, -80584.390625, 0.339081481481
PRO, 2, 27.040, 0.820502, -80976.718750, 0.268974074074
SER, 2, 27.172, 0.848818, -80376.125000, 0.234703703704
THR, 4, 28.242, 0.894818, -79484.828125, 0.375159259259
TRP, 4, 29.701, 0.882905, -79563.484375, 0.314955555556
TYR, 8, 28.404, 0.848188, -79762.156250, 0.270355555556
VAL, 2, 25.591, 0.839412, -80389.156250, 0.221659259259
