AMINO ACID, DSSP, SASA, GYRATE, ENERGY, RMSF
ALA, 2, 28.562, 0.866377, -79651.640625, 0.251659259259
ARG, 2, 29.164, 0.865412, -81090.515625, 0.298462962963
ASN, 6, 25.167, 0.816374, -81614.000000, 0.210481481481
ASP, 8, 24.958, 0.815767, -79233.328125, 0.207903703704
CYS, 7, 26.866, 0.855448, -80142.726562, 0.307162962963
GLN, 5, 29.162, 0.916615, -80022.093750, 0.290562962963
GLU, 11, 26.461, 0.82599, -80257.367188, 0.207940740741
GLY, 6, 25.618, 0.81356, -80266.484375, 0.230159259259
HIS, 8, 31.136, 0.970017, -80891.226562, 0.336788888889
ILE, 7, 25.634, 0.827516, -80625.531250, 0.278788888889
LEU, 9, 26.773, 0.886088, -79382.828125, 0.349325925926
LYS, 11, 25.218, 0.798438, -80948.429688, 0.242707407407
MET, 11, 26.548, 0.821044, -79776.343750, 0.221622222222
PHE, 6, 26.371, 0.90679, -80475.078125, 0.339081481481
PRO, 9, 25.313, 0.813225, -80357.164062, 0.268974074074
SER, 6, 26.342, 0.83505, -80452.109375, 0.234703703704
THR, 4, 27.447, 0.867708, -80613.656250, 0.375159259259
TRP, 2, 28.865, 0.874383, -79751.765625, 0.314955555556
TYR, 7, 27.767, 0.854862, -80227.867188, 0.270355555556
VAL, 4, 26.777, 0.848579, -80099.468750, 0.221659259259
