AMINO ACID, DSSP, SASA, GYRATE, ENERGY, RMSF
ALA, 2, 27.115, 0.858342, -79835.117188, 0.251659259259
ARG, 2, 27.702, 0.851716, -80947.398438, 0.298462962963
ASN, 12, 25.625, 0.82065, -81313.406250, 0.210481481481
ASP, 10, 26.642, 0.831014, -80286.562500, 0.207903703704
CYS, 7, 27.381, 0.877465, -80518.625000, 0.307162962963
GLN, 5, 30.684, 0.912558, -81152.921875, 0.290562962963
GLU, 15, 24.426, 0.807546, -80642.593750, 0.207940740741
GLY, 6, 24.175, 0.797857, -81167.218750, 0.230159259259
HIS, 6, 27.846, 0.889853, -80969.070312, 0.336788888889
ILE, 7, 25.582, 0.817299, -79340.070312, 0.278788888889
LEU, 9, 28.483, 0.875265, -80211.890625, 0.349325925926
LYS, 9, 25.972, 0.805557, -80439.117188, 0.242707407407
MET, 11, 26.350, 0.821819, -80529.656250, 0.221622222222
PHE, 4, 26.868, 0.89417, -79273.406250, 0.339081481481
PRO, 7, 27.623, 0.849291, -80152.398438, 0.268974074074
SER, 4, 25.934, 0.840695, -80131.421875, 0.234703703704
THR, 4, 29.489, 0.890702, -80362.460938, 0.375159259259
TRP, 2, 29.878, 0.873276, -80640.031250, 0.314955555556
TYR, 7, 28.594, 0.851114, -78851.937500, 0.270355555556
VAL, 2, 25.657, 0.823977, -79207.453125, 0.221659259259
