AMINO ACID, DSSP, SASA, GYRATE, ENERGY, RMSF
ALA, 6, 26.792, 0.837502, -80264.390625, 0.251659259259
ARG, 10, 28.973, 0.848969, -80990.578125, 0.298462962963
ASN, 10, 27.835, 0.822289, -80192.250000, 0.210481481481
ASP, 6, 25.162, 0.815033, -80222.937500, 0.207903703704
CYS, 11, 30.897, 0.893134, -80812.484375, 0.307162962963
GLN, 10, 27.224, 0.828739, -79656.546875, 0.290562962963
GLU, 8, 26.683, 0.850083, -79603.109375, 0.207940740741
GLY, 4, 27.412, 0.844945, -79732.695312, 0.230159259259
HIS, 4, 26.908, 0.858008, -80129.453125, 0.336788888889
ILE, 6, 27.080, 0.823452, -79898.421875, 0.278788888889
LEU, 10, 25.586, 0.824381, -80543.789062, 0.349325925926
LYS, 8, 26.499, 0.811314, -80707.140625, 0.242707407407
MET, 9, 27.249, 0.846355, -81305.781250, 0.221622222222
PHE, 10, 26.315, 0.819732, -79424.328125, 0.339081481481
PRO, 6, 27.850, 0.867889, -80152.132812, 0.268974074074
SER, 10, 25.524, 0.804156, -80967.312500, 0.234703703704
THR, 6, 26.416, 0.812996, -80041.375000, 0.375159259259
TRP, 8, 28.225, 0.834582, -80704.046875, 0.314955555556
TYR, 9, 26.855, 0.864523, -79739.937500, 0.270355555556
VAL, 6, 24.981, 0.812943, -81431.015625, 0.221659259259
