AMINO ACID, DSSP, SASA, GYRATE, ENERGY, RMSF
ALA, 2, 27.051, 0.838, -80025.554688, 0.251659259259
ARG, 2, 27.548, 0.84298, -80861.546875, 0.298462962963
ASN, 16, 25.025, 0.816404, -80600.171875, 0.210481481481
ASP, 10, 26.068, 0.822925, -79253.125000, 0.207903703704
CYS, 9, 28.338, 0.894188, -80644.843750, 0.307162962963
GLN, 2, 28.357, 0.892496, -80694.335938, 0.290562962963
GLU, 6, 23.748, 0.805387, -80570.671875, 0.207940740741
GLY, 6, 24.610, 0.814315, -81429.578125, 0.230159259259
HIS, 2, 31.402, 0.954706, -79747.554688, 0.336788888889
ILE, 7, 25.452, 0.816476, -80139.187500, 0.278788888889
LEU, 7, 28.557, 0.892615, -80031.203125, 0.349325925926
LYS, 4, 24.232, 0.795244, -79899.828125, 0.242707407407
MET, 11, 26.166, 0.827612, -80161.515625, 0.221622222222
PHE, 6, 25.900, 0.891954, -79334.453125, 0.339081481481
PRO, 7, 27.686, 0.820567, -80774.250000, 0.268974074074
SER, 6, 27.789, 0.857886, -80792.500000, 0.234703703704
THR, 4, 27.260, 0.875012, -80596.015625, 0.375159259259
TRP, 2, 30.382, 0.888762, -79513.179688, 0.314955555556
TYR, 6, 27.564, 0.850859, -79192.890625, 0.270355555556
VAL, 4, 25.922, 0.828152, -80736.757812, 0.221659259259
