AMINO ACID, DSSP, SASA, GYRATE, ENERGY, RMSF
ALA, 2, 27.125, 0.850693, -80904.773438, 0.251659259259
ARG, 2, 28.147, 0.865509, -80085.507812, 0.298462962963
ASN, 10, 27.300, 0.826907, -80757.750000, 0.210481481481
ASP, 6, 28.122, 0.834349, -80664.031250, 0.207903703704
CYS, 7, 27.966, 0.887724, -80047.687500, 0.307162962963
GLN, 5, 29.399, 0.888162, -80685.765625, 0.290562962963
GLU, 9, 24.787, 0.814121, -79892.531250, 0.207940740741
GLY, 6, 24.826, 0.814368, -80163.992188, 0.230159259259
HIS, 4, 28.687, 0.8845, -80120.929688, 0.336788888889
ILE, 7, 25.721, 0.832953, -81135.437500, 0.278788888889
LEU, 9, 27.690, 0.877625, -79142.507812, 0.349325925926
LYS, 9, 26.430, 0.808922, -81014.679688, 0.242707407407
MET, 11, 25.977, 0.825132, -80364.695312, 0.221622222222
PHE, 6, 26.526, 0.872289, -80417.921875, 0.339081481481
PRO, 7, 26.101, 0.821774, -80335.679688, 0.268974074074
SER, 6, 25.435, 0.815277, -80346.921875, 0.234703703704
THR, 4, 28.072, 0.880286, -80206.882812, 0.375159259259
TRP, 2, 30.101, 0.893219, -80214.703125, 0.314955555556
TYR, 8, 26.627, 0.856458, -79961.632812, 0.270355555556
VAL, 2, 26.247, 0.839743, -79759.343750, 0.221659259259
