AMINO ACID, DSSP, SASA, GYRATE, ENERGY, RMSF
ALA, 4, 27.494, 0.840393, -80415.703125, 0.251659259259
ARG, 4, 27.772, 0.858891, -80841.500000, 0.298462962963
ASN, 11, 25.450, 0.809172, -79402.593750, 0.210481481481
ASP, 12, 29.073, 0.837683, -80052.820312, 0.207903703704
CYS, 5, 26.184, 0.882808, -80152.992188, 0.307162962963
GLN, 5, 30.183, 0.895487, -80308.601562, 0.290562962963
GLU, 8, 26.122, 0.824818, -79622.375000, 0.207940740741
GLY, 8, 25.028, 0.797664, -80152.656250, 0.230159259259
HIS, 4, 28.093, 0.889564, -80430.218750, 0.336788888889
ILE, 7, 26.725, 0.830256, -80250.906250, 0.278788888889
LEU, 9, 27.926, 0.888861, -79118.132812, 0.349325925926
LYS, 9, 27.290, 0.815554, -81321.195312, 0.242707407407
MET, 9, 26.995, 0.826454, -79991.703125, 0.221622222222
PHE, 6, 26.922, 0.892649, -80081.812500, 0.339081481481
PRO, 2, 27.993, 0.830032, -80872.640625, 0.268974074074
SER, 6, 26.065, 0.83158, -79630.914062, 0.234703703704
THR, 4, 26.738, 0.862767, -80774.562500, 0.375159259259
TRP, 4, 30.685, 0.906508, -79371.671875, 0.314955555556
TYR, 9, 28.453, 0.875188, -81440.039062, 0.270355555556
VAL, 4, 26.515, 0.826407, -79855.523438, 0.221659259259
