AMINO ACID, DSSP, SASA, GYRATE, ENERGY, RMSF
ALA, 6, 27.225, 0.868615, -81305.632812, 0.251659259259
ARG, 4, 28.320, 0.851849, -80567.296875, 0.298462962963
ASN, 8, 26.151, 0.822659, -80238.000000, 0.210481481481
ASP, 10, 25.423, 0.786578, -80233.109375, 0.207903703704
CYS, 8, 26.876, 0.850852, -79955.265625, 0.307162962963
GLN, 11, 25.564, 0.829519, -79891.953125, 0.290562962963
GLU, 9, 26.531, 0.814308, -79963.968750, 0.207940740741
GLY, 12, 24.969, 0.843517, -79874.296875, 0.230159259259
HIS, 10, 26.333, 0.84882, -79517.218750, 0.336788888889
ILE, 8, 27.723, 0.878875, -79394.960938, 0.278788888889
LEU, 7, 24.730, 0.801713, -79679.210938, 0.349325925926
LYS, 9, 26.664, 0.820753, -80123.492188, 0.242707407407
MET, 4, 28.060, 0.840243, -80135.679688, 0.221622222222
PHE, 12, 24.901, 0.806015, -80147.093750, 0.339081481481
PRO, 6, 25.465, 0.822084, -79716.281250, 0.268974074074
SER, 8, 24.709, 0.820447, -79719.695312, 0.234703703704
THR, 11, 27.612, 0.815912, -80994.140625, 0.375159259259
TRP, 6, 28.099, 0.841795, -80524.476562, 0.314955555556
TYR, 4, 27.490, 0.875351, -79146.093750, 0.270355555556
VAL, 12, 27.843, 0.84331, -80355.750000, 0.221659259259
