AMINO ACID, DSSP, SASA, GYRATE, ENERGY, RMSF
ALA, 2, 27.308, 0.839103, -80850.148438, 0.251659259259
ARG, 4, 27.872, 0.843208, -80740.390625, 0.298462962963
ASN, 8, 27.291, 0.849834, -80612.031250, 0.210481481481
ASP, 8, 27.825, 0.828249, -80186.601562, 0.207903703704
CYS, 9, 28.096, 0.870023, -81022.960938, 0.307162962963
GLN, 2, 28.456, 0.86909, -80351.421875, 0.290562962963
GLU, 8, 23.531, 0.812013, -80398.687500, 0.207940740741
GLY, 6, 23.077, 0.807772, -79875.976562, 0.230159259259
HIS, 6, 27.850, 0.880543, -79230.781250, 0.336788888889
ILE, 7, 25.846, 0.825918, -79993.328125, 0.278788888889
LEU, 9, 29.492, 0.895757, -80297.398438, 0.349325925926
LYS, 7, 26.726, 0.829058, -81339.359375, 0.242707407407
MET, 11, 26.241, 0.826518, -79978.546875, 0.221622222222
PHE, 4, 27.197, 0.876458, -79701.437500, 0.339081481481
PRO, 0, 26.713, 0.815351, -80056.453125, 0.268974074074
SER, 2, 27.601, 0.853364, -80463.398438, 0.234703703704
THR, 4, 25.711, 0.842724, -79912.812500, 0.375159259259
TRP, 4, 29.526, 0.902526, -79043.054688, 0.314955555556
TYR, 7, 28.773, 0.868859, -80470.437500, 0.270355555556
VAL, 4, 25.573, 0.824877, -80160.765625, 0.221659259259
