AMINO ACID, DSSP, SASA, GYRATE, ENERGY, RMSF
ALA, 6, 27.076, 0.853344, -80375.265625, 0.251659259259
ARG, 4, 27.282, 0.856248, -80909.078125, 0.298462962963
ASN, 4, 27.141, 0.840115, -81180.906250, 0.210481481481
ASP, 8, 26.193, 0.815717, -80665.218750, 0.207903703704
CYS, 9, 26.923, 0.858582, -81482.765625, 0.307162962963
GLN, 5, 29.411, 0.887552, -80607.671875, 0.290562962963
GLU, 9, 23.773, 0.819977, -79661.203125, 0.207940740741
GLY, 4, 23.729, 0.805565, -79949.406250, 0.230159259259
HIS, 4, 28.196, 0.882805, -80567.023438, 0.336788888889
ILE, 7, 25.751, 0.81458, -79822.476562, 0.278788888889
LEU, 7, 28.563, 0.882099, -80621.820312, 0.349325925926
LYS, 11, 25.714, 0.809217, -80987.156250, 0.242707407407
MET, 11, 25.539, 0.831975, -80246.773438, 0.221622222222
PHE, 6, 27.309, 0.862989, -80361.757812, 0.339081481481
PRO, 7, 26.273, 0.818131, -80479.367188, 0.268974074074
SER, 4, 26.775, 0.84666, -80559.820312, 0.234703703704
THR, 8, 26.320, 0.835304, -79987.296875, 0.375159259259
TRP, 4, 28.902, 0.891075, -80177.781250, 0.314955555556
TYR, 10, 28.592, 0.862737, -80830.953125, 0.270355555556
VAL, 4, 25.611, 0.817867, -79594.203125, 0.221659259259
