AMINO ACID, DSSP, SASA, GYRATE, ENERGY, RMSF
ALA, 2, 26.664, 0.838721, -80294.671875, 0.251659259259
ARG, 4, 28.839, 0.871058, -80686.328125, 0.298462962963
ASN, 13, 25.542, 0.821353, -80179.234375, 0.210481481481
ASP, 12, 25.936, 0.811652, -79364.343750, 0.207903703704
CYS, 9, 29.146, 0.897372, -80199.718750, 0.307162962963
GLN, 5, 30.787, 0.905592, -80031.367188, 0.290562962963
GLU, 5, 25.708, 0.829056, -80385.500000, 0.207940740741
GLY, 8, 25.334, 0.805176, -81113.632812, 0.230159259259
HIS, 10, 27.337, 0.877487, -79769.343750, 0.336788888889
ILE, 7, 25.663, 0.831126, -80246.976562, 0.278788888889
LEU, 7, 29.357, 0.89959, -80176.500000, 0.349325925926
LYS, 7, 27.294, 0.828648, -80219.929688, 0.242707407407
MET, 10, 28.018, 0.834887, -80254.625000, 0.221622222222
PHE, 6, 25.711, 0.842461, -79776.968750, 0.339081481481
PRO, 0, 26.108, 0.824357, -80074.046875, 0.268974074074
SER, 4, 27.327, 0.844031, -80223.906250, 0.234703703704
THR, 6, 28.338, 0.880903, -80891.585938, 0.375159259259
TRP, 6, 28.928, 0.892855, -80469.843750, 0.314955555556
TYR, 10, 28.812, 0.858663, -79891.937500, 0.270355555556
VAL, 6, 25.375, 0.829644, -80001.156250, 0.221659259259
