AMINO ACID, DSSP, SASA, GYRATE, ENERGY, RMSF
ALA, 4, 28.432, 0.850806, -81050.570312, 0.251659259259
ARG, 2, 28.690, 0.862381, -81793.828125, 0.298462962963
ASN, 10, 24.965, 0.813644, -79944.343750, 0.210481481481
ASP, 12, 26.752, 0.843954, -79100.000000, 0.207903703704
CYS, 7, 26.660, 0.859341, -80028.203125, 0.307162962963
GLN, 5, 29.389, 0.900743, -80226.773438, 0.290562962963
GLU, 6, 24.984, 0.81963, -80929.437500, 0.207940740741
GLY, 9, 24.625, 0.804976, -80470.992188, 0.230159259259
HIS, 8, 27.786, 0.881124, -80664.578125, 0.336788888889
ILE, 4, 25.709, 0.814195, -79776.984375, 0.278788888889
LEU, 9, 29.967, 0.936859, -79390.546875, 0.349325925926
LYS, 9, 27.106, 0.819514, -81653.023438, 0.242707407407
MET, 11, 25.741, 0.818558, -79351.460938, 0.221622222222
PHE, 2, 25.539, 0.86034, -80528.781250, 0.339081481481
PRO, 5, 26.984, 0.839245, -80063.328125, 0.268974074074
SER, 2, 28.551, 0.857322, -80777.968750, 0.234703703704
THR, 10, 27.427, 0.847139, -80244.523438, 0.375159259259
TRP, 2, 27.987, 0.907364, -80594.523438, 0.314955555556
TYR, 10, 29.012, 0.861734, -80703.000000, 0.270355555556
VAL, 8, 24.771, 0.814009, -80082.507812, 0.221659259259
