AMINO ACID, DSSP, SASA, GYRATE, ENERGY, RMSF
ALA, 5, 26.310, 0.823277, -79586.109375, 0.251659259259
ARG, 4, 29.133, 0.860766, -80813.531250, 0.298462962963
ASN, 10, 26.352, 0.802177, -79769.390625, 0.210481481481
ASP, 9, 28.147, 0.841782, -79422.093750, 0.207903703704
CYS, 11, 27.722, 0.876397, -81097.859375, 0.307162962963
GLN, 4, 30.043, 0.915511, -80406.570312, 0.290562962963
GLU, 9, 25.643, 0.839082, -80821.000000, 0.207940740741
GLY, 6, 24.561, 0.817322, -79548.921875, 0.230159259259
HIS, 6, 28.373, 0.869495, -79243.500000, 0.336788888889
ILE, 4, 26.101, 0.811471, -78678.804688, 0.278788888889
LEU, 9, 29.471, 0.921932, -79571.234375, 0.349325925926
LYS, 9, 27.925, 0.827248, -80444.445312, 0.242707407407
MET, 11, 26.754, 0.827975, -79359.750000, 0.221622222222
PHE, 4, 25.032, 0.846893, -79489.609375, 0.339081481481
PRO, 4, 25.843, 0.822068, -79949.671875, 0.268974074074
SER, 4, 28.352, 0.856502, -80507.007812, 0.234703703704
THR, 4, 26.881, 0.844454, -80259.195312, 0.375159259259
TRP, 4, 27.843, 0.886599, -80166.851562, 0.314955555556
TYR, 8, 27.620, 0.857474, -79723.929688, 0.270355555556
VAL, 10, 25.692, 0.819793, -80046.328125, 0.221659259259
