AMINO ACID, DSSP, SASA, GYRATE, ENERGY, RMSF
ALA, 2, 27.947, 0.838408, -80807.687500, 0.251659259259
ARG, 4, 26.808, 0.858457, -80495.906250, 0.298462962963
ASN, 12, 25.459, 0.802175, -79740.273438, 0.210481481481
ASP, 10, 26.641, 0.831993, -80949.234375, 0.207903703704
CYS, 7, 29.234, 0.903581, -81462.484375, 0.307162962963
GLN, 5, 27.192, 0.875374, -80391.265625, 0.290562962963
GLU, 9, 24.687, 0.822149, -80659.093750, 0.207940740741
GLY, 6, 25.572, 0.819515, -79437.140625, 0.230159259259
HIS, 8, 26.902, 0.903223, -80017.515625, 0.336788888889
ILE, 7, 26.489, 0.82728, -80003.625000, 0.278788888889
LEU, 9, 28.466, 0.89756, -80180.718750, 0.349325925926
LYS, 7, 25.715, 0.791069, -80230.382812, 0.242707407407
MET, 11, 26.547, 0.823063, -80786.078125, 0.221622222222
PHE, 4, 26.650, 0.865413, -80092.359375, 0.339081481481
PRO, 2, 27.437, 0.824196, -81432.281250, 0.268974074074
SER, 2, 26.596, 0.827865, -79962.625000, 0.234703703704
THR, 4, 26.985, 0.874298, -80962.046875, 0.375159259259
TRP, 2, 28.122, 0.882954, -79630.562500, 0.314955555556
TYR, 7, 26.905, 0.850875, -79443.968750, 0.270355555556
VAL, 8, 26.521, 0.82693, -79891.593750, 0.221659259259
