AMINO ACID, DSSP, SASA, GYRATE, ENERGY, RMSF
ALA, 2, 26.819, 0.848272, -79036.531250, 0.251659259259
ARG, 2, 28.510, 0.86347, -81601.070312, 0.298462962963
ASN, 12, 25.213, 0.797124, -79952.304688, 0.210481481481
ASP, 10, 26.921, 0.828711, -80604.320312, 0.207903703704
CYS, 7, 27.420, 0.893501, -80987.523438, 0.307162962963
GLN, 5, 27.735, 0.879619, -80338.953125, 0.290562962963
GLU, 9, 24.811, 0.814469, -79823.937500, 0.207940740741
GLY, 8, 24.858, 0.816535, -80139.664062, 0.230159259259
HIS, 8, 26.120, 0.864283, -80364.093750, 0.336788888889
ILE, 5, 26.352, 0.823605, -80392.906250, 0.278788888889
LEU, 7, 29.112, 0.908232, -80427.578125, 0.349325925926
LYS, 9, 25.571, 0.794169, -80741.718750, 0.242707407407
MET, 11, 26.348, 0.824384, -80743.359375, 0.221622222222
PHE, 4, 25.341, 0.851124, -79998.140625, 0.339081481481
PRO, 7, 26.726, 0.816775, -79443.781250, 0.268974074074
SER, 4, 27.506, 0.837297, -81232.007812, 0.234703703704
THR, 2, 27.907, 0.887571, -80666.031250, 0.375159259259
TRP, 2, 28.108, 0.874871, -79819.140625, 0.314955555556
TYR, 3, 28.112, 0.852679, -80205.726562, 0.270355555556
VAL, 6, 26.381, 0.828613, -80328.664062, 0.221659259259
