AMINO ACID, DSSP, SASA, GYRATE, ENERGY, RMSF
ALA, 5, 28.856, 0.844628, -80603.375000, 0.251659259259
ARG, 4, 27.944, 0.862317, -80848.203125, 0.298462962963
ASN, 10, 25.731, 0.81744, -80490.218750, 0.210481481481
ASP, 10, 28.337, 0.839113, -80678.796875, 0.207903703704
CYS, 7, 27.874, 0.876465, -80490.765625, 0.307162962963
GLN, 7, 27.436, 0.877463, -80434.664062, 0.290562962963
GLU, 10, 24.793, 0.820228, -80222.476562, 0.207940740741
GLY, 6, 26.124, 0.835309, -80263.414062, 0.230159259259
HIS, 8, 26.732, 0.878377, -80306.000000, 0.336788888889
ILE, 4, 25.848, 0.814184, -79862.671875, 0.278788888889
LEU, 9, 28.702, 0.908352, -79857.640625, 0.349325925926
LYS, 9, 25.406, 0.791811, -80629.968750, 0.242707407407
MET, 7, 26.358, 0.820425, -79745.281250, 0.221622222222
PHE, 2, 25.810, 0.858452, -79576.750000, 0.339081481481
PRO, 5, 26.854, 0.83038, -79242.765625, 0.268974074074
SER, 2, 25.985, 0.827894, -81324.648438, 0.234703703704
THR, 4, 28.536, 0.872056, -79277.875000, 0.375159259259
TRP, 4, 29.573, 0.88558, -81081.531250, 0.314955555556
TYR, 7, 26.614, 0.837335, -79856.312500, 0.270355555556
VAL, 6, 24.862, 0.812479, -81079.156250, 0.221659259259
