AMINO ACID, DSSP, SASA, GYRATE, ENERGY, RMSF
ALA, 2, 27.153, 0.844062, -81166.445312, 0.251659259259
ARG, 2, 29.730, 0.872289, -80544.046875, 0.298462962963
ASN, 12, 24.583, 0.802502, -81021.171875, 0.210481481481
ASP, 12, 28.161, 0.845081, -79454.625000, 0.207903703704
CYS, 9, 27.171, 0.874401, -80329.718750, 0.307162962963
GLN, 5, 26.924, 0.887164, -80754.484375, 0.290562962963
GLU, 6, 25.342, 0.835547, -79970.937500, 0.207940740741
GLY, 7, 25.296, 0.825881, -79644.281250, 0.230159259259
HIS, 6, 27.017, 0.881959, -80491.593750, 0.336788888889
ILE, 7, 26.215, 0.827153, -79956.671875, 0.278788888889
LEU, 7, 28.760, 0.915354, -80289.476562, 0.349325925926
LYS, 11, 26.251, 0.809514, -79973.890625, 0.242707407407
MET, 9, 27.826, 0.837413, -80432.859375, 0.221622222222
PHE, 6, 25.831, 0.866979, -80029.195312, 0.339081481481
PRO, 7, 26.189, 0.812782, -79119.656250, 0.268974074074
SER, 2, 26.387, 0.844299, -80879.765625, 0.234703703704
THR, 6, 27.311, 0.860969, -79668.179688, 0.375159259259
TRP, 2, 29.731, 0.902287, -79071.390625, 0.314955555556
TYR, 10, 29.785, 0.862043, -80318.828125, 0.270355555556
VAL, 8, 25.645, 0.826656, -79917.328125, 0.221659259259
