AMINO ACID, DSSP, SASA, GYRATE, ENERGY, RMSF
ALA, 2, 26.992, 0.821333, -80107.601562, 0.251659259259
ARG, 2, 27.947, 0.858578, -81018.531250, 0.298462962963
ASN, 10, 25.155, 0.806894, -81067.156250, 0.210481481481
ASP, 12, 27.739, 0.849061, -80515.125000, 0.207903703704
CYS, 7, 26.764, 0.869271, -79986.984375, 0.307162962963
GLN, 2, 27.504, 0.884517, -80381.187500, 0.290562962963
GLU, 7, 25.409, 0.83358, -79908.093750, 0.207940740741
GLY, 8, 24.223, 0.806411, -80461.789062, 0.230159259259
HIS, 8, 27.814, 0.898067, -80772.320312, 0.336788888889
ILE, 7, 27.297, 0.827021, -80202.132812, 0.278788888889
LEU, 4, 28.103, 0.89853, -79170.914062, 0.349325925926
LYS, 9, 25.078, 0.792981, -79807.585938, 0.242707407407
MET, 7, 26.267, 0.82294, -80660.750000, 0.221622222222
PHE, 4, 26.134, 0.850767, -79433.265625, 0.339081481481
PRO, 2, 26.979, 0.829564, -79953.765625, 0.268974074074
SER, 2, 26.749, 0.852728, -80216.875000, 0.234703703704
THR, 4, 28.138, 0.899005, -79794.148438, 0.375159259259
TRP, 2, 27.225, 0.897351, -80585.781250, 0.314955555556
TYR, 7, 26.941, 0.85066, -79720.742188, 0.270355555556
VAL, 2, 25.465, 0.810083, -80301.992188, 0.221659259259
