AMINO ACID, DSSP, SASA, GYRATE, ENERGY, RMSF
ALA, 10, 27.814, 0.861903, -79332.960938, 0.251659259259
ARG, 4, 29.506, 0.846944, -80866.953125, 0.298462962963
ASN, 8, 26.949, 0.826508, -81017.515625, 0.210481481481
ASP, 10, 25.550, 0.803082, -80778.765625, 0.207903703704
CYS, 10, 25.966, 0.840435, -80172.187500, 0.307162962963
GLN, 11, 25.556, 0.815847, -80335.000000, 0.290562962963
GLU, 11, 25.819, 0.80644, -79921.742188, 0.207940740741
GLY, 10, 25.281, 0.844769, -79468.937500, 0.230159259259
HIS, 4, 27.570, 0.832968, -81373.101562, 0.336788888889
ILE, 6, 26.930, 0.883998, -79920.179688, 0.278788888889
LEU, 12, 24.431, 0.794394, -80264.109375, 0.349325925926
LYS, 9, 26.323, 0.817057, -81274.343750, 0.242707407407
MET, 4, 26.815, 0.834123, -79875.593750, 0.221622222222
PHE, 10, 26.808, 0.807538, -80526.351562, 0.339081481481
PRO, 6, 25.155, 0.827675, -80735.500000, 0.268974074074
SER, 11, 24.537, 0.803887, -79371.179688, 0.234703703704
THR, 9, 27.463, 0.824084, -80008.132812, 0.375159259259
TRP, 6, 30.125, 0.866589, -79932.515625, 0.314955555556
TYR, 7, 27.425, 0.867845, -79810.140625, 0.270355555556
VAL, 8, 27.900, 0.857996, -80599.640625, 0.221659259259
