AMINO ACID, DSSP, SASA, GYRATE, ENERGY, RMSF
ALA, 4, 26.659, 0.827953, -81777.804688, 0.251659259259
ARG, 2, 27.747, 0.86836, -81477.835938, 0.298462962963
ASN, 8, 26.119, 0.812469, -80320.757812, 0.210481481481
ASP, 10, 27.868, 0.854532, -79945.156250, 0.207903703704
CYS, 7, 27.041, 0.883859, -79870.312500, 0.307162962963
GLN, 5, 27.202, 0.892722, -79066.898438, 0.290562962963
GLU, 6, 25.818, 0.829527, -80120.382812, 0.207940740741
GLY, 8, 25.803, 0.796317, -80826.703125, 0.230159259259
HIS, 6, 28.243, 0.906059, -80693.132812, 0.336788888889
ILE, 7, 27.904, 0.838281, -79482.562500, 0.278788888889
LEU, 9, 28.170, 0.912384, -80504.437500, 0.349325925926
LYS, 7, 24.378, 0.795431, -81182.093750, 0.242707407407
MET, 7, 27.854, 0.843736, -80081.218750, 0.221622222222
PHE, 2, 26.996, 0.855902, -80464.335938, 0.339081481481
PRO, 7, 25.769, 0.823972, -79846.515625, 0.268974074074
SER, 2, 26.427, 0.829081, -79964.625000, 0.234703703704
THR, 4, 28.185, 0.881011, -80691.085938, 0.375159259259
TRP, 6, 27.987, 0.886017, -80389.281250, 0.314955555556
TYR, 7, 27.489, 0.851988, -80511.070312, 0.270355555556
VAL, 6, 25.370, 0.816442, -79444.382812, 0.221659259259
