AMINO ACID, DSSP, SASA, GYRATE, ENERGY, RMSF
ALA, 4, 25.811, 0.827983, -80184.281250, 0.251659259259
ARG, 6, 28.567, 0.870799, -80714.562500, 0.298462962963
ASN, 12, 25.916, 0.82108, -80175.562500, 0.210481481481
ASP, 8, 26.943, 0.821791, -80072.664062, 0.207903703704
CYS, 7, 28.176, 0.882905, -80990.414062, 0.307162962963
GLN, 5, 26.747, 0.866238, -80002.375000, 0.290562962963
GLU, 6, 25.410, 0.822379, -80301.750000, 0.207940740741
GLY, 8, 25.555, 0.80473, -80140.843750, 0.230159259259
HIS, 8, 27.546, 0.898552, -79186.203125, 0.336788888889
ILE, 5, 27.659, 0.848076, -80126.273438, 0.278788888889
LEU, 6, 29.550, 0.911535, -80027.335938, 0.349325925926
LYS, 9, 26.787, 0.816653, -80148.898438, 0.242707407407
MET, 7, 26.146, 0.834653, -80257.390625, 0.221622222222
PHE, 4, 24.817, 0.84043, -80051.656250, 0.339081481481
PRO, 5, 27.705, 0.832944, -79466.078125, 0.268974074074
SER, 2, 25.856, 0.840345, -80146.312500, 0.234703703704
THR, 6, 26.665, 0.892721, -80203.976562, 0.375159259259
TRP, 4, 27.541, 0.877693, -79899.734375, 0.314955555556
TYR, 7, 29.386, 0.89613, -80109.750000, 0.270355555556
VAL, 4, 24.318, 0.801005, -80667.117188, 0.221659259259
