AMINO ACID, DSSP, SASA, GYRATE, ENERGY, RMSF
ALA, 4, 26.412, 0.841494, -80901.359375, 0.251659259259
ARG, 0, 30.250, 0.869065, -81124.968750, 0.298462962963
ASN, 12, 25.215, 0.813709, -80579.445312, 0.210481481481
ASP, 10, 27.262, 0.828532, -80461.750000, 0.207903703704
CYS, 7, 28.031, 0.882899, -80366.679688, 0.307162962963
GLN, 5, 27.350, 0.869298, -81280.140625, 0.290562962963
GLU, 6, 25.834, 0.826657, -79973.812500, 0.207940740741
GLY, 6, 25.647, 0.803465, -79240.351562, 0.230159259259
HIS, 8, 28.452, 0.892741, -80484.515625, 0.336788888889
ILE, 4, 27.207, 0.836394, -80446.265625, 0.278788888889
LEU, 4, 30.718, 0.916747, -81177.312500, 0.349325925926
LYS, 9, 26.310, 0.815224, -79887.953125, 0.242707407407
MET, 9, 26.441, 0.834062, -79986.953125, 0.221622222222
PHE, 4, 26.663, 0.848955, -81697.187500, 0.339081481481
PRO, 5, 26.993, 0.827167, -80208.890625, 0.268974074074
SER, 2, 25.995, 0.840639, -80578.398438, 0.234703703704
THR, 6, 28.050, 0.884298, -80001.054688, 0.375159259259
TRP, 4, 27.593, 0.879785, -80245.859375, 0.314955555556
TYR, 7, 28.904, 0.882458, -81138.093750, 0.270355555556
VAL, 8, 23.936, 0.809017, -81086.117188, 0.221659259259
