AMINO ACID, DSSP, SASA, GYRATE, ENERGY, RMSF
ALA, 2, 26.313, 0.831575, -79743.429688, 0.251659259259
ARG, 2, 27.944, 0.856438, -80847.187500, 0.298462962963
ASN, 10, 26.691, 0.828213, -79976.453125, 0.210481481481
ASP, 12, 26.850, 0.824204, -80299.046875, 0.207903703704
CYS, 10, 28.224, 0.885715, -80863.234375, 0.307162962963
GLN, 4, 29.769, 0.878966, -80105.234375, 0.290562962963
GLU, 8, 26.578, 0.809523, -80001.937500, 0.207940740741
GLY, 6, 24.934, 0.806544, -81235.343750, 0.230159259259
HIS, 6, 26.886, 0.918798, -81375.734375, 0.336788888889
ILE, 4, 26.797, 0.817682, -79792.070312, 0.278788888889
LEU, 5, 28.425, 0.897615, -79700.164062, 0.349325925926
LYS, 9, 28.824, 0.844078, -80543.953125, 0.242707407407
MET, 6, 26.947, 0.828611, -80419.593750, 0.221622222222
PHE, 2, 26.261, 0.842496, -79882.437500, 0.339081481481
PRO, 6, 26.068, 0.830009, -80140.101562, 0.268974074074
SER, 4, 28.677, 0.857005, -80192.968750, 0.234703703704
THR, 4, 27.833, 0.895511, -81113.312500, 0.375159259259
TRP, 4, 27.124, 0.887051, -79487.125000, 0.314955555556
TYR, 5, 27.404, 0.882078, -80780.453125, 0.270355555556
VAL, 6, 26.370, 0.831879, -79285.132812, 0.221659259259
