AMINO ACID, DSSP, SASA, GYRATE, ENERGY, RMSF
ALA, 4, 27.711, 0.839582, -81021.820312, 0.251659259259
ARG, 9, 27.951, 0.867242, -79340.109375, 0.298462962963
ASN, 6, 26.030, 0.819008, -80017.960938, 0.210481481481
ASP, 10, 26.231, 0.818413, -80551.062500, 0.207903703704
CYS, 5, 28.845, 0.905644, -80457.132812, 0.307162962963
GLN, 5, 29.854, 0.89665, -80054.328125, 0.290562962963
GLU, 8, 27.244, 0.834297, -81114.375000, 0.207940740741
GLY, 6, 23.634, 0.798439, -80024.359375, 0.230159259259
HIS, 6, 27.782, 0.900814, -80020.273438, 0.336788888889
ILE, 7, 26.142, 0.823487, -79808.031250, 0.278788888889
LEU, 7, 29.381, 0.894646, -80353.578125, 0.349325925926
LYS, 9, 27.480, 0.833545, -80702.367188, 0.242707407407
MET, 4, 28.197, 0.842859, -79546.632812, 0.221622222222
PHE, 4, 27.849, 0.904221, -79553.578125, 0.339081481481
PRO, 6, 28.418, 0.852393, -80065.375000, 0.268974074074
SER, 2, 28.670, 0.866445, -79650.210938, 0.234703703704
THR, 4, 26.208, 0.880879, -80962.523438, 0.375159259259
TRP, 2, 28.174, 0.887342, -80279.921875, 0.314955555556
TYR, 5, 28.138, 0.877636, -79259.406250, 0.270355555556
VAL, 9, 25.266, 0.812415, -81654.265625, 0.221659259259
