AMINO ACID, DSSP, SASA, GYRATE, ENERGY, RMSF
ALA, 6, 26.245, 0.819244, -81649.640625, 0.251659259259
ARG, 4, 27.886, 0.863963, -81318.609375, 0.298462962963
ASN, 8, 26.799, 0.811635, -80960.375000, 0.210481481481
ASP, 10, 26.898, 0.81478, -81258.914062, 0.207903703704
CYS, 9, 27.882, 0.88607, -80918.734375, 0.307162962963
GLN, 5, 30.267, 0.899684, -80887.375000, 0.290562962963
GLU, 8, 25.561, 0.82312, -80728.523438, 0.207940740741
GLY, 6, 24.014, 0.806045, -81098.882812, 0.230159259259
HIS, 10, 29.235, 0.917826, -80249.796875, 0.336788888889
ILE, 4, 27.700, 0.836579, -79797.921875, 0.278788888889
LEU, 9, 27.295, 0.893977, -80273.031250, 0.349325925926
LYS, 9, 28.701, 0.849182, -80663.945312, 0.242707407407
MET, 7, 27.146, 0.846996, -80432.875000, 0.221622222222
PHE, 10, 26.415, 0.891148, -80069.328125, 0.339081481481
PRO, 5, 27.657, 0.841917, -79628.625000, 0.268974074074
SER, 2, 27.277, 0.840524, -80049.796875, 0.234703703704
THR, 4, 26.143, 0.855724, -80068.609375, 0.375159259259
TRP, 2, 29.023, 0.894382, -80893.085938, 0.314955555556
TYR, 5, 28.690, 0.878482, -80698.226562, 0.270355555556
VAL, 7, 26.248, 0.820372, -79963.398438, 0.221659259259
