AMINO ACID, DSSP, SASA, GYRATE, ENERGY, RMSF
ALA, 2, 27.231, 0.824942, -80693.734375, 0.251659259259
ARG, 5, 28.119, 0.854999, -80549.890625, 0.298462962963
ASN, 10, 26.814, 0.817896, -80235.007812, 0.210481481481
ASP, 10, 26.523, 0.80903, -79748.156250, 0.207903703704
CYS, 7, 28.304, 0.892904, -80122.218750, 0.307162962963
GLN, 5, 28.826, 0.890811, -80831.140625, 0.290562962963
GLU, 10, 25.182, 0.832605, -80379.062500, 0.207940740741
GLY, 6, 24.384, 0.808591, -80780.562500, 0.230159259259
HIS, 6, 28.212, 0.922537, -80780.125000, 0.336788888889
ILE, 7, 25.900, 0.818396, -81255.890625, 0.278788888889
LEU, 5, 28.488, 0.897223, -79550.953125, 0.349325925926
LYS, 9, 28.807, 0.831952, -80524.109375, 0.242707407407
MET, 5, 25.601, 0.830283, -81242.703125, 0.221622222222
PHE, 8, 28.020, 0.903262, -79999.140625, 0.339081481481
PRO, 5, 28.738, 0.848582, -80305.140625, 0.268974074074
SER, 4, 27.428, 0.840365, -80165.328125, 0.234703703704
THR, 2, 26.914, 0.854651, -80242.929688, 0.375159259259
TRP, 6, 27.463, 0.868593, -80155.445312, 0.314955555556
TYR, 6, 28.067, 0.871435, -80444.835938, 0.270355555556
VAL, 6, 26.246, 0.829506, -80399.765625, 0.221659259259
