AMINO ACID, DSSP, SASA, GYRATE, ENERGY, RMSF
ALA, 2, 28.019, 0.833485, -80830.156250, 0.251659259259
ARG, 4, 27.714, 0.862664, -80322.054688, 0.298462962963
ASN, 6, 29.131, 0.83768, -80628.296875, 0.210481481481
ASP, 10, 27.793, 0.813316, -79700.351562, 0.207903703704
CYS, 7, 27.875, 0.872192, -79479.492188, 0.307162962963
GLN, 5, 27.051, 0.884373, -80095.312500, 0.290562962963
GLU, 8, 25.944, 0.825435, -79929.859375, 0.207940740741
GLY, 6, 24.032, 0.805808, -79998.765625, 0.230159259259
HIS, 8, 28.960, 0.89833, -80148.718750, 0.336788888889
ILE, 6, 26.463, 0.824083, -80478.398438, 0.278788888889
LEU, 7, 27.397, 0.878814, -80211.109375, 0.349325925926
LYS, 9, 28.283, 0.848866, -80377.695312, 0.242707407407
MET, 7, 27.231, 0.833882, -80264.187500, 0.221622222222
PHE, 4, 28.625, 0.943905, -79942.531250, 0.339081481481
PRO, 5, 27.011, 0.836657, -80014.617188, 0.268974074074
SER, 4, 27.929, 0.847423, -80100.195312, 0.234703703704
THR, 2, 27.632, 0.877458, -80291.773438, 0.375159259259
TRP, 4, 28.142, 0.872018, -79579.992188, 0.314955555556
TYR, 5, 28.258, 0.874263, -79166.203125, 0.270355555556
VAL, 7, 27.072, 0.828979, -80333.234375, 0.221659259259
