AMINO ACID, DSSP, SASA, GYRATE, ENERGY, RMSF
ALA, 4, 27.808, 0.837901, -79565.265625, 0.251659259259
ARG, 4, 27.414, 0.855635, -80894.445312, 0.298462962963
ASN, 8, 27.834, 0.819063, -79942.421875, 0.210481481481
ASP, 10, 26.582, 0.813763, -80137.656250, 0.207903703704
CYS, 11, 26.944, 0.888335, -80221.304688, 0.307162962963
GLN, 5, 27.394, 0.877275, -80726.734375, 0.290562962963
GLU, 6, 25.546, 0.820123, -79935.210938, 0.207940740741
GLY, 6, 24.819, 0.805692, -80501.953125, 0.230159259259
HIS, 6, 27.703, 0.898871, -79771.500000, 0.336788888889
ILE, 4, 26.118, 0.821683, -79480.429688, 0.278788888889
LEU, 6, 27.756, 0.895606, -80321.523438, 0.349325925926
LYS, 9, 27.786, 0.825895, -80036.710938, 0.242707407407
MET, 7, 26.327, 0.828812, -79973.382812, 0.221622222222
PHE, 8, 28.557, 0.950258, -79023.640625, 0.339081481481
PRO, 7, 26.901, 0.83928, -79750.171875, 0.268974074074
SER, 4, 27.754, 0.842549, -79734.101562, 0.234703703704
THR, 2, 27.151, 0.870949, -79959.281250, 0.375159259259
TRP, 4, 28.216, 0.880721, -79567.742188, 0.314955555556
TYR, 6, 27.978, 0.88994, -79615.062500, 0.270355555556
VAL, 7, 26.791, 0.818319, -80280.015625, 0.221659259259
