AMINO ACID, DSSP, SASA, GYRATE, ENERGY, RMSF
ALA, 8, 26.087, 0.834789, -79551.671875, 0.251659259259
ARG, 2, 29.231, 0.868256, -80285.093750, 0.298462962963
ASN, 12, 27.526, 0.820272, -80651.054688, 0.210481481481
ASP, 8, 26.666, 0.816418, -80411.570312, 0.207903703704
CYS, 7, 28.105, 0.871399, -81093.437500, 0.307162962963
GLN, 5, 28.221, 0.886785, -80617.640625, 0.290562962963
GLU, 2, 26.312, 0.829092, -80860.546875, 0.207940740741
GLY, 8, 25.116, 0.809233, -80177.062500, 0.230159259259
HIS, 4, 28.326, 0.912078, -79866.578125, 0.336788888889
ILE, 7, 26.619, 0.820604, -79861.281250, 0.278788888889
LEU, 7, 27.961, 0.890326, -80149.937500, 0.349325925926
LYS, 9, 27.674, 0.853528, -81077.140625, 0.242707407407
MET, 5, 26.753, 0.822769, -79365.312500, 0.221622222222
PHE, 4, 29.809, 0.948682, -80191.250000, 0.339081481481
PRO, 7, 27.125, 0.830571, -80160.382812, 0.268974074074
SER, 2, 27.509, 0.844884, -79882.562500, 0.234703703704
THR, 4, 28.218, 0.867, -79973.195312, 0.375159259259
TRP, 6, 29.223, 0.891871, -79745.125000, 0.314955555556
TYR, 5, 26.855, 0.885801, -79536.859375, 0.270355555556
VAL, 7, 26.050, 0.826037, -81319.820312, 0.221659259259
