AMINO ACID, DSSP, SASA, GYRATE, ENERGY, RMSF
ALA, 8, 26.587, 0.850345, -80559.875000, 0.251659259259
ARG, 2, 30.141, 0.866126, -80505.890625, 0.298462962963
ASN, 8, 27.203, 0.837613, -79887.546875, 0.210481481481
ASP, 7, 24.280, 0.79497, -78441.828125, 0.207903703704
CYS, 6, 27.550, 0.836374, -79640.101562, 0.307162962963
GLN, 12, 25.027, 0.815035, -80546.367188, 0.290562962963
GLU, 11, 26.663, 0.823695, -79429.578125, 0.207940740741
GLY, 4, 24.473, 0.836118, -81282.875000, 0.230159259259
HIS, 11, 27.311, 0.840838, -80068.148438, 0.336788888889
ILE, 10, 26.170, 0.87743, -80280.757812, 0.278788888889
LEU, 7, 24.760, 0.801405, -79760.000000, 0.349325925926
LYS, 9, 26.567, 0.815831, -80899.328125, 0.242707407407
MET, 6, 26.810, 0.842388, -79601.984375, 0.221622222222
PHE, 12, 26.101, 0.813501, -80246.781250, 0.339081481481
PRO, 6, 24.199, 0.816633, -79900.445312, 0.268974074074
SER, 9, 24.860, 0.801796, -80180.062500, 0.234703703704
THR, 9, 27.558, 0.825469, -80603.578125, 0.375159259259
TRP, 6, 28.819, 0.851438, -79802.460938, 0.314955555556
TYR, 9, 28.105, 0.871638, -80491.023438, 0.270355555556
VAL, 8, 26.892, 0.828484, -79814.648438, 0.221659259259
