AMINO ACID, DSSP, SASA, GYRATE, ENERGY, RMSF
ALA, 2, 25.197, 0.82101, -80814.023438, 0.251659259259
ARG, 2, 27.080, 0.863366, -81267.382812, 0.298462962963
ASN, 12, 27.401, 0.827403, -79561.984375, 0.210481481481
ASP, 8, 26.461, 0.822047, -79179.921875, 0.207903703704
CYS, 7, 27.553, 0.878994, -80946.398438, 0.307162962963
GLN, 7, 29.187, 0.880655, -80343.570312, 0.290562962963
GLU, 4, 25.961, 0.827, -80111.234375, 0.207940740741
GLY, 6, 25.566, 0.814756, -80292.710938, 0.230159259259
HIS, 6, 28.903, 0.911306, -80979.843750, 0.336788888889
ILE, 7, 25.081, 0.809752, -80384.367188, 0.278788888889
LEU, 7, 27.738, 0.884033, -79962.937500, 0.349325925926
LYS, 9, 27.954, 0.841885, -81213.179688, 0.242707407407
MET, 5, 26.582, 0.828803, -80306.406250, 0.221622222222
PHE, 6, 27.688, 0.953539, -79735.507812, 0.339081481481
PRO, 7, 27.882, 0.832863, -80239.656250, 0.268974074074
SER, 4, 26.470, 0.834283, -80668.429688, 0.234703703704
THR, 4, 28.312, 0.871987, -80369.140625, 0.375159259259
TRP, 4, 28.440, 0.902252, -80328.906250, 0.314955555556
TYR, 5, 27.575, 0.8765, -79662.570312, 0.270355555556
VAL, 7, 27.072, 0.827836, -79715.445312, 0.221659259259
