AMINO ACID, DSSP, SASA, GYRATE, ENERGY, RMSF
ALA, 6, 27.373, 0.859522, -79323.625000, 0.251659259259
ARG, 2, 29.366, 0.859182, -81107.656250, 0.298462962963
ASN, 8, 26.333, 0.835264, -80278.093750, 0.210481481481
ASP, 9, 24.750, 0.801551, -80478.742188, 0.207903703704
CYS, 8, 27.500, 0.836517, -81055.156250, 0.307162962963
GLN, 14, 24.809, 0.812884, -80040.609375, 0.290562962963
GLU, 13, 26.983, 0.831951, -79347.882812, 0.207940740741
GLY, 8, 24.604, 0.836514, -79691.718750, 0.230159259259
HIS, 13, 26.054, 0.845679, -79689.281250, 0.336788888889
ILE, 4, 28.237, 0.875115, -80620.437500, 0.278788888889
LEU, 8, 25.649, 0.798802, -80099.453125, 0.349325925926
LYS, 7, 26.491, 0.826021, -80177.109375, 0.242707407407
MET, 6, 27.131, 0.845639, -79806.789062, 0.221622222222
PHE, 14, 25.982, 0.807211, -78879.523438, 0.339081481481
PRO, 6, 25.185, 0.814509, -80079.828125, 0.268974074074
SER, 10, 24.145, 0.805663, -80281.304688, 0.234703703704
THR, 6, 27.980, 0.829696, -80212.312500, 0.375159259259
TRP, 8, 28.082, 0.849719, -80535.593750, 0.314955555556
TYR, 11, 28.111, 0.870711, -80132.320312, 0.270355555556
VAL, 10, 27.525, 0.826853, -79994.609375, 0.221659259259
