AMINO ACID, DSSP, SASA, GYRATE, ENERGY, RMSF
ALA, 4, 27.400, 0.831466, -79801.023438, 0.251659259259
ARG, 6, 27.465, 0.847218, -80836.085938, 0.298462962963
ASN, 10, 27.714, 0.82858, -79162.773438, 0.210481481481
ASP, 6, 27.098, 0.826637, -80055.398438, 0.207903703704
CYS, 9, 26.354, 0.856101, -79758.789062, 0.307162962963
GLN, 5, 27.894, 0.891951, -79991.406250, 0.290562962963
GLU, 4, 25.160, 0.8156, -79626.250000, 0.207940740741
GLY, 6, 24.716, 0.800425, -80598.953125, 0.230159259259
HIS, 4, 29.486, 0.913599, -80257.171875, 0.336788888889
ILE, 7, 24.799, 0.815877, -79077.023438, 0.278788888889
LEU, 9, 28.619, 0.87826, -80134.578125, 0.349325925926
LYS, 7, 29.540, 0.861945, -80454.343750, 0.242707407407
MET, 9, 28.363, 0.85224, -80169.070312, 0.221622222222
PHE, 6, 28.580, 0.943412, -79876.414062, 0.339081481481
PRO, 5, 25.870, 0.816372, -80539.593750, 0.268974074074
SER, 4, 27.153, 0.837672, -80717.054688, 0.234703703704
THR, 6, 27.717, 0.877936, -80272.640625, 0.375159259259
TRP, 4, 30.059, 0.924499, -80816.406250, 0.314955555556
TYR, 6, 29.083, 0.868146, -80244.539062, 0.270355555556
VAL, 5, 25.302, 0.814613, -79722.296875, 0.221659259259
