AMINO ACID, DSSP, SASA, GYRATE, ENERGY, RMSF
ALA, 0, 26.746, 0.836492, -81245.242188, 0.251659259259
ARG, 4, 27.711, 0.85196, -80430.867188, 0.298462962963
ASN, 8, 26.549, 0.825249, -80515.601562, 0.210481481481
ASP, 8, 25.198, 0.816753, -80460.656250, 0.207903703704
CYS, 6, 26.358, 0.859963, -80458.953125, 0.307162962963
GLN, 5, 29.011, 0.888194, -81261.015625, 0.290562962963
GLU, 4, 24.294, 0.813656, -80845.609375, 0.207940740741
GLY, 6, 25.436, 0.815496, -80904.812500, 0.230159259259
HIS, 8, 28.607, 0.906929, -80431.007812, 0.336788888889
ILE, 9, 25.516, 0.803033, -80398.679688, 0.278788888889
LEU, 9, 29.065, 0.88846, -80360.562500, 0.349325925926
LYS, 7, 28.378, 0.845329, -80126.640625, 0.242707407407
MET, 7, 26.576, 0.834194, -80124.164062, 0.221622222222
PHE, 6, 28.607, 0.909388, -80452.679688, 0.339081481481
PRO, 7, 25.949, 0.817539, -79944.070312, 0.268974074074
SER, 4, 25.811, 0.845799, -79848.937500, 0.234703703704
THR, 4, 28.094, 0.866234, -80197.109375, 0.375159259259
TRP, 2, 29.984, 0.896105, -79688.179688, 0.314955555556
TYR, 6, 27.354, 0.846851, -79609.031250, 0.270355555556
VAL, 7, 26.079, 0.830619, -80678.695312, 0.221659259259
