AMINO ACID, DSSP, SASA, GYRATE, ENERGY, RMSF
ALA, 4, 26.154, 0.819888, -80893.093750, 0.251659259259
ARG, 2, 27.343, 0.867041, -81217.265625, 0.298462962963
ASN, 10, 27.289, 0.821712, -80458.742188, 0.210481481481
ASP, 8, 25.486, 0.802569, -80511.156250, 0.207903703704
CYS, 6, 27.306, 0.871565, -80244.468750, 0.307162962963
GLN, 6, 27.975, 0.906709, -79343.750000, 0.290562962963
GLU, 6, 26.711, 0.834396, -79757.296875, 0.207940740741
GLY, 7, 25.104, 0.809589, -80285.625000, 0.230159259259
HIS, 6, 29.294, 0.907731, -79990.335938, 0.336788888889
ILE, 7, 26.219, 0.813176, -81090.953125, 0.278788888889
LEU, 9, 28.128, 0.893012, -79453.648438, 0.349325925926
LYS, 7, 26.107, 0.824543, -80674.132812, 0.242707407407
MET, 7, 26.167, 0.828044, -79556.281250, 0.221622222222
PHE, 6, 26.532, 0.919761, -80014.867188, 0.339081481481
PRO, 7, 27.600, 0.8274, -79943.656250, 0.268974074074
SER, 4, 26.235, 0.850583, -80491.414062, 0.234703703704
THR, 4, 27.578, 0.891131, -80834.171875, 0.375159259259
TRP, 4, 29.465, 0.89396, -79442.726562, 0.314955555556
TYR, 5, 30.848, 0.891757, -80440.210938, 0.270355555556
VAL, 7, 24.943, 0.825383, -81095.250000, 0.221659259259
