AMINO ACID, DSSP, SASA, GYRATE, ENERGY, RMSF
ALA, 4, 26.325, 0.823668, -80421.953125, 0.251659259259
ARG, 2, 27.908, 0.854863, -82042.265625, 0.298462962963
ASN, 11, 27.019, 0.828614, -79899.703125, 0.210481481481
ASP, 10, 24.040, 0.80002, -79951.421875, 0.207903703704
CYS, 4, 25.953, 0.85233, -80491.054688, 0.307162962963
GLN, 7, 27.401, 0.897914, -80066.265625, 0.290562962963
GLU, 6, 24.926, 0.816361, -80239.257812, 0.207940740741
GLY, 6, 25.006, 0.814475, -79449.218750, 0.230159259259
HIS, 6, 28.969, 0.896414, -80333.718750, 0.336788888889
ILE, 7, 25.934, 0.817076, -80526.921875, 0.278788888889
LEU, 9, 28.097, 0.899243, -80010.945312, 0.349325925926
LYS, 7, 27.387, 0.816283, -80421.265625, 0.242707407407
MET, 7, 27.401, 0.825318, -79776.460938, 0.221622222222
PHE, 8, 27.606, 0.926824, -79597.796875, 0.339081481481
PRO, 7, 26.232, 0.825438, -79987.843750, 0.268974074074
SER, 4, 25.912, 0.841863, -80147.773438, 0.234703703704
THR, 6, 28.263, 0.881087, -79788.875000, 0.375159259259
TRP, 4, 27.904, 0.893182, -80104.843750, 0.314955555556
TYR, 5, 29.019, 0.887468, -79498.828125, 0.270355555556
VAL, 7, 25.197, 0.813934, -80371.539062, 0.221659259259
