AMINO ACID, DSSP, SASA, GYRATE, ENERGY, RMSF
ALA, 2, 24.927, 0.818519, -79841.359375, 0.251659259259
ARG, 2, 27.373, 0.866576, -81013.781250, 0.298462962963
ASN, 8, 26.008, 0.814761, -80508.296875, 0.210481481481
ASP, 11, 24.125, 0.808349, -80030.351562, 0.207903703704
CYS, 7, 26.610, 0.850317, -79346.570312, 0.307162962963
GLN, 5, 27.771, 0.912256, -80263.234375, 0.290562962963
GLU, 6, 26.053, 0.818886, -80711.953125, 0.207940740741
GLY, 8, 25.642, 0.807934, -80329.937500, 0.230159259259
HIS, 10, 27.241, 0.875202, -80511.140625, 0.336788888889
ILE, 7, 26.531, 0.837041, -79735.531250, 0.278788888889
LEU, 9, 28.131, 0.908151, -79604.515625, 0.349325925926
LYS, 7, 27.846, 0.831778, -80270.703125, 0.242707407407
MET, 9, 26.369, 0.836947, -80739.476562, 0.221622222222
PHE, 6, 27.884, 0.928257, -80039.687500, 0.339081481481
PRO, 2, 26.843, 0.833422, -80657.992188, 0.268974074074
SER, 4, 26.516, 0.841433, -79951.117188, 0.234703703704
THR, 4, 28.578, 0.882355, -79606.906250, 0.375159259259
TRP, 2, 28.972, 0.874639, -80795.960938, 0.314955555556
TYR, 9, 29.423, 0.890898, -80255.531250, 0.270355555556
VAL, 4, 26.181, 0.826663, -80436.406250, 0.221659259259
