AMINO ACID, DSSP, SASA, GYRATE, ENERGY, RMSF
ALA, 4, 25.360, 0.825663, -80516.679688, 0.251659259259
ARG, 6, 28.077, 0.860161, -80397.906250, 0.298462962963
ASN, 12, 27.076, 0.821018, -80392.562500, 0.210481481481
ASP, 12, 25.280, 0.792374, -80857.984375, 0.207903703704
CYS, 4, 26.225, 0.860363, -80347.304688, 0.307162962963
GLN, 5, 28.518, 0.896271, -79744.406250, 0.290562962963
GLU, 4, 24.212, 0.794645, -80194.140625, 0.207940740741
GLY, 8, 25.901, 0.822155, -80917.960938, 0.230159259259
HIS, 6, 29.864, 0.921387, -80416.734375, 0.336788888889
ILE, 7, 27.120, 0.835904, -80751.671875, 0.278788888889
LEU, 9, 27.826, 0.879637, -80590.828125, 0.349325925926
LYS, 5, 28.433, 0.822592, -81079.375000, 0.242707407407
MET, 7, 25.535, 0.829574, -79974.125000, 0.221622222222
PHE, 2, 27.683, 0.941857, -79765.531250, 0.339081481481
PRO, 2, 26.805, 0.824122, -80732.015625, 0.268974074074
SER, 6, 27.379, 0.846792, -80464.226562, 0.234703703704
THR, 2, 28.955, 0.88288, -80818.625000, 0.375159259259
TRP, 2, 28.822, 0.908712, -79955.890625, 0.314955555556
TYR, 8, 29.023, 0.885966, -80369.976562, 0.270355555556
VAL, 4, 26.011, 0.812668, -79829.390625, 0.221659259259
