AMINO ACID, DSSP, SASA, GYRATE, ENERGY, RMSF
ALA, 6, 27.705, 0.861136, -80012.859375, 0.251659259259
ARG, 2, 29.220, 0.876236, -80504.625000, 0.298462962963
ASN, 8, 27.753, 0.831656, -80836.429688, 0.210481481481
ASP, 7, 25.999, 0.806924, -79964.250000, 0.207903703704
CYS, 8, 28.070, 0.849263, -80374.734375, 0.307162962963
GLN, 12, 24.745, 0.822165, -80923.445312, 0.290562962963
GLU, 7, 26.355, 0.820299, -80236.046875, 0.207940740741
GLY, 4, 26.294, 0.835719, -81216.257812, 0.230159259259
HIS, 11, 27.438, 0.873291, -80813.453125, 0.336788888889
ILE, 4, 27.326, 0.858199, -80377.296875, 0.278788888889
LEU, 11, 25.187, 0.800434, -80158.343750, 0.349325925926
LYS, 9, 28.167, 0.83578, -80783.242188, 0.242707407407
MET, 6, 28.070, 0.848521, -80048.093750, 0.221622222222
PHE, 10, 27.478, 0.823252, -80584.484375, 0.339081481481
PRO, 6, 25.139, 0.820228, -80829.234375, 0.268974074074
SER, 9, 24.444, 0.800831, -80040.687500, 0.234703703704
THR, 11, 28.694, 0.849887, -80106.093750, 0.375159259259
TRP, 8, 27.186, 0.834498, -79986.703125, 0.314955555556
TYR, 9, 27.698, 0.865454, -80165.359375, 0.270355555556
VAL, 10, 25.829, 0.820858, -79603.539062, 0.221659259259
