AMINO ACID, DSSP, SASA, GYRATE, ENERGY, RMSF
ALA, 4, 25.501, 0.81135, -80216.546875, 0.251659259259
ARG, 6, 27.463, 0.846485, -81130.140625, 0.298462962963
ASN, 10, 26.500, 0.81843, -80376.382812, 0.210481481481
ASP, 10, 25.343, 0.795665, -80750.968750, 0.207903703704
CYS, 4, 25.900, 0.851876, -80190.109375, 0.307162962963
GLN, 5, 27.474, 0.881477, -79338.539062, 0.290562962963
GLU, 6, 24.691, 0.808468, -80336.375000, 0.207940740741
GLY, 6, 25.207, 0.809945, -80339.312500, 0.230159259259
HIS, 10, 30.904, 0.904737, -79734.609375, 0.336788888889
ILE, 7, 26.609, 0.829664, -80128.968750, 0.278788888889
LEU, 9, 27.538, 0.875232, -81002.156250, 0.349325925926
LYS, 7, 27.664, 0.820286, -81169.132812, 0.242707407407
MET, 9, 25.972, 0.817497, -80776.976562, 0.221622222222
PHE, 6, 27.246, 0.937171, -79897.984375, 0.339081481481
PRO, 0, 27.083, 0.827825, -80680.023438, 0.268974074074
SER, 2, 26.652, 0.844341, -79936.250000, 0.234703703704
THR, 2, 30.383, 0.910831, -80638.140625, 0.375159259259
TRP, 2, 29.473, 0.918672, -80011.507812, 0.314955555556
TYR, 7, 28.551, 0.882278, -79394.359375, 0.270355555556
VAL, 4, 25.355, 0.819991, -80019.953125, 0.221659259259
