AMINO ACID, DSSP, SASA, GYRATE, ENERGY, RMSF
ALA, 4, 25.237, 0.818258, -80192.828125, 0.251659259259
ARG, 4, 27.845, 0.863876, -80542.968750, 0.298462962963
ASN, 8, 26.137, 0.812579, -80332.257812, 0.210481481481
ASP, 8, 26.205, 0.802662, -80717.195312, 0.207903703704
CYS, 2, 25.748, 0.855457, -80350.257812, 0.307162962963
GLN, 7, 27.180, 0.87822, -80175.109375, 0.290562962963
GLU, 6, 25.038, 0.809165, -80484.828125, 0.207940740741
GLY, 6, 25.160, 0.813311, -80331.898438, 0.230159259259
HIS, 8, 30.624, 0.914101, -80539.625000, 0.336788888889
ILE, 9, 27.870, 0.836665, -80468.093750, 0.278788888889
LEU, 6, 28.384, 0.898453, -79831.234375, 0.349325925926
LYS, 9, 28.118, 0.832183, -81408.328125, 0.242707407407
MET, 9, 25.209, 0.822471, -80086.750000, 0.221622222222
PHE, 6, 26.776, 0.93864, -80248.265625, 0.339081481481
PRO, 0, 27.478, 0.836202, -79407.976562, 0.268974074074
SER, 4, 26.403, 0.855369, -80345.265625, 0.234703703704
THR, 2, 29.857, 0.891242, -80833.515625, 0.375159259259
TRP, 2, 29.119, 0.904075, -79720.796875, 0.314955555556
TYR, 9, 28.261, 0.872269, -79827.804688, 0.270355555556
VAL, 7, 24.933, 0.805827, -79957.570312, 0.221659259259
