AMINO ACID, DSSP, SASA, GYRATE, ENERGY, RMSF
ALA, 4, 27.128, 0.822714, -79840.953125, 0.251659259259
ARG, 2, 28.126, 0.85818, -80955.570312, 0.298462962963
ASN, 8, 27.921, 0.821444, -80695.671875, 0.210481481481
ASP, 10, 26.305, 0.825017, -79834.007812, 0.207903703704
CYS, 6, 24.724, 0.84577, -80791.750000, 0.307162962963
GLN, 5, 28.621, 0.869731, -80873.203125, 0.290562962963
GLU, 6, 24.534, 0.801049, -79992.781250, 0.207940740741
GLY, 9, 24.516, 0.81367, -80225.796875, 0.230159259259
HIS, 8, 28.235, 0.87939, -79898.398438, 0.336788888889
ILE, 7, 27.603, 0.845925, -80113.367188, 0.278788888889
LEU, 2, 27.567, 0.88489, -80469.437500, 0.349325925926
LYS, 7, 26.740, 0.821459, -80630.734375, 0.242707407407
MET, 9, 27.789, 0.831869, -80388.914062, 0.221622222222
PHE, 4, 28.030, 0.934336, -80077.609375, 0.339081481481
PRO, 2, 26.632, 0.816792, -79414.898438, 0.268974074074
SER, 4, 25.251, 0.830839, -80638.578125, 0.234703703704
THR, 6, 27.840, 0.893926, -79748.906250, 0.375159259259
TRP, 4, 29.715, 0.919453, -80408.984375, 0.314955555556
TYR, 9, 30.446, 0.88363, -79895.710938, 0.270355555556
VAL, 2, 25.725, 0.814065, -80348.945312, 0.221659259259
