AMINO ACID, DSSP, SASA, GYRATE, ENERGY, RMSF
ALA, 4, 25.892, 0.824889, -79076.859375, 0.251659259259
ARG, 6, 28.609, 0.861413, -81089.828125, 0.298462962963
ASN, 10, 26.509, 0.802509, -80789.984375, 0.210481481481
ASP, 9, 24.957, 0.812605, -79790.984375, 0.207903703704
CYS, 4, 28.728, 0.888888, -80607.617188, 0.307162962963
GLN, 5, 27.331, 0.891217, -79986.382812, 0.290562962963
GLU, 6, 24.602, 0.808543, -79871.835938, 0.207940740741
GLY, 4, 25.137, 0.832901, -81018.695312, 0.230159259259
HIS, 8, 28.275, 0.8775, -80886.125000, 0.336788888889
ILE, 4, 26.668, 0.826358, -80339.351562, 0.278788888889
LEU, 9, 28.131, 0.914349, -79869.593750, 0.349325925926
LYS, 7, 29.041, 0.835036, -80716.484375, 0.242707407407
MET, 11, 27.215, 0.839079, -80292.875000, 0.221622222222
PHE, 6, 26.600, 0.915285, -80046.539062, 0.339081481481
PRO, 5, 25.725, 0.813904, -79756.406250, 0.268974074074
SER, 5, 25.499, 0.836611, -79987.375000, 0.234703703704
THR, 2, 26.944, 0.887108, -80698.453125, 0.375159259259
TRP, 6, 30.125, 0.919957, -78717.250000, 0.314955555556
TYR, 6, 28.871, 0.882488, -80816.804688, 0.270355555556
VAL, 8, 25.317, 0.819166, -80928.984375, 0.221659259259
