AMINO ACID, DSSP, SASA, GYRATE, ENERGY, RMSF
ALA, 4, 24.852, 0.818226, -80385.078125, 0.251659259259
ARG, 2, 27.513, 0.858237, -80125.906250, 0.298462962963
ASN, 11, 25.763, 0.809918, -79881.960938, 0.210481481481
ASP, 10, 26.121, 0.81858, -78715.312500, 0.207903703704
CYS, 4, 28.091, 0.870212, -81140.546875, 0.307162962963
GLN, 5, 27.054, 0.873978, -81080.335938, 0.290562962963
GLU, 6, 24.715, 0.822573, -80640.539062, 0.207940740741
GLY, 6, 26.587, 0.820901, -79677.234375, 0.230159259259
HIS, 8, 28.073, 0.866456, -80680.031250, 0.336788888889
ILE, 7, 26.413, 0.830516, -81116.734375, 0.278788888889
LEU, 9, 28.128, 0.907271, -79585.265625, 0.349325925926
LYS, 5, 28.277, 0.837038, -80450.085938, 0.242707407407
MET, 9, 26.860, 0.83807, -80135.484375, 0.221622222222
PHE, 8, 26.221, 0.939277, -80016.578125, 0.339081481481
PRO, 0, 26.576, 0.820866, -80203.406250, 0.268974074074
SER, 4, 25.812, 0.84226, -80594.765625, 0.234703703704
THR, 6, 28.373, 0.901333, -79688.140625, 0.375159259259
TRP, 2, 28.660, 0.880956, -80019.546875, 0.314955555556
TYR, 5, 28.437, 0.861824, -79439.968750, 0.270355555556
VAL, 8, 24.454, 0.812162, -80018.421875, 0.221659259259
