AMINO ACID, DSSP, SASA, GYRATE, ENERGY, RMSF
ALA, 2, 26.395, 0.812042, -79760.531250, 0.251659259259
ARG, 4, 26.667, 0.836777, -80464.531250, 0.298462962963
ASN, 11, 25.749, 0.805215, -80038.179688, 0.210481481481
ASP, 10, 25.885, 0.811231, -81024.625000, 0.207903703704
CYS, 6, 28.583, 0.883923, -79896.140625, 0.307162962963
GLN, 5, 28.089, 0.886942, -80505.562500, 0.290562962963
GLU, 6, 24.539, 0.818224, -80440.250000, 0.207940740741
GLY, 6, 25.386, 0.817838, -80371.914062, 0.230159259259
HIS, 8, 28.288, 0.88535, -80431.375000, 0.336788888889
ILE, 7, 25.991, 0.830381, -79354.781250, 0.278788888889
LEU, 7, 28.403, 0.899581, -81000.312500, 0.349325925926
LYS, 7, 29.422, 0.852389, -80764.859375, 0.242707407407
MET, 9, 26.278, 0.848182, -78841.578125, 0.221622222222
PHE, 8, 27.225, 0.941397, -80883.156250, 0.339081481481
PRO, 5, 25.277, 0.8275, -79849.820312, 0.268974074074
SER, 4, 27.384, 0.850638, -80232.343750, 0.234703703704
THR, 4, 28.212, 0.905128, -80301.984375, 0.375159259259
TRP, 2, 28.618, 0.895558, -80357.421875, 0.314955555556
TYR, 5, 28.509, 0.865357, -80770.234375, 0.270355555556
VAL, 6, 26.259, 0.826762, -79940.062500, 0.221659259259
