AMINO ACID, DSSP, SASA, GYRATE, ENERGY, RMSF
ALA, 6, 26.095, 0.823157, -79694.234375, 0.251659259259
ARG, 2, 27.109, 0.842117, -80233.890625, 0.298462962963
ASN, 12, 23.513, 0.793498, -80231.445312, 0.210481481481
ASP, 6, 26.026, 0.813197, -79988.132812, 0.207903703704
CYS, 4, 28.862, 0.87111, -79507.046875, 0.307162962963
GLN, 5, 27.878, 0.882569, -79056.695312, 0.290562962963
GLU, 6, 25.951, 0.815175, -80522.968750, 0.207940740741
GLY, 4, 25.889, 0.832892, -81506.820312, 0.230159259259
HIS, 6, 28.386, 0.889982, -79377.046875, 0.336788888889
ILE, 6, 26.206, 0.827677, -79981.960938, 0.278788888889
LEU, 6, 27.742, 0.910694, -80445.414062, 0.349325925926
LYS, 7, 28.411, 0.844921, -81821.125000, 0.242707407407
MET, 9, 27.402, 0.839749, -79888.578125, 0.221622222222
PHE, 6, 26.462, 0.914522, -79893.554688, 0.339081481481
PRO, 7, 26.934, 0.832886, -80753.406250, 0.268974074074
SER, 5, 26.442, 0.833443, -79538.812500, 0.234703703704
THR, 6, 27.035, 0.867407, -80172.640625, 0.375159259259
TRP, 2, 28.787, 0.894038, -79689.109375, 0.314955555556
TYR, 5, 27.322, 0.86909, -79766.000000, 0.270355555556
VAL, 8, 24.849, 0.813369, -79787.789062, 0.221659259259
