AMINO ACID, DSSP, SASA, GYRATE, ENERGY, RMSF
ALA, 8, 27.796, 0.854803, -80056.085938, 0.251659259259
ARG, 4, 29.425, 0.858905, -81237.593750, 0.298462962963
ASN, 10, 26.559, 0.825488, -81481.359375, 0.210481481481
ASP, 9, 25.649, 0.80492, -80493.257812, 0.207903703704
CYS, 6, 26.484, 0.829668, -81595.609375, 0.307162962963
GLN, 10, 23.835, 0.803772, -80919.312500, 0.290562962963
GLU, 9, 26.857, 0.818514, -79747.085938, 0.207940740741
GLY, 8, 26.163, 0.822397, -79879.351562, 0.230159259259
HIS, 8, 27.723, 0.854042, -80524.171875, 0.336788888889
ILE, 2, 27.753, 0.868739, -80223.109375, 0.278788888889
LEU, 7, 24.764, 0.809341, -80700.921875, 0.349325925926
LYS, 9, 27.537, 0.840731, -80185.750000, 0.242707407407
MET, 6, 27.167, 0.845136, -80645.453125, 0.221622222222
PHE, 12, 26.281, 0.816188, -79731.796875, 0.339081481481
PRO, 6, 24.044, 0.80398, -79907.289062, 0.268974074074
SER, 9, 25.162, 0.8104, -80410.640625, 0.234703703704
THR, 6, 27.366, 0.840372, -79287.945312, 0.375159259259
TRP, 4, 29.725, 0.868491, -79963.968750, 0.314955555556
TYR, 12, 26.987, 0.855905, -80702.296875, 0.270355555556
VAL, 8, 26.230, 0.836451, -79956.343750, 0.221659259259
