AMINO ACID, DSSP, SASA, GYRATE, ENERGY, RMSF
ALA, 4, 26.246, 0.828468, -80131.859375, 0.251659259259
ARG, 2, 28.286, 0.861852, -80208.218750, 0.298462962963
ASN, 14, 24.334, 0.798221, -79096.843750, 0.210481481481
ASP, 8, 27.255, 0.827651, -79769.078125, 0.207903703704
CYS, 6, 28.186, 0.881508, -80702.937500, 0.307162962963
GLN, 6, 25.139, 0.860728, -79844.429688, 0.290562962963
GLU, 8, 23.591, 0.807921, -79113.804688, 0.207940740741
GLY, 6, 26.255, 0.836245, -80277.359375, 0.230159259259
HIS, 6, 28.356, 0.879581, -79235.109375, 0.336788888889
ILE, 7, 27.071, 0.827143, -80511.390625, 0.278788888889
LEU, 6, 27.565, 0.904242, -79065.007812, 0.349325925926
LYS, 5, 29.118, 0.865352, -80386.351562, 0.242707407407
MET, 11, 26.425, 0.829865, -81240.554688, 0.221622222222
PHE, 8, 26.454, 0.906172, -80360.664062, 0.339081481481
PRO, 5, 27.510, 0.838931, -80556.953125, 0.268974074074
SER, 2, 25.930, 0.829519, -81124.460938, 0.234703703704
THR, 10, 26.239, 0.877864, -81064.062500, 0.375159259259
TRP, 2, 30.410, 0.901427, -79353.171875, 0.314955555556
TYR, 5, 28.315, 0.870798, -80443.429688, 0.270355555556
VAL, 8, 24.947, 0.804798, -79670.515625, 0.221659259259
