AMINO ACID, DSSP, SASA, GYRATE, ENERGY, RMSF
ALA, 2, 26.878, 0.824511, -80287.773438, 0.251659259259
ARG, 7, 27.886, 0.861095, -80504.687500, 0.298462962963
ASN, 8, 27.698, 0.83362, -80470.484375, 0.210481481481
ASP, 6, 26.596, 0.830447, -80978.515625, 0.207903703704
CYS, 4, 29.423, 0.89141, -79785.906250, 0.307162962963
GLN, 5, 28.172, 0.877644, -79822.750000, 0.290562962963
GLU, 8, 23.888, 0.800458, -80249.304688, 0.207940740741
GLY, 6, 26.520, 0.826361, -80752.781250, 0.230159259259
HIS, 8, 29.971, 0.885549, -80211.601562, 0.336788888889
ILE, 7, 27.230, 0.823938, -81132.359375, 0.278788888889
LEU, 7, 28.567, 0.898167, -80142.835938, 0.349325925926
LYS, 7, 28.558, 0.834088, -79893.406250, 0.242707407407
MET, 9, 27.190, 0.837688, -81574.875000, 0.221622222222
PHE, 8, 28.125, 0.95353, -80409.242188, 0.339081481481
PRO, 5, 25.917, 0.831618, -78412.851562, 0.268974074074
SER, 8, 25.733, 0.81731, -80968.820312, 0.234703703704
THR, 8, 27.046, 0.8756, -80632.750000, 0.375159259259
TRP, 2, 29.863, 0.913322, -79881.656250, 0.314955555556
TYR, 5, 27.909, 0.883723, -80295.593750, 0.270355555556
VAL, 8, 24.794, 0.825591, -80592.687500, 0.221659259259
