AMINO ACID, DSSP, SASA, GYRATE, ENERGY, RMSF
ALA, 10, 27.955, 0.856597, -80633.984375, 0.251659259259
ARG, 6, 29.464, 0.86294, -80534.421875, 0.298462962963
ASN, 8, 26.490, 0.81919, -80985.578125, 0.210481481481
ASP, 11, 25.341, 0.805307, -81046.820312, 0.207903703704
CYS, 12, 27.580, 0.83427, -80080.750000, 0.307162962963
GLN, 13, 24.178, 0.797799, -80518.187500, 0.290562962963
GLU, 9, 26.192, 0.807627, -80654.726562, 0.207940740741
GLY, 6, 25.746, 0.836933, -80011.546875, 0.230159259259
HIS, 4, 27.519, 0.865616, -80485.335938, 0.336788888889
ILE, 4, 28.452, 0.871067, -80364.187500, 0.278788888889
LEU, 8, 26.385, 0.811693, -80588.617188, 0.349325925926
LYS, 9, 28.722, 0.841946, -79825.781250, 0.242707407407
MET, 6, 26.041, 0.838637, -80288.367188, 0.221622222222
PHE, 8, 27.098, 0.818628, -78582.906250, 0.339081481481
PRO, 6, 25.882, 0.814611, -79936.593750, 0.268974074074
SER, 9, 25.502, 0.810518, -80823.468750, 0.234703703704
THR, 8, 27.109, 0.840237, -79585.187500, 0.375159259259
TRP, 4, 27.491, 0.847383, -79938.046875, 0.314955555556
TYR, 12, 27.008, 0.856815, -79966.632812, 0.270355555556
VAL, 8, 26.715, 0.838215, -80922.921875, 0.221659259259
