AMINO ACID, DSSP, SASA, GYRATE, ENERGY, RMSF
ALA, 8, 26.352, 0.832577, -80262.273438, 0.251659259259
ARG, 2, 28.256, 0.844835, -81440.218750, 0.298462962963
ASN, 12, 26.013, 0.823867, -80365.367188, 0.210481481481
ASP, 8, 24.268, 0.800823, -79583.718750, 0.207903703704
CYS, 7, 30.069, 0.885995, -80768.687500, 0.307162962963
GLN, 5, 26.314, 0.85052, -80413.648438, 0.290562962963
GLU, 10, 24.278, 0.809937, -80606.515625, 0.207940740741
GLY, 4, 26.286, 0.820309, -80423.585938, 0.230159259259
HIS, 8, 30.357, 0.926497, -80125.976562, 0.336788888889
ILE, 7, 26.898, 0.819566, -79512.101562, 0.278788888889
LEU, 2, 29.239, 0.929831, -79579.906250, 0.349325925926
LYS, 7, 26.468, 0.832375, -80355.250000, 0.242707407407
MET, 9, 26.347, 0.823923, -80272.578125, 0.221622222222
PHE, 6, 27.940, 0.93861, -80294.625000, 0.339081481481
PRO, 0, 26.535, 0.821901, -80034.765625, 0.268974074074
SER, 2, 26.788, 0.839621, -79630.484375, 0.234703703704
THR, 8, 26.859, 0.862922, -80276.578125, 0.375159259259
TRP, 4, 28.359, 0.90008, -80593.382812, 0.314955555556
TYR, 7, 28.368, 0.874092, -79691.109375, 0.270355555556
VAL, 8, 25.222, 0.815404, -80128.140625, 0.221659259259
