AMINO ACID, DSSP, SASA, GYRATE, ENERGY, RMSF
ALA, 4, 26.823, 0.828519, -80590.328125, 0.251659259259
ARG, 2, 27.204, 0.844377, -80819.023438, 0.298462962963
ASN, 12, 26.350, 0.816906, -80794.640625, 0.210481481481
ASP, 8, 25.360, 0.804581, -81146.835938, 0.207903703704
CYS, 6, 28.270, 0.874022, -80711.609375, 0.307162962963
GLN, 0, 27.083, 0.866501, -79489.960938, 0.290562962963
GLU, 6, 25.403, 0.82133, -79691.093750, 0.207940740741
GLY, 4, 26.293, 0.828432, -79932.968750, 0.230159259259
HIS, 8, 30.124, 0.921962, -80079.523438, 0.336788888889
ILE, 7, 26.475, 0.816847, -78796.859375, 0.278788888889
LEU, 6, 27.747, 0.901486, -80163.406250, 0.349325925926
LYS, 7, 27.471, 0.85749, -80918.085938, 0.242707407407
MET, 9, 26.846, 0.835435, -79247.937500, 0.221622222222
PHE, 8, 28.920, 0.936163, -80480.226562, 0.339081481481
PRO, 5, 27.344, 0.8366, -80479.031250, 0.268974074074
SER, 4, 26.693, 0.83561, -81226.562500, 0.234703703704
THR, 8, 26.698, 0.864408, -80647.085938, 0.375159259259
TRP, 4, 28.100, 0.861552, -80846.593750, 0.314955555556
TYR, 5, 29.588, 0.911143, -80208.882812, 0.270355555556
VAL, 8, 26.006, 0.815981, -80284.234375, 0.221659259259
