AMINO ACID, DSSP, SASA, GYRATE, ENERGY, RMSF
ALA, 6, 26.356, 0.831222, -79651.828125, 0.251659259259
ARG, 2, 28.103, 0.861727, -81432.554688, 0.298462962963
ASN, 6, 27.899, 0.827949, -80125.500000, 0.210481481481
ASP, 8, 25.426, 0.807804, -79812.828125, 0.207903703704
CYS, 4, 27.837, 0.867536, -79754.093750, 0.307162962963
GLN, 0, 28.429, 0.869771, -78877.875000, 0.290562962963
GLU, 8, 24.130, 0.805848, -80504.890625, 0.207940740741
GLY, 4, 25.960, 0.820094, -81071.351562, 0.230159259259
HIS, 8, 30.940, 0.920137, -79748.578125, 0.336788888889
ILE, 7, 25.773, 0.81034, -79950.875000, 0.278788888889
LEU, 9, 29.033, 0.907651, -79027.085938, 0.349325925926
LYS, 7, 27.206, 0.832521, -80203.257812, 0.242707407407
MET, 9, 26.897, 0.840347, -79896.492188, 0.221622222222
PHE, 6, 27.738, 0.938262, -79878.226562, 0.339081481481
PRO, 5, 25.437, 0.816921, -79998.218750, 0.268974074074
SER, 4, 25.509, 0.833256, -80106.562500, 0.234703703704
THR, 8, 26.911, 0.876945, -79867.265625, 0.375159259259
TRP, 2, 28.874, 0.885437, -79954.117188, 0.314955555556
TYR, 11, 29.386, 0.889146, -80293.109375, 0.270355555556
VAL, 6, 24.699, 0.815757, -80648.734375, 0.221659259259
