AMINO ACID, DSSP, SASA, GYRATE, ENERGY, RMSF
ALA, 8, 27.091, 0.829417, -80737.062500, 0.251659259259
ARG, 2, 28.605, 0.859881, -81414.054688, 0.298462962963
ASN, 14, 28.114, 0.829549, -81217.671875, 0.210481481481
ASP, 8, 25.860, 0.815727, -80586.734375, 0.207903703704
CYS, 6, 28.696, 0.873812, -80574.906250, 0.307162962963
GLN, 2, 26.042, 0.843379, -80084.132812, 0.290562962963
GLU, 6, 24.480, 0.805364, -79460.015625, 0.207940740741
GLY, 6, 25.279, 0.819058, -80139.765625, 0.230159259259
HIS, 8, 28.010, 0.905767, -80160.921875, 0.336788888889
ILE, 7, 26.747, 0.834666, -80226.750000, 0.278788888889
LEU, 9, 28.764, 0.90353, -80096.281250, 0.349325925926
LYS, 7, 26.726, 0.833556, -81347.828125, 0.242707407407
MET, 7, 25.750, 0.839397, -80156.921875, 0.221622222222
PHE, 6, 27.204, 0.936352, -79253.921875, 0.339081481481
PRO, 5, 25.875, 0.820015, -80051.617188, 0.268974074074
SER, 4, 25.973, 0.840147, -79505.750000, 0.234703703704
THR, 10, 26.767, 0.869748, -80404.953125, 0.375159259259
TRP, 2, 28.873, 0.876881, -79294.562500, 0.314955555556
TYR, 7, 28.657, 0.883445, -80664.468750, 0.270355555556
VAL, 6, 26.276, 0.816209, -80143.257812, 0.221659259259
