AMINO ACID, DSSP, SASA, GYRATE, ENERGY, RMSF
ALA, 6, 27.483, 0.843302, -80858.609375, 0.251659259259
ARG, 2, 27.895, 0.860032, -80846.148438, 0.298462962963
ASN, 4, 27.331, 0.845129, -79922.843750, 0.210481481481
ASP, 10, 25.620, 0.810324, -81470.085938, 0.207903703704
CYS, 4, 28.287, 0.880024, -79669.367188, 0.307162962963
GLN, 4, 27.041, 0.881753, -80173.585938, 0.290562962963
GLU, 4, 24.416, 0.815511, -79900.148438, 0.207940740741
GLY, 6, 25.143, 0.813576, -79142.781250, 0.230159259259
HIS, 6, 27.474, 0.911092, -79983.640625, 0.336788888889
ILE, 7, 24.928, 0.794048, -79847.492188, 0.278788888889
LEU, 6, 27.903, 0.891094, -80464.867188, 0.349325925926
LYS, 7, 27.476, 0.845373, -80332.640625, 0.242707407407
MET, 6, 27.318, 0.846409, -80887.234375, 0.221622222222
PHE, 6, 28.039, 0.941544, -79735.406250, 0.339081481481
PRO, 7, 25.100, 0.807383, -79989.460938, 0.268974074074
SER, 2, 24.974, 0.821881, -79753.257812, 0.234703703704
THR, 6, 26.013, 0.864523, -79419.429688, 0.375159259259
TRP, 2, 28.323, 0.905247, -80448.671875, 0.314955555556
TYR, 9, 27.944, 0.868089, -81054.937500, 0.270355555556
VAL, 8, 25.356, 0.818999, -81051.265625, 0.221659259259
