AMINO ACID, DSSP, SASA, GYRATE, ENERGY, RMSF
ALA, 8, 27.296, 0.838531, -80315.953125, 0.251659259259
ARG, 2, 28.437, 0.86001, -81539.296875, 0.298462962963
ASN, 6, 26.835, 0.843113, -80069.398438, 0.210481481481
ASP, 10, 26.915, 0.825491, -79643.578125, 0.207903703704
CYS, 7, 28.144, 0.852661, -81231.421875, 0.307162962963
GLN, 6, 27.971, 0.870809, -80074.062500, 0.290562962963
GLU, 12, 24.254, 0.801626, -79325.484375, 0.207940740741
GLY, 6, 25.052, 0.811082, -79731.710938, 0.230159259259
HIS, 6, 28.933, 0.905741, -80001.671875, 0.336788888889
ILE, 7, 26.585, 0.814022, -79715.445312, 0.278788888889
LEU, 6, 28.787, 0.911074, -79699.625000, 0.349325925926
LYS, 7, 27.169, 0.841875, -80534.312500, 0.242707407407
MET, 9, 26.737, 0.846331, -80494.921875, 0.221622222222
PHE, 8, 27.599, 0.92235, -79487.078125, 0.339081481481
PRO, 5, 26.378, 0.826221, -80277.609375, 0.268974074074
SER, 4, 24.664, 0.828902, -79909.945312, 0.234703703704
THR, 6, 26.936, 0.878112, -79845.429688, 0.375159259259
TRP, 2, 29.538, 0.892942, -80518.453125, 0.314955555556
TYR, 9, 30.056, 0.890123, -80354.968750, 0.270355555556
VAL, 6, 26.683, 0.833382, -80201.296875, 0.221659259259
