AMINO ACID, DSSP, SASA, GYRATE, ENERGY, RMSF
ALA, 6, 27.437, 0.846237, -80646.476562, 0.251659259259
ARG, 2, 28.653, 0.860484, -80599.976562, 0.298462962963
ASN, 12, 26.651, 0.841124, -80418.265625, 0.210481481481
ASP, 8, 26.650, 0.811794, -78889.343750, 0.207903703704
CYS, 8, 28.979, 0.873187, -79112.992188, 0.307162962963
GLN, 4, 27.818, 0.870088, -80151.828125, 0.290562962963
GLU, 12, 24.481, 0.807194, -80768.015625, 0.207940740741
GLY, 6, 24.652, 0.807785, -80031.875000, 0.230159259259
HIS, 6, 27.929, 0.912466, -80365.390625, 0.336788888889
ILE, 2, 26.432, 0.830423, -80254.765625, 0.278788888889
LEU, 9, 27.892, 0.899841, -80016.679688, 0.349325925926
LYS, 7, 27.210, 0.843772, -80506.406250, 0.242707407407
MET, 9, 26.092, 0.827903, -79404.078125, 0.221622222222
PHE, 4, 27.713, 0.917936, -80395.242188, 0.339081481481
PRO, 5, 26.331, 0.811635, -81060.593750, 0.268974074074
SER, 4, 25.299, 0.833017, -81212.085938, 0.234703703704
THR, 10, 25.327, 0.876731, -79106.890625, 0.375159259259
TRP, 4, 29.514, 0.894661, -80237.890625, 0.314955555556
TYR, 9, 28.975, 0.879259, -80289.421875, 0.270355555556
VAL, 6, 25.148, 0.821808, -79978.187500, 0.221659259259
