AMINO ACID, DSSP, SASA, GYRATE, ENERGY, RMSF
ALA, 8, 27.392, 0.836933, -81024.921875, 0.251659259259
ARG, 4, 28.309, 0.860333, -80833.828125, 0.298462962963
ASN, 10, 26.606, 0.82755, -80857.945312, 0.210481481481
ASP, 10, 26.454, 0.819471, -81164.062500, 0.207903703704
CYS, 9, 26.339, 0.863776, -80262.437500, 0.307162962963
GLN, 2, 29.496, 0.8779, -81482.640625, 0.290562962963
GLU, 8, 24.780, 0.799267, -79769.640625, 0.207940740741
GLY, 6, 24.314, 0.814124, -81790.734375, 0.230159259259
HIS, 8, 27.360, 0.901533, -80500.609375, 0.336788888889
ILE, 7, 25.253, 0.826345, -80019.414062, 0.278788888889
LEU, 9, 28.558, 0.891203, -79503.976562, 0.349325925926
LYS, 7, 27.765, 0.849769, -80573.929688, 0.242707407407
MET, 10, 25.797, 0.835178, -80460.351562, 0.221622222222
PHE, 8, 27.352, 0.916843, -80176.828125, 0.339081481481
PRO, 5, 25.443, 0.812677, -80210.101562, 0.268974074074
SER, 2, 24.823, 0.831506, -80423.601562, 0.234703703704
THR, 10, 26.532, 0.891139, -80331.218750, 0.375159259259
TRP, 2, 30.032, 0.908758, -80376.171875, 0.314955555556
TYR, 11, 28.885, 0.883463, -79615.085938, 0.270355555556
VAL, 8, 26.636, 0.831001, -79378.078125, 0.221659259259
