AMINO ACID, DSSP, SASA, GYRATE, ENERGY, RMSF
ALA, 8, 26.835, 0.838028, -80142.546875, 0.251659259259
ARG, 2, 27.119, 0.85918, -81031.515625, 0.298462962963
ASN, 8, 26.920, 0.839706, -79503.007812, 0.210481481481
ASP, 11, 25.531, 0.811641, -80733.921875, 0.207903703704
CYS, 9, 27.512, 0.865754, -80065.109375, 0.307162962963
GLN, 2, 27.947, 0.881753, -80054.546875, 0.290562962963
GLU, 10, 24.896, 0.810936, -80291.695312, 0.207940740741
GLY, 6, 24.512, 0.803856, -79931.203125, 0.230159259259
HIS, 8, 31.556, 0.961148, -79770.843750, 0.336788888889
ILE, 7, 27.303, 0.845473, -79780.234375, 0.278788888889
LEU, 6, 27.301, 0.898348, -79809.289062, 0.349325925926
LYS, 7, 28.124, 0.850355, -80720.109375, 0.242707407407
MET, 9, 27.897, 0.850102, -80067.750000, 0.221622222222
PHE, 8, 28.802, 0.987992, -80290.296875, 0.339081481481
PRO, 7, 27.316, 0.837683, -80896.500000, 0.268974074074
SER, 2, 24.441, 0.826886, -79970.578125, 0.234703703704
THR, 6, 24.979, 0.858077, -79653.156250, 0.375159259259
TRP, 2, 29.421, 0.877404, -79826.500000, 0.314955555556
TYR, 9, 29.536, 0.894928, -80857.843750, 0.270355555556
VAL, 6, 26.781, 0.829179, -80375.710938, 0.221659259259
