AMINO ACID, DSSP, SASA, GYRATE, ENERGY, RMSF
ALA, 8, 26.251, 0.823652, -80461.859375, 0.251659259259
ARG, 4, 28.485, 0.861781, -80358.406250, 0.298462962963
ASN, 4, 27.756, 0.851791, -79741.562500, 0.210481481481
ASP, 10, 25.696, 0.818135, -79575.828125, 0.207903703704
CYS, 9, 28.194, 0.858994, -80596.203125, 0.307162962963
GLN, 4, 28.103, 0.878055, -80085.703125, 0.290562962963
GLU, 10, 24.888, 0.806045, -79909.046875, 0.207940740741
GLY, 7, 23.862, 0.794381, -79701.820312, 0.230159259259
HIS, 10, 31.221, 0.958668, -79379.695312, 0.336788888889
ILE, 7, 26.724, 0.826445, -80822.359375, 0.278788888889
LEU, 9, 27.668, 0.90025, -79838.656250, 0.349325925926
LYS, 5, 26.667, 0.838904, -81561.710938, 0.242707407407
MET, 9, 28.115, 0.836565, -80011.585938, 0.221622222222
PHE, 8, 29.120, 0.972833, -80439.968750, 0.339081481481
PRO, 7, 27.052, 0.819684, -80325.117188, 0.268974074074
SER, 4, 25.863, 0.825604, -80724.140625, 0.234703703704
THR, 6, 26.094, 0.869336, -79943.875000, 0.375159259259
TRP, 2, 28.988, 0.871257, -79280.375000, 0.314955555556
TYR, 10, 28.923, 0.88366, -79870.117188, 0.270355555556
VAL, 6, 26.524, 0.827292, -80099.781250, 0.221659259259
