AMINO ACID, DSSP, SASA, GYRATE, ENERGY, RMSF
ALA, 8, 25.944, 0.810473, -79840.484375, 0.251659259259
ARG, 2, 27.255, 0.864836, -80520.437500, 0.298462962963
ASN, 9, 27.023, 0.827642, -80707.656250, 0.210481481481
ASP, 8, 26.017, 0.818392, -80220.789062, 0.207903703704
CYS, 10, 27.491, 0.871759, -80667.796875, 0.307162962963
GLN, 6, 27.442, 0.869566, -80097.257812, 0.290562962963
GLU, 6, 26.037, 0.82653, -80519.875000, 0.207940740741
GLY, 5, 25.040, 0.811917, -80515.187500, 0.230159259259
HIS, 6, 28.511, 0.946796, -79523.320312, 0.336788888889
ILE, 7, 28.089, 0.844631, -79915.992188, 0.278788888889
LEU, 9, 27.973, 0.888868, -79729.054688, 0.349325925926
LYS, 7, 27.489, 0.841131, -80819.656250, 0.242707407407
MET, 9, 26.179, 0.832954, -80081.070312, 0.221622222222
PHE, 6, 29.502, 0.962065, -80726.226562, 0.339081481481
PRO, 7, 27.742, 0.839158, -81665.671875, 0.268974074074
SER, 2, 26.198, 0.842044, -80755.343750, 0.234703703704
THR, 6, 26.166, 0.866877, -80030.468750, 0.375159259259
TRP, 2, 28.747, 0.90712, -81347.828125, 0.314955555556
TYR, 5, 27.358, 0.904155, -80334.132812, 0.270355555556
VAL, 8, 26.443, 0.840061, -79695.000000, 0.221659259259
