AMINO ACID, DSSP, SASA, GYRATE, ENERGY, RMSF
ALA, 8, 27.350, 0.816936, -80166.164062, 0.251659259259
ARG, 0, 27.829, 0.861679, -80286.156250, 0.298462962963
ASN, 10, 27.130, 0.82067, -80056.203125, 0.210481481481
ASP, 10, 26.422, 0.821428, -80594.296875, 0.207903703704
CYS, 7, 26.332, 0.85675, -80770.773438, 0.307162962963
GLN, 2, 27.854, 0.892286, -80858.101562, 0.290562962963
GLU, 8, 26.153, 0.821036, -80449.156250, 0.207940740741
GLY, 6, 25.562, 0.814702, -80372.781250, 0.230159259259
HIS, 6, 28.631, 0.928996, -80367.828125, 0.336788888889
ILE, 7, 25.263, 0.816889, -80849.000000, 0.278788888889
LEU, 9, 28.394, 0.893694, -79817.375000, 0.349325925926
LYS, 7, 28.069, 0.839822, -79808.406250, 0.242707407407
MET, 7, 25.510, 0.840546, -80280.609375, 0.221622222222
PHE, 6, 28.412, 0.951475, -80473.421875, 0.339081481481
PRO, 7, 26.116, 0.840928, -80001.929688, 0.268974074074
SER, 4, 26.934, 0.835731, -80314.890625, 0.234703703704
THR, 4, 25.274, 0.864989, -79492.812500, 0.375159259259
TRP, 4, 30.207, 0.902251, -80261.320312, 0.314955555556
TYR, 10, 28.274, 0.902098, -79982.953125, 0.270355555556
VAL, 6, 26.864, 0.836513, -79960.593750, 0.221659259259
