AMINO ACID, DSSP, SASA, GYRATE, ENERGY, RMSF
ALA, 6, 26.437, 0.813843, -80948.140625, 0.251659259259
ARG, 2, 29.194, 0.861196, -80824.000000, 0.298462962963
ASN, 10, 26.277, 0.816103, -81063.984375, 0.210481481481
ASP, 10, 26.840, 0.824807, -80238.578125, 0.207903703704
CYS, 9, 26.884, 0.872183, -80415.812500, 0.307162962963
GLN, 3, 27.624, 0.872879, -80370.906250, 0.290562962963
GLU, 6, 25.689, 0.821051, -79908.375000, 0.207940740741
GLY, 6, 25.218, 0.821322, -80384.500000, 0.230159259259
HIS, 6, 28.378, 0.931748, -80070.734375, 0.336788888889
ILE, 7, 26.373, 0.822413, -79541.820312, 0.278788888889
LEU, 9, 28.288, 0.900461, -79731.062500, 0.349325925926
LYS, 7, 25.814, 0.820685, -80998.781250, 0.242707407407
MET, 9, 25.377, 0.83389, -80428.187500, 0.221622222222
PHE, 6, 28.637, 0.978315, -79751.703125, 0.339081481481
PRO, 7, 27.935, 0.842434, -80180.773438, 0.268974074074
SER, 4, 26.136, 0.845366, -80492.171875, 0.234703703704
THR, 6, 26.219, 0.879014, -80300.484375, 0.375159259259
TRP, 4, 31.048, 0.911616, -79657.359375, 0.314955555556
TYR, 9, 27.981, 0.903157, -80187.453125, 0.270355555556
VAL, 8, 27.042, 0.827578, -81145.453125, 0.221659259259
