AMINO ACID, DSSP, SASA, GYRATE, ENERGY, RMSF
ALA, 6, 26.209, 0.824416, -79865.890625, 0.251659259259
ARG, 2, 26.992, 0.858575, -81171.078125, 0.298462962963
ASN, 10, 27.348, 0.822506, -81487.234375, 0.210481481481
ASP, 10, 25.475, 0.813128, -80224.812500, 0.207903703704
CYS, 13, 28.107, 0.868961, -80557.382812, 0.307162962963
GLN, 3, 26.674, 0.877606, -80590.781250, 0.290562962963
GLU, 8, 25.740, 0.823679, -80351.046875, 0.207940740741
GLY, 7, 24.780, 0.811286, -80384.468750, 0.230159259259
HIS, 6, 29.541, 0.947186, -79432.015625, 0.336788888889
ILE, 7, 26.279, 0.828135, -79538.179688, 0.278788888889
LEU, 9, 29.027, 0.901647, -80436.953125, 0.349325925926
LYS, 7, 27.215, 0.830431, -80386.218750, 0.242707407407
MET, 7, 26.434, 0.845276, -79717.273438, 0.221622222222
PHE, 6, 28.582, 0.942917, -80091.859375, 0.339081481481
PRO, 5, 26.797, 0.838633, -79940.765625, 0.268974074074
SER, 0, 26.634, 0.844725, -80361.687500, 0.234703703704
THR, 2, 26.243, 0.866343, -80388.562500, 0.375159259259
TRP, 2, 29.021, 0.903907, -80686.359375, 0.314955555556
TYR, 10, 29.017, 0.898221, -80352.789062, 0.270355555556
VAL, 8, 27.699, 0.839123, -80603.375000, 0.221659259259
