AMINO ACID, DSSP, SASA, GYRATE, ENERGY, RMSF
ALA, 6, 24.888, 0.797151, -80599.843750, 0.251659259259
ARG, 4, 28.169, 0.846045, -80868.710938, 0.298462962963
ASN, 12, 26.942, 0.808336, -80694.523438, 0.210481481481
ASP, 8, 24.029, 0.808139, -81143.140625, 0.207903703704
CYS, 7, 27.390, 0.862633, -80302.765625, 0.307162962963
GLN, 3, 27.806, 0.873469, -80761.187500, 0.290562962963
GLU, 6, 27.003, 0.836943, -80397.664062, 0.207940740741
GLY, 8, 25.776, 0.822956, -80655.226562, 0.230159259259
HIS, 8, 30.363, 0.986302, -79851.984375, 0.336788888889
ILE, 7, 26.717, 0.825065, -79694.718750, 0.278788888889
LEU, 4, 29.001, 0.912514, -80516.882812, 0.349325925926
LYS, 7, 26.720, 0.839819, -80391.335938, 0.242707407407
MET, 5, 27.458, 0.832229, -79489.156250, 0.221622222222
PHE, 6, 29.658, 0.967999, -80116.132812, 0.339081481481
PRO, 7, 26.503, 0.83655, -79821.429688, 0.268974074074
SER, 4, 25.668, 0.814608, -79612.000000, 0.234703703704
THR, 2, 27.086, 0.864533, -80995.265625, 0.375159259259
TRP, 2, 29.033, 0.910191, -79572.593750, 0.314955555556
TYR, 5, 28.407, 0.901244, -79473.093750, 0.270355555556
VAL, 8, 26.343, 0.844835, -80413.796875, 0.221659259259
