AMINO ACID, DSSP, SASA, GYRATE, ENERGY, RMSF
ALA, 6, 24.365, 0.796663, -79630.898438, 0.251659259259
ARG, 6, 28.093, 0.85264, -79944.507812, 0.298462962963
ASN, 10, 27.196, 0.811225, -80122.515625, 0.210481481481
ASP, 10, 24.851, 0.804122, -80832.578125, 0.207903703704
CYS, 13, 28.464, 0.864512, -79942.687500, 0.307162962963
GLN, 2, 26.747, 0.859332, -80693.359375, 0.290562962963
GLU, 6, 25.585, 0.824324, -80497.781250, 0.207940740741
GLY, 6, 25.051, 0.817651, -80238.601562, 0.230159259259
HIS, 10, 26.583, 0.904054, -79802.648438, 0.336788888889
ILE, 5, 25.609, 0.819785, -79756.476562, 0.278788888889
LEU, 9, 28.200, 0.892612, -80348.570312, 0.349325925926
LYS, 7, 27.120, 0.831356, -80776.015625, 0.242707407407
MET, 7, 27.258, 0.840976, -79691.304688, 0.221622222222
PHE, 4, 29.008, 0.957705, -79324.984375, 0.339081481481
PRO, 5, 26.643, 0.833629, -79497.375000, 0.268974074074
SER, 4, 23.728, 0.802653, -80258.101562, 0.234703703704
THR, 6, 26.765, 0.882783, -79857.718750, 0.375159259259
TRP, 4, 28.501, 0.900902, -79792.898438, 0.314955555556
TYR, 7, 29.229, 0.905648, -79190.125000, 0.270355555556
VAL, 8, 26.528, 0.840606, -79833.804688, 0.221659259259
