AMINO ACID, DSSP, SASA, GYRATE, ENERGY, RMSF
ALA, 4, 24.275, 0.795373, -80460.367188, 0.251659259259
ARG, 6, 25.946, 0.837692, -81794.234375, 0.298462962963
ASN, 10, 26.869, 0.823244, -80044.546875, 0.210481481481
ASP, 8, 25.340, 0.808442, -80768.390625, 0.207903703704
CYS, 9, 27.124, 0.871201, -80440.468750, 0.307162962963
GLN, 5, 28.849, 0.857582, -80843.000000, 0.290562962963
GLU, 6, 26.786, 0.82088, -80117.078125, 0.207940740741
GLY, 7, 25.604, 0.818772, -80445.125000, 0.230159259259
HIS, 10, 28.141, 0.91883, -80512.406250, 0.336788888889
ILE, 7, 26.296, 0.817652, -79292.617188, 0.278788888889
LEU, 6, 28.443, 0.891455, -80309.562500, 0.349325925926
LYS, 7, 26.216, 0.836669, -81628.945312, 0.242707407407
MET, 9, 27.717, 0.843761, -79956.765625, 0.221622222222
PHE, 6, 26.630, 0.922879, -79501.046875, 0.339081481481
PRO, 0, 26.630, 0.828442, -80422.609375, 0.268974074074
SER, 2, 25.123, 0.810059, -79590.078125, 0.234703703704
THR, 6, 25.055, 0.846681, -81135.007812, 0.375159259259
TRP, 4, 28.953, 0.894362, -80976.750000, 0.314955555556
TYR, 12, 29.214, 0.894402, -80480.953125, 0.270355555556
VAL, 10, 25.331, 0.818628, -80601.007812, 0.221659259259
