AMINO ACID, DSSP, SASA, GYRATE, ENERGY, RMSF
ALA, 4, 25.062, 0.803953, -80293.765625, 0.251659259259
ARG, 4, 28.120, 0.849838, -80272.515625, 0.298462962963
ASN, 13, 27.656, 0.814194, -80165.046875, 0.210481481481
ASP, 10, 24.846, 0.80969, -80719.875000, 0.207903703704
CYS, 11, 26.664, 0.856715, -80101.085938, 0.307162962963
GLN, 2, 28.405, 0.868446, -80606.273438, 0.290562962963
GLU, 6, 24.919, 0.81871, -80434.476562, 0.207940740741
GLY, 6, 25.010, 0.811442, -81101.640625, 0.230159259259
HIS, 6, 30.214, 0.978837, -80008.429688, 0.336788888889
ILE, 7, 25.378, 0.814366, -79883.757812, 0.278788888889
LEU, 9, 29.105, 0.90613, -80775.945312, 0.349325925926
LYS, 9, 27.178, 0.844532, -80601.187500, 0.242707407407
MET, 9, 26.020, 0.825793, -80723.640625, 0.221622222222
PHE, 6, 26.421, 0.925543, -80125.781250, 0.339081481481
PRO, 0, 27.220, 0.829816, -79983.531250, 0.268974074074
SER, 2, 24.496, 0.830945, -80727.218750, 0.234703703704
THR, 6, 26.277, 0.873404, -80493.859375, 0.375159259259
TRP, 4, 29.677, 0.911418, -79968.179688, 0.314955555556
TYR, 3, 28.821, 0.872712, -80054.687500, 0.270355555556
VAL, 8, 25.292, 0.823146, -80711.500000, 0.221659259259
