AMINO ACID, DSSP, SASA, GYRATE, ENERGY, RMSF
ALA, 6, 26.123, 0.818952, -79584.476562, 0.251659259259
ARG, 0, 29.116, 0.854771, -79677.867188, 0.298462962963
ASN, 6, 27.382, 0.815973, -80929.796875, 0.210481481481
ASP, 10, 24.839, 0.805405, -80877.585938, 0.207903703704
CYS, 7, 25.619, 0.865335, -80535.281250, 0.307162962963
GLN, 5, 26.022, 0.860065, -80185.406250, 0.290562962963
GLU, 6, 25.496, 0.822758, -80047.937500, 0.207940740741
GLY, 7, 25.328, 0.800379, -79110.625000, 0.230159259259
HIS, 8, 28.590, 0.979136, -79645.804688, 0.336788888889
ILE, 4, 28.089, 0.850147, -80156.828125, 0.278788888889
LEU, 7, 29.558, 0.942334, -79938.265625, 0.349325925926
LYS, 7, 25.834, 0.840974, -80699.679688, 0.242707407407
MET, 9, 26.294, 0.846498, -80171.085938, 0.221622222222
PHE, 6, 26.550, 0.903304, -79915.812500, 0.339081481481
PRO, 5, 26.738, 0.824305, -80460.890625, 0.268974074074
SER, 4, 26.218, 0.83499, -79770.828125, 0.234703703704
THR, 8, 25.213, 0.850602, -79914.968750, 0.375159259259
TRP, 4, 26.923, 0.886706, -79788.703125, 0.314955555556
TYR, 7, 27.528, 0.849092, -80379.757812, 0.270355555556
VAL, 6, 26.081, 0.822812, -80077.289062, 0.221659259259
