AMINO ACID, DSSP, SASA, GYRATE, ENERGY, RMSF
ALA, 8, 27.308, 0.832159, -79934.726562, 0.251659259259
ARG, 4, 25.857, 0.836307, -80127.250000, 0.298462962963
ASN, 8, 25.805, 0.806228, -80535.992188, 0.210481481481
ASP, 10, 25.434, 0.814618, -79690.492188, 0.207903703704
CYS, 9, 28.013, 0.871297, -81277.046875, 0.307162962963
GLN, 7, 26.125, 0.854862, -80841.093750, 0.290562962963
GLU, 8, 25.593, 0.819957, -80216.078125, 0.207940740741
GLY, 7, 25.142, 0.795884, -80200.093750, 0.230159259259
HIS, 6, 30.209, 0.971772, -80165.835938, 0.336788888889
ILE, 4, 26.798, 0.851485, -79662.546875, 0.278788888889
LEU, 7, 27.572, 0.9159, -79960.296875, 0.349325925926
LYS, 7, 27.382, 0.842562, -80260.796875, 0.242707407407
MET, 9, 27.465, 0.843749, -79439.390625, 0.221622222222
PHE, 6, 28.164, 0.918118, -79909.679688, 0.339081481481
PRO, 5, 26.662, 0.818833, -80192.117188, 0.268974074074
SER, 4, 25.964, 0.826929, -80298.671875, 0.234703703704
THR, 6, 26.656, 0.864038, -79799.921875, 0.375159259259
TRP, 2, 28.190, 0.888981, -80084.390625, 0.314955555556
TYR, 7, 27.809, 0.854759, -80921.335938, 0.270355555556
VAL, 8, 26.224, 0.823071, -80052.750000, 0.221659259259
