AMINO ACID, DSSP, SASA, GYRATE, ENERGY, RMSF
ALA, 6, 25.810, 0.817219, -79941.890625, 0.251659259259
ARG, 2, 27.159, 0.84345, -80869.867188, 0.298462962963
ASN, 6, 28.009, 0.822356, -80772.562500, 0.210481481481
ASP, 10, 24.792, 0.809374, -79210.781250, 0.207903703704
CYS, 9, 25.914, 0.851531, -80158.632812, 0.307162962963
GLN, 3, 26.336, 0.860359, -79708.351562, 0.290562962963
GLU, 6, 24.666, 0.822377, -80864.882812, 0.207940740741
GLY, 9, 24.208, 0.789784, -80011.140625, 0.230159259259
HIS, 6, 29.375, 0.93258, -79603.031250, 0.336788888889
ILE, 7, 29.338, 0.865338, -78864.531250, 0.278788888889
LEU, 9, 29.175, 0.906031, -80058.921875, 0.349325925926
LYS, 7, 28.070, 0.845942, -79838.492188, 0.242707407407
MET, 9, 27.588, 0.851717, -80672.968750, 0.221622222222
PHE, 8, 27.469, 0.929773, -79881.296875, 0.339081481481
PRO, 7, 26.925, 0.830139, -80386.742188, 0.268974074074
SER, 4, 27.146, 0.831643, -80047.570312, 0.234703703704
THR, 6, 26.881, 0.868307, -80638.921875, 0.375159259259
TRP, 2, 28.042, 0.868628, -80232.703125, 0.314955555556
TYR, 8, 27.477, 0.84432, -80274.859375, 0.270355555556
VAL, 6, 25.758, 0.827184, -80660.796875, 0.221659259259
