AMINO ACID, DSSP, SASA, GYRATE, ENERGY, RMSF
ALA, 6, 26.869, 0.817588, -79959.843750, 0.251659259259
ARG, 2, 27.613, 0.855623, -80370.562500, 0.298462962963
ASN, 4, 27.918, 0.813201, -80032.953125, 0.210481481481
ASP, 10, 25.395, 0.816365, -80605.843750, 0.207903703704
CYS, 9, 26.463, 0.84313, -81197.125000, 0.307162962963
GLN, 5, 25.922, 0.846017, -80652.343750, 0.290562962963
GLU, 6, 25.768, 0.827759, -80270.718750, 0.207940740741
GLY, 7, 24.583, 0.784221, -80758.882812, 0.230159259259
HIS, 6, 29.450, 0.949611, -80412.546875, 0.336788888889
ILE, 7, 26.735, 0.850529, -79489.546875, 0.278788888889
LEU, 9, 28.551, 0.899806, -79411.078125, 0.349325925926
LYS, 7, 27.501, 0.846084, -81330.015625, 0.242707407407
MET, 4, 27.153, 0.842735, -79547.195312, 0.221622222222
PHE, 4, 26.312, 0.903691, -80480.546875, 0.339081481481
PRO, 5, 26.703, 0.825443, -80072.328125, 0.268974074074
SER, 4, 26.432, 0.836694, -80299.500000, 0.234703703704
THR, 8, 27.391, 0.865861, -80680.421875, 0.375159259259
TRP, 4, 28.223, 0.871525, -79794.039062, 0.314955555556
TYR, 9, 28.188, 0.851377, -80160.312500, 0.270355555556
VAL, 8, 26.616, 0.834836, -80062.492188, 0.221659259259
