AMINO ACID, DSSP, SASA, GYRATE, ENERGY, RMSF
ALA, 6, 26.602, 0.819082, -80327.609375, 0.251659259259
ARG, 2, 28.373, 0.863149, -80992.289062, 0.298462962963
ASN, 4, 26.383, 0.810056, -80632.695312, 0.210481481481
ASP, 10, 26.494, 0.821526, -80105.445312, 0.207903703704
CYS, 9, 25.642, 0.848893, -80537.546875, 0.307162962963
GLN, 7, 26.347, 0.85716, -80339.250000, 0.290562962963
GLU, 6, 26.748, 0.832706, -79606.046875, 0.207940740741
GLY, 9, 25.547, 0.801201, -80109.148438, 0.230159259259
HIS, 6, 28.769, 0.938397, -81161.000000, 0.336788888889
ILE, 7, 28.251, 0.859429, -79929.562500, 0.278788888889
LEU, 10, 28.359, 0.895384, -79549.257812, 0.349325925926
LYS, 11, 27.606, 0.841276, -80200.796875, 0.242707407407
MET, 9, 27.692, 0.844857, -80863.359375, 0.221622222222
PHE, 6, 27.644, 0.910313, -79671.070312, 0.339081481481
PRO, 5, 26.771, 0.830993, -80491.406250, 0.268974074074
SER, 4, 26.192, 0.834895, -80136.812500, 0.234703703704
THR, 8, 27.292, 0.862152, -80061.453125, 0.375159259259
TRP, 4, 28.527, 0.889128, -79493.609375, 0.314955555556
TYR, 9, 28.018, 0.850681, -80337.242188, 0.270355555556
VAL, 4, 27.456, 0.837319, -80114.257812, 0.221659259259
