AMINO ACID, DSSP, SASA, GYRATE, ENERGY, RMSF
ALA, 8, 24.419, 0.794219, -80197.078125, 0.251659259259
ARG, 2, 26.109, 0.851743, -80147.656250, 0.298462962963
ASN, 8, 24.616, 0.806644, -80838.476562, 0.210481481481
ASP, 10, 26.910, 0.822645, -80756.609375, 0.207903703704
CYS, 9, 28.019, 0.8611, -79990.796875, 0.307162962963
GLN, 5, 28.645, 0.880803, -79441.382812, 0.290562962963
GLU, 6, 26.110, 0.837995, -80765.648438, 0.207940740741
GLY, 7, 24.518, 0.799838, -81227.039062, 0.230159259259
HIS, 4, 26.685, 0.874258, -80931.867188, 0.336788888889
ILE, 7, 26.954, 0.836417, -79402.609375, 0.278788888889
LEU, 9, 27.448, 0.898593, -79812.921875, 0.349325925926
LYS, 7, 30.542, 0.864405, -80290.742188, 0.242707407407
MET, 6, 26.737, 0.843736, -79459.625000, 0.221622222222
PHE, 6, 26.921, 0.927974, -79312.523438, 0.339081481481
PRO, 2, 27.551, 0.837908, -80868.796875, 0.268974074074
SER, 2, 25.746, 0.818271, -80557.414062, 0.234703703704
THR, 10, 27.680, 0.874938, -80246.984375, 0.375159259259
TRP, 2, 29.586, 0.900563, -80623.054688, 0.314955555556
TYR, 7, 28.790, 0.858745, -80599.117188, 0.270355555556
VAL, 8, 28.079, 0.836484, -81146.960938, 0.221659259259
