AMINO ACID, DSSP, SASA, GYRATE, ENERGY, RMSF
ALA, 13, 27.280, 0.850668, -80877.382812, 0.251659259259
ARG, 6, 28.424, 0.862615, -80643.953125, 0.298462962963
ASN, 7, 27.269, 0.835585, -80579.203125, 0.210481481481
ASP, 7, 27.087, 0.812969, -79591.296875, 0.207903703704
CYS, 10, 25.400, 0.827995, -79891.062500, 0.307162962963
GLN, 13, 24.439, 0.810868, -80737.062500, 0.290562962963
GLU, 13, 25.565, 0.817586, -80264.781250, 0.207940740741
GLY, 6, 27.131, 0.843372, -80783.515625, 0.230159259259
HIS, 7, 29.325, 0.872245, -80658.585938, 0.336788888889
ILE, 8, 26.758, 0.859339, -80862.046875, 0.278788888889
LEU, 9, 24.433, 0.802888, -80823.218750, 0.349325925926
LYS, 11, 26.044, 0.816171, -80782.203125, 0.242707407407
MET, 6, 27.502, 0.84542, -80431.320312, 0.221622222222
PHE, 8, 26.076, 0.816195, -79191.945312, 0.339081481481
PRO, 4, 25.072, 0.836307, -80714.312500, 0.268974074074
SER, 7, 25.264, 0.813754, -81086.523438, 0.234703703704
THR, 9, 27.904, 0.836889, -79624.851562, 0.375159259259
TRP, 2, 27.566, 0.844421, -79875.968750, 0.314955555556
TYR, 11, 27.732, 0.877164, -79605.039062, 0.270355555556
VAL, 8, 28.235, 0.84196, -79728.343750, 0.221659259259
