AMINO ACID, DSSP, SASA, GYRATE, ENERGY, RMSF
ALA, 10, 24.990, 0.803615, -79762.398438, 0.251659259259
ARG, 2, 27.372, 0.869731, -80434.000000, 0.298462962963
ASN, 13, 26.526, 0.81397, -81379.554688, 0.210481481481
ASP, 10, 26.734, 0.815078, -80413.148438, 0.207903703704
CYS, 8, 27.076, 0.850566, -79990.734375, 0.307162962963
GLN, 5, 25.993, 0.874298, -80572.859375, 0.290562962963
GLU, 6, 25.699, 0.816173, -79169.234375, 0.207940740741
GLY, 7, 24.700, 0.789101, -80512.625000, 0.230159259259
HIS, 6, 27.696, 0.910249, -80409.203125, 0.336788888889
ILE, 7, 28.393, 0.850704, -80310.070312, 0.278788888889
LEU, 5, 28.842, 0.894498, -80821.093750, 0.349325925926
LYS, 2, 27.723, 0.840261, -81154.734375, 0.242707407407
MET, 11, 26.045, 0.833465, -80126.718750, 0.221622222222
PHE, 6, 27.857, 0.909654, -79572.984375, 0.339081481481
PRO, 7, 25.896, 0.810952, -79876.296875, 0.268974074074
SER, 4, 25.422, 0.805244, -80037.437500, 0.234703703704
THR, 6, 26.551, 0.859435, -80022.046875, 0.375159259259
TRP, 2, 28.495, 0.889612, -79183.375000, 0.314955555556
TYR, 9, 28.142, 0.86103, -79689.718750, 0.270355555556
VAL, 8, 26.874, 0.8353, -80316.492188, 0.221659259259
