AMINO ACID, DSSP, SASA, GYRATE, ENERGY, RMSF
ALA, 10, 25.482, 0.819375, -80400.546875, 0.251659259259
ARG, 4, 26.660, 0.849031, -80647.640625, 0.298462962963
ASN, 8, 26.065, 0.799413, -80617.796875, 0.210481481481
ASP, 10, 23.668, 0.797597, -79125.484375, 0.207903703704
CYS, 9, 25.067, 0.84924, -80502.898438, 0.307162962963
GLN, 0, 26.772, 0.888595, -80183.796875, 0.290562962963
GLU, 8, 24.527, 0.812816, -80696.609375, 0.207940740741
GLY, 5, 25.701, 0.812349, -80420.046875, 0.230159259259
HIS, 8, 28.536, 0.95318, -79721.054688, 0.336788888889
ILE, 7, 26.128, 0.83009, -80075.781250, 0.278788888889
LEU, 7, 27.016, 0.901487, -80776.359375, 0.349325925926
LYS, 7, 27.603, 0.849697, -81238.312500, 0.242707407407
MET, 11, 25.064, 0.829139, -79631.843750, 0.221622222222
PHE, 4, 26.885, 0.906598, -80010.875000, 0.339081481481
PRO, 2, 25.494, 0.810819, -79651.296875, 0.268974074074
SER, 4, 24.065, 0.814017, -80284.390625, 0.234703703704
THR, 6, 27.494, 0.876434, -81314.851562, 0.375159259259
TRP, 2, 31.288, 0.918209, -80068.625000, 0.314955555556
TYR, 10, 29.071, 0.857633, -80772.937500, 0.270355555556
VAL, 8, 27.696, 0.822453, -80214.734375, 0.221659259259
