AMINO ACID, DSSP, SASA, GYRATE, ENERGY, RMSF
ALA, 6, 26.214, 0.817159, -80181.359375, 0.251659259259
ARG, 2, 27.579, 0.864064, -80566.539062, 0.298462962963
ASN, 14, 26.076, 0.796516, -80538.515625, 0.210481481481
ASP, 10, 24.903, 0.800156, -80322.984375, 0.207903703704
CYS, 7, 26.608, 0.852503, -79730.859375, 0.307162962963
GLN, 2, 27.066, 0.875177, -80030.859375, 0.290562962963
GLU, 6, 26.435, 0.831778, -80913.476562, 0.207940740741
GLY, 7, 24.224, 0.798884, -80331.929688, 0.230159259259
HIS, 6, 28.189, 0.952302, -79958.000000, 0.336788888889
ILE, 7, 26.804, 0.841467, -80461.781250, 0.278788888889
LEU, 5, 26.699, 0.915431, -80096.945312, 0.349325925926
LYS, 7, 28.920, 0.861722, -80932.875000, 0.242707407407
MET, 11, 24.891, 0.821549, -79903.906250, 0.221622222222
PHE, 4, 27.260, 0.910355, -79604.125000, 0.339081481481
PRO, 7, 26.556, 0.815972, -80716.000000, 0.268974074074
SER, 2, 25.626, 0.816756, -80510.984375, 0.234703703704
THR, 8, 26.533, 0.855194, -81021.031250, 0.375159259259
TRP, 2, 30.625, 0.911051, -80870.390625, 0.314955555556
TYR, 9, 28.912, 0.848114, -79440.984375, 0.270355555556
VAL, 6, 26.749, 0.822266, -79597.312500, 0.221659259259
