AMINO ACID, DSSP, SASA, GYRATE, ENERGY, RMSF
ALA, 6, 25.452, 0.808532, -79939.476562, 0.251659259259
ARG, 6, 27.811, 0.861063, -80766.625000, 0.298462962963
ASN, 9, 27.316, 0.809199, -80370.781250, 0.210481481481
ASP, 8, 24.873, 0.806059, -80107.031250, 0.207903703704
CYS, 13, 26.433, 0.851605, -79670.375000, 0.307162962963
GLN, 5, 28.552, 0.887926, -80285.750000, 0.290562962963
GLU, 6, 25.313, 0.809048, -80720.867188, 0.207940740741
GLY, 7, 26.939, 0.814276, -80164.148438, 0.230159259259
HIS, 6, 28.867, 0.954512, -79998.601562, 0.336788888889
ILE, 7, 26.740, 0.835663, -79969.781250, 0.278788888889
LEU, 7, 27.508, 0.908273, -79843.960938, 0.349325925926
LYS, 5, 27.471, 0.864918, -79319.937500, 0.242707407407
MET, 11, 25.433, 0.819938, -80444.781250, 0.221622222222
PHE, 6, 27.704, 0.934949, -80215.015625, 0.339081481481
PRO, 5, 26.265, 0.824906, -79920.039062, 0.268974074074
SER, 4, 24.593, 0.815294, -80891.070312, 0.234703703704
THR, 6, 28.140, 0.877928, -80540.632812, 0.375159259259
TRP, 2, 29.165, 0.928214, -81062.843750, 0.314955555556
TYR, 9, 28.566, 0.856012, -79899.210938, 0.270355555556
VAL, 6, 27.101, 0.82709, -80107.046875, 0.221659259259
