AMINO ACID, DSSP, SASA, GYRATE, ENERGY, RMSF
ALA, 8, 26.588, 0.818781, -79989.507812, 0.251659259259
ARG, 4, 27.438, 0.855507, -81403.265625, 0.298462962963
ASN, 10, 26.450, 0.802372, -80837.359375, 0.210481481481
ASP, 10, 26.162, 0.82663, -80426.289062, 0.207903703704
CYS, 4, 25.668, 0.857952, -80018.437500, 0.307162962963
GLN, 2, 27.652, 0.86962, -79810.648438, 0.290562962963
GLU, 6, 26.231, 0.815019, -80366.218750, 0.207940740741
GLY, 7, 24.538, 0.803154, -80554.773438, 0.230159259259
HIS, 8, 29.297, 0.955851, -80945.687500, 0.336788888889
ILE, 7, 27.674, 0.837469, -80571.812500, 0.278788888889
LEU, 7, 26.140, 0.917853, -80448.414062, 0.349325925926
LYS, 5, 28.733, 0.852412, -80280.976562, 0.242707407407
MET, 9, 25.918, 0.833599, -81124.257812, 0.221622222222
PHE, 6, 26.566, 0.923477, -80098.007812, 0.339081481481
PRO, 7, 27.449, 0.84211, -80843.750000, 0.268974074074
SER, 5, 26.446, 0.830028, -79688.421875, 0.234703703704
THR, 8, 27.570, 0.849151, -80741.078125, 0.375159259259
TRP, 2, 28.387, 0.857496, -79656.125000, 0.314955555556
TYR, 7, 27.226, 0.829068, -80472.453125, 0.270355555556
VAL, 6, 26.070, 0.824468, -80323.726562, 0.221659259259
