AMINO ACID, DSSP, SASA, GYRATE, ENERGY, RMSF
ALA, 6, 26.809, 0.824862, -80572.406250, 0.251659259259
ARG, 4, 26.634, 0.85006, -80695.406250, 0.298462962963
ASN, 8, 26.445, 0.804263, -80321.093750, 0.210481481481
ASP, 10, 26.112, 0.811847, -80411.828125, 0.207903703704
CYS, 2, 24.677, 0.83986, -79994.828125, 0.307162962963
GLN, 6, 26.619, 0.85518, -79798.812500, 0.290562962963
GLU, 6, 26.309, 0.812367, -80491.242188, 0.207940740741
GLY, 7, 25.188, 0.807208, -80006.093750, 0.230159259259
HIS, 6, 28.518, 0.946399, -80108.960938, 0.336788888889
ILE, 7, 24.865, 0.823663, -80143.140625, 0.278788888889
LEU, 4, 27.662, 0.90273, -79933.625000, 0.349325925926
LYS, 5, 28.901, 0.837116, -81096.921875, 0.242707407407
MET, 9, 25.469, 0.830755, -80397.250000, 0.221622222222
PHE, 6, 25.591, 0.910938, -80241.460938, 0.339081481481
PRO, 7, 27.068, 0.824651, -78861.218750, 0.268974074074
SER, 4, 25.194, 0.833882, -81188.671875, 0.234703703704
THR, 8, 27.797, 0.8404, -80373.265625, 0.375159259259
TRP, 2, 28.829, 0.868095, -80022.328125, 0.314955555556
TYR, 9, 28.097, 0.853232, -80909.625000, 0.270355555556
VAL, 6, 26.424, 0.826086, -80689.976562, 0.221659259259
