AMINO ACID, DSSP, SASA, GYRATE, ENERGY, RMSF
ALA, 6, 26.511, 0.825533, -80512.242188, 0.251659259259
ARG, 4, 26.808, 0.840937, -80877.921875, 0.298462962963
ASN, 4, 26.161, 0.801279, -80501.023438, 0.210481481481
ASP, 10, 25.153, 0.802621, -80374.187500, 0.207903703704
CYS, 4, 26.312, 0.85192, -80478.421875, 0.307162962963
GLN, 2, 26.945, 0.857404, -80073.390625, 0.290562962963
GLU, 6, 25.296, 0.810026, -81094.281250, 0.207940740741
GLY, 9, 25.707, 0.814079, -80668.031250, 0.230159259259
HIS, 8, 28.237, 0.954761, -81223.148438, 0.336788888889
ILE, 7, 25.638, 0.814031, -80324.656250, 0.278788888889
LEU, 4, 27.592, 0.913692, -80232.914062, 0.349325925926
LYS, 7, 29.426, 0.858434, -80896.390625, 0.242707407407
MET, 9, 26.090, 0.821695, -80844.375000, 0.221622222222
PHE, 6, 26.557, 0.903823, -79284.476562, 0.339081481481
PRO, 2, 26.240, 0.827316, -79827.859375, 0.268974074074
SER, 6, 25.332, 0.830627, -80425.500000, 0.234703703704
THR, 6, 27.196, 0.84925, -80012.617188, 0.375159259259
TRP, 2, 28.779, 0.849935, -79420.507812, 0.314955555556
TYR, 9, 27.179, 0.839598, -80072.796875, 0.270355555556
VAL, 8, 27.495, 0.836279, -80071.507812, 0.221659259259
