AMINO ACID, DSSP, SASA, GYRATE, ENERGY, RMSF
ALA, 4, 25.617, 0.824451, -80542.218750, 0.251659259259
ARG, 0, 28.156, 0.885237, -81129.414062, 0.298462962963
ASN, 10, 27.064, 0.813799, -80709.296875, 0.210481481481
ASP, 8, 25.514, 0.814398, -80357.437500, 0.207903703704
CYS, 2, 24.466, 0.835903, -80015.203125, 0.307162962963
GLN, 3, 27.366, 0.864772, -80544.265625, 0.290562962963
GLU, 6, 25.812, 0.821895, -80537.882812, 0.207940740741
GLY, 3, 25.120, 0.805926, -80537.421875, 0.230159259259
HIS, 6, 29.486, 0.9628, -80872.234375, 0.336788888889
ILE, 7, 26.383, 0.837317, -80276.593750, 0.278788888889
LEU, 6, 28.911, 0.911624, -79726.406250, 0.349325925926
LYS, 11, 26.240, 0.811879, -80862.179688, 0.242707407407
MET, 7, 28.191, 0.832498, -80026.937500, 0.221622222222
PHE, 6, 28.077, 0.938784, -80067.609375, 0.339081481481
PRO, 5, 28.302, 0.831674, -80163.421875, 0.268974074074
SER, 5, 25.935, 0.822587, -79713.359375, 0.234703703704
THR, 8, 26.832, 0.844792, -80342.796875, 0.375159259259
TRP, 2, 27.830, 0.885606, -80439.156250, 0.314955555556
TYR, 7, 26.541, 0.844724, -80058.820312, 0.270355555556
VAL, 8, 27.119, 0.823293, -80536.562500, 0.221659259259
