AMINO ACID, DSSP, SASA, GYRATE, ENERGY, RMSF
ALA, 8, 27.015, 0.824533, -79918.609375, 0.251659259259
ARG, 4, 28.874, 0.868323, -80892.101562, 0.298462962963
ASN, 11, 26.437, 0.812588, -80315.562500, 0.210481481481
ASP, 8, 25.300, 0.806185, -80414.718750, 0.207903703704
CYS, 7, 26.564, 0.83298, -79809.234375, 0.307162962963
GLN, 2, 25.446, 0.842017, -80313.312500, 0.290562962963
GLU, 6, 26.038, 0.831603, -80213.898438, 0.207940740741
GLY, 5, 24.326, 0.807559, -80495.375000, 0.230159259259
HIS, 6, 27.563, 0.929801, -81082.343750, 0.336788888889
ILE, 7, 26.741, 0.832462, -80428.679688, 0.278788888889
LEU, 5, 28.036, 0.892017, -79430.468750, 0.349325925926
LYS, 8, 28.790, 0.835993, -80522.500000, 0.242707407407
MET, 8, 27.690, 0.83915, -79437.593750, 0.221622222222
PHE, 6, 28.377, 0.903283, -80228.218750, 0.339081481481
PRO, 9, 26.451, 0.816497, -79951.289062, 0.268974074074
SER, 5, 26.694, 0.839575, -80064.671875, 0.234703703704
THR, 6, 27.572, 0.873394, -79726.312500, 0.375159259259
TRP, 2, 28.563, 0.89219, -80109.703125, 0.314955555556
TYR, 9, 28.520, 0.857421, -80288.929688, 0.270355555556
VAL, 8, 25.793, 0.829084, -80657.484375, 0.221659259259
