AMINO ACID, DSSP, SASA, GYRATE, ENERGY, RMSF
ALA, 6, 26.636, 0.806223, -79155.109375, 0.251659259259
ARG, 2, 28.911, 0.869842, -81201.937500, 0.298462962963
ASN, 10, 27.186, 0.817882, -79382.039062, 0.210481481481
ASP, 10, 25.775, 0.816988, -79961.210938, 0.207903703704
CYS, 7, 26.734, 0.85084, -80631.234375, 0.307162962963
GLN, 2, 26.428, 0.840764, -79415.406250, 0.290562962963
GLU, 6, 25.533, 0.83357, -79730.210938, 0.207940740741
GLY, 7, 24.864, 0.808575, -80006.281250, 0.230159259259
HIS, 8, 28.952, 0.951941, -81107.289062, 0.336788888889
ILE, 7, 25.425, 0.822441, -80102.757812, 0.278788888889
LEU, 3, 28.291, 0.876071, -79700.796875, 0.349325925926
LYS, 6, 27.748, 0.828256, -79755.015625, 0.242707407407
MET, 11, 26.947, 0.834392, -80759.046875, 0.221622222222
PHE, 8, 27.429, 0.895847, -80340.468750, 0.339081481481
PRO, 6, 26.611, 0.825411, -80223.718750, 0.268974074074
SER, 4, 26.242, 0.831185, -79982.546875, 0.234703703704
THR, 8, 27.249, 0.845424, -80684.039062, 0.375159259259
TRP, 0, 29.586, 0.903763, -80042.015625, 0.314955555556
TYR, 10, 27.967, 0.871018, -80020.687500, 0.270355555556
VAL, 8, 26.632, 0.831716, -80033.445312, 0.221659259259
