AMINO ACID, DSSP, SASA, GYRATE, ENERGY, RMSF
ALA, 6, 25.513, 0.815859, -80866.328125, 0.251659259259
ARG, 4, 29.158, 0.868683, -81243.187500, 0.298462962963
ASN, 12, 25.818, 0.823125, -80885.421875, 0.210481481481
ASP, 8, 26.055, 0.810378, -80661.156250, 0.207903703704
CYS, 7, 24.922, 0.861879, -80001.007812, 0.307162962963
GLN, 9, 26.032, 0.840124, -80861.445312, 0.290562962963
GLU, 6, 26.835, 0.831893, -79997.453125, 0.207940740741
GLY, 7, 24.262, 0.787704, -81051.234375, 0.230159259259
HIS, 6, 27.884, 0.918726, -79780.039062, 0.336788888889
ILE, 7, 26.348, 0.821573, -80381.765625, 0.278788888889
LEU, 5, 29.028, 0.887061, -79760.046875, 0.349325925926
LYS, 7, 27.734, 0.836098, -80150.078125, 0.242707407407
MET, 11, 25.429, 0.820552, -79694.937500, 0.221622222222
PHE, 6, 26.578, 0.891486, -79766.132812, 0.339081481481
PRO, 4, 28.774, 0.866749, -80160.656250, 0.268974074074
SER, 4, 26.318, 0.824284, -79680.937500, 0.234703703704
THR, 8, 27.670, 0.870742, -80631.867188, 0.375159259259
TRP, 2, 30.081, 0.907309, -80130.171875, 0.314955555556
TYR, 7, 28.459, 0.861204, -79769.531250, 0.270355555556
VAL, 4, 25.417, 0.81572, -80370.703125, 0.221659259259
