AMINO ACID, DSSP, SASA, GYRATE, ENERGY, RMSF
ALA, 8, 26.476, 0.80771, -80184.054688, 0.251659259259
ARG, 2, 28.243, 0.856699, -81316.484375, 0.298462962963
ASN, 8, 25.830, 0.813756, -80743.375000, 0.210481481481
ASP, 8, 26.517, 0.815522, -80326.421875, 0.207903703704
CYS, 9, 25.851, 0.852388, -79712.062500, 0.307162962963
GLN, 5, 24.917, 0.824485, -79795.593750, 0.290562962963
GLU, 4, 25.553, 0.815683, -81123.156250, 0.207940740741
GLY, 9, 24.112, 0.790785, -80567.796875, 0.230159259259
HIS, 10, 27.714, 0.921138, -79917.554688, 0.336788888889
ILE, 7, 27.043, 0.840276, -79815.484375, 0.278788888889
LEU, 5, 28.344, 0.917078, -79604.031250, 0.349325925926
LYS, 9, 27.442, 0.82017, -81346.687500, 0.242707407407
MET, 9, 26.959, 0.83461, -80253.484375, 0.221622222222
PHE, 6, 25.878, 0.896594, -80126.046875, 0.339081481481
PRO, 6, 27.488, 0.855308, -80866.515625, 0.268974074074
SER, 4, 25.284, 0.828332, -80245.500000, 0.234703703704
THR, 8, 27.880, 0.871131, -80526.398438, 0.375159259259
TRP, 0, 29.723, 0.927427, -79360.671875, 0.314955555556
TYR, 9, 28.862, 0.853688, -79823.992188, 0.270355555556
VAL, 4, 26.567, 0.83324, -80559.898438, 0.221659259259
