AMINO ACID, DSSP, SASA, GYRATE, ENERGY, RMSF
ALA, 8, 24.733, 0.816541, -80155.492188, 0.251659259259
ARG, 4, 28.720, 0.864757, -80752.468750, 0.298462962963
ASN, 10, 27.332, 0.821054, -80060.546875, 0.210481481481
ASP, 6, 26.215, 0.810998, -80714.625000, 0.207903703704
CYS, 7, 26.313, 0.856469, -80019.960938, 0.307162962963
GLN, 5, 24.734, 0.830197, -81262.046875, 0.290562962963
GLU, 6, 26.214, 0.822305, -79178.546875, 0.207940740741
GLY, 7, 23.641, 0.782919, -80847.671875, 0.230159259259
HIS, 10, 28.219, 0.907732, -80091.570312, 0.336788888889
ILE, 7, 26.066, 0.824733, -79753.531250, 0.278788888889
LEU, 5, 28.379, 0.919437, -79903.515625, 0.349325925926
LYS, 11, 26.331, 0.824912, -80811.085938, 0.242707407407
MET, 7, 26.110, 0.832968, -80621.531250, 0.221622222222
PHE, 4, 26.907, 0.912578, -79669.031250, 0.339081481481
PRO, 9, 28.967, 0.878759, -79602.562500, 0.268974074074
SER, 4, 25.982, 0.834613, -79829.718750, 0.234703703704
THR, 6, 27.462, 0.870349, -80130.859375, 0.375159259259
TRP, 4, 30.714, 0.925575, -79785.734375, 0.314955555556
TYR, 9, 28.326, 0.853314, -78803.742188, 0.270355555556
VAL, 2, 26.479, 0.819169, -80619.625000, 0.221659259259
