AMINO ACID, DSSP, SASA, GYRATE, ENERGY, RMSF
ALA, 6, 26.070, 0.808431, -79783.875000, 0.251659259259
ARG, 4, 29.506, 0.888703, -80730.671875, 0.298462962963
ASN, 10, 26.547, 0.81976, -79528.593750, 0.210481481481
ASP, 8, 27.104, 0.817146, -79878.437500, 0.207903703704
CYS, 5, 26.644, 0.855319, -79967.445312, 0.307162962963
GLN, 5, 25.936, 0.826526, -80641.953125, 0.290562962963
GLU, 6, 24.297, 0.805825, -79988.062500, 0.207940740741
GLY, 7, 25.935, 0.80153, -80030.328125, 0.230159259259
HIS, 6, 28.063, 0.945269, -80603.000000, 0.336788888889
ILE, 7, 25.241, 0.832438, -79591.125000, 0.278788888889
LEU, 5, 28.880, 0.908753, -80005.921875, 0.349325925926
LYS, 5, 25.582, 0.80991, -79868.656250, 0.242707407407
MET, 9, 26.983, 0.839647, -80521.304688, 0.221622222222
PHE, 6, 27.433, 0.8952, -80308.070312, 0.339081481481
PRO, 4, 26.961, 0.846487, -80572.414062, 0.268974074074
SER, 4, 26.080, 0.833124, -80812.289062, 0.234703703704
THR, 8, 25.849, 0.841186, -80061.382812, 0.375159259259
TRP, 2, 29.462, 0.905252, -79831.476562, 0.314955555556
TYR, 9, 28.947, 0.867132, -80687.906250, 0.270355555556
VAL, 6, 27.393, 0.837905, -79844.703125, 0.221659259259
