AMINO ACID, DSSP, SASA, GYRATE, ENERGY, RMSF
ALA, 8, 27.540, 0.816836, -79562.429688, 0.251659259259
ARG, 2, 28.511, 0.872415, -81173.750000, 0.298462962963
ASN, 8, 28.138, 0.819633, -79860.812500, 0.210481481481
ASP, 10, 25.453, 0.819895, -80435.390625, 0.207903703704
CYS, 7, 27.444, 0.894398, -80323.703125, 0.307162962963
GLN, 4, 27.069, 0.866368, -80025.312500, 0.290562962963
GLU, 10, 23.701, 0.803883, -80146.718750, 0.207940740741
GLY, 7, 24.144, 0.804193, -80511.468750, 0.230159259259
HIS, 8, 28.053, 0.942521, -79863.062500, 0.336788888889
ILE, 7, 24.753, 0.819944, -79803.078125, 0.278788888889
LEU, 5, 27.842, 0.888502, -80359.796875, 0.349325925926
LYS, 9, 27.813, 0.824362, -80087.234375, 0.242707407407
MET, 9, 26.952, 0.844754, -81096.718750, 0.221622222222
PHE, 4, 26.346, 0.923965, -80299.476562, 0.339081481481
PRO, 10, 26.895, 0.842771, -80882.687500, 0.268974074074
SER, 4, 25.536, 0.837564, -80044.953125, 0.234703703704
THR, 6, 26.364, 0.842336, -80262.171875, 0.375159259259
TRP, 2, 30.617, 0.916541, -80566.921875, 0.314955555556
TYR, 7, 28.341, 0.865893, -80282.968750, 0.270355555556
VAL, 6, 27.307, 0.837341, -81374.640625, 0.221659259259
