AMINO ACID, DSSP, SASA, GYRATE, ENERGY, RMSF
ALA, 8, 27.252, 0.819143, -80534.718750, 0.251659259259
ARG, 2, 27.018, 0.854007, -80523.640625, 0.298462962963
ASN, 10, 29.394, 0.848081, -81345.703125, 0.210481481481
ASP, 10, 26.098, 0.821673, -80446.273438, 0.207903703704
CYS, 7, 27.176, 0.880611, -79348.632812, 0.307162962963
GLN, 5, 26.094, 0.856065, -80499.437500, 0.290562962963
GLU, 10, 25.118, 0.801875, -81068.617188, 0.207940740741
GLY, 7, 24.881, 0.803546, -80089.593750, 0.230159259259
HIS, 8, 28.846, 0.939718, -79864.617188, 0.336788888889
ILE, 7, 25.190, 0.813911, -80536.695312, 0.278788888889
LEU, 7, 27.462, 0.91566, -80838.015625, 0.349325925926
LYS, 9, 27.321, 0.813941, -79953.320312, 0.242707407407
MET, 9, 27.800, 0.841784, -81149.937500, 0.221622222222
PHE, 6, 28.413, 0.95075, -80819.671875, 0.339081481481
PRO, 8, 27.415, 0.853709, -80456.070312, 0.268974074074
SER, 4, 25.524, 0.835019, -80711.312500, 0.234703703704
THR, 6, 26.557, 0.847203, -79993.156250, 0.375159259259
TRP, 4, 30.869, 0.919149, -79539.703125, 0.314955555556
TYR, 7, 28.134, 0.861277, -79288.156250, 0.270355555556
VAL, 4, 27.335, 0.828805, -81128.140625, 0.221659259259
