AMINO ACID, DSSP, SASA, GYRATE, ENERGY, RMSF
ALA, 8, 26.932, 0.833878, -80330.242188, 0.251659259259
ARG, 2, 27.250, 0.865776, -80601.812500, 0.298462962963
ASN, 11, 27.207, 0.834798, -80575.914062, 0.210481481481
ASP, 8, 25.840, 0.813478, -79781.898438, 0.207903703704
CYS, 7, 27.486, 0.878486, -80129.968750, 0.307162962963
GLN, 5, 26.010, 0.850036, -80602.515625, 0.290562962963
GLU, 10, 24.784, 0.805162, -79798.359375, 0.207940740741
GLY, 7, 25.209, 0.798023, -81349.585938, 0.230159259259
HIS, 8, 28.651, 0.953818, -80359.171875, 0.336788888889
ILE, 7, 26.215, 0.832792, -80771.656250, 0.278788888889
LEU, 5, 27.883, 0.880916, -80654.171875, 0.349325925926
LYS, 7, 27.653, 0.82229, -80861.062500, 0.242707407407
MET, 9, 26.470, 0.835743, -80274.609375, 0.221622222222
PHE, 6, 26.377, 0.920298, -79666.289062, 0.339081481481
PRO, 9, 27.495, 0.839492, -80885.203125, 0.268974074074
SER, 2, 27.222, 0.842579, -80593.085938, 0.234703703704
THR, 4, 27.266, 0.857095, -79415.281250, 0.375159259259
TRP, 2, 31.002, 0.921989, -80015.343750, 0.314955555556
TYR, 7, 28.980, 0.885109, -80113.054688, 0.270355555556
VAL, 4, 25.686, 0.826092, -79744.742188, 0.221659259259
