AMINO ACID, DSSP, SASA, GYRATE, ENERGY, RMSF
ALA, 6, 26.923, 0.822829, -79832.109375, 0.251659259259
ARG, 2, 26.499, 0.853876, -80457.437500, 0.298462962963
ASN, 8, 26.688, 0.831497, -79780.242188, 0.210481481481
ASP, 10, 25.114, 0.808635, -80007.789062, 0.207903703704
CYS, 5, 27.851, 0.887957, -80815.742188, 0.307162962963
GLN, 2, 26.715, 0.85214, -81182.093750, 0.290562962963
GLU, 8, 25.192, 0.813367, -80230.312500, 0.207940740741
GLY, 7, 22.737, 0.78961, -80054.359375, 0.230159259259
HIS, 6, 28.813, 0.942729, -79294.812500, 0.336788888889
ILE, 7, 24.716, 0.822691, -79825.421875, 0.278788888889
LEU, 5, 28.426, 0.879178, -80100.031250, 0.349325925926
LYS, 7, 24.848, 0.789029, -81067.039062, 0.242707407407
MET, 9, 28.195, 0.856024, -80217.593750, 0.221622222222
PHE, 6, 28.738, 0.947842, -79910.859375, 0.339081481481
PRO, 6, 27.633, 0.847033, -79870.250000, 0.268974074074
SER, 2, 26.330, 0.847281, -80666.585938, 0.234703703704
THR, 4, 26.591, 0.879053, -80441.085938, 0.375159259259
TRP, 2, 27.468, 0.892531, -79794.382812, 0.314955555556
TYR, 9, 28.480, 0.851494, -79798.656250, 0.270355555556
VAL, 6, 26.798, 0.837717, -79683.945312, 0.221659259259
