AMINO ACID, DSSP, SASA, GYRATE, ENERGY, RMSF
ALA, 6, 27.337, 0.828304, -79807.304688, 0.251659259259
ARG, 2, 28.996, 0.856642, -80613.351562, 0.298462962963
ASN, 10, 26.388, 0.826775, -80977.914062, 0.210481481481
ASP, 10, 26.843, 0.815829, -80354.968750, 0.207903703704
CYS, 8, 27.760, 0.887558, -80348.835938, 0.307162962963
GLN, 5, 27.401, 0.857634, -80957.453125, 0.290562962963
GLU, 8, 25.572, 0.80275, -80384.171875, 0.207940740741
GLY, 7, 23.703, 0.789561, -80448.890625, 0.230159259259
HIS, 10, 28.472, 0.918487, -80011.250000, 0.336788888889
ILE, 7, 25.367, 0.815803, -80757.937500, 0.278788888889
LEU, 5, 28.438, 0.886777, -79551.570312, 0.349325925926
LYS, 9, 26.344, 0.795536, -80367.031250, 0.242707407407
MET, 9, 27.089, 0.838224, -80860.359375, 0.221622222222
PHE, 6, 28.263, 0.95357, -79997.796875, 0.339081481481
PRO, 6, 28.649, 0.852202, -80627.281250, 0.268974074074
SER, 0, 27.412, 0.847798, -80212.289062, 0.234703703704
THR, 4, 26.943, 0.871959, -79955.437500, 0.375159259259
TRP, 2, 28.474, 0.896445, -80239.554688, 0.314955555556
TYR, 7, 27.701, 0.833669, -79384.156250, 0.270355555556
VAL, 6, 26.811, 0.843996, -80001.359375, 0.221659259259
