AMINO ACID, DSSP, SASA, GYRATE, ENERGY, RMSF
ALA, 8, 25.023, 0.80934, -80366.812500, 0.251659259259
ARG, 2, 29.705, 0.859225, -81385.492188, 0.298462962963
ASN, 12, 26.928, 0.837414, -80140.367188, 0.210481481481
ASP, 6, 25.195, 0.802271, -80434.210938, 0.207903703704
CYS, 5, 29.532, 0.902855, -80442.546875, 0.307162962963
GLN, 4, 27.391, 0.859753, -79884.312500, 0.290562962963
GLU, 6, 24.858, 0.811802, -79849.218750, 0.207940740741
GLY, 7, 23.043, 0.787185, -79975.171875, 0.230159259259
HIS, 6, 28.537, 0.909597, -79944.437500, 0.336788888889
ILE, 7, 26.042, 0.811945, -81014.156250, 0.278788888889
LEU, 5, 29.099, 0.916526, -80423.078125, 0.349325925926
LYS, 7, 25.077, 0.789751, -80581.390625, 0.242707407407
MET, 9, 27.134, 0.839418, -79442.812500, 0.221622222222
PHE, 6, 28.259, 0.933007, -79946.945312, 0.339081481481
PRO, 7, 26.881, 0.845041, -79878.203125, 0.268974074074
SER, 0, 26.618, 0.841512, -80399.250000, 0.234703703704
THR, 6, 27.438, 0.866449, -81217.445312, 0.375159259259
TRP, 2, 29.282, 0.913168, -79972.156250, 0.314955555556
TYR, 7, 27.644, 0.84735, -80060.210938, 0.270355555556
VAL, 6, 27.841, 0.833193, -79505.640625, 0.221659259259
