AMINO ACID, DSSP, SASA, GYRATE, ENERGY, RMSF
ALA, 4, 27.300, 0.820109, -79889.921875, 0.251659259259
ARG, 2, 29.903, 0.86659, -81142.335938, 0.298462962963
ASN, 13, 26.418, 0.82513, -80193.828125, 0.210481481481
ASP, 10, 24.511, 0.79951, -79676.289062, 0.207903703704
CYS, 7, 27.363, 0.89247, -80094.593750, 0.307162962963
GLN, 2, 28.723, 0.867795, -80502.132812, 0.290562962963
GLU, 8, 25.569, 0.820079, -80175.257812, 0.207940740741
GLY, 7, 24.900, 0.794411, -80842.281250, 0.230159259259
HIS, 8, 28.066, 0.910645, -80000.578125, 0.336788888889
ILE, 9, 25.543, 0.81763, -80886.265625, 0.278788888889
LEU, 0, 29.660, 0.937986, -80436.289062, 0.349325925926
LYS, 4, 25.723, 0.789137, -80127.703125, 0.242707407407
MET, 9, 28.943, 0.850741, -80511.890625, 0.221622222222
PHE, 8, 28.307, 0.954868, -80293.640625, 0.339081481481
PRO, 6, 27.392, 0.830839, -79873.156250, 0.268974074074
SER, 0, 25.951, 0.837675, -79795.250000, 0.234703703704
THR, 4, 28.085, 0.864191, -80302.117188, 0.375159259259
TRP, 2, 28.975, 0.890983, -80519.468750, 0.314955555556
TYR, 0, 27.657, 0.841242, -79364.281250, 0.270355555556
VAL, 8, 26.562, 0.826363, -79391.859375, 0.221659259259
