AMINO ACID, DSSP, SASA, GYRATE, ENERGY, RMSF
ALA, 8, 26.210, 0.823493, -80162.953125, 0.251659259259
ARG, 2, 28.044, 0.84298, -80785.242188, 0.298462962963
ASN, 8, 26.596, 0.832478, -80457.382812, 0.210481481481
ASP, 2, 26.552, 0.813626, -81207.437500, 0.207903703704
CYS, 10, 29.293, 0.907837, -80276.242188, 0.307162962963
GLN, 5, 27.429, 0.853462, -80533.257812, 0.290562962963
GLU, 6, 23.219, 0.811841, -80579.046875, 0.207940740741
GLY, 9, 23.996, 0.78239, -79779.921875, 0.230159259259
HIS, 6, 28.121, 0.925256, -80423.875000, 0.336788888889
ILE, 4, 26.279, 0.83668, -79124.828125, 0.278788888889
LEU, 0, 30.133, 0.936646, -80641.101562, 0.349325925926
LYS, 6, 26.432, 0.807759, -80819.960938, 0.242707407407
MET, 11, 26.403, 0.830553, -80376.367188, 0.221622222222
PHE, 6, 29.165, 0.970078, -80104.656250, 0.339081481481
PRO, 4, 26.610, 0.856434, -81085.359375, 0.268974074074
SER, 2, 27.769, 0.849905, -80871.484375, 0.234703703704
THR, 8, 26.665, 0.844268, -80244.757812, 0.375159259259
TRP, 2, 29.987, 0.907065, -79979.203125, 0.314955555556
TYR, 7, 28.881, 0.857953, -80445.554688, 0.270355555556
VAL, 8, 26.621, 0.835257, -80619.687500, 0.221659259259
