AMINO ACID, DSSP, SASA, GYRATE, ENERGY, RMSF
ALA, 8, 25.931, 0.81628, -80266.718750, 0.251659259259
ARG, 2, 27.524, 0.849256, -80874.000000, 0.298462962963
ASN, 8, 25.525, 0.803377, -80795.078125, 0.210481481481
ASP, 6, 26.865, 0.815819, -79797.421875, 0.207903703704
CYS, 7, 27.749, 0.886812, -79922.171875, 0.307162962963
GLN, 11, 28.075, 0.858534, -79981.765625, 0.290562962963
GLU, 8, 24.612, 0.800804, -79463.820312, 0.207940740741
GLY, 9, 23.156, 0.787189, -80063.609375, 0.230159259259
HIS, 8, 29.130, 0.969361, -80195.507812, 0.336788888889
ILE, 7, 25.105, 0.822791, -80245.734375, 0.278788888889
LEU, 5, 29.805, 0.906939, -80021.960938, 0.349325925926
LYS, 9, 25.171, 0.791923, -80536.937500, 0.242707407407
MET, 7, 27.869, 0.849567, -80326.750000, 0.221622222222
PHE, 4, 29.285, 0.933003, -79305.171875, 0.339081481481
PRO, 9, 27.267, 0.835147, -79884.062500, 0.268974074074
SER, 2, 26.778, 0.839096, -80315.234375, 0.234703703704
THR, 6, 27.874, 0.867404, -79571.046875, 0.375159259259
TRP, 2, 28.434, 0.870364, -79038.218750, 0.314955555556
TYR, 10, 28.987, 0.853026, -80277.781250, 0.270355555556
VAL, 2, 27.931, 0.84032, -80194.234375, 0.221659259259
