AMINO ACID, DSSP, SASA, GYRATE, ENERGY, RMSF
ALA, 8, 26.134, 0.831509, -80179.968750, 0.251659259259
ARG, 4, 27.200, 0.8377, -80727.781250, 0.298462962963
ASN, 12, 26.466, 0.825487, -80865.968750, 0.210481481481
ASP, 10, 25.588, 0.802696, -79408.125000, 0.207903703704
CYS, 7, 27.109, 0.872177, -80259.476562, 0.307162962963
GLN, 5, 28.240, 0.841527, -80066.515625, 0.290562962963
GLU, 8, 25.357, 0.816422, -79897.453125, 0.207940740741
GLY, 7, 25.368, 0.78392, -80224.828125, 0.230159259259
HIS, 8, 29.980, 0.963832, -80841.882812, 0.336788888889
ILE, 7, 25.975, 0.829394, -79789.812500, 0.278788888889
LEU, 4, 29.040, 0.916099, -80778.164062, 0.349325925926
LYS, 9, 26.046, 0.797456, -79977.007812, 0.242707407407
MET, 9, 28.510, 0.857878, -81389.437500, 0.221622222222
PHE, 4, 27.934, 0.931321, -80304.960938, 0.339081481481
PRO, 9, 26.099, 0.820329, -79888.031250, 0.268974074074
SER, 0, 25.535, 0.846991, -80518.273438, 0.234703703704
THR, 8, 27.717, 0.873453, -79851.992188, 0.375159259259
TRP, 2, 28.779, 0.871716, -79219.015625, 0.314955555556
TYR, 6, 28.589, 0.844612, -79847.343750, 0.270355555556
VAL, 4, 26.254, 0.828137, -80154.992188, 0.221659259259
