AMINO ACID, DSSP, SASA, GYRATE, ENERGY, RMSF
ALA, 8, 26.670, 0.816845, -80102.093750, 0.251659259259
ARG, 6, 27.296, 0.838002, -80622.578125, 0.298462962963
ASN, 8, 27.394, 0.829437, -81018.562500, 0.210481481481
ASP, 10, 25.575, 0.804476, -80161.312500, 0.207903703704
CYS, 5, 26.817, 0.860089, -80426.710938, 0.307162962963
GLN, 3, 25.656, 0.849558, -79757.070312, 0.290562962963
GLU, 8, 25.634, 0.823624, -79109.679688, 0.207940740741
GLY, 7, 23.855, 0.793535, -80731.359375, 0.230159259259
HIS, 10, 30.926, 0.960178, -80487.742188, 0.336788888889
ILE, 7, 26.163, 0.841307, -79561.921875, 0.278788888889
LEU, 2, 28.935, 0.921975, -79380.828125, 0.349325925926
LYS, 7, 24.905, 0.791677, -80149.828125, 0.242707407407
MET, 9, 26.445, 0.834719, -79525.843750, 0.221622222222
PHE, 4, 28.478, 0.93978, -80202.382812, 0.339081481481
PRO, 7, 26.860, 0.830326, -80547.265625, 0.268974074074
SER, 4, 27.294, 0.839106, -80128.625000, 0.234703703704
THR, 8, 28.979, 0.868953, -80265.687500, 0.375159259259
TRP, 0, 29.371, 0.873254, -80704.703125, 0.314955555556
TYR, 9, 28.857, 0.855468, -79443.906250, 0.270355555556
VAL, 4, 27.022, 0.831685, -79747.968750, 0.221659259259
