AMINO ACID, DSSP, SASA, GYRATE, ENERGY, RMSF
ALA, 8, 25.333, 0.804927, -80712.882812, 0.251659259259
ARG, 4, 27.331, 0.845038, -80552.156250, 0.298462962963
ASN, 8, 26.524, 0.824108, -80602.406250, 0.210481481481
ASP, 12, 25.771, 0.793457, -80786.257812, 0.207903703704
CYS, 7, 24.742, 0.856129, -80322.070312, 0.307162962963
GLN, 5, 25.605, 0.84628, -79520.750000, 0.290562962963
GLU, 8, 23.948, 0.809971, -81054.789062, 0.207940740741
GLY, 11, 23.975, 0.796644, -80814.812500, 0.230159259259
HIS, 8, 28.365, 0.898129, -80378.468750, 0.336788888889
ILE, 7, 26.690, 0.826139, -79993.531250, 0.278788888889
LEU, 7, 29.235, 0.93579, -80095.312500, 0.349325925926
LYS, 7, 24.252, 0.787966, -81386.718750, 0.242707407407
MET, 9, 26.297, 0.824291, -79961.625000, 0.221622222222
PHE, 2, 27.893, 0.900931, -80415.445312, 0.339081481481
PRO, 4, 26.278, 0.818542, -80371.054688, 0.268974074074
SER, 2, 27.996, 0.845913, -81094.859375, 0.234703703704
THR, 6, 27.481, 0.862658, -79582.859375, 0.375159259259
TRP, 5, 29.316, 0.888647, -79652.671875, 0.314955555556
TYR, 7, 27.500, 0.864237, -79418.765625, 0.270355555556
VAL, 2, 26.188, 0.831, -79543.656250, 0.221659259259
