AMINO ACID, DSSP, SASA, GYRATE, ENERGY, RMSF
ALA, 7, 25.812, 0.809616, -80616.421875, 0.251659259259
ARG, 9, 29.240, 0.873392, -81069.562500, 0.298462962963
ASN, 8, 27.491, 0.82297, -80941.632812, 0.210481481481
ASP, 8, 25.906, 0.805955, -79964.148438, 0.207903703704
CYS, 7, 25.864, 0.860627, -80454.515625, 0.307162962963
GLN, 5, 25.465, 0.845642, -80436.500000, 0.290562962963
GLU, 8, 26.478, 0.829382, -80755.304688, 0.207940740741
GLY, 9, 25.074, 0.806945, -80155.093750, 0.230159259259
HIS, 8, 28.976, 0.961102, -80168.843750, 0.336788888889
ILE, 9, 26.051, 0.839684, -79038.304688, 0.278788888889
LEU, 5, 27.925, 0.93685, -80072.164062, 0.349325925926
LYS, 9, 24.273, 0.785934, -80753.015625, 0.242707407407
MET, 7, 27.812, 0.840968, -80276.062500, 0.221622222222
PHE, 4, 27.621, 0.893139, -80780.789062, 0.339081481481
PRO, 7, 25.754, 0.838916, -80000.695312, 0.268974074074
SER, 2, 25.184, 0.814999, -80548.328125, 0.234703703704
THR, 6, 25.758, 0.85432, -78887.734375, 0.375159259259
TRP, 2, 29.402, 0.90819, -78967.593750, 0.314955555556
TYR, 10, 27.698, 0.83443, -79836.140625, 0.270355555556
VAL, 6, 27.416, 0.83143, -79944.968750, 0.221659259259
