AMINO ACID, DSSP, SASA, GYRATE, ENERGY, RMSF
ALA, 9, 25.014, 0.80169, -80124.875000, 0.251659259259
ARG, 4, 28.853, 0.877589, -80810.875000, 0.298462962963
ASN, 12, 27.417, 0.815968, -80404.359375, 0.210481481481
ASP, 10, 26.019, 0.811055, -79757.718750, 0.207903703704
CYS, 5, 26.295, 0.887913, -79913.265625, 0.307162962963
GLN, 5, 26.561, 0.847414, -79447.718750, 0.290562962963
GLU, 10, 25.949, 0.814413, -80474.890625, 0.207940740741
GLY, 7, 24.497, 0.801026, -80945.617188, 0.230159259259
HIS, 4, 29.386, 0.959882, -79676.710938, 0.336788888889
ILE, 7, 26.285, 0.834907, -80081.742188, 0.278788888889
LEU, 5, 28.964, 0.915051, -80238.984375, 0.349325925926
LYS, 5, 23.944, 0.776064, -80615.484375, 0.242707407407
MET, 7, 29.101, 0.853155, -80126.765625, 0.221622222222
PHE, 6, 27.476, 0.905618, -79594.976562, 0.339081481481
PRO, 2, 25.190, 0.840894, -79986.671875, 0.268974074074
SER, 2, 25.616, 0.823346, -80713.609375, 0.234703703704
THR, 8, 25.106, 0.836494, -80249.359375, 0.375159259259
TRP, 2, 29.871, 0.898758, -79272.031250, 0.314955555556
TYR, 8, 27.631, 0.846291, -79653.109375, 0.270355555556
VAL, 2, 26.461, 0.840307, -80435.546875, 0.221659259259
