AMINO ACID, DSSP, SASA, GYRATE, ENERGY, RMSF
ALA, 9, 24.200, 0.793675, -79982.500000, 0.251659259259
ARG, 5, 27.402, 0.837985, -80018.054688, 0.298462962963
ASN, 8, 27.429, 0.820779, -80297.921875, 0.210481481481
ASP, 6, 25.003, 0.803849, -79685.437500, 0.207903703704
CYS, 5, 27.215, 0.869055, -80218.164062, 0.307162962963
GLN, 5, 26.277, 0.844704, -81028.406250, 0.290562962963
GLU, 6, 24.939, 0.816443, -80011.375000, 0.207940740741
GLY, 7, 24.734, 0.800812, -80169.476562, 0.230159259259
HIS, 6, 29.325, 0.961145, -80072.093750, 0.336788888889
ILE, 7, 26.872, 0.836919, -80161.507812, 0.278788888889
LEU, 7, 27.832, 0.915074, -79212.593750, 0.349325925926
LYS, 9, 25.474, 0.793985, -80195.296875, 0.242707407407
MET, 7, 28.121, 0.849407, -79946.968750, 0.221622222222
PHE, 4, 25.631, 0.876671, -80018.039062, 0.339081481481
PRO, 7, 26.415, 0.841064, -81146.750000, 0.268974074074
SER, 0, 24.984, 0.811866, -80003.468750, 0.234703703704
THR, 10, 24.406, 0.83773, -80879.234375, 0.375159259259
TRP, 4, 26.648, 0.901492, -79414.984375, 0.314955555556
TYR, 8, 26.851, 0.842948, -78926.640625, 0.270355555556
VAL, 2, 25.733, 0.835088, -81164.171875, 0.221659259259
