AMINO ACID, DSSP, SASA, GYRATE, ENERGY, RMSF
ALA, 9, 25.246, 0.80932, -80091.656250, 0.251659259259
ARG, 2, 27.767, 0.851193, -81385.250000, 0.298462962963
ASN, 8, 25.238, 0.807859, -80213.484375, 0.210481481481
ASP, 10, 26.818, 0.815979, -79227.453125, 0.207903703704
CYS, 7, 27.163, 0.882531, -79786.750000, 0.307162962963
GLN, 4, 27.938, 0.866118, -80403.367188, 0.290562962963
GLU, 6, 27.005, 0.832255, -80477.507812, 0.207940740741
GLY, 9, 23.269, 0.782244, -80882.781250, 0.230159259259
HIS, 6, 29.583, 0.965413, -80813.421875, 0.336788888889
ILE, 7, 25.687, 0.834013, -79801.140625, 0.278788888889
LEU, 7, 29.885, 0.915924, -80617.554688, 0.349325925926
LYS, 7, 25.305, 0.793936, -80310.382812, 0.242707407407
MET, 7, 26.951, 0.846861, -80472.125000, 0.221622222222
PHE, 4, 26.734, 0.867032, -80050.468750, 0.339081481481
PRO, 4, 26.103, 0.847284, -79850.117188, 0.268974074074
SER, 2, 25.035, 0.813951, -80004.656250, 0.234703703704
THR, 10, 25.663, 0.851407, -79874.734375, 0.375159259259
TRP, 0, 29.249, 0.879056, -80270.765625, 0.314955555556
TYR, 8, 28.969, 0.861939, -79981.585938, 0.270355555556
VAL, 6, 27.096, 0.841128, -81083.703125, 0.221659259259
