AMINO ACID, DSSP, SASA, GYRATE, ENERGY, RMSF
ALA, 9, 26.025, 0.808621, -80359.593750, 0.251659259259
ARG, 4, 26.100, 0.831692, -80546.468750, 0.298462962963
ASN, 6, 26.428, 0.805128, -79940.625000, 0.210481481481
ASP, 10, 25.991, 0.812355, -79743.093750, 0.207903703704
CYS, 9, 26.269, 0.887432, -80318.257812, 0.307162962963
GLN, 4, 27.832, 0.855909, -80650.281250, 0.290562962963
GLU, 6, 26.946, 0.823062, -80172.656250, 0.207940740741
GLY, 7, 25.846, 0.799889, -79808.281250, 0.230159259259
HIS, 8, 28.161, 0.989226, -81642.625000, 0.336788888889
ILE, 7, 25.491, 0.8194, -79990.437500, 0.278788888889
LEU, 6, 28.791, 0.911415, -79803.742188, 0.349325925926
LYS, 5, 25.034, 0.777504, -81149.156250, 0.242707407407
MET, 7, 26.807, 0.839056, -79630.554688, 0.221622222222
PHE, 4, 26.145, 0.883642, -79712.484375, 0.339081481481
PRO, 6, 25.883, 0.845096, -79905.359375, 0.268974074074
SER, 2, 24.983, 0.830224, -80478.328125, 0.234703703704
THR, 8, 27.769, 0.891104, -79111.828125, 0.375159259259
TRP, 2, 29.159, 0.879425, -80730.929688, 0.314955555556
TYR, 9, 27.433, 0.843092, -80857.429688, 0.270355555556
VAL, 6, 27.737, 0.836559, -80087.765625, 0.221659259259
