AMINO ACID, DSSP, SASA, GYRATE, ENERGY, RMSF
ALA, 11, 27.127, 0.829391, -80890.757812, 0.251659259259
ARG, 2, 26.197, 0.846601, -81084.703125, 0.298462962963
ASN, 10, 27.956, 0.821818, -80121.234375, 0.210481481481
ASP, 6, 25.394, 0.803981, -80532.742188, 0.207903703704
CYS, 7, 27.006, 0.893763, -80356.343750, 0.307162962963
GLN, 2, 26.832, 0.843036, -79721.992188, 0.290562962963
GLU, 6, 25.847, 0.820365, -79770.742188, 0.207940740741
GLY, 7, 24.027, 0.796892, -80462.539062, 0.230159259259
HIS, 8, 30.481, 0.965083, -81380.000000, 0.336788888889
ILE, 4, 27.400, 0.843733, -79362.914062, 0.278788888889
LEU, 7, 29.394, 0.946568, -81479.695312, 0.349325925926
LYS, 3, 25.020, 0.800399, -81048.546875, 0.242707407407
MET, 5, 27.656, 0.845121, -80265.976562, 0.221622222222
PHE, 6, 26.802, 0.877097, -80260.515625, 0.339081481481
PRO, 4, 27.031, 0.840874, -80035.476562, 0.268974074074
SER, 2, 25.067, 0.835242, -79923.382812, 0.234703703704
THR, 6, 27.309, 0.872297, -79846.445312, 0.375159259259
TRP, 4, 27.342, 0.870074, -80482.187500, 0.314955555556
TYR, 10, 26.305, 0.842282, -80397.187500, 0.270355555556
VAL, 4, 26.647, 0.830877, -80039.468750, 0.221659259259
