AMINO ACID, DSSP, SASA, GYRATE, ENERGY, RMSF
ALA, 11, 26.214, 0.80827, -80347.460938, 0.251659259259
ARG, 4, 26.742, 0.833623, -80655.000000, 0.298462962963
ASN, 10, 25.537, 0.800703, -79488.187500, 0.210481481481
ASP, 10, 25.601, 0.810936, -80338.750000, 0.207903703704
CYS, 7, 28.615, 0.915119, -80978.937500, 0.307162962963
GLN, 0, 25.579, 0.841523, -80944.984375, 0.290562962963
GLU, 6, 25.293, 0.821978, -80036.281250, 0.207940740741
GLY, 7, 27.230, 0.815642, -81062.578125, 0.230159259259
HIS, 6, 28.421, 0.992458, -80225.289062, 0.336788888889
ILE, 7, 26.473, 0.815829, -80609.671875, 0.278788888889
LEU, 5, 28.948, 0.939742, -79564.648438, 0.349325925926
LYS, 5, 24.820, 0.792215, -80268.609375, 0.242707407407
MET, 5, 27.859, 0.841957, -80026.632812, 0.221622222222
PHE, 6, 27.581, 0.890097, -80411.835938, 0.339081481481
PRO, 13, 27.715, 0.831599, -80386.171875, 0.268974074074
SER, 2, 26.003, 0.821029, -80019.015625, 0.234703703704
THR, 8, 26.722, 0.87068, -79992.507812, 0.375159259259
TRP, 4, 29.014, 0.882064, -79477.289062, 0.314955555556
TYR, 8, 27.627, 0.857402, -78995.765625, 0.270355555556
VAL, 6, 25.635, 0.804825, -79964.492188, 0.221659259259
