AMINO ACID, DSSP, SASA, GYRATE, ENERGY, RMSF
ALA, 6, 27.554, 0.846533, -79660.843750, 0.251659259259
ARG, 4, 28.206, 0.840113, -80428.984375, 0.298462962963
ASN, 8, 27.008, 0.836463, -81049.031250, 0.210481481481
ASP, 9, 25.425, 0.81556, -79901.773438, 0.207903703704
CYS, 12, 26.193, 0.812788, -80343.359375, 0.307162962963
GLN, 17, 23.860, 0.80935, -80511.671875, 0.290562962963
GLU, 13, 25.795, 0.809486, -80355.750000, 0.207940740741
GLY, 10, 25.034, 0.850257, -80913.109375, 0.230159259259
HIS, 6, 29.091, 0.855559, -79806.281250, 0.336788888889
ILE, 10, 26.822, 0.872453, -80593.578125, 0.278788888889
LEU, 7, 25.242, 0.801827, -80364.789062, 0.349325925926
LYS, 7, 26.431, 0.825538, -80057.429688, 0.242707407407
MET, 6, 25.682, 0.829996, -80264.140625, 0.221622222222
PHE, 8, 26.388, 0.802348, -79301.328125, 0.339081481481
PRO, 6, 24.907, 0.824415, -80056.796875, 0.268974074074
SER, 9, 26.348, 0.814249, -80098.640625, 0.234703703704
THR, 8, 27.641, 0.828918, -80020.015625, 0.375159259259
TRP, 3, 27.777, 0.837098, -80552.992188, 0.314955555556
TYR, 7, 28.408, 0.871442, -79677.078125, 0.270355555556
VAL, 12, 26.661, 0.833023, -80153.640625, 0.221659259259
