AMINO ACID, DSSP, SASA, GYRATE, ENERGY, RMSF
ALA, 13, 24.789, 0.797963, -80284.890625, 0.251659259259
ARG, 6, 28.283, 0.840038, -79944.109375, 0.298462962963
ASN, 6, 26.555, 0.810371, -80769.000000, 0.210481481481
ASP, 10, 26.418, 0.812647, -80328.000000, 0.207903703704
CYS, 7, 27.982, 0.930405, -81176.953125, 0.307162962963
GLN, 2, 29.070, 0.867062, -80009.523438, 0.290562962963
GLU, 8, 24.448, 0.810432, -80064.445312, 0.207940740741
GLY, 7, 23.973, 0.788179, -80639.757812, 0.230159259259
HIS, 6, 30.551, 1.02623, -78912.164062, 0.336788888889
ILE, 7, 26.847, 0.821188, -79374.828125, 0.278788888889
LEU, 4, 30.049, 0.94447, -80641.062500, 0.349325925926
LYS, 9, 25.125, 0.795768, -80657.109375, 0.242707407407
MET, 7, 26.745, 0.840211, -80390.718750, 0.221622222222
PHE, 8, 28.577, 0.901398, -79163.234375, 0.339081481481
PRO, 11, 26.712, 0.842343, -80811.203125, 0.268974074074
SER, 2, 24.499, 0.811729, -79761.953125, 0.234703703704
THR, 8, 27.194, 0.86649, -79922.500000, 0.375159259259
TRP, 2, 27.934, 0.861956, -80075.117188, 0.314955555556
TYR, 8, 28.670, 0.865218, -80374.312500, 0.270355555556
VAL, 6, 24.666, 0.802492, -79976.773438, 0.221659259259
