AMINO ACID, DSSP, SASA, GYRATE, ENERGY, RMSF
ALA, 11, 23.898, 0.792451, -80398.359375, 0.251659259259
ARG, 6, 28.211, 0.849476, -81113.570312, 0.298462962963
ASN, 9, 26.027, 0.818684, -80974.171875, 0.210481481481
ASP, 6, 27.330, 0.816555, -79754.890625, 0.207903703704
CYS, 9, 29.703, 0.908966, -79314.203125, 0.307162962963
GLN, 0, 29.377, 0.873411, -79254.812500, 0.290562962963
GLU, 10, 23.983, 0.792348, -79880.578125, 0.207940740741
GLY, 7, 23.944, 0.796753, -80247.820312, 0.230159259259
HIS, 6, 30.828, 1.03325, -80445.140625, 0.336788888889
ILE, 9, 26.800, 0.827402, -79464.218750, 0.278788888889
LEU, 7, 29.786, 0.938429, -80510.289062, 0.349325925926
LYS, 6, 25.232, 0.802116, -80908.953125, 0.242707407407
MET, 7, 25.979, 0.81904, -80192.375000, 0.221622222222
PHE, 6, 28.761, 0.912465, -79763.187500, 0.339081481481
PRO, 6, 26.333, 0.841873, -79869.054688, 0.268974074074
SER, 0, 24.947, 0.824116, -80013.929688, 0.234703703704
THR, 6, 27.210, 0.867125, -79717.531250, 0.375159259259
TRP, 4, 26.895, 0.873023, -79875.703125, 0.314955555556
TYR, 7, 28.730, 0.865887, -80231.750000, 0.270355555556
VAL, 6, 24.722, 0.800806, -79917.875000, 0.221659259259
