AMINO ACID, DSSP, SASA, GYRATE, ENERGY, RMSF
ALA, 13, 25.623, 0.803117, -80271.656250, 0.251659259259
ARG, 4, 27.699, 0.850215, -80881.000000, 0.298462962963
ASN, 8, 25.820, 0.812186, -79936.750000, 0.210481481481
ASP, 10, 26.786, 0.830694, -80899.078125, 0.207903703704
CYS, 7, 28.455, 0.890566, -79978.742188, 0.307162962963
GLN, 2, 26.619, 0.852194, -80615.812500, 0.290562962963
GLU, 10, 24.188, 0.796546, -81038.562500, 0.207940740741
GLY, 7, 23.796, 0.781319, -80017.484375, 0.230159259259
HIS, 6, 30.384, 0.985116, -79801.640625, 0.336788888889
ILE, 9, 25.663, 0.821212, -80012.726562, 0.278788888889
LEU, 5, 30.173, 0.932713, -79978.617188, 0.349325925926
LYS, 5, 24.810, 0.789496, -80117.156250, 0.242707407407
MET, 9, 27.161, 0.83367, -80123.281250, 0.221622222222
PHE, 4, 28.337, 0.868207, -79389.250000, 0.339081481481
PRO, 8, 28.205, 0.857015, -80472.171875, 0.268974074074
SER, 2, 25.642, 0.81579, -80182.476562, 0.234703703704
THR, 6, 27.311, 0.87891, -80335.312500, 0.375159259259
TRP, 4, 28.161, 0.890207, -79304.421875, 0.314955555556
TYR, 9, 28.238, 0.851441, -80814.437500, 0.270355555556
VAL, 4, 25.546, 0.814794, -79842.804688, 0.221659259259
