AMINO ACID, DSSP, SASA, GYRATE, ENERGY, RMSF
ALA, 13, 24.373, 0.794794, -79832.492188, 0.251659259259
ARG, 2, 27.353, 0.856447, -80409.492188, 0.298462962963
ASN, 10, 26.135, 0.803774, -80663.445312, 0.210481481481
ASP, 8, 27.302, 0.83741, -79676.000000, 0.207903703704
CYS, 7, 26.179, 0.879612, -80999.218750, 0.307162962963
GLN, 4, 28.782, 0.869784, -80122.867188, 0.290562962963
GLU, 10, 25.721, 0.805777, -79688.546875, 0.207940740741
GLY, 9, 24.185, 0.797479, -81038.484375, 0.230159259259
HIS, 2, 30.518, 0.95224, -80258.796875, 0.336788888889
ILE, 7, 26.678, 0.824053, -79724.640625, 0.278788888889
LEU, 7, 29.673, 0.933169, -80286.640625, 0.349325925926
LYS, 7, 23.522, 0.784236, -81122.257812, 0.242707407407
MET, 7, 26.757, 0.837879, -79983.085938, 0.221622222222
PHE, 6, 27.726, 0.863002, -80671.148438, 0.339081481481
PRO, 2, 27.062, 0.846215, -80632.132812, 0.268974074074
SER, 0, 25.132, 0.828031, -80608.750000, 0.234703703704
THR, 6, 27.773, 0.882344, -80893.812500, 0.375159259259
TRP, 4, 29.199, 0.868815, -80486.742188, 0.314955555556
TYR, 9, 28.744, 0.843958, -80278.835938, 0.270355555556
VAL, 4, 26.145, 0.826091, -80034.343750, 0.221659259259
