AMINO ACID, DSSP, SASA, GYRATE, ENERGY, RMSF
ALA, 9, 24.440, 0.793116, -80258.625000, 0.251659259259
ARG, 2, 27.905, 0.848611, -80969.734375, 0.298462962963
ASN, 10, 26.255, 0.810588, -80547.546875, 0.210481481481
ASP, 11, 25.963, 0.831269, -79914.968750, 0.207903703704
CYS, 7, 27.091, 0.893413, -80269.664062, 0.307162962963
GLN, 0, 27.779, 0.861879, -79990.179688, 0.290562962963
GLU, 10, 24.532, 0.810611, -80084.843750, 0.207940740741
GLY, 7, 23.718, 0.786491, -80385.250000, 0.230159259259
HIS, 4, 30.702, 0.934503, -79598.078125, 0.336788888889
ILE, 7, 26.878, 0.826406, -80013.890625, 0.278788888889
LEU, 3, 29.945, 0.924659, -79936.468750, 0.349325925926
LYS, 7, 24.702, 0.792091, -81842.289062, 0.242707407407
MET, 7, 27.445, 0.832211, -79045.671875, 0.221622222222
PHE, 4, 29.012, 0.897091, -79397.406250, 0.339081481481
PRO, 7, 27.808, 0.862437, -80590.078125, 0.268974074074
SER, 0, 25.339, 0.822505, -79390.843750, 0.234703703704
THR, 4, 27.506, 0.852627, -80084.578125, 0.375159259259
TRP, 2, 28.222, 0.857109, -81102.875000, 0.314955555556
TYR, 9, 28.988, 0.86265, -79585.468750, 0.270355555556
VAL, 4, 26.653, 0.829886, -79816.296875, 0.221659259259
