AMINO ACID, DSSP, SASA, GYRATE, ENERGY, RMSF
ALA, 11, 25.875, 0.805851, -79970.992188, 0.251659259259
ARG, 4, 28.872, 0.860388, -80867.585938, 0.298462962963
ASN, 12, 25.204, 0.800081, -81023.773438, 0.210481481481
ASP, 9, 27.413, 0.823248, -81116.695312, 0.207903703704
CYS, 9, 26.442, 0.873456, -79961.812500, 0.307162962963
GLN, 6, 26.161, 0.854914, -80248.757812, 0.290562962963
GLU, 8, 26.273, 0.816961, -80085.187500, 0.207940740741
GLY, 7, 23.886, 0.797395, -79910.960938, 0.230159259259
HIS, 4, 29.534, 0.899151, -79953.640625, 0.336788888889
ILE, 8, 26.978, 0.851175, -79327.734375, 0.278788888889
LEU, 9, 29.089, 0.922478, -80590.765625, 0.349325925926
LYS, 9, 25.979, 0.794697, -81361.281250, 0.242707407407
MET, 7, 28.405, 0.842191, -80515.578125, 0.221622222222
PHE, 6, 28.495, 0.922667, -80467.875000, 0.339081481481
PRO, 6, 26.375, 0.838238, -79607.125000, 0.268974074074
SER, 2, 25.292, 0.826492, -79797.296875, 0.234703703704
THR, 6, 25.954, 0.862038, -80145.031250, 0.375159259259
TRP, 2, 29.718, 0.875629, -79681.390625, 0.314955555556
TYR, 10, 26.672, 0.843142, -80891.757812, 0.270355555556
VAL, 6, 26.733, 0.839059, -79798.531250, 0.221659259259
