AMINO ACID, DSSP, SASA, GYRATE, ENERGY, RMSF
ALA, 9, 25.423, 0.806753, -80068.718750, 0.251659259259
ARG, 4, 28.037, 0.847573, -80151.039062, 0.298462962963
ASN, 8, 26.082, 0.807252, -81288.703125, 0.210481481481
ASP, 7, 27.816, 0.827258, -80781.148438, 0.207903703704
CYS, 10, 26.679, 0.877486, -80983.187500, 0.307162962963
GLN, 3, 26.923, 0.858202, -80554.421875, 0.290562962963
GLU, 6, 26.171, 0.819712, -80639.679688, 0.207940740741
GLY, 9, 24.855, 0.796439, -80658.515625, 0.230159259259
HIS, 2, 29.260, 0.898637, -80107.250000, 0.336788888889
ILE, 8, 26.858, 0.837295, -79819.835938, 0.278788888889
LEU, 4, 29.342, 0.918874, -79672.875000, 0.349325925926
LYS, 9, 25.637, 0.800017, -80890.750000, 0.242707407407
MET, 7, 27.450, 0.831152, -80090.046875, 0.221622222222
PHE, 8, 28.652, 0.921277, -79249.890625, 0.339081481481
PRO, 6, 25.638, 0.831532, -79914.429688, 0.268974074074
SER, 2, 25.662, 0.833622, -81248.875000, 0.234703703704
THR, 8, 26.084, 0.875223, -80025.984375, 0.375159259259
TRP, 2, 29.934, 0.891484, -79011.914062, 0.314955555556
TYR, 10, 28.645, 0.852438, -80497.312500, 0.270355555556
VAL, 8, 25.337, 0.829154, -80857.484375, 0.221659259259
