AMINO ACID, DSSP, SASA, GYRATE, ENERGY, RMSF
ALA, 13, 25.331, 0.800119, -80587.984375, 0.251659259259
ARG, 0, 27.476, 0.839527, -79543.859375, 0.298462962963
ASN, 10, 26.212, 0.805677, -80679.437500, 0.210481481481
ASP, 10, 26.167, 0.826624, -79575.562500, 0.207903703704
CYS, 5, 26.195, 0.883026, -79392.960938, 0.307162962963
GLN, 0, 27.430, 0.856646, -80386.843750, 0.290562962963
GLU, 6, 25.142, 0.808668, -80245.171875, 0.207940740741
GLY, 9, 25.371, 0.797491, -81983.031250, 0.230159259259
HIS, 6, 27.569, 0.876452, -80008.429688, 0.336788888889
ILE, 7, 27.352, 0.836904, -80142.437500, 0.278788888889
LEU, 7, 30.329, 0.946216, -80001.554688, 0.349325925926
LYS, 9, 25.998, 0.792311, -81094.664062, 0.242707407407
MET, 6, 27.238, 0.834769, -80822.210938, 0.221622222222
PHE, 6, 29.667, 0.922962, -79938.781250, 0.339081481481
PRO, 2, 26.312, 0.845171, -80117.273438, 0.268974074074
SER, 0, 26.411, 0.83137, -80479.625000, 0.234703703704
THR, 8, 26.554, 0.890957, -80439.023438, 0.375159259259
TRP, 2, 28.745, 0.860902, -79927.343750, 0.314955555556
TYR, 9, 26.672, 0.843293, -80807.484375, 0.270355555556
VAL, 6, 26.350, 0.837924, -79892.859375, 0.221659259259
