AMINO ACID, DSSP, SASA, GYRATE, ENERGY, RMSF
ALA, 8, 26.833, 0.833942, -80314.609375, 0.251659259259
ARG, 8, 27.627, 0.851252, -80484.953125, 0.298462962963
ASN, 8, 26.422, 0.81931, -81397.140625, 0.210481481481
ASP, 11, 25.191, 0.814323, -80049.359375, 0.207903703704
CYS, 10, 24.355, 0.814241, -80239.429688, 0.307162962963
GLN, 15, 25.576, 0.813229, -79393.781250, 0.290562962963
GLU, 11, 26.541, 0.807402, -79638.000000, 0.207940740741
GLY, 6, 24.342, 0.845054, -80130.328125, 0.230159259259
HIS, 4, 28.847, 0.84021, -80853.843750, 0.336788888889
ILE, 6, 26.705, 0.843002, -80032.539062, 0.278788888889
LEU, 10, 25.214, 0.803292, -80333.843750, 0.349325925926
LYS, 9, 27.022, 0.828665, -80138.109375, 0.242707407407
MET, 6, 24.655, 0.82126, -81106.007812, 0.221622222222
PHE, 10, 25.177, 0.794145, -80780.562500, 0.339081481481
PRO, 4, 23.469, 0.813854, -80473.234375, 0.268974074074
SER, 9, 25.011, 0.808186, -80377.093750, 0.234703703704
THR, 8, 26.175, 0.801936, -79678.812500, 0.375159259259
TRP, 0, 28.274, 0.840155, -80262.171875, 0.314955555556
TYR, 7, 26.896, 0.847909, -80131.867188, 0.270355555556
VAL, 12, 26.381, 0.834134, -80454.460938, 0.221659259259
