AMINO ACID, DSSP, SASA, GYRATE, ENERGY, RMSF
ALA, 11, 24.427, 0.801704, -79998.859375, 0.251659259259
ARG, 4, 26.191, 0.831996, -81464.062500, 0.298462962963
ASN, 12, 25.079, 0.801593, -80381.242188, 0.210481481481
ASP, 10, 25.691, 0.820932, -79714.265625, 0.207903703704
CYS, 7, 26.642, 0.869956, -80813.789062, 0.307162962963
GLN, 2, 27.825, 0.863676, -80516.007812, 0.290562962963
GLU, 10, 24.099, 0.818258, -80497.117188, 0.207940740741
GLY, 7, 23.953, 0.79226, -80166.242188, 0.230159259259
HIS, 4, 29.618, 0.937529, -79863.445312, 0.336788888889
ILE, 9, 25.894, 0.822357, -79999.953125, 0.278788888889
LEU, 2, 28.492, 0.92115, -80593.796875, 0.349325925926
LYS, 7, 25.025, 0.793368, -80753.625000, 0.242707407407
MET, 6, 26.049, 0.827948, -79722.656250, 0.221622222222
PHE, 4, 29.400, 0.932167, -80174.226562, 0.339081481481
PRO, 4, 26.095, 0.828658, -80907.968750, 0.268974074074
SER, 4, 25.128, 0.825886, -79803.609375, 0.234703703704
THR, 8, 28.440, 0.892351, -80921.953125, 0.375159259259
TRP, 2, 29.126, 0.861796, -80408.890625, 0.314955555556
TYR, 10, 27.469, 0.844691, -80046.296875, 0.270355555556
VAL, 6, 25.855, 0.808401, -80548.187500, 0.221659259259
