AMINO ACID, DSSP, SASA, GYRATE, ENERGY, RMSF
ALA, 13, 24.578, 0.796538, -80878.625000, 0.251659259259
ARG, 6, 27.608, 0.854557, -81459.960938, 0.298462962963
ASN, 6, 25.229, 0.78869, -79580.421875, 0.210481481481
ASP, 10, 26.097, 0.803796, -80276.382812, 0.207903703704
CYS, 7, 26.710, 0.879255, -80043.093750, 0.307162962963
GLN, 4, 27.992, 0.864135, -81165.132812, 0.290562962963
GLU, 6, 23.937, 0.805822, -80208.835938, 0.207940740741
GLY, 7, 23.783, 0.782869, -80364.398438, 0.230159259259
HIS, 6, 28.995, 0.919638, -80510.164062, 0.336788888889
ILE, 9, 27.368, 0.836353, -80310.625000, 0.278788888889
LEU, 4, 30.413, 0.954418, -79846.953125, 0.349325925926
LYS, 7, 25.113, 0.792944, -81334.125000, 0.242707407407
MET, 7, 26.105, 0.820076, -79625.601562, 0.221622222222
PHE, 6, 27.813, 0.918988, -80565.562500, 0.339081481481
PRO, 10, 25.220, 0.824382, -80154.570312, 0.268974074074
SER, 2, 25.745, 0.826219, -79771.078125, 0.234703703704
THR, 8, 25.785, 0.875433, -80220.187500, 0.375159259259
TRP, 2, 29.765, 0.868607, -80490.179688, 0.314955555556
TYR, 10, 28.569, 0.856798, -80204.578125, 0.270355555556
VAL, 6, 26.308, 0.823148, -80126.554688, 0.221659259259
