AMINO ACID, DSSP, SASA, GYRATE, ENERGY, RMSF
ALA, 11, 25.013, 0.803032, -79515.937500, 0.251659259259
ARG, 0, 27.135, 0.849648, -80958.218750, 0.298462962963
ASN, 8, 25.133, 0.801036, -80508.632812, 0.210481481481
ASP, 8, 25.776, 0.818684, -80059.117188, 0.207903703704
CYS, 7, 25.406, 0.857829, -79313.171875, 0.307162962963
GLN, 4, 27.141, 0.843152, -79735.328125, 0.290562962963
GLU, 8, 24.444, 0.808543, -80743.273438, 0.207940740741
GLY, 7, 24.185, 0.805247, -80628.390625, 0.230159259259
HIS, 6, 27.067, 0.93576, -80286.703125, 0.336788888889
ILE, 9, 27.522, 0.826578, -80503.414062, 0.278788888889
LEU, 4, 29.502, 0.933284, -80936.609375, 0.349325925926
LYS, 8, 24.707, 0.783563, -80463.718750, 0.242707407407
MET, 7, 27.149, 0.823649, -78903.750000, 0.221622222222
PHE, 4, 28.385, 0.886058, -79240.414062, 0.339081481481
PRO, 10, 27.172, 0.83152, -81094.601562, 0.268974074074
SER, 2, 25.257, 0.83615, -79744.328125, 0.234703703704
THR, 8, 26.345, 0.890888, -80784.953125, 0.375159259259
TRP, 4, 27.855, 0.841165, -80022.351562, 0.314955555556
TYR, 8, 27.230, 0.84161, -80259.351562, 0.270355555556
VAL, 6, 26.568, 0.831373, -80485.117188, 0.221659259259
