AMINO ACID, DSSP, SASA, GYRATE, ENERGY, RMSF
ALA, 8, 25.016, 0.80221, -79782.843750, 0.251659259259
ARG, 2, 28.043, 0.853756, -81080.507812, 0.298462962963
ASN, 4, 26.765, 0.814061, -80485.156250, 0.210481481481
ASP, 6, 25.550, 0.825498, -80692.312500, 0.207903703704
CYS, 9, 25.324, 0.874061, -80527.890625, 0.307162962963
GLN, 3, 27.544, 0.852951, -79184.882812, 0.290562962963
GLU, 10, 25.571, 0.809595, -80065.671875, 0.207940740741
GLY, 9, 24.511, 0.801839, -80108.890625, 0.230159259259
HIS, 6, 28.473, 0.921834, -79428.328125, 0.336788888889
ILE, 7, 27.660, 0.824434, -80385.250000, 0.278788888889
LEU, 6, 30.076, 0.936316, -79836.257812, 0.349325925926
LYS, 8, 25.191, 0.79118, -80485.789062, 0.242707407407
MET, 4, 26.402, 0.817722, -80066.242188, 0.221622222222
PHE, 6, 28.091, 0.883467, -80747.070312, 0.339081481481
PRO, 10, 26.783, 0.820073, -79980.164062, 0.268974074074
SER, 2, 25.934, 0.834498, -80721.054688, 0.234703703704
THR, 8, 27.892, 0.90218, -80172.851562, 0.375159259259
TRP, 2, 27.161, 0.847438, -80328.437500, 0.314955555556
TYR, 9, 28.759, 0.85913, -80738.765625, 0.270355555556
VAL, 6, 26.749, 0.837616, -80616.585938, 0.221659259259
