AMINO ACID, DSSP, SASA, GYRATE, ENERGY, RMSF
ALA, 9, 25.128, 0.792981, -80314.546875, 0.251659259259
ARG, 4, 27.157, 0.844529, -81195.609375, 0.298462962963
ASN, 10, 24.397, 0.808076, -79582.351562, 0.210481481481
ASP, 8, 25.066, 0.82399, -79777.734375, 0.207903703704
CYS, 10, 24.940, 0.856137, -80761.468750, 0.307162962963
GLN, 6, 27.746, 0.852423, -79698.734375, 0.290562962963
GLU, 6, 24.981, 0.819509, -79970.515625, 0.207940740741
GLY, 7, 24.536, 0.797626, -81300.968750, 0.230159259259
HIS, 2, 28.639, 0.935581, -79807.546875, 0.336788888889
ILE, 7, 26.966, 0.83779, -80243.570312, 0.278788888889
LEU, 2, 28.245, 0.915549, -80435.242188, 0.349325925926
LYS, 7, 24.871, 0.805786, -81063.703125, 0.242707407407
MET, 7, 27.614, 0.824915, -79320.101562, 0.221622222222
PHE, 6, 27.636, 0.880469, -79781.429688, 0.339081481481
PRO, 10, 25.857, 0.81714, -80177.921875, 0.268974074074
SER, 4, 24.970, 0.830166, -81039.742188, 0.234703703704
THR, 8, 28.256, 0.900604, -80894.359375, 0.375159259259
TRP, 4, 28.825, 0.871845, -80821.171875, 0.314955555556
TYR, 7, 28.987, 0.853388, -79392.734375, 0.270355555556
VAL, 6, 25.755, 0.823263, -79853.296875, 0.221659259259
