AMINO ACID, DSSP, SASA, GYRATE, ENERGY, RMSF
ALA, 13, 25.917, 0.810942, -79716.554688, 0.251659259259
ARG, 2, 29.203, 0.887315, -79850.093750, 0.298462962963
ASN, 6, 26.691, 0.812842, -80223.265625, 0.210481481481
ASP, 8, 26.026, 0.826688, -79875.546875, 0.207903703704
CYS, 7, 26.535, 0.865428, -80207.210938, 0.307162962963
GLN, 5, 28.033, 0.871861, -80132.773438, 0.290562962963
GLU, 8, 25.194, 0.817084, -79945.984375, 0.207940740741
GLY, 9, 24.470, 0.797501, -81212.078125, 0.230159259259
HIS, 4, 30.754, 0.936132, -81766.492188, 0.336788888889
ILE, 7, 27.253, 0.839097, -80395.656250, 0.278788888889
LEU, 5, 30.385, 0.926258, -80237.296875, 0.349325925926
LYS, 7, 27.342, 0.807628, -80403.820312, 0.242707407407
MET, 7, 25.580, 0.824813, -80806.914062, 0.221622222222
PHE, 6, 25.889, 0.848021, -80504.890625, 0.339081481481
PRO, 10, 26.851, 0.831893, -79969.062500, 0.268974074074
SER, 0, 26.372, 0.845252, -80391.515625, 0.234703703704
THR, 4, 27.383, 0.896241, -79565.843750, 0.375159259259
TRP, 2, 28.364, 0.848067, -80789.015625, 0.314955555556
TYR, 7, 28.415, 0.86393, -80545.515625, 0.270355555556
VAL, 6, 26.308, 0.826921, -80938.851562, 0.221659259259
