AMINO ACID, DSSP, SASA, GYRATE, ENERGY, RMSF
ALA, 9, 24.245, 0.799209, -79520.773438, 0.251659259259
ARG, 2, 28.752, 0.867509, -80598.335938, 0.298462962963
ASN, 8, 26.504, 0.813176, -79907.828125, 0.210481481481
ASP, 10, 26.210, 0.813131, -80360.945312, 0.207903703704
CYS, 7, 26.500, 0.885, -80749.828125, 0.307162962963
GLN, 7, 26.552, 0.830585, -79925.093750, 0.290562962963
GLU, 8, 25.583, 0.815569, -80259.796875, 0.207940740741
GLY, 7, 24.359, 0.795048, -80628.984375, 0.230159259259
HIS, 2, 31.117, 0.95681, -79873.468750, 0.336788888889
ILE, 7, 26.238, 0.829114, -80325.468750, 0.278788888889
LEU, 5, 29.024, 0.923969, -79985.359375, 0.349325925926
LYS, 5, 25.235, 0.805031, -79751.843750, 0.242707407407
MET, 9, 25.714, 0.827542, -80399.359375, 0.221622222222
PHE, 4, 28.287, 0.879939, -79826.703125, 0.339081481481
PRO, 10, 27.123, 0.82981, -81424.570312, 0.268974074074
SER, 4, 25.440, 0.845391, -81017.265625, 0.234703703704
THR, 6, 28.435, 0.892161, -80307.328125, 0.375159259259
TRP, 2, 27.203, 0.857681, -80147.296875, 0.314955555556
TYR, 10, 25.802, 0.837108, -80173.992188, 0.270355555556
VAL, 8, 26.030, 0.826995, -79766.726562, 0.221659259259
