AMINO ACID, DSSP, SASA, GYRATE, ENERGY, RMSF
ALA, 11, 25.161, 0.799672, -79928.445312, 0.251659259259
ARG, 2, 29.300, 0.872638, -80701.882812, 0.298462962963
ASN, 8, 26.261, 0.805081, -80426.312500, 0.210481481481
ASP, 10, 26.250, 0.819845, -80014.296875, 0.207903703704
CYS, 8, 26.458, 0.868048, -79241.867188, 0.307162962963
GLN, 5, 26.358, 0.833879, -81235.195312, 0.290562962963
GLU, 8, 24.854, 0.8175, -80349.187500, 0.207940740741
GLY, 9, 23.630, 0.785198, -80419.218750, 0.230159259259
HIS, 4, 31.007, 0.959459, -80326.609375, 0.336788888889
ILE, 5, 26.781, 0.855006, -79917.851562, 0.278788888889
LEU, 5, 28.363, 0.919397, -80608.929688, 0.349325925926
LYS, 5, 26.049, 0.803674, -80400.031250, 0.242707407407
MET, 9, 26.928, 0.827833, -79767.734375, 0.221622222222
PHE, 8, 28.757, 0.866316, -79951.148438, 0.339081481481
PRO, 10, 26.467, 0.824246, -79890.000000, 0.268974074074
SER, 6, 25.501, 0.838463, -79830.875000, 0.234703703704
THR, 2, 27.346, 0.878479, -80405.750000, 0.375159259259
TRP, 2, 27.386, 0.845797, -79281.039062, 0.314955555556
TYR, 8, 28.813, 0.857366, -79965.578125, 0.270355555556
VAL, 8, 25.160, 0.817107, -80568.906250, 0.221659259259
