AMINO ACID, DSSP, SASA, GYRATE, ENERGY, RMSF
ALA, 8, 25.639, 0.797375, -79511.203125, 0.251659259259
ARG, 2, 30.158, 0.867826, -80662.320312, 0.298462962963
ASN, 4, 22.744, 0.76938, -79779.804688, 0.210481481481
ASP, 8, 25.831, 0.810784, -80165.171875, 0.207903703704
CYS, 10, 26.292, 0.871599, -81058.921875, 0.307162962963
GLN, 5, 26.153, 0.850976, -80161.015625, 0.290562962963
GLU, 6, 24.636, 0.80451, -80354.914062, 0.207940740741
GLY, 6, 24.665, 0.791258, -79590.750000, 0.230159259259
HIS, 0, 28.269, 0.894217, -80763.640625, 0.336788888889
ILE, 7, 27.539, 0.842273, -80653.335938, 0.278788888889
LEU, 6, 28.929, 0.916513, -80349.812500, 0.349325925926
LYS, 5, 25.724, 0.808867, -81516.671875, 0.242707407407
MET, 6, 26.318, 0.822198, -80247.796875, 0.221622222222
PHE, 6, 27.519, 0.890327, -79917.726562, 0.339081481481
PRO, 10, 25.792, 0.824079, -80657.593750, 0.268974074074
SER, 6, 25.696, 0.840796, -80922.015625, 0.234703703704
THR, 6, 26.472, 0.857688, -80132.812500, 0.375159259259
TRP, 0, 26.774, 0.852472, -79664.250000, 0.314955555556
TYR, 8, 27.487, 0.850535, -79434.718750, 0.270355555556
VAL, 6, 25.230, 0.829528, -80531.781250, 0.221659259259
