AMINO ACID, DSSP, SASA, GYRATE, ENERGY, RMSF
ALA, 6, 24.955, 0.827267, -79742.328125, 0.251659259259
ARG, 8, 29.236, 0.86719, -80462.523438, 0.298462962963
ASN, 2, 27.490, 0.826407, -80421.609375, 0.210481481481
ASP, 6, 26.378, 0.801874, -79528.492188, 0.207903703704
CYS, 4, 29.769, 0.894235, -80491.421875, 0.307162962963
GLN, 8, 27.155, 0.829424, -79937.515625, 0.290562962963
GLU, 6, 28.525, 0.853112, -79758.343750, 0.207940740741
GLY, 8, 28.630, 0.84057, -80434.890625, 0.230159259259
HIS, 6, 28.935, 0.873216, -80250.414062, 0.336788888889
ILE, 8, 26.869, 0.821864, -80469.398438, 0.278788888889
LEU, 10, 27.107, 0.828659, -80016.046875, 0.349325925926
LYS, 8, 26.966, 0.823069, -80657.281250, 0.242707407407
MET, 9, 28.399, 0.847486, -80066.992188, 0.221622222222
PHE, 10, 26.933, 0.820815, -80377.585938, 0.339081481481
PRO, 10, 27.935, 0.856051, -79775.570312, 0.268974074074
SER, 8, 27.115, 0.8133, -80478.375000, 0.234703703704
THR, 10, 27.856, 0.83732, -80060.984375, 0.375159259259
TRP, 14, 27.116, 0.831336, -80418.203125, 0.314955555556
TYR, 3, 28.043, 0.848307, -80523.976562, 0.270355555556
VAL, 8, 26.801, 0.826233, -80464.453125, 0.221659259259
