AMINO ACID, DSSP, SASA, GYRATE, ENERGY, RMSF
ALA, 11, 26.556, 0.80772, -79944.421875, 0.251659259259
ARG, 4, 28.646, 0.861786, -80986.218750, 0.298462962963
ASN, 4, 24.809, 0.77421, -79748.656250, 0.210481481481
ASP, 8, 25.606, 0.81353, -80378.781250, 0.207903703704
CYS, 7, 26.690, 0.890306, -80364.695312, 0.307162962963
GLN, 5, 25.805, 0.838548, -80200.695312, 0.290562962963
GLU, 6, 25.136, 0.808481, -80109.398438, 0.207940740741
GLY, 7, 24.469, 0.794437, -80148.468750, 0.230159259259
HIS, 6, 26.983, 0.893461, -80328.328125, 0.336788888889
ILE, 7, 26.685, 0.828303, -80228.304688, 0.278788888889
LEU, 6, 29.828, 0.926956, -80703.804688, 0.349325925926
LYS, 5, 25.543, 0.799659, -81118.828125, 0.242707407407
MET, 7, 26.205, 0.813908, -80372.953125, 0.221622222222
PHE, 6, 26.723, 0.90376, -79503.890625, 0.339081481481
PRO, 5, 26.321, 0.843313, -80241.718750, 0.268974074074
SER, 8, 24.774, 0.828495, -80939.539062, 0.234703703704
THR, 8, 26.835, 0.855092, -80402.304688, 0.375159259259
TRP, 0, 28.227, 0.863404, -80051.046875, 0.314955555556
TYR, 10, 28.015, 0.84209, -79277.515625, 0.270355555556
VAL, 4, 25.464, 0.833758, -81040.265625, 0.221659259259
