AMINO ACID, DSSP, SASA, GYRATE, ENERGY, RMSF
ALA, 13, 25.012, 0.803694, -80682.937500, 0.251659259259
ARG, 4, 28.039, 0.843043, -80101.187500, 0.298462962963
ASN, 8, 25.563, 0.789539, -80618.593750, 0.210481481481
ASP, 8, 27.167, 0.838093, -80510.398438, 0.207903703704
CYS, 7, 27.126, 0.882791, -80569.117188, 0.307162962963
GLN, 5, 26.708, 0.84854, -79656.218750, 0.290562962963
GLU, 6, 26.261, 0.824297, -80633.953125, 0.207940740741
GLY, 7, 24.018, 0.788737, -80439.726562, 0.230159259259
HIS, 4, 28.014, 0.895637, -80648.812500, 0.336788888889
ILE, 7, 27.729, 0.840191, -78882.789062, 0.278788888889
LEU, 2, 28.709, 0.913231, -80237.304688, 0.349325925926
LYS, 0, 25.433, 0.806286, -80043.937500, 0.242707407407
MET, 7, 28.375, 0.85767, -80400.390625, 0.221622222222
PHE, 4, 28.091, 0.877935, -79900.937500, 0.339081481481
PRO, 7, 27.896, 0.840936, -80044.406250, 0.268974074074
SER, 6, 24.264, 0.829174, -79649.765625, 0.234703703704
THR, 4, 27.291, 0.869603, -79983.437500, 0.375159259259
TRP, 2, 27.127, 0.845765, -81460.125000, 0.314955555556
TYR, 9, 27.342, 0.848206, -79316.921875, 0.270355555556
VAL, 6, 27.165, 0.849659, -80613.546875, 0.221659259259
