AMINO ACID, DSSP, SASA, GYRATE, ENERGY, RMSF
ALA, 13, 25.675, 0.807435, -80153.750000, 0.251659259259
ARG, 7, 29.120, 0.861522, -79854.609375, 0.298462962963
ASN, 8, 25.560, 0.799238, -79841.765625, 0.210481481481
ASP, 8, 27.964, 0.850402, -80860.500000, 0.207903703704
CYS, 7, 26.459, 0.889945, -80052.578125, 0.307162962963
GLN, 5, 26.175, 0.859384, -79943.890625, 0.290562962963
GLU, 6, 24.230, 0.82188, -79878.804688, 0.207940740741
GLY, 5, 23.905, 0.789921, -79991.703125, 0.230159259259
HIS, 6, 27.879, 0.905252, -79848.093750, 0.336788888889
ILE, 7, 28.066, 0.847086, -80931.773438, 0.278788888889
LEU, 6, 28.400, 0.914833, -79963.343750, 0.349325925926
LYS, 9, 23.847, 0.787054, -80247.820312, 0.242707407407
MET, 7, 27.588, 0.83713, -80341.000000, 0.221622222222
PHE, 8, 28.055, 0.876174, -79371.406250, 0.339081481481
PRO, 7, 27.661, 0.825524, -79959.187500, 0.268974074074
SER, 6, 23.668, 0.833433, -80434.695312, 0.234703703704
THR, 6, 27.861, 0.888797, -80092.765625, 0.375159259259
TRP, 2, 27.893, 0.850471, -80143.546875, 0.314955555556
TYR, 10, 26.824, 0.842734, -78897.656250, 0.270355555556
VAL, 6, 26.662, 0.827748, -80702.445312, 0.221659259259
