AMINO ACID, DSSP, SASA, GYRATE, ENERGY, RMSF
ALA, 13, 25.418, 0.811137, -79938.523438, 0.251659259259
ARG, 5, 28.686, 0.855246, -80406.890625, 0.298462962963
ASN, 8, 26.055, 0.805956, -80694.226562, 0.210481481481
ASP, 8, 26.735, 0.840138, -79651.562500, 0.207903703704
CYS, 8, 26.479, 0.888537, -80180.257812, 0.307162962963
GLN, 5, 24.852, 0.844968, -80477.664062, 0.290562962963
GLU, 4, 25.075, 0.811794, -80240.820312, 0.207940740741
GLY, 7, 23.892, 0.787238, -80544.843750, 0.230159259259
HIS, 6, 28.054, 0.887803, -80845.460938, 0.336788888889
ILE, 7, 27.481, 0.836857, -80997.062500, 0.278788888889
LEU, 4, 28.679, 0.918669, -80237.515625, 0.349325925926
LYS, 5, 24.036, 0.793081, -80997.046875, 0.242707407407
MET, 7, 26.517, 0.83178, -80354.453125, 0.221622222222
PHE, 4, 28.741, 0.878496, -80118.718750, 0.339081481481
PRO, 8, 26.435, 0.821245, -80896.296875, 0.268974074074
SER, 6, 24.649, 0.832299, -80039.859375, 0.234703703704
THR, 6, 27.604, 0.888215, -79101.203125, 0.375159259259
TRP, 2, 27.690, 0.837848, -80121.437500, 0.314955555556
TYR, 9, 26.707, 0.847902, -80126.953125, 0.270355555556
VAL, 6, 26.139, 0.835001, -79541.921875, 0.221659259259
