AMINO ACID, DSSP, SASA, GYRATE, ENERGY, RMSF
ALA, 11, 24.291, 0.797316, -79632.687500, 0.251659259259
ARG, 4, 30.493, 0.879779, -81168.671875, 0.298462962963
ASN, 8, 25.718, 0.795852, -79833.414062, 0.210481481481
ASP, 10, 27.247, 0.827506, -80176.937500, 0.207903703704
CYS, 9, 27.463, 0.911811, -80266.515625, 0.307162962963
GLN, 11, 27.668, 0.861533, -80682.375000, 0.290562962963
GLU, 8, 26.207, 0.823353, -79373.015625, 0.207940740741
GLY, 7, 24.060, 0.789158, -79898.562500, 0.230159259259
HIS, 4, 29.494, 0.947916, -79928.804688, 0.336788888889
ILE, 7, 26.263, 0.834594, -80578.796875, 0.278788888889
LEU, 4, 29.067, 0.941532, -79481.062500, 0.349325925926
LYS, 5, 27.982, 0.806433, -80972.562500, 0.242707407407
MET, 8, 27.179, 0.829919, -79279.492188, 0.221622222222
PHE, 10, 26.892, 0.868214, -80433.937500, 0.339081481481
PRO, 14, 26.366, 0.817476, -80343.687500, 0.268974074074
SER, 6, 27.379, 0.848056, -80050.312500, 0.234703703704
THR, 4, 24.998, 0.827427, -80942.406250, 0.375159259259
TRP, 0, 28.137, 0.858126, -80095.546875, 0.314955555556
TYR, 8, 29.393, 0.860549, -79921.484375, 0.270355555556
VAL, 8, 26.979, 0.837263, -80016.695312, 0.221659259259
