AMINO ACID, DSSP, SASA, GYRATE, ENERGY, RMSF
ALA, 13, 24.104, 0.782283, -79728.171875, 0.251659259259
ARG, 6, 28.915, 0.874234, -80461.148438, 0.298462962963
ASN, 8, 26.374, 0.802956, -80379.695312, 0.210481481481
ASP, 14, 27.336, 0.827775, -80926.945312, 0.207903703704
CYS, 9, 28.014, 0.916652, -80898.062500, 0.307162962963
GLN, 13, 28.932, 0.881099, -80922.843750, 0.290562962963
GLU, 8, 25.676, 0.818205, -79958.906250, 0.207940740741
GLY, 9, 23.341, 0.787032, -80270.828125, 0.230159259259
HIS, 6, 29.048, 0.94121, -78885.140625, 0.336788888889
ILE, 7, 24.950, 0.809525, -80316.242188, 0.278788888889
LEU, 4, 29.139, 0.928261, -80534.726562, 0.349325925926
LYS, 5, 24.829, 0.792211, -80335.875000, 0.242707407407
MET, 7, 28.070, 0.843835, -80549.593750, 0.221622222222
PHE, 8, 27.705, 0.877821, -79656.187500, 0.339081481481
PRO, 10, 25.731, 0.824786, -79616.671875, 0.268974074074
SER, 6, 26.970, 0.843323, -80120.328125, 0.234703703704
THR, 8, 25.688, 0.820751, -80895.250000, 0.375159259259
TRP, 0, 28.485, 0.856473, -79417.187500, 0.314955555556
TYR, 7, 27.695, 0.857388, -79515.101562, 0.270355555556
VAL, 6, 27.072, 0.838131, -80601.453125, 0.221659259259
