AMINO ACID, DSSP, SASA, GYRATE, ENERGY, RMSF
ALA, 13, 24.405, 0.797298, -80190.671875, 0.251659259259
ARG, 7, 28.910, 0.887094, -80381.242188, 0.298462962963
ASN, 6, 25.249, 0.793626, -79923.617188, 0.210481481481
ASP, 14, 26.503, 0.828726, -79344.007812, 0.207903703704
CYS, 7, 27.850, 0.907319, -80334.015625, 0.307162962963
GLN, 8, 25.921, 0.855071, -80876.390625, 0.290562962963
GLU, 6, 26.508, 0.832244, -80942.023438, 0.207940740741
GLY, 9, 23.419, 0.780379, -80654.218750, 0.230159259259
HIS, 4, 31.012, 0.979476, -81025.125000, 0.336788888889
ILE, 7, 25.736, 0.823576, -80217.859375, 0.278788888889
LEU, 4, 29.347, 0.920588, -80490.875000, 0.349325925926
LYS, 5, 27.231, 0.802834, -80571.195312, 0.242707407407
MET, 9, 27.379, 0.838788, -80178.906250, 0.221622222222
PHE, 12, 27.886, 0.883695, -80404.265625, 0.339081481481
PRO, 10, 26.807, 0.814438, -80305.828125, 0.268974074074
SER, 6, 27.405, 0.849872, -79051.804688, 0.234703703704
THR, 6, 26.555, 0.85179, -80353.296875, 0.375159259259
TRP, 2, 28.187, 0.874079, -78478.593750, 0.314955555556
TYR, 9, 27.401, 0.840273, -80343.828125, 0.270355555556
VAL, 4, 26.883, 0.828619, -79217.343750, 0.221659259259
