AMINO ACID, DSSP, SASA, GYRATE, ENERGY, RMSF
ALA, 9, 25.515, 0.807145, -80641.796875, 0.251659259259
ARG, 7, 28.244, 0.862006, -80568.406250, 0.298462962963
ASN, 6, 24.809, 0.783826, -80293.781250, 0.210481481481
ASP, 12, 26.838, 0.824419, -81211.789062, 0.207903703704
CYS, 7, 27.834, 0.899901, -79899.828125, 0.307162962963
GLN, 7, 26.954, 0.855841, -79453.312500, 0.290562962963
GLU, 6, 26.752, 0.833579, -80780.382812, 0.207940740741
GLY, 7, 22.836, 0.779606, -79512.046875, 0.230159259259
HIS, 6, 30.128, 0.941584, -79086.781250, 0.336788888889
ILE, 7, 25.671, 0.816991, -80247.687500, 0.278788888889
LEU, 4, 28.335, 0.918067, -79728.187500, 0.349325925926
LYS, 5, 26.379, 0.808269, -81455.648438, 0.242707407407
MET, 11, 28.196, 0.853519, -79417.609375, 0.221622222222
PHE, 8, 27.433, 0.890166, -79338.632812, 0.339081481481
PRO, 10, 24.946, 0.809346, -80185.312500, 0.268974074074
SER, 4, 27.061, 0.851304, -80488.765625, 0.234703703704
THR, 7, 27.132, 0.844521, -80178.164062, 0.375159259259
TRP, 2, 28.703, 0.865047, -79642.843750, 0.314955555556
TYR, 9, 28.199, 0.850356, -81241.945312, 0.270355555556
VAL, 4, 26.870, 0.826356, -80597.476562, 0.221659259259
