AMINO ACID, DSSP, SASA, GYRATE, ENERGY, RMSF
ALA, 13, 24.336, 0.793369, -80783.898438, 0.251659259259
ARG, 4, 29.658, 0.884064, -80351.039062, 0.298462962963
ASN, 8, 25.462, 0.788933, -79821.671875, 0.210481481481
ASP, 12, 26.612, 0.81989, -80552.984375, 0.207903703704
CYS, 5, 28.884, 0.925077, -80906.453125, 0.307162962963
GLN, 5, 26.620, 0.848264, -80191.031250, 0.290562962963
GLU, 4, 26.440, 0.834558, -79822.796875, 0.207940740741
GLY, 8, 23.808, 0.781438, -80164.812500, 0.230159259259
HIS, 6, 30.497, 0.973006, -79663.960938, 0.336788888889
ILE, 7, 26.664, 0.8334, -80467.789062, 0.278788888889
LEU, 4, 28.175, 0.934862, -79952.250000, 0.349325925926
LYS, 3, 24.765, 0.793343, -80009.078125, 0.242707407407
MET, 7, 27.593, 0.84981, -80840.804688, 0.221622222222
PHE, 10, 26.990, 0.878269, -80019.750000, 0.339081481481
PRO, 8, 27.214, 0.80924, -80433.953125, 0.268974074074
SER, 6, 27.210, 0.843758, -79577.984375, 0.234703703704
THR, 7, 26.348, 0.844089, -80553.906250, 0.375159259259
TRP, 0, 27.763, 0.858532, -80536.859375, 0.314955555556
TYR, 7, 27.906, 0.851647, -79945.851562, 0.270355555556
VAL, 2, 25.728, 0.820706, -81156.351562, 0.221659259259
