AMINO ACID, DSSP, SASA, GYRATE, ENERGY, RMSF
ALA, 11, 23.360, 0.788658, -79962.203125, 0.251659259259
ARG, 4, 29.175, 0.873478, -80709.929688, 0.298462962963
ASN, 6, 24.630, 0.7791, -79708.554688, 0.210481481481
ASP, 14, 25.545, 0.822972, -80561.445312, 0.207903703704
CYS, 5, 28.106, 0.914161, -79665.875000, 0.307162962963
GLN, 5, 27.153, 0.852679, -80974.328125, 0.290562962963
GLU, 6, 27.558, 0.833728, -80653.734375, 0.207940740741
GLY, 13, 22.790, 0.771064, -80008.281250, 0.230159259259
HIS, 6, 31.797, 0.96, -79764.132812, 0.336788888889
ILE, 9, 24.697, 0.818248, -78949.992188, 0.278788888889
LEU, 2, 28.631, 0.939698, -79946.781250, 0.349325925926
LYS, 3, 25.683, 0.805223, -80836.031250, 0.242707407407
MET, 9, 26.222, 0.834385, -80370.218750, 0.221622222222
PHE, 6, 26.445, 0.876907, -79242.398438, 0.339081481481
PRO, 12, 26.558, 0.821601, -80743.843750, 0.268974074074
SER, 6, 26.713, 0.85168, -81369.773438, 0.234703703704
THR, 8, 28.160, 0.866369, -79969.265625, 0.375159259259
TRP, 3, 26.388, 0.84854, -80007.390625, 0.314955555556
TYR, 8, 28.128, 0.850049, -80082.734375, 0.270355555556
VAL, 6, 25.016, 0.812514, -79603.062500, 0.221659259259
