AMINO ACID, DSSP, SASA, GYRATE, ENERGY, RMSF
ALA, 9, 29.317, 0.862053, -80801.250000, 0.251659259259
ARG, 8, 29.771, 0.869692, -81329.000000, 0.298462962963
ASN, 10, 26.452, 0.808217, -80171.109375, 0.210481481481
ASP, 11, 25.779, 0.818605, -80225.289062, 0.207903703704
CYS, 12, 26.159, 0.82438, -80288.843750, 0.307162962963
GLN, 12, 25.783, 0.795825, -79959.796875, 0.290562962963
GLU, 7, 26.260, 0.814559, -81086.781250, 0.207940740741
GLY, 10, 26.435, 0.857284, -80234.421875, 0.230159259259
HIS, 6, 28.705, 0.850209, -79764.718750, 0.336788888889
ILE, 4, 28.585, 0.869091, -79957.406250, 0.278788888889
LEU, 10, 25.599, 0.810354, -81197.890625, 0.349325925926
LYS, 7, 27.481, 0.82583, -80597.132812, 0.242707407407
MET, 6, 24.881, 0.815737, -81037.140625, 0.221622222222
PHE, 8, 25.946, 0.809444, -78918.789062, 0.339081481481
PRO, 4, 26.435, 0.824105, -80311.953125, 0.268974074074
SER, 4, 26.139, 0.831006, -80122.375000, 0.234703703704
THR, 8, 25.976, 0.820779, -79570.546875, 0.375159259259
TRP, 6, 26.946, 0.85062, -78964.656250, 0.314955555556
TYR, 8, 28.236, 0.853131, -80935.828125, 0.270355555556
VAL, 10, 24.766, 0.823605, -80123.718750, 0.221659259259
