AMINO ACID, DSSP, SASA, GYRATE, ENERGY, RMSF
ALA, 8, 27.546, 0.844213, -80026.390625, 0.251659259259
ARG, 8, 27.623, 0.855965, -80860.796875, 0.298462962963
ASN, 10, 28.944, 0.836717, -79962.140625, 0.210481481481
ASP, 9, 26.146, 0.82078, -80645.445312, 0.207903703704
CYS, 12, 27.825, 0.846327, -79432.093750, 0.307162962963
GLN, 11, 25.050, 0.78088, -80837.640625, 0.290562962963
GLU, 7, 24.346, 0.816742, -79880.875000, 0.207940740741
GLY, 11, 25.868, 0.855202, -80188.609375, 0.230159259259
HIS, 4, 29.152, 0.857116, -80971.070312, 0.336788888889
ILE, 6, 27.850, 0.861374, -80540.875000, 0.278788888889
LEU, 8, 26.734, 0.81356, -79782.656250, 0.349325925926
LYS, 4, 27.315, 0.838925, -80858.382812, 0.242707407407
MET, 6, 23.776, 0.811827, -80855.046875, 0.221622222222
PHE, 9, 27.501, 0.821937, -79436.250000, 0.339081481481
PRO, 8, 27.410, 0.844301, -80827.000000, 0.268974074074
SER, 6, 26.179, 0.815069, -80666.843750, 0.234703703704
THR, 11, 25.749, 0.795543, -80836.476562, 0.375159259259
TRP, 4, 26.735, 0.84394, -80401.078125, 0.314955555556
TYR, 9, 28.597, 0.874905, -79325.468750, 0.270355555556
VAL, 10, 26.123, 0.827865, -80144.140625, 0.221659259259
