AMINO ACID, DSSP, SASA, GYRATE, ENERGY, RMSF
ALA, 4, 27.521, 0.840148, -81282.781250, 0.251659259259
ARG, 6, 27.265, 0.831361, -81369.078125, 0.298462962963
ASN, 12, 27.191, 0.81018, -79473.609375, 0.210481481481
ASP, 9, 25.678, 0.815193, -79937.515625, 0.207903703704
CYS, 8, 26.519, 0.825408, -80359.078125, 0.307162962963
GLN, 11, 25.072, 0.776946, -80851.335938, 0.290562962963
GLU, 13, 27.104, 0.836865, -79410.335938, 0.207940740741
GLY, 9, 26.400, 0.859491, -80961.765625, 0.230159259259
HIS, 2, 30.374, 0.884177, -79486.203125, 0.336788888889
ILE, 6, 28.944, 0.85527, -80830.890625, 0.278788888889
LEU, 10, 24.773, 0.791804, -81011.734375, 0.349325925926
LYS, 10, 28.617, 0.838239, -80499.851562, 0.242707407407
MET, 4, 25.933, 0.820691, -80454.039062, 0.221622222222
PHE, 9, 25.254, 0.808223, -79814.093750, 0.339081481481
PRO, 6, 23.962, 0.815167, -80701.093750, 0.268974074074
SER, 2, 26.842, 0.829787, -79136.890625, 0.234703703704
THR, 9, 26.452, 0.806582, -80380.015625, 0.375159259259
TRP, 4, 26.895, 0.857325, -80476.070312, 0.314955555556
TYR, 9, 27.848, 0.873394, -78991.640625, 0.270355555556
VAL, 10, 27.734, 0.844253, -80294.843750, 0.221659259259
