AMINO ACID, DSSP, SASA, GYRATE, ENERGY, RMSF
ALA, 8, 27.827, 0.847272, -80266.960938, 0.251659259259
ARG, 10, 28.202, 0.842566, -80692.828125, 0.298462962963
ASN, 14, 27.308, 0.822542, -80642.015625, 0.210481481481
ASP, 9, 26.051, 0.812517, -79689.296875, 0.207903703704
CYS, 8, 26.110, 0.829735, -79275.562500, 0.307162962963
GLN, 11, 23.839, 0.770877, -80118.781250, 0.290562962963
GLU, 7, 25.742, 0.819174, -80590.140625, 0.207940740741
GLY, 7, 27.559, 0.881168, -80015.062500, 0.230159259259
HIS, 3, 30.062, 0.878444, -80799.937500, 0.336788888889
ILE, 2, 27.858, 0.861381, -80068.546875, 0.278788888889
LEU, 10, 24.143, 0.788215, -80002.843750, 0.349325925926
LYS, 6, 27.706, 0.835277, -81712.429688, 0.242707407407
MET, 6, 23.583, 0.819362, -80550.789062, 0.221622222222
PHE, 5, 24.851, 0.807872, -80450.500000, 0.339081481481
PRO, 4, 25.141, 0.842855, -79885.906250, 0.268974074074
SER, 6, 27.463, 0.822343, -81177.195312, 0.234703703704
THR, 8, 25.397, 0.802784, -81116.867188, 0.375159259259
TRP, 6, 28.741, 0.868702, -79647.640625, 0.314955555556
TYR, 7, 28.507, 0.876898, -81007.000000, 0.270355555556
VAL, 10, 26.358, 0.838968, -80478.132812, 0.221659259259
