AMINO ACID, DSSP, SASA, GYRATE, ENERGY, RMSF
ALA, 8, 27.088, 0.843309, -80224.789062, 0.251659259259
ARG, 6, 27.701, 0.84808, -81087.312500, 0.298462962963
ASN, 14, 26.191, 0.803664, -80801.406250, 0.210481481481
ASP, 9, 26.284, 0.820963, -79802.000000, 0.207903703704
CYS, 10, 27.457, 0.82981, -80568.328125, 0.307162962963
GLN, 9, 22.728, 0.764825, -80436.601562, 0.290562962963
GLU, 11, 26.062, 0.821709, -80248.843750, 0.207940740741
GLY, 9, 26.996, 0.866894, -80924.898438, 0.230159259259
HIS, 2, 30.608, 0.868452, -80191.562500, 0.336788888889
ILE, 4, 28.050, 0.84397, -80663.617188, 0.278788888889
LEU, 10, 25.048, 0.790495, -80447.812500, 0.349325925926
LYS, 9, 29.297, 0.844516, -80723.851562, 0.242707407407
MET, 6, 24.696, 0.810425, -80911.234375, 0.221622222222
PHE, 9, 26.553, 0.814331, -80383.078125, 0.339081481481
PRO, 5, 25.251, 0.83862, -80480.390625, 0.268974074074
SER, 4, 26.720, 0.835702, -80539.812500, 0.234703703704
THR, 11, 26.668, 0.808293, -79878.671875, 0.375159259259
TRP, 4, 28.631, 0.861032, -80291.890625, 0.314955555556
TYR, 7, 28.312, 0.882862, -79546.828125, 0.270355555556
VAL, 10, 26.921, 0.836468, -80972.960938, 0.221659259259
