AMINO ACID, DSSP, SASA, GYRATE, ENERGY, RMSF
ALA, 4, 26.803, 0.846172, -80511.351562, 0.251659259259
ARG, 6, 28.025, 0.838123, -79889.796875, 0.298462962963
ASN, 12, 25.519, 0.816026, -80792.828125, 0.210481481481
ASP, 7, 26.378, 0.811764, -80824.867188, 0.207903703704
CYS, 6, 25.614, 0.837031, -81056.000000, 0.307162962963
GLN, 11, 25.086, 0.779378, -80884.859375, 0.290562962963
GLU, 7, 25.149, 0.819197, -80982.906250, 0.207940740741
GLY, 13, 26.961, 0.859063, -79916.289062, 0.230159259259
HIS, 2, 29.743, 0.863311, -80511.109375, 0.336788888889
ILE, 6, 28.250, 0.835626, -80554.289062, 0.278788888889
LEU, 10, 25.677, 0.805498, -79431.656250, 0.349325925926
LYS, 9, 29.095, 0.839324, -80877.773438, 0.242707407407
MET, 6, 26.330, 0.818802, -80309.390625, 0.221622222222
PHE, 10, 24.776, 0.79128, -80261.812500, 0.339081481481
PRO, 7, 26.375, 0.82892, -79860.710938, 0.268974074074
SER, 9, 26.579, 0.812254, -79650.656250, 0.234703703704
THR, 8, 25.721, 0.807524, -80377.640625, 0.375159259259
TRP, 6, 27.843, 0.833097, -80223.726562, 0.314955555556
TYR, 7, 27.835, 0.868908, -80396.687500, 0.270355555556
VAL, 10, 25.638, 0.841117, -79943.679688, 0.221659259259
