AMINO ACID, DSSP, SASA, GYRATE, ENERGY, RMSF
ALA, 6, 27.222, 0.84132, -79917.000000, 0.251659259259
ARG, 8, 27.801, 0.831922, -80647.304688, 0.298462962963
ASN, 8, 26.183, 0.814054, -80135.578125, 0.210481481481
ASP, 9, 26.515, 0.810124, -80232.656250, 0.207903703704
CYS, 6, 25.405, 0.825941, -80500.437500, 0.307162962963
GLN, 11, 24.579, 0.77302, -80856.523438, 0.290562962963
GLU, 7, 25.219, 0.803705, -80467.750000, 0.207940740741
GLY, 9, 25.680, 0.845457, -81082.281250, 0.230159259259
HIS, 4, 30.492, 0.879526, -79667.765625, 0.336788888889
ILE, 6, 27.537, 0.834125, -80416.953125, 0.278788888889
LEU, 8, 27.136, 0.82155, -79958.187500, 0.349325925926
LYS, 7, 26.929, 0.834294, -81433.031250, 0.242707407407
MET, 6, 25.250, 0.817016, -79449.000000, 0.221622222222
PHE, 9, 26.007, 0.806544, -80171.890625, 0.339081481481
PRO, 6, 25.497, 0.822946, -80672.531250, 0.268974074074
SER, 4, 26.306, 0.818187, -80258.960938, 0.234703703704
THR, 8, 25.503, 0.807657, -80782.500000, 0.375159259259
TRP, 8, 25.947, 0.825303, -80301.914062, 0.314955555556
TYR, 9, 28.357, 0.874218, -79113.765625, 0.270355555556
VAL, 8, 25.363, 0.829233, -80929.750000, 0.221659259259
