AMINO ACID, DSSP, SASA, GYRATE, ENERGY, RMSF
ALA, 2, 28.194, 0.836681, -80147.390625, 0.251659259259
ARG, 6, 27.548, 0.845982, -80135.976562, 0.298462962963
ASN, 10, 24.728, 0.811537, -80519.718750, 0.210481481481
ASP, 9, 25.207, 0.802076, -79921.539062, 0.207903703704
CYS, 4, 26.283, 0.820819, -80151.515625, 0.307162962963
GLN, 9, 24.227, 0.775049, -80588.062500, 0.290562962963
GLU, 7, 27.009, 0.823161, -79881.390625, 0.207940740741
GLY, 9, 25.806, 0.848851, -80329.210938, 0.230159259259
HIS, 4, 28.708, 0.861086, -79422.335938, 0.336788888889
ILE, 6, 27.381, 0.839765, -79505.882812, 0.278788888889
LEU, 8, 24.393, 0.789171, -79878.468750, 0.349325925926
LYS, 7, 26.568, 0.817861, -80460.578125, 0.242707407407
MET, 6, 26.019, 0.833683, -80077.234375, 0.221622222222
PHE, 6, 26.422, 0.810969, -79220.437500, 0.339081481481
PRO, 4, 25.196, 0.823788, -80323.500000, 0.268974074074
SER, 4, 26.590, 0.823105, -81076.625000, 0.234703703704
THR, 4, 26.309, 0.796681, -80629.851562, 0.375159259259
TRP, 6, 26.246, 0.835199, -79562.859375, 0.314955555556
TYR, 9, 29.084, 0.881243, -80268.789062, 0.270355555556
VAL, 6, 27.726, 0.835873, -80157.867188, 0.221659259259
