AMINO ACID, DSSP, SASA, GYRATE, ENERGY, RMSF
ALA, 6, 26.917, 0.831112, -79922.171875, 0.251659259259
ARG, 8, 27.856, 0.845942, -80253.562500, 0.298462962963
ASN, 14, 24.353, 0.814424, -80689.039062, 0.210481481481
ASP, 11, 25.606, 0.802497, -80320.585938, 0.207903703704
CYS, 9, 27.759, 0.835333, -80623.359375, 0.307162962963
GLN, 11, 22.706, 0.767434, -80405.492188, 0.290562962963
GLU, 13, 25.757, 0.815702, -80117.781250, 0.207940740741
GLY, 8, 26.336, 0.851711, -80543.796875, 0.230159259259
HIS, 2, 30.304, 0.881935, -79998.617188, 0.336788888889
ILE, 6, 26.357, 0.828299, -81063.796875, 0.278788888889
LEU, 10, 25.936, 0.804737, -80204.593750, 0.349325925926
LYS, 9, 28.145, 0.834671, -80486.515625, 0.242707407407
MET, 4, 25.491, 0.840425, -79721.546875, 0.221622222222
PHE, 8, 26.311, 0.812972, -80644.562500, 0.339081481481
PRO, 6, 25.419, 0.827833, -80948.554688, 0.268974074074
SER, 6, 26.506, 0.810961, -79171.765625, 0.234703703704
THR, 8, 24.682, 0.784957, -80040.625000, 0.375159259259
TRP, 8, 27.524, 0.836239, -80430.484375, 0.314955555556
TYR, 4, 28.180, 0.859962, -80367.695312, 0.270355555556
VAL, 12, 27.084, 0.836632, -81109.640625, 0.221659259259
