AMINO ACID, DSSP, SASA, GYRATE, ENERGY, RMSF
ALA, 6, 28.249, 0.857318, -80214.601562, 0.251659259259
ARG, 6, 28.223, 0.841483, -81145.187500, 0.298462962963
ASN, 8, 24.290, 0.820822, -79003.953125, 0.210481481481
ASP, 9, 24.528, 0.791522, -80852.968750, 0.207903703704
CYS, 10, 27.443, 0.835398, -79894.539062, 0.307162962963
GLN, 11, 23.819, 0.778141, -80303.140625, 0.290562962963
GLU, 9, 25.543, 0.805244, -79548.195312, 0.207940740741
GLY, 6, 25.953, 0.855035, -79479.468750, 0.230159259259
HIS, 4, 30.634, 0.889867, -79776.484375, 0.336788888889
ILE, 4, 27.478, 0.837396, -80097.593750, 0.278788888889
LEU, 10, 25.087, 0.809022, -80372.328125, 0.349325925926
LYS, 7, 28.893, 0.823211, -80960.640625, 0.242707407407
MET, 6, 25.321, 0.823431, -79992.843750, 0.221622222222
PHE, 6, 26.315, 0.819355, -80239.250000, 0.339081481481
PRO, 6, 25.370, 0.813907, -80472.875000, 0.268974074074
SER, 4, 25.871, 0.812583, -79838.640625, 0.234703703704
THR, 6, 24.217, 0.788896, -80255.765625, 0.375159259259
TRP, 6, 28.210, 0.842795, -79238.062500, 0.314955555556
TYR, 6, 28.671, 0.874231, -79546.226562, 0.270355555556
VAL, 10, 26.931, 0.825896, -80159.804688, 0.221659259259
