AMINO ACID, DSSP, SASA, GYRATE, ENERGY, RMSF
ALA, 6, 26.681, 0.839569, -80151.039062, 0.251659259259
ARG, 6, 29.555, 0.870873, -81090.992188, 0.298462962963
ASN, 8, 27.638, 0.826432, -80347.203125, 0.210481481481
ASP, 6, 24.535, 0.793397, -81025.265625, 0.207903703704
CYS, 8, 29.619, 0.888242, -80794.507812, 0.307162962963
GLN, 6, 26.815, 0.833521, -80637.625000, 0.290562962963
GLU, 6, 26.829, 0.840876, -80071.593750, 0.207940740741
GLY, 6, 27.635, 0.844761, -80332.734375, 0.230159259259
HIS, 10, 29.554, 0.874134, -80362.773438, 0.336788888889
ILE, 10, 27.253, 0.84506, -79175.046875, 0.278788888889
LEU, 8, 26.896, 0.829689, -79516.093750, 0.349325925926
LYS, 6, 27.532, 0.818934, -80870.031250, 0.242707407407
MET, 4, 28.510, 0.847131, -79375.421875, 0.221622222222
PHE, 10, 25.982, 0.809243, -80401.218750, 0.339081481481
PRO, 9, 26.198, 0.846708, -80988.453125, 0.268974074074
SER, 12, 25.949, 0.811741, -80081.476562, 0.234703703704
THR, 8, 28.292, 0.824523, -80419.781250, 0.375159259259
TRP, 12, 29.286, 0.858759, -79879.585938, 0.314955555556
TYR, 7, 29.046, 0.843274, -81146.000000, 0.270355555556
VAL, 8, 25.583, 0.810833, -80790.937500, 0.221659259259
