AMINO ACID, DSSP, SASA, GYRATE, ENERGY, RMSF
ALA, 6, 26.344, 0.833817, -81170.867188, 0.251659259259
ARG, 6, 29.337, 0.859771, -80377.664062, 0.298462962963
ASN, 8, 28.222, 0.831802, -80630.718750, 0.210481481481
ASP, 6, 25.147, 0.807284, -80601.429688, 0.207903703704
CYS, 6, 29.141, 0.885493, -79621.734375, 0.307162962963
GLN, 10, 27.129, 0.831166, -80031.945312, 0.290562962963
GLU, 6, 26.859, 0.838884, -79992.078125, 0.207940740741
GLY, 6, 27.653, 0.840544, -80400.062500, 0.230159259259
HIS, 11, 29.886, 0.869257, -80254.742188, 0.336788888889
ILE, 4, 28.145, 0.851087, -80814.554688, 0.278788888889
LEU, 8, 28.195, 0.834505, -79675.421875, 0.349325925926
LYS, 10, 27.320, 0.825373, -81186.367188, 0.242707407407
MET, 4, 28.838, 0.846582, -79916.515625, 0.221622222222
PHE, 8, 25.599, 0.816615, -79512.648438, 0.339081481481
PRO, 8, 26.975, 0.850606, -80408.000000, 0.268974074074
SER, 12, 26.483, 0.817418, -80075.187500, 0.234703703704
THR, 6, 26.949, 0.82404, -80256.320312, 0.375159259259
TRP, 10, 27.507, 0.839471, -79257.515625, 0.314955555556
TYR, 7, 28.901, 0.846622, -79656.695312, 0.270355555556
VAL, 8, 25.934, 0.81147, -79897.625000, 0.221659259259
