AMINO ACID, DSSP, SASA, GYRATE, ENERGY, RMSF
ALA, 6, 28.084, 0.851405, -80343.773438, 0.251659259259
ARG, 8, 26.708, 0.824973, -81224.406250, 0.298462962963
ASN, 6, 26.786, 0.825763, -79276.984375, 0.210481481481
ASP, 10, 26.313, 0.812734, -80172.718750, 0.207903703704
CYS, 10, 28.237, 0.838297, -80465.898438, 0.307162962963
GLN, 16, 26.183, 0.791185, -80154.375000, 0.290562962963
GLU, 9, 24.895, 0.802996, -79984.054688, 0.207940740741
GLY, 6, 28.049, 0.875301, -80197.437500, 0.230159259259
HIS, 4, 27.144, 0.823744, -79887.984375, 0.336788888889
ILE, 8, 26.285, 0.82581, -79346.375000, 0.278788888889
LEU, 12, 25.244, 0.814871, -80490.718750, 0.349325925926
LYS, 7, 26.770, 0.827927, -80345.765625, 0.242707407407
MET, 6, 27.937, 0.833371, -80950.101562, 0.221622222222
PHE, 6, 24.500, 0.786617, -79950.257812, 0.339081481481
PRO, 6, 25.579, 0.836703, -80221.468750, 0.268974074074
SER, 6, 25.836, 0.802157, -79831.171875, 0.234703703704
THR, 4, 24.533, 0.800785, -80039.398438, 0.375159259259
TRP, 12, 26.907, 0.831295, -79650.898438, 0.314955555556
TYR, 10, 27.513, 0.871993, -80580.046875, 0.270355555556
VAL, 8, 25.261, 0.827204, -79729.109375, 0.221659259259
