AMINO ACID, DSSP, SASA, GYRATE, ENERGY, RMSF
ALA, 6, 26.510, 0.833863, -79855.742188, 0.251659259259
ARG, 4, 29.059, 0.860629, -80248.226562, 0.298462962963
ASN, 8, 27.735, 0.832398, -79974.289062, 0.210481481481
ASP, 6, 24.141, 0.798379, -79306.718750, 0.207903703704
CYS, 6, 29.125, 0.898874, -79227.343750, 0.307162962963
GLN, 8, 27.410, 0.84006, -80526.585938, 0.290562962963
GLU, 6, 27.080, 0.847609, -80040.843750, 0.207940740741
GLY, 10, 25.808, 0.833699, -80203.445312, 0.230159259259
HIS, 8, 29.914, 0.881701, -80717.820312, 0.336788888889
ILE, 8, 28.782, 0.842714, -80978.375000, 0.278788888889
LEU, 8, 27.448, 0.830337, -80576.648438, 0.349325925926
LYS, 12, 27.763, 0.826154, -79852.945312, 0.242707407407
MET, 7, 28.158, 0.847127, -80070.367188, 0.221622222222
PHE, 8, 24.574, 0.807349, -79647.093750, 0.339081481481
PRO, 7, 26.885, 0.850558, -80327.015625, 0.268974074074
SER, 8, 25.891, 0.813131, -80716.648438, 0.234703703704
THR, 8, 26.547, 0.815967, -80521.750000, 0.375159259259
TRP, 12, 28.348, 0.847233, -80665.921875, 0.314955555556
TYR, 9, 28.794, 0.839186, -80928.523438, 0.270355555556
VAL, 8, 26.717, 0.814175, -79961.078125, 0.221659259259
