AMINO ACID, DSSP, SASA, GYRATE, ENERGY, RMSF
ALA, 10, 26.812, 0.843599, -79676.468750, 0.251659259259
ARG, 9, 27.747, 0.831098, -80135.500000, 0.298462962963
ASN, 6, 26.941, 0.840453, -80172.093750, 0.210481481481
ASP, 10, 26.204, 0.820005, -81326.148438, 0.207903703704
CYS, 12, 28.077, 0.842073, -80550.296875, 0.307162962963
GLN, 11, 24.701, 0.798593, -80390.312500, 0.290562962963
GLU, 11, 24.567, 0.809259, -79796.734375, 0.207940740741
GLY, 4, 28.731, 0.871749, -81119.703125, 0.230159259259
HIS, 2, 26.617, 0.833526, -80665.164062, 0.336788888889
ILE, 6, 25.641, 0.811864, -79982.765625, 0.278788888889
LEU, 10, 25.424, 0.818717, -80831.500000, 0.349325925926
LYS, 7, 27.746, 0.825107, -80035.234375, 0.242707407407
MET, 4, 26.734, 0.830264, -79459.250000, 0.221622222222
PHE, 4, 25.420, 0.793982, -79957.187500, 0.339081481481
PRO, 8, 25.128, 0.834367, -78947.078125, 0.268974074074
SER, 2, 26.394, 0.814092, -79985.039062, 0.234703703704
THR, 6, 25.089, 0.800988, -80155.570312, 0.375159259259
TRP, 8, 26.137, 0.824001, -80025.023438, 0.314955555556
TYR, 6, 27.811, 0.870393, -79771.000000, 0.270355555556
VAL, 10, 25.394, 0.817037, -80015.531250, 0.221659259259
