AMINO ACID, DSSP, SASA, GYRATE, ENERGY, RMSF
ALA, 8, 27.172, 0.846176, -79975.414062, 0.251659259259
ARG, 10, 28.063, 0.828617, -80690.882812, 0.298462962963
ASN, 6, 27.350, 0.834737, -79623.148438, 0.210481481481
ASP, 10, 26.600, 0.817473, -80765.468750, 0.207903703704
CYS, 14, 26.896, 0.834243, -80896.492188, 0.307162962963
GLN, 13, 23.520, 0.779532, -79889.085938, 0.290562962963
GLU, 13, 25.694, 0.81528, -80163.687500, 0.207940740741
GLY, 4, 27.200, 0.850708, -80623.882812, 0.230159259259
HIS, 4, 28.379, 0.849913, -80987.796875, 0.336788888889
ILE, 6, 26.003, 0.808458, -79832.695312, 0.278788888889
LEU, 8, 25.929, 0.826982, -78904.828125, 0.349325925926
LYS, 7, 27.537, 0.833868, -80919.359375, 0.242707407407
MET, 6, 27.809, 0.844099, -79572.171875, 0.221622222222
PHE, 4, 25.107, 0.794407, -80145.359375, 0.339081481481
PRO, 8, 24.556, 0.83516, -80155.906250, 0.268974074074
SER, 4, 26.660, 0.813135, -80223.664062, 0.234703703704
THR, 4, 25.625, 0.802066, -80234.390625, 0.375159259259
TRP, 10, 27.943, 0.836, -79652.171875, 0.314955555556
TYR, 7, 28.078, 0.862526, -81018.031250, 0.270355555556
VAL, 8, 25.326, 0.827774, -80403.375000, 0.221659259259
