AMINO ACID, DSSP, SASA, GYRATE, ENERGY, RMSF
ALA, 4, 28.067, 0.85503, -79596.320312, 0.251659259259
ARG, 10, 29.264, 0.839055, -80314.453125, 0.298462962963
ASN, 8, 28.038, 0.814555, -81350.656250, 0.210481481481
ASP, 11, 25.264, 0.807985, -79568.210938, 0.207903703704
CYS, 12, 28.451, 0.840544, -80215.343750, 0.307162962963
GLN, 8, 25.023, 0.786391, -80093.109375, 0.290562962963
GLU, 7, 24.879, 0.798712, -79287.750000, 0.207940740741
GLY, 4, 27.594, 0.86155, -80407.125000, 0.230159259259
HIS, 2, 27.843, 0.827519, -80154.648438, 0.336788888889
ILE, 6, 27.767, 0.818515, -79852.179688, 0.278788888889
LEU, 10, 23.843, 0.793341, -79978.156250, 0.349325925926
LYS, 7, 27.395, 0.819057, -80797.164062, 0.242707407407
MET, 6, 25.738, 0.838402, -80013.515625, 0.221622222222
PHE, 6, 26.739, 0.805146, -79833.414062, 0.339081481481
PRO, 6, 25.386, 0.819007, -80243.078125, 0.268974074074
SER, 4, 25.627, 0.80893, -79912.109375, 0.234703703704
THR, 8, 27.198, 0.819506, -79868.796875, 0.375159259259
TRP, 8, 27.089, 0.829556, -80659.328125, 0.314955555556
TYR, 11, 27.226, 0.867751, -79841.515625, 0.270355555556
VAL, 8, 25.627, 0.822581, -79749.304688, 0.221659259259
