AMINO ACID, DSSP, SASA, GYRATE, ENERGY, RMSF
ALA, 6, 29.223, 0.850795, -81374.156250, 0.251659259259
ARG, 12, 28.195, 0.831961, -80829.656250, 0.298462962963
ASN, 8, 28.387, 0.817745, -79935.484375, 0.210481481481
ASP, 7, 26.428, 0.818052, -80411.734375, 0.207903703704
CYS, 6, 28.714, 0.835589, -80406.664062, 0.307162962963
GLN, 8, 24.707, 0.788107, -80095.476562, 0.290562962963
GLU, 11, 24.935, 0.806672, -79435.406250, 0.207940740741
GLY, 4, 25.562, 0.851008, -79743.390625, 0.230159259259
HIS, 2, 28.013, 0.835577, -80917.195312, 0.336788888889
ILE, 8, 26.353, 0.801255, -80195.523438, 0.278788888889
LEU, 8, 25.437, 0.796159, -80597.804688, 0.349325925926
LYS, 7, 28.774, 0.824556, -80981.656250, 0.242707407407
MET, 6, 26.073, 0.82717, -79735.281250, 0.221622222222
PHE, 11, 26.868, 0.802928, -80161.140625, 0.339081481481
PRO, 6, 26.045, 0.82402, -79128.398438, 0.268974074074
SER, 4, 25.188, 0.805679, -81034.875000, 0.234703703704
THR, 6, 27.514, 0.814752, -79910.304688, 0.375159259259
TRP, 10, 26.369, 0.826914, -80810.468750, 0.314955555556
TYR, 7, 27.543, 0.870405, -80275.742188, 0.270355555556
VAL, 6, 25.414, 0.816935, -80654.414062, 0.221659259259
