AMINO ACID, DSSP, SASA, GYRATE, ENERGY, RMSF
ALA, 6, 28.594, 0.861603, -80420.195312, 0.251659259259
ARG, 10, 28.606, 0.846085, -80655.375000, 0.298462962963
ASN, 8, 27.532, 0.825915, -80673.992188, 0.210481481481
ASP, 9, 25.731, 0.814241, -80248.406250, 0.207903703704
CYS, 10, 27.664, 0.834892, -80493.187500, 0.307162962963
GLN, 9, 23.040, 0.776781, -79861.359375, 0.290562962963
GLU, 11, 26.147, 0.815247, -79398.921875, 0.207940740741
GLY, 4, 27.657, 0.854396, -79304.218750, 0.230159259259
HIS, 2, 28.968, 0.859708, -80201.890625, 0.336788888889
ILE, 4, 26.787, 0.823606, -79889.281250, 0.278788888889
LEU, 10, 25.759, 0.802513, -79091.406250, 0.349325925926
LYS, 7, 26.942, 0.818415, -80791.992188, 0.242707407407
MET, 4, 27.059, 0.840037, -80360.140625, 0.221622222222
PHE, 11, 26.238, 0.795245, -79551.851562, 0.339081481481
PRO, 6, 26.264, 0.817217, -80281.734375, 0.268974074074
SER, 4, 25.410, 0.809788, -79368.476562, 0.234703703704
THR, 6, 26.664, 0.820016, -79486.289062, 0.375159259259
TRP, 12, 27.671, 0.821856, -78784.968750, 0.314955555556
TYR, 7, 27.782, 0.867558, -80648.640625, 0.270355555556
VAL, 8, 24.739, 0.817616, -80126.757812, 0.221659259259
