AMINO ACID, DSSP, SASA, GYRATE, ENERGY, RMSF
ALA, 6, 29.079, 0.864944, -79680.554688, 0.251659259259
ARG, 10, 29.075, 0.840424, -80196.312500, 0.298462962963
ASN, 8, 25.866, 0.809774, -80263.656250, 0.210481481481
ASP, 9, 26.242, 0.815751, -80215.539062, 0.207903703704
CYS, 6, 28.959, 0.840115, -80107.953125, 0.307162962963
GLN, 11, 24.808, 0.782771, -80374.843750, 0.290562962963
GLU, 11, 26.799, 0.824632, -79899.875000, 0.207940740741
GLY, 4, 25.751, 0.850438, -81243.531250, 0.230159259259
HIS, 2, 28.906, 0.870253, -80452.601562, 0.336788888889
ILE, 4, 25.996, 0.811347, -79736.906250, 0.278788888889
LEU, 11, 25.258, 0.793909, -80215.562500, 0.349325925926
LYS, 7, 26.757, 0.828568, -80613.273438, 0.242707407407
MET, 6, 25.654, 0.829996, -79133.789062, 0.221622222222
PHE, 8, 25.983, 0.802191, -81150.265625, 0.339081481481
PRO, 6, 25.645, 0.828772, -80128.312500, 0.268974074074
SER, 4, 26.530, 0.799415, -80678.242188, 0.234703703704
THR, 6, 25.783, 0.820831, -80985.000000, 0.375159259259
TRP, 10, 26.601, 0.819218, -79140.562500, 0.314955555556
TYR, 8, 27.186, 0.86053, -79747.765625, 0.270355555556
VAL, 10, 25.673, 0.825914, -80600.187500, 0.221659259259
