AMINO ACID, DSSP, SASA, GYRATE, ENERGY, RMSF
ALA, 16, 26.911, 0.810277, -80057.437500, 0.251659259259
ARG, 10, 26.764, 0.819245, -80322.312500, 0.298462962963
ASN, 10, 25.517, 0.807075, -80860.375000, 0.210481481481
ASP, 12, 25.976, 0.804916, -80374.984375, 0.207903703704
CYS, 12, 24.955, 0.802007, -79987.320312, 0.307162962963
GLN, 16, 26.160, 0.808101, -80640.218750, 0.290562962963
GLU, 12, 26.219, 0.813716, -80495.648438, 0.207940740741
GLY, 6, 26.426, 0.812787, -79902.468750, 0.230159259259
HIS, 10, 27.295, 0.822774, -80192.960938, 0.336788888889
ILE, 12, 26.289, 0.80892, -79602.085938, 0.278788888889
LEU, 12, 25.699, 0.796938, -80227.195312, 0.349325925926
LYS, 8, 27.164, 0.820371, -80947.343750, 0.242707407407
MET, 14, 26.359, 0.806889, -79253.093750, 0.221622222222
PHE, 14, 26.473, 0.810546, -80012.484375, 0.339081481481
PRO, 12, 26.628, 0.807553, -79327.945312, 0.268974074074
SER, 12, 25.843, 0.81023, -80019.523438, 0.234703703704
THR, 12, 25.792, 0.819155, -80081.312500, 0.375159259259
TRP, 12, 26.735, 0.817599, -80746.359375, 0.314955555556
TYR, 14, 25.538, 0.809349, -79851.859375, 0.270355555556
VAL, 6, 26.777, 0.822134, -79529.156250, 0.221659259259
