AMINO ACID, DSSP, SASA, GYRATE, ENERGY, RMSF
ALA, 8, 26.658, 0.843628, -80168.125000, 0.251659259259
ARG, 6, 28.632, 0.837792, -80645.453125, 0.298462962963
ASN, 8, 25.996, 0.814628, -80301.031250, 0.210481481481
ASP, 8, 25.724, 0.807676, -80700.468750, 0.207903703704
CYS, 12, 24.287, 0.805321, -80607.445312, 0.307162962963
GLN, 8, 26.040, 0.812225, -80413.328125, 0.290562962963
GLU, 8, 27.266, 0.83424, -80204.632812, 0.207940740741
GLY, 2, 25.999, 0.824523, -79707.250000, 0.230159259259
HIS, 8, 26.995, 0.843591, -80241.281250, 0.336788888889
ILE, 10, 27.508, 0.822415, -79695.578125, 0.278788888889
LEU, 14, 26.724, 0.808987, -79613.929688, 0.349325925926
LYS, 14, 25.608, 0.809292, -80339.273438, 0.242707407407
MET, 10, 25.591, 0.821189, -78861.734375, 0.221622222222
PHE, 12, 26.445, 0.814606, -80221.609375, 0.339081481481
PRO, 8, 26.334, 0.81688, -79791.593750, 0.268974074074
SER, 8, 27.123, 0.827277, -80472.914062, 0.234703703704
THR, 12, 26.734, 0.813298, -80433.304688, 0.375159259259
TRP, 10, 27.647, 0.825493, -79289.453125, 0.314955555556
TYR, 14, 25.765, 0.813081, -79514.171875, 0.270355555556
VAL, 4, 27.608, 0.824504, -79878.375000, 0.221659259259
