AMINO ACID, DSSP, SASA, GYRATE, ENERGY, RMSF
ALA, 6, 28.250, 0.861355, -80173.906250, 0.251659259259
ARG, 6, 29.148, 0.843217, -81338.976562, 0.298462962963
ASN, 11, 26.790, 0.814229, -80282.789062, 0.210481481481
ASP, 9, 26.243, 0.819331, -80545.234375, 0.207903703704
CYS, 10, 29.064, 0.846892, -80903.156250, 0.307162962963
GLN, 9, 24.883, 0.781649, -80000.640625, 0.290562962963
GLU, 7, 25.707, 0.823158, -79494.687500, 0.207940740741
GLY, 9, 25.731, 0.863435, -79601.468750, 0.230159259259
HIS, 2, 29.916, 0.874729, -80899.843750, 0.336788888889
ILE, 4, 25.097, 0.812508, -80684.640625, 0.278788888889
LEU, 8, 25.566, 0.803717, -80268.078125, 0.349325925926
LYS, 7, 28.652, 0.842131, -80830.085938, 0.242707407407
MET, 4, 25.695, 0.832464, -80690.476562, 0.221622222222
PHE, 3, 26.091, 0.801928, -79853.031250, 0.339081481481
PRO, 8, 25.869, 0.825977, -80532.625000, 0.268974074074
SER, 4, 25.849, 0.81176, -80415.890625, 0.234703703704
THR, 6, 25.898, 0.817775, -80598.703125, 0.375159259259
TRP, 12, 25.401, 0.818546, -79122.265625, 0.314955555556
TYR, 8, 29.246, 0.860564, -79844.023438, 0.270355555556
VAL, 10, 26.066, 0.828278, -80837.007812, 0.221659259259
