AMINO ACID, DSSP, SASA, GYRATE, ENERGY, RMSF
ALA, 6, 29.130, 0.860697, -80482.648438, 0.251659259259
ARG, 10, 27.924, 0.839548, -81002.914062, 0.298462962963
ASN, 11, 27.156, 0.814421, -80146.640625, 0.210481481481
ASP, 11, 25.739, 0.813493, -79715.421875, 0.207903703704
CYS, 6, 29.067, 0.860799, -79725.171875, 0.307162962963
GLN, 9, 25.102, 0.782192, -80268.281250, 0.290562962963
GLU, 11, 26.531, 0.823646, -80577.117188, 0.207940740741
GLY, 4, 25.406, 0.855733, -80101.351562, 0.230159259259
HIS, 2, 29.453, 0.866854, -80421.179688, 0.336788888889
ILE, 4, 25.454, 0.810579, -79378.187500, 0.278788888889
LEU, 8, 25.087, 0.802362, -80813.343750, 0.349325925926
LYS, 7, 28.603, 0.832302, -80757.929688, 0.242707407407
MET, 4, 25.162, 0.823543, -79742.414062, 0.221622222222
PHE, 6, 26.274, 0.804498, -79238.429688, 0.339081481481
PRO, 6, 25.291, 0.819921, -80096.304688, 0.268974074074
SER, 4, 25.672, 0.816042, -79934.046875, 0.234703703704
THR, 6, 25.255, 0.813378, -79349.539062, 0.375159259259
TRP, 12, 26.086, 0.823142, -79600.859375, 0.314955555556
TYR, 8, 28.784, 0.85309, -80019.617188, 0.270355555556
VAL, 10, 25.862, 0.832799, -81233.515625, 0.221659259259
