AMINO ACID, DSSP, SASA, GYRATE, ENERGY, RMSF
ALA, 8, 27.453, 0.847687, -80223.968750, 0.251659259259
ARG, 10, 28.533, 0.836447, -80302.062500, 0.298462962963
ASN, 10, 26.175, 0.80925, -80223.375000, 0.210481481481
ASP, 7, 24.910, 0.817014, -80695.382812, 0.207903703704
CYS, 10, 28.680, 0.844731, -80409.046875, 0.307162962963
GLN, 9, 23.143, 0.760825, -80877.640625, 0.290562962963
GLU, 13, 25.239, 0.827725, -80694.140625, 0.207940740741
GLY, 9, 26.180, 0.866856, -80679.109375, 0.230159259259
HIS, 4, 30.913, 0.871565, -80759.718750, 0.336788888889
ILE, 4, 25.277, 0.80752, -79588.468750, 0.278788888889
LEU, 8, 24.646, 0.791753, -80066.062500, 0.349325925926
LYS, 7, 27.486, 0.829078, -80028.359375, 0.242707407407
MET, 6, 25.831, 0.831097, -79193.000000, 0.221622222222
PHE, 8, 26.031, 0.808688, -79571.523438, 0.339081481481
PRO, 6, 25.158, 0.812281, -79228.515625, 0.268974074074
SER, 4, 26.377, 0.808744, -81566.828125, 0.234703703704
THR, 8, 26.397, 0.822892, -79467.312500, 0.375159259259
TRP, 14, 23.352, 0.795313, -79897.679688, 0.314955555556
TYR, 9, 27.681, 0.852159, -79398.515625, 0.270355555556
VAL, 4, 27.094, 0.826241, -79608.890625, 0.221659259259
