AMINO ACID, DSSP, SASA, GYRATE, ENERGY, RMSF
ALA, 6, 28.313, 0.85537, -80506.890625, 0.251659259259
ARG, 4, 28.757, 0.839912, -81274.515625, 0.298462962963
ASN, 11, 26.794, 0.814907, -80621.828125, 0.210481481481
ASP, 7, 24.127, 0.809188, -79805.164062, 0.207903703704
CYS, 8, 27.603, 0.859114, -79286.507812, 0.307162962963
GLN, 9, 24.354, 0.776089, -79964.320312, 0.290562962963
GLU, 7, 25.957, 0.814063, -79935.273438, 0.207940740741
GLY, 9, 26.500, 0.872494, -80098.546875, 0.230159259259
HIS, 2, 29.627, 0.875039, -79336.460938, 0.336788888889
ILE, 4, 24.742, 0.807358, -79967.312500, 0.278788888889
LEU, 10, 25.827, 0.805103, -79891.367188, 0.349325925926
LYS, 7, 28.511, 0.829246, -80739.632812, 0.242707407407
MET, 6, 26.839, 0.853505, -80943.210938, 0.221622222222
PHE, 10, 26.358, 0.799635, -80997.828125, 0.339081481481
PRO, 6, 24.768, 0.827618, -80876.437500, 0.268974074074
SER, 6, 26.492, 0.81296, -80106.968750, 0.234703703704
THR, 6, 25.083, 0.81121, -81199.203125, 0.375159259259
TRP, 12, 25.075, 0.800214, -80347.476562, 0.314955555556
TYR, 9, 27.809, 0.862822, -80076.929688, 0.270355555556
VAL, 10, 27.169, 0.834074, -80109.617188, 0.221659259259
