AMINO ACID, DSSP, SASA, GYRATE, ENERGY, RMSF
ALA, 8, 26.580, 0.837206, -79445.023438, 0.251659259259
ARG, 10, 28.748, 0.850228, -81452.203125, 0.298462962963
ASN, 10, 27.902, 0.830344, -80046.796875, 0.210481481481
ASP, 6, 25.599, 0.802275, -79762.421875, 0.207903703704
CYS, 4, 29.184, 0.889212, -80156.414062, 0.307162962963
GLN, 6, 26.362, 0.837713, -79999.523438, 0.290562962963
GLU, 8, 28.356, 0.848969, -79677.453125, 0.207940740741
GLY, 11, 26.417, 0.84679, -80695.875000, 0.230159259259
HIS, 8, 29.721, 0.88293, -79489.109375, 0.336788888889
ILE, 8, 26.809, 0.830546, -80093.375000, 0.278788888889
LEU, 8, 26.396, 0.823244, -80127.414062, 0.349325925926
LYS, 6, 29.239, 0.846611, -81021.109375, 0.242707407407
MET, 4, 26.834, 0.829251, -80532.109375, 0.221622222222
PHE, 12, 25.412, 0.808258, -79914.625000, 0.339081481481
PRO, 7, 27.037, 0.836281, -81177.312500, 0.268974074074
SER, 10, 25.472, 0.821334, -80425.687500, 0.234703703704
THR, 8, 27.644, 0.834957, -80209.351562, 0.375159259259
TRP, 4, 29.880, 0.860296, -79098.265625, 0.314955555556
TYR, 7, 26.728, 0.842129, -80356.664062, 0.270355555556
VAL, 8, 25.783, 0.813364, -80395.906250, 0.221659259259
