AMINO ACID, DSSP, SASA, GYRATE, ENERGY, RMSF
ALA, 8, 29.660, 0.855983, -80118.250000, 0.251659259259
ARG, 4, 28.484, 0.85016, -79783.203125, 0.298462962963
ASN, 8, 26.124, 0.806182, -79783.296875, 0.210481481481
ASP, 7, 26.760, 0.827351, -80636.078125, 0.207903703704
CYS, 10, 27.178, 0.857448, -80386.375000, 0.307162962963
GLN, 9, 23.887, 0.763904, -80990.140625, 0.290562962963
GLU, 9, 25.368, 0.827835, -79517.390625, 0.207940740741
GLY, 4, 27.585, 0.886312, -79770.906250, 0.230159259259
HIS, 0, 31.892, 0.895071, -81018.718750, 0.336788888889
ILE, 4, 25.073, 0.802709, -79729.750000, 0.278788888889
LEU, 12, 25.903, 0.805001, -79969.062500, 0.349325925926
LYS, 8, 28.404, 0.834034, -80104.046875, 0.242707407407
MET, 6, 26.718, 0.834388, -80195.921875, 0.221622222222
PHE, 12, 25.519, 0.80551, -80204.851562, 0.339081481481
PRO, 6, 24.700, 0.823189, -81045.531250, 0.268974074074
SER, 6, 24.684, 0.804906, -80993.867188, 0.234703703704
THR, 9, 25.308, 0.79953, -80608.187500, 0.375159259259
TRP, 10, 25.349, 0.796135, -80490.718750, 0.314955555556
TYR, 8, 27.425, 0.854073, -80063.757812, 0.270355555556
VAL, 8, 26.901, 0.836749, -80241.234375, 0.221659259259
