AMINO ACID, DSSP, SASA, GYRATE, ENERGY, RMSF
ALA, 10, 28.090, 0.852269, -80754.921875, 0.251659259259
ARG, 6, 29.483, 0.8476, -81086.859375, 0.298462962963
ASN, 9, 26.059, 0.808903, -80884.515625, 0.210481481481
ASP, 7, 26.020, 0.813797, -79460.054688, 0.207903703704
CYS, 10, 25.716, 0.838915, -80343.734375, 0.307162962963
GLN, 11, 23.916, 0.784034, -81284.843750, 0.290562962963
GLU, 13, 24.011, 0.797112, -80801.781250, 0.207940740741
GLY, 4, 27.740, 0.85059, -80059.343750, 0.230159259259
HIS, 0, 32.027, 0.884049, -79816.328125, 0.336788888889
ILE, 4, 26.661, 0.811722, -80050.875000, 0.278788888889
LEU, 10, 26.790, 0.845178, -80588.937500, 0.349325925926
LYS, 5, 28.219, 0.823524, -80989.046875, 0.242707407407
MET, 6, 24.709, 0.825086, -79769.250000, 0.221622222222
PHE, 10, 24.852, 0.805338, -80428.828125, 0.339081481481
PRO, 4, 25.256, 0.824017, -80929.140625, 0.268974074074
SER, 4, 25.713, 0.805329, -80037.187500, 0.234703703704
THR, 6, 26.120, 0.807673, -80968.570312, 0.375159259259
TRP, 10, 25.121, 0.817902, -80071.171875, 0.314955555556
TYR, 8, 28.364, 0.876575, -81125.585938, 0.270355555556
VAL, 10, 23.544, 0.811194, -79773.687500, 0.221659259259
