AMINO ACID, DSSP, SASA, GYRATE, ENERGY, RMSF
ALA, 6, 28.999, 0.851361, -80749.867188, 0.251659259259
ARG, 6, 27.825, 0.838226, -80079.656250, 0.298462962963
ASN, 8, 26.456, 0.808277, -81222.375000, 0.210481481481
ASP, 7, 25.170, 0.809206, -80198.015625, 0.207903703704
CYS, 6, 26.014, 0.831085, -80544.718750, 0.307162962963
GLN, 13, 25.262, 0.786843, -79232.351562, 0.290562962963
GLU, 7, 24.278, 0.814399, -79620.570312, 0.207940740741
GLY, 6, 26.679, 0.841662, -79822.320312, 0.230159259259
HIS, 0, 30.389, 0.882436, -80976.921875, 0.336788888889
ILE, 6, 24.998, 0.803207, -80290.328125, 0.278788888889
LEU, 9, 26.943, 0.831911, -80186.898438, 0.349325925926
LYS, 7, 26.979, 0.811263, -80294.859375, 0.242707407407
MET, 4, 25.777, 0.825085, -79967.125000, 0.221622222222
PHE, 8, 25.616, 0.815469, -80368.210938, 0.339081481481
PRO, 4, 25.099, 0.827048, -79969.437500, 0.268974074074
SER, 4, 26.087, 0.81846, -80169.921875, 0.234703703704
THR, 6, 27.129, 0.816817, -79492.648438, 0.375159259259
TRP, 10, 25.151, 0.814437, -79759.109375, 0.314955555556
TYR, 9, 30.033, 0.881041, -80015.437500, 0.270355555556
VAL, 8, 24.546, 0.811643, -80031.765625, 0.221659259259
