AMINO ACID, DSSP, SASA, GYRATE, ENERGY, RMSF
ALA, 6, 27.208, 0.853714, -79816.468750, 0.251659259259
ARG, 4, 28.708, 0.851961, -79598.828125, 0.298462962963
ASN, 8, 27.436, 0.833358, -79538.250000, 0.210481481481
ASP, 10, 25.516, 0.810647, -80031.726562, 0.207903703704
CYS, 10, 29.241, 0.844449, -80696.875000, 0.307162962963
GLN, 9, 24.349, 0.785419, -80551.117188, 0.290562962963
GLU, 13, 24.036, 0.804445, -80027.585938, 0.207940740741
GLY, 10, 27.297, 0.852017, -79552.437500, 0.230159259259
HIS, 0, 30.895, 0.892561, -80625.773438, 0.336788888889
ILE, 6, 28.121, 0.845401, -79917.429688, 0.278788888889
LEU, 8, 28.363, 0.846677, -79441.257812, 0.349325925926
LYS, 7, 26.407, 0.810736, -81546.398438, 0.242707407407
MET, 4, 25.471, 0.821222, -79017.726562, 0.221622222222
PHE, 8, 25.451, 0.808514, -79891.484375, 0.339081481481
PRO, 6, 25.039, 0.825324, -80595.804688, 0.268974074074
SER, 10, 26.027, 0.812777, -80008.171875, 0.234703703704
THR, 6, 27.616, 0.815969, -80366.687500, 0.375159259259
TRP, 10, 24.165, 0.801766, -79892.601562, 0.314955555556
TYR, 9, 28.752, 0.865109, -80382.898438, 0.270355555556
VAL, 10, 26.349, 0.827586, -81268.476562, 0.221659259259
