AMINO ACID, DSSP, SASA, GYRATE, ENERGY, RMSF
ALA, 8, 27.161, 0.842527, -80336.875000, 0.251659259259
ARG, 6, 29.835, 0.851715, -80916.062500, 0.298462962963
ASN, 13, 26.015, 0.804974, -80246.078125, 0.210481481481
ASP, 12, 24.069, 0.796319, -79875.375000, 0.207903703704
CYS, 8, 28.492, 0.852612, -81456.929688, 0.307162962963
GLN, 13, 25.443, 0.788318, -80234.187500, 0.290562962963
GLU, 13, 25.332, 0.8209, -81093.945312, 0.207940740741
GLY, 6, 27.197, 0.835135, -80690.390625, 0.230159259259
HIS, 0, 29.770, 0.880342, -79932.515625, 0.336788888889
ILE, 6, 25.944, 0.817499, -79930.515625, 0.278788888889
LEU, 8, 26.894, 0.827272, -80289.960938, 0.349325925926
LYS, 7, 25.869, 0.816752, -80685.335938, 0.242707407407
MET, 4, 25.873, 0.830567, -80122.359375, 0.221622222222
PHE, 12, 26.782, 0.830877, -79425.625000, 0.339081481481
PRO, 6, 27.143, 0.835094, -80684.718750, 0.268974074074
SER, 6, 27.733, 0.826674, -80656.375000, 0.234703703704
THR, 6, 26.525, 0.807244, -80101.296875, 0.375159259259
TRP, 10, 25.684, 0.811383, -80303.187500, 0.314955555556
TYR, 7, 26.986, 0.861385, -80280.140625, 0.270355555556
VAL, 10, 24.006, 0.810799, -79924.656250, 0.221659259259
