AMINO ACID, DSSP, SASA, GYRATE, ENERGY, RMSF
ALA, 10, 29.325, 0.844481, -80506.031250, 0.251659259259
ARG, 8, 28.047, 0.828046, -81096.281250, 0.298462962963
ASN, 10, 25.456, 0.803479, -80058.796875, 0.210481481481
ASP, 9, 26.170, 0.812188, -80265.601562, 0.207903703704
CYS, 12, 28.318, 0.860068, -80760.156250, 0.307162962963
GLN, 11, 24.254, 0.786582, -80797.648438, 0.290562962963
GLU, 9, 24.695, 0.813649, -79960.945312, 0.207940740741
GLY, 6, 26.396, 0.841122, -80691.671875, 0.230159259259
HIS, 0, 29.940, 0.875948, -80682.187500, 0.336788888889
ILE, 8, 25.779, 0.811589, -79729.890625, 0.278788888889
LEU, 8, 25.747, 0.812115, -80048.859375, 0.349325925926
LYS, 9, 26.660, 0.812208, -80951.328125, 0.242707407407
MET, 6, 28.192, 0.848692, -79766.062500, 0.221622222222
PHE, 8, 27.331, 0.827783, -80345.000000, 0.339081481481
PRO, 6, 26.840, 0.826805, -79494.242188, 0.268974074074
SER, 6, 27.175, 0.819986, -80821.937500, 0.234703703704
THR, 8, 26.902, 0.808094, -80298.679688, 0.375159259259
TRP, 10, 25.895, 0.812243, -79878.929688, 0.314955555556
TYR, 7, 28.496, 0.867666, -79953.664062, 0.270355555556
VAL, 10, 24.729, 0.809664, -79097.406250, 0.221659259259
