AMINO ACID, DSSP, SASA, GYRATE, ENERGY, RMSF
ALA, 8, 26.138, 0.832895, -80162.585938, 0.251659259259
ARG, 11, 29.258, 0.84773, -81204.078125, 0.298462962963
ASN, 8, 26.478, 0.816378, -80045.500000, 0.210481481481
ASP, 6, 25.322, 0.811247, -80766.757812, 0.207903703704
CYS, 12, 26.612, 0.840643, -79433.718750, 0.307162962963
GLN, 12, 25.181, 0.796287, -80050.312500, 0.290562962963
GLU, 6, 26.354, 0.821053, -79381.976562, 0.207940740741
GLY, 6, 28.377, 0.855725, -80930.046875, 0.230159259259
HIS, 0, 29.640, 0.870445, -80800.171875, 0.336788888889
ILE, 4, 24.459, 0.797926, -79752.500000, 0.278788888889
LEU, 8, 27.264, 0.825906, -80515.375000, 0.349325925926
LYS, 7, 26.291, 0.826491, -80304.226562, 0.242707407407
MET, 6, 26.388, 0.83232, -79125.093750, 0.221622222222
PHE, 10, 26.698, 0.805758, -79308.046875, 0.339081481481
PRO, 4, 26.410, 0.838283, -79991.046875, 0.268974074074
SER, 4, 25.579, 0.81697, -81291.421875, 0.234703703704
THR, 10, 25.876, 0.802193, -79881.617188, 0.375159259259
TRP, 10, 26.351, 0.820213, -79317.359375, 0.314955555556
TYR, 12, 27.043, 0.858401, -80009.460938, 0.270355555556
VAL, 10, 24.590, 0.81384, -79791.242188, 0.221659259259
