AMINO ACID, DSSP, SASA, GYRATE, ENERGY, RMSF
ALA, 10, 27.543, 0.836434, -80356.960938, 0.251659259259
ARG, 7, 27.621, 0.842867, -81489.984375, 0.298462962963
ASN, 8, 25.376, 0.806323, -81320.875000, 0.210481481481
ASP, 6, 26.719, 0.810698, -80112.859375, 0.207903703704
CYS, 14, 25.825, 0.82339, -79588.093750, 0.307162962963
GLN, 11, 24.196, 0.784293, -81114.585938, 0.290562962963
GLU, 13, 25.047, 0.818394, -81151.656250, 0.207940740741
GLY, 4, 25.619, 0.837652, -80579.085938, 0.230159259259
HIS, 0, 30.293, 0.879544, -81141.554688, 0.336788888889
ILE, 4, 24.926, 0.810208, -80059.273438, 0.278788888889
LEU, 8, 26.249, 0.813628, -80070.796875, 0.349325925926
LYS, 13, 25.626, 0.830782, -81052.328125, 0.242707407407
MET, 6, 27.396, 0.824081, -80772.921875, 0.221622222222
PHE, 8, 25.565, 0.80944, -79753.453125, 0.339081481481
PRO, 6, 25.181, 0.814086, -80462.414062, 0.268974074074
SER, 7, 26.674, 0.815659, -81203.468750, 0.234703703704
THR, 10, 25.280, 0.805413, -79626.625000, 0.375159259259
TRP, 8, 24.005, 0.798436, -80368.101562, 0.314955555556
TYR, 9, 26.678, 0.841434, -80389.882812, 0.270355555556
VAL, 10, 25.043, 0.81271, -81316.929688, 0.221659259259
