AMINO ACID, DSSP, SASA, GYRATE, ENERGY, RMSF
ALA, 4, 27.875, 0.848427, -80635.789062, 0.251659259259
ARG, 12, 28.291, 0.841165, -81208.203125, 0.298462962963
ASN, 8, 26.061, 0.804881, -80105.781250, 0.210481481481
ASP, 4, 26.007, 0.819888, -80783.445312, 0.207903703704
CYS, 13, 26.555, 0.816587, -80192.406250, 0.307162962963
GLN, 9, 25.504, 0.807659, -80264.476562, 0.290562962963
GLU, 13, 24.110, 0.809542, -79625.265625, 0.207940740741
GLY, 4, 25.996, 0.822638, -81319.250000, 0.230159259259
HIS, 0, 30.777, 0.886302, -80550.781250, 0.336788888889
ILE, 4, 26.589, 0.809358, -80209.968750, 0.278788888889
LEU, 9, 27.217, 0.83551, -79508.890625, 0.349325925926
LYS, 11, 27.806, 0.825672, -80133.476562, 0.242707407407
MET, 6, 26.206, 0.833291, -80228.429688, 0.221622222222
PHE, 10, 25.987, 0.810872, -80974.156250, 0.339081481481
PRO, 4, 25.504, 0.82207, -80951.656250, 0.268974074074
SER, 4, 25.755, 0.800012, -80922.109375, 0.234703703704
THR, 10, 26.136, 0.807516, -79528.015625, 0.375159259259
TRP, 6, 27.351, 0.83008, -80684.304688, 0.314955555556
TYR, 9, 27.242, 0.858752, -80653.750000, 0.270355555556
VAL, 10, 25.581, 0.814687, -79698.742188, 0.221659259259
