AMINO ACID, DSSP, SASA, GYRATE, ENERGY, RMSF
ALA, 6, 26.084, 0.837701, -80266.500000, 0.251659259259
ARG, 8, 28.746, 0.84831, -81205.328125, 0.298462962963
ASN, 8, 28.664, 0.838334, -80895.960938, 0.210481481481
ASP, 6, 24.760, 0.803673, -80264.953125, 0.207903703704
CYS, 4, 30.375, 0.901846, -80226.375000, 0.307162962963
GLN, 6, 28.486, 0.84338, -80024.625000, 0.290562962963
GLU, 4, 26.627, 0.839099, -79773.953125, 0.207940740741
GLY, 9, 26.482, 0.854606, -80004.945312, 0.230159259259
HIS, 2, 29.963, 0.866745, -79671.375000, 0.336788888889
ILE, 6, 28.176, 0.854434, -80435.585938, 0.278788888889
LEU, 6, 26.640, 0.820133, -79454.984375, 0.349325925926
LYS, 8, 29.075, 0.836188, -79862.007812, 0.242707407407
MET, 4, 27.377, 0.825712, -80857.265625, 0.221622222222
PHE, 12, 25.596, 0.81406, -79772.718750, 0.339081481481
PRO, 6, 25.897, 0.844879, -80319.765625, 0.268974074074
SER, 8, 26.295, 0.81627, -79413.031250, 0.234703703704
THR, 6, 25.542, 0.806396, -79310.500000, 0.375159259259
TRP, 4, 29.270, 0.84363, -79529.531250, 0.314955555556
TYR, 11, 28.419, 0.840669, -80153.531250, 0.270355555556
VAL, 6, 26.738, 0.820804, -79954.343750, 0.221659259259
