AMINO ACID, DSSP, SASA, GYRATE, ENERGY, RMSF
ALA, 8, 27.038, 0.831538, -80263.023438, 0.251659259259
ARG, 4, 28.865, 0.860516, -80859.843750, 0.298462962963
ASN, 8, 25.668, 0.802755, -80344.421875, 0.210481481481
ASP, 4, 27.060, 0.821644, -80044.328125, 0.207903703704
CYS, 12, 28.086, 0.83339, -79944.515625, 0.307162962963
GLN, 10, 24.553, 0.784951, -79771.500000, 0.290562962963
GLU, 9, 24.714, 0.805226, -80875.625000, 0.207940740741
GLY, 6, 26.011, 0.84051, -80748.460938, 0.230159259259
HIS, 0, 29.410, 0.885348, -79129.500000, 0.336788888889
ILE, 4, 26.269, 0.811326, -80307.078125, 0.278788888889
LEU, 8, 27.718, 0.83978, -79985.789062, 0.349325925926
LYS, 8, 26.530, 0.816915, -80568.953125, 0.242707407407
MET, 6, 26.171, 0.838408, -80156.078125, 0.221622222222
PHE, 8, 24.629, 0.80073, -80482.203125, 0.339081481481
PRO, 4, 26.746, 0.842685, -79333.257812, 0.268974074074
SER, 4, 26.744, 0.802164, -79994.312500, 0.234703703704
THR, 10, 27.024, 0.820802, -80295.710938, 0.375159259259
TRP, 6, 27.712, 0.846781, -80572.328125, 0.314955555556
TYR, 13, 27.590, 0.869593, -79792.718750, 0.270355555556
VAL, 8, 24.819, 0.820712, -79458.398438, 0.221659259259
