AMINO ACID, DSSP, SASA, GYRATE, ENERGY, RMSF
ALA, 6, 28.078, 0.837465, -80502.250000, 0.251659259259
ARG, 8, 28.552, 0.867061, -81040.046875, 0.298462962963
ASN, 8, 27.297, 0.821062, -79748.828125, 0.210481481481
ASP, 4, 25.028, 0.813281, -80236.914062, 0.207903703704
CYS, 12, 27.271, 0.822507, -81164.203125, 0.307162962963
GLN, 9, 25.208, 0.790053, -80410.679688, 0.290562962963
GLU, 13, 27.743, 0.823711, -80519.078125, 0.207940740741
GLY, 4, 25.970, 0.831626, -81275.390625, 0.230159259259
HIS, 0, 28.999, 0.88409, -80785.281250, 0.336788888889
ILE, 4, 26.208, 0.816932, -79627.437500, 0.278788888889
LEU, 6, 27.256, 0.839465, -80447.546875, 0.349325925926
LYS, 9, 25.872, 0.801026, -81009.242188, 0.242707407407
MET, 8, 26.299, 0.834973, -80459.890625, 0.221622222222
PHE, 6, 25.529, 0.802446, -80115.789062, 0.339081481481
PRO, 6, 26.841, 0.837682, -80613.953125, 0.268974074074
SER, 2, 25.897, 0.809962, -80717.359375, 0.234703703704
THR, 8, 26.649, 0.812716, -79359.046875, 0.375159259259
TRP, 8, 28.436, 0.857011, -79588.492188, 0.314955555556
TYR, 7, 28.314, 0.858307, -80081.789062, 0.270355555556
VAL, 12, 25.857, 0.818774, -79578.875000, 0.221659259259
