AMINO ACID, DSSP, SASA, GYRATE, ENERGY, RMSF
ALA, 6, 27.542, 0.83827, -79777.046875, 0.251659259259
ARG, 4, 28.849, 0.861974, -80623.453125, 0.298462962963
ASN, 8, 25.821, 0.807346, -80846.203125, 0.210481481481
ASP, 6, 25.543, 0.809707, -80449.335938, 0.207903703704
CYS, 12, 27.350, 0.827172, -79527.148438, 0.307162962963
GLN, 7, 25.346, 0.795311, -79755.890625, 0.290562962963
GLU, 13, 25.655, 0.811242, -79833.218750, 0.207940740741
GLY, 6, 26.004, 0.84083, -79732.343750, 0.230159259259
HIS, 0, 28.925, 0.875501, -80862.953125, 0.336788888889
ILE, 4, 26.423, 0.826556, -80426.609375, 0.278788888889
LEU, 8, 26.457, 0.837574, -79782.312500, 0.349325925926
LYS, 9, 24.590, 0.794363, -80880.171875, 0.242707407407
MET, 6, 25.864, 0.829476, -80235.906250, 0.221622222222
PHE, 6, 26.104, 0.807914, -80333.617188, 0.339081481481
PRO, 6, 27.676, 0.839717, -80428.515625, 0.268974074074
SER, 2, 25.937, 0.803863, -79002.750000, 0.234703703704
THR, 8, 26.671, 0.820761, -79701.968750, 0.375159259259
TRP, 6, 27.601, 0.836309, -79878.507812, 0.314955555556
TYR, 7, 28.211, 0.864789, -80091.992188, 0.270355555556
VAL, 10, 25.336, 0.820236, -80043.046875, 0.221659259259
