AMINO ACID, DSSP, SASA, GYRATE, ENERGY, RMSF
ALA, 8, 27.278, 0.823085, -79784.960938, 0.251659259259
ARG, 6, 28.696, 0.849607, -80560.351562, 0.298462962963
ASN, 8, 27.195, 0.808736, -80406.687500, 0.210481481481
ASP, 6, 26.375, 0.814565, -79896.937500, 0.207903703704
CYS, 10, 27.281, 0.825407, -79830.843750, 0.307162962963
GLN, 13, 24.739, 0.790232, -80003.179688, 0.290562962963
GLU, 7, 26.807, 0.820219, -80495.718750, 0.207940740741
GLY, 6, 26.492, 0.851378, -80458.187500, 0.230159259259
HIS, 0, 28.913, 0.864791, -80500.867188, 0.336788888889
ILE, 6, 25.461, 0.821666, -80195.523438, 0.278788888889
LEU, 8, 28.205, 0.846313, -79934.218750, 0.349325925926
LYS, 9, 25.773, 0.814008, -80627.070312, 0.242707407407
MET, 8, 26.355, 0.827562, -80885.226562, 0.221622222222
PHE, 7, 25.444, 0.801143, -79866.046875, 0.339081481481
PRO, 6, 27.089, 0.836684, -81405.968750, 0.268974074074
SER, 5, 25.269, 0.807063, -79970.734375, 0.234703703704
THR, 6, 26.696, 0.820429, -80331.101562, 0.375159259259
TRP, 6, 27.041, 0.84114, -79435.000000, 0.314955555556
TYR, 10, 29.017, 0.863028, -78949.312500, 0.270355555556
VAL, 10, 25.281, 0.816654, -80478.601562, 0.221659259259
