AMINO ACID, DSSP, SASA, GYRATE, ENERGY, RMSF
ALA, 10, 29.023, 0.849552, -80825.875000, 0.251659259259
ARG, 6, 28.165, 0.850219, -80121.046875, 0.298462962963
ASN, 4, 29.319, 0.843802, -79933.734375, 0.210481481481
ASP, 6, 26.045, 0.816411, -80588.617188, 0.207903703704
CYS, 10, 25.929, 0.841217, -79902.343750, 0.307162962963
GLN, 7, 24.176, 0.798119, -80506.312500, 0.290562962963
GLU, 13, 26.667, 0.805068, -80329.609375, 0.207940740741
GLY, 4, 25.598, 0.847528, -80482.671875, 0.230159259259
HIS, 3, 29.370, 0.874687, -79648.523438, 0.336788888889
ILE, 4, 26.740, 0.81557, -79880.195312, 0.278788888889
LEU, 8, 29.172, 0.853739, -80430.312500, 0.349325925926
LYS, 6, 26.641, 0.823391, -79715.109375, 0.242707407407
MET, 8, 26.273, 0.850262, -79845.781250, 0.221622222222
PHE, 10, 25.062, 0.805699, -79735.414062, 0.339081481481
PRO, 6, 26.428, 0.836175, -80117.562500, 0.268974074074
SER, 4, 24.311, 0.811611, -80366.500000, 0.234703703704
THR, 10, 27.199, 0.816523, -80640.804688, 0.375159259259
TRP, 12, 27.613, 0.820334, -79969.585938, 0.314955555556
TYR, 10, 28.163, 0.86285, -80048.531250, 0.270355555556
VAL, 10, 26.328, 0.819159, -80769.523438, 0.221659259259
