AMINO ACID, DSSP, SASA, GYRATE, ENERGY, RMSF
ALA, 6, 27.695, 0.843771, -80064.140625, 0.251659259259
ARG, 8, 27.664, 0.841569, -80477.523438, 0.298462962963
ASN, 4, 28.640, 0.838234, -81191.468750, 0.210481481481
ASP, 6, 26.592, 0.81284, -80369.953125, 0.207903703704
CYS, 4, 28.592, 0.881168, -80181.289062, 0.307162962963
GLN, 10, 27.659, 0.835541, -81072.515625, 0.290562962963
GLU, 8, 28.444, 0.854339, -79923.054688, 0.207940740741
GLY, 7, 28.438, 0.863716, -80621.148438, 0.230159259259
HIS, 8, 28.675, 0.851574, -79673.359375, 0.336788888889
ILE, 6, 28.481, 0.85787, -80241.351562, 0.278788888889
LEU, 6, 25.611, 0.817885, -80297.640625, 0.349325925926
LYS, 6, 27.811, 0.825557, -80740.265625, 0.242707407407
MET, 6, 25.728, 0.821476, -80224.734375, 0.221622222222
PHE, 8, 26.570, 0.817715, -79699.671875, 0.339081481481
PRO, 4, 27.615, 0.863435, -80258.687500, 0.268974074074
SER, 12, 26.433, 0.809199, -79076.679688, 0.234703703704
THR, 4, 26.675, 0.818291, -80040.359375, 0.375159259259
TRP, 12, 28.388, 0.864831, -79901.664062, 0.314955555556
TYR, 9, 29.016, 0.840811, -79783.812500, 0.270355555556
VAL, 8, 27.351, 0.833605, -80638.765625, 0.221659259259
