AMINO ACID, DSSP, SASA, GYRATE, ENERGY, RMSF
ALA, 6, 26.078, 0.837464, -80873.296875, 0.251659259259
ARG, 14, 28.120, 0.848051, -80230.859375, 0.298462962963
ASN, 8, 26.938, 0.849688, -80367.320312, 0.210481481481
ASP, 10, 26.686, 0.828373, -80684.859375, 0.207903703704
CYS, 12, 28.263, 0.846941, -79547.906250, 0.307162962963
GLN, 8, 23.717, 0.798034, -80541.617188, 0.290562962963
GLU, 11, 25.443, 0.808532, -79610.609375, 0.207940740741
GLY, 11, 26.900, 0.843433, -80182.953125, 0.230159259259
HIS, 4, 27.079, 0.867052, -80707.203125, 0.336788888889
ILE, 6, 26.873, 0.848491, -80608.609375, 0.278788888889
LEU, 8, 26.583, 0.82917, -80108.750000, 0.349325925926
LYS, 7, 25.940, 0.813917, -81396.812500, 0.242707407407
MET, 6, 25.999, 0.827198, -79691.640625, 0.221622222222
PHE, 8, 26.119, 0.805148, -79487.992188, 0.339081481481
PRO, 6, 25.034, 0.828816, -80153.679688, 0.268974074074
SER, 4, 26.018, 0.812862, -81223.953125, 0.234703703704
THR, 10, 26.086, 0.824243, -80786.273438, 0.375159259259
TRP, 12, 27.121, 0.81689, -80782.476562, 0.314955555556
TYR, 11, 28.387, 0.868278, -79893.789062, 0.270355555556
VAL, 12, 25.906, 0.813312, -79606.750000, 0.221659259259
