AMINO ACID, DSSP, SASA, GYRATE, ENERGY, RMSF
ALA, 6, 26.756, 0.841678, -80450.445312, 0.251659259259
ARG, 14, 27.863, 0.859235, -79895.789062, 0.298462962963
ASN, 6, 28.256, 0.855473, -80038.820312, 0.210481481481
ASP, 7, 25.160, 0.814329, -81052.179688, 0.207903703704
CYS, 6, 25.808, 0.831479, -80460.195312, 0.307162962963
GLN, 6, 24.152, 0.806424, -79614.289062, 0.290562962963
GLU, 11, 24.875, 0.802429, -80157.078125, 0.207940740741
GLY, 4, 26.556, 0.84961, -80964.546875, 0.230159259259
HIS, 2, 28.164, 0.867101, -80729.648438, 0.336788888889
ILE, 4, 27.146, 0.878962, -79968.898438, 0.278788888889
LEU, 8, 28.324, 0.820733, -79903.171875, 0.349325925926
LYS, 9, 25.967, 0.804243, -79365.250000, 0.242707407407
MET, 4, 27.369, 0.838282, -80088.781250, 0.221622222222
PHE, 10, 25.680, 0.80991, -80598.945312, 0.339081481481
PRO, 6, 24.701, 0.822365, -79917.921875, 0.268974074074
SER, 4, 28.045, 0.826222, -80945.546875, 0.234703703704
THR, 4, 26.140, 0.824113, -80820.398438, 0.375159259259
TRP, 14, 26.923, 0.820811, -80336.484375, 0.314955555556
TYR, 8, 28.450, 0.868904, -79509.328125, 0.270355555556
VAL, 12, 25.522, 0.809671, -80743.562500, 0.221659259259
