AMINO ACID, DSSP, SASA, GYRATE, ENERGY, RMSF
ALA, 6, 27.199, 0.858623, -79350.015625, 0.251659259259
ARG, 8, 27.657, 0.856382, -81748.351562, 0.298462962963
ASN, 13, 27.652, 0.847361, -79619.226562, 0.210481481481
ASP, 5, 25.259, 0.824535, -80016.023438, 0.207903703704
CYS, 10, 28.370, 0.856068, -81124.546875, 0.307162962963
GLN, 9, 25.992, 0.820481, -81112.414062, 0.290562962963
GLU, 13, 26.815, 0.806568, -80617.671875, 0.207940740741
GLY, 8, 26.334, 0.855168, -80192.218750, 0.230159259259
HIS, 0, 28.457, 0.87529, -80687.109375, 0.336788888889
ILE, 6, 27.059, 0.831411, -80398.781250, 0.278788888889
LEU, 8, 27.000, 0.843118, -80703.617188, 0.349325925926
LYS, 8, 26.358, 0.821676, -79540.093750, 0.242707407407
MET, 0, 27.692, 0.853565, -79679.773438, 0.221622222222
PHE, 8, 25.986, 0.803585, -79943.765625, 0.339081481481
PRO, 6, 26.938, 0.849043, -80178.921875, 0.268974074074
SER, 9, 27.049, 0.817144, -79746.421875, 0.234703703704
THR, 4, 26.255, 0.829909, -79810.273438, 0.375159259259
TRP, 6, 25.419, 0.813829, -80515.343750, 0.314955555556
TYR, 11, 26.967, 0.849632, -79567.835938, 0.270355555556
VAL, 10, 26.576, 0.822765, -79880.234375, 0.221659259259
