AMINO ACID, DSSP, SASA, GYRATE, ENERGY, RMSF
ALA, 6, 27.383, 0.846331, -78892.906250, 0.251659259259
ARG, 16, 27.995, 0.834476, -80442.015625, 0.298462962963
ASN, 4, 27.316, 0.853592, -80848.234375, 0.210481481481
ASP, 6, 24.606, 0.804633, -81065.625000, 0.207903703704
CYS, 12, 27.249, 0.833916, -80525.343750, 0.307162962963
GLN, 13, 25.772, 0.807348, -80704.101562, 0.290562962963
GLU, 13, 27.282, 0.808805, -79601.632812, 0.207940740741
GLY, 7, 25.062, 0.826393, -79955.890625, 0.230159259259
HIS, 0, 28.041, 0.883359, -80746.687500, 0.336788888889
ILE, 4, 27.197, 0.83862, -80732.445312, 0.278788888889
LEU, 8, 26.618, 0.821405, -79045.140625, 0.349325925926
LYS, 13, 26.352, 0.803071, -80410.937500, 0.242707407407
MET, 2, 27.083, 0.866106, -80297.640625, 0.221622222222
PHE, 10, 24.949, 0.791609, -79393.578125, 0.339081481481
PRO, 6, 26.931, 0.852258, -81192.921875, 0.268974074074
SER, 9, 28.051, 0.821925, -80684.164062, 0.234703703704
THR, 2, 28.688, 0.840033, -80610.992188, 0.375159259259
TRP, 10, 26.218, 0.823535, -79874.421875, 0.314955555556
TYR, 13, 27.041, 0.852125, -80165.039062, 0.270355555556
VAL, 11, 26.456, 0.822254, -80008.992188, 0.221659259259
