AMINO ACID, DSSP, SASA, GYRATE, ENERGY, RMSF
ALA, 4, 27.268, 0.848236, -80650.335938, 0.251659259259
ARG, 10, 27.024, 0.834907, -80246.328125, 0.298462962963
ASN, 6, 28.252, 0.851423, -81030.632812, 0.210481481481
ASP, 4, 25.896, 0.809952, -79705.687500, 0.207903703704
CYS, 12, 28.307, 0.831931, -80767.953125, 0.307162962963
GLN, 11, 26.306, 0.812077, -80321.156250, 0.290562962963
GLU, 13, 27.060, 0.810729, -79710.976562, 0.207940740741
GLY, 12, 24.903, 0.839685, -79948.265625, 0.230159259259
HIS, 0, 28.512, 0.877815, -80918.968750, 0.336788888889
ILE, 6, 26.085, 0.810989, -80275.531250, 0.278788888889
LEU, 8, 26.515, 0.82684, -80491.718750, 0.349325925926
LYS, 13, 26.471, 0.817686, -81046.171875, 0.242707407407
MET, 2, 27.047, 0.854121, -79876.750000, 0.221622222222
PHE, 10, 24.918, 0.794237, -80300.453125, 0.339081481481
PRO, 8, 26.890, 0.841145, -80632.132812, 0.268974074074
SER, 6, 25.054, 0.804856, -79926.796875, 0.234703703704
THR, 4, 27.850, 0.837359, -79684.859375, 0.375159259259
TRP, 12, 26.622, 0.827029, -79996.476562, 0.314955555556
TYR, 9, 27.855, 0.845798, -79629.742188, 0.270355555556
VAL, 12, 24.879, 0.805306, -79982.210938, 0.221659259259
