AMINO ACID, DSSP, SASA, GYRATE, ENERGY, RMSF
ALA, 6, 27.840, 0.851877, -80020.406250, 0.251659259259
ARG, 10, 28.922, 0.854855, -81518.960938, 0.298462962963
ASN, 10, 26.624, 0.827517, -80967.734375, 0.210481481481
ASP, 4, 27.035, 0.832619, -80508.828125, 0.207903703704
CYS, 10, 27.255, 0.819445, -80402.218750, 0.307162962963
GLN, 5, 27.575, 0.829054, -79652.632812, 0.290562962963
GLU, 9, 26.099, 0.807543, -80885.062500, 0.207940740741
GLY, 8, 26.703, 0.836851, -81296.210938, 0.230159259259
HIS, 0, 27.767, 0.864393, -80491.484375, 0.336788888889
ILE, 4, 27.040, 0.830756, -80861.312500, 0.278788888889
LEU, 8, 26.404, 0.81286, -80387.085938, 0.349325925926
LYS, 7, 25.707, 0.812915, -79945.148438, 0.242707407407
MET, 4, 26.773, 0.841446, -80782.609375, 0.221622222222
PHE, 8, 27.920, 0.813786, -78966.843750, 0.339081481481
PRO, 6, 25.454, 0.821811, -80052.945312, 0.268974074074
SER, 7, 26.515, 0.819506, -80116.632812, 0.234703703704
THR, 8, 27.553, 0.834085, -80083.976562, 0.375159259259
TRP, 10, 25.135, 0.8227, -79382.687500, 0.314955555556
TYR, 9, 26.730, 0.843782, -80120.843750, 0.270355555556
VAL, 10, 24.701, 0.81544, -81034.703125, 0.221659259259
