AMINO ACID, DSSP, SASA, GYRATE, ENERGY, RMSF
ALA, 4, 27.232, 0.852385, -80049.671875, 0.251659259259
ARG, 10, 28.598, 0.866109, -80566.703125, 0.298462962963
ASN, 10, 28.257, 0.837745, -80673.468750, 0.210481481481
ASP, 7, 26.321, 0.823048, -79848.234375, 0.207903703704
CYS, 10, 26.070, 0.815136, -80906.078125, 0.307162962963
GLN, 11, 25.306, 0.817276, -80096.171875, 0.290562962963
GLU, 9, 26.601, 0.815922, -80347.406250, 0.207940740741
GLY, 9, 26.350, 0.850542, -80469.257812, 0.230159259259
HIS, 2, 29.213, 0.86901, -80571.351562, 0.336788888889
ILE, 8, 26.442, 0.816329, -79959.937500, 0.278788888889
LEU, 8, 25.408, 0.81286, -81762.859375, 0.349325925926
LYS, 11, 24.610, 0.811642, -81161.039062, 0.242707407407
MET, 2, 27.282, 0.85862, -80140.015625, 0.221622222222
PHE, 7, 25.783, 0.805092, -79677.617188, 0.339081481481
PRO, 6, 27.478, 0.84361, -79828.546875, 0.268974074074
SER, 10, 26.073, 0.817149, -80480.609375, 0.234703703704
THR, 8, 26.835, 0.832317, -79208.453125, 0.375159259259
TRP, 10, 26.039, 0.8266, -80291.640625, 0.314955555556
TYR, 5, 26.213, 0.844219, -80692.750000, 0.270355555556
VAL, 11, 25.455, 0.815483, -79859.179688, 0.221659259259
