AMINO ACID, DSSP, SASA, GYRATE, ENERGY, RMSF
ALA, 8, 26.732, 0.836691, -80251.078125, 0.251659259259
ARG, 10, 28.483, 0.853176, -80319.570312, 0.298462962963
ASN, 8, 27.607, 0.825238, -80094.851562, 0.210481481481
ASP, 7, 26.017, 0.834235, -79600.234375, 0.207903703704
CYS, 12, 26.706, 0.813069, -80938.718750, 0.307162962963
GLN, 9, 25.062, 0.809421, -80014.812500, 0.290562962963
GLU, 9, 25.997, 0.802473, -80512.750000, 0.207940740741
GLY, 9, 26.046, 0.848958, -80181.429688, 0.230159259259
HIS, 2, 28.275, 0.864119, -80573.906250, 0.336788888889
ILE, 4, 26.192, 0.818867, -79823.234375, 0.278788888889
LEU, 8, 25.365, 0.817816, -79440.375000, 0.349325925926
LYS, 13, 25.158, 0.800665, -79695.351562, 0.242707407407
MET, 2, 27.699, 0.856111, -79636.765625, 0.221622222222
PHE, 8, 24.684, 0.793852, -79146.750000, 0.339081481481
PRO, 6, 27.161, 0.837828, -80192.625000, 0.268974074074
SER, 10, 26.709, 0.812937, -80178.804688, 0.234703703704
THR, 8, 26.839, 0.827653, -79969.023438, 0.375159259259
TRP, 10, 25.374, 0.825496, -80358.828125, 0.314955555556
TYR, 5, 25.589, 0.83838, -80125.984375, 0.270355555556
VAL, 11, 26.167, 0.819524, -80192.289062, 0.221659259259
