AMINO ACID, DSSP, SASA, GYRATE, ENERGY, RMSF
ALA, 6, 28.007, 0.851168, -79844.070312, 0.251659259259
ARG, 8, 29.239, 0.853692, -80295.421875, 0.298462962963
ASN, 8, 26.861, 0.81328, -81118.734375, 0.210481481481
ASP, 7, 25.637, 0.808689, -80096.781250, 0.207903703704
CYS, 8, 26.352, 0.831722, -79755.218750, 0.307162962963
GLN, 9, 24.769, 0.80663, -80520.289062, 0.290562962963
GLU, 9, 26.983, 0.819547, -80005.296875, 0.207940740741
GLY, 6, 26.646, 0.840117, -80240.265625, 0.230159259259
HIS, 2, 29.334, 0.901652, -80345.890625, 0.336788888889
ILE, 2, 24.702, 0.81094, -81115.234375, 0.278788888889
LEU, 8, 25.115, 0.810203, -79747.210938, 0.349325925926
LYS, 10, 26.943, 0.82664, -81363.406250, 0.242707407407
MET, 4, 24.152, 0.833608, -81004.953125, 0.221622222222
PHE, 8, 25.646, 0.804298, -80115.203125, 0.339081481481
PRO, 8, 25.447, 0.816879, -79394.804688, 0.268974074074
SER, 7, 25.680, 0.814451, -79879.601562, 0.234703703704
THR, 4, 26.072, 0.830878, -80009.000000, 0.375159259259
TRP, 10, 27.015, 0.827711, -80650.867188, 0.314955555556
TYR, 7, 28.206, 0.870155, -80094.000000, 0.270355555556
VAL, 8, 26.027, 0.821214, -80289.898438, 0.221659259259
