AMINO ACID, DSSP, SASA, GYRATE, ENERGY, RMSF
ALA, 4, 27.122, 0.85639, -80749.585938, 0.251659259259
ARG, 11, 27.917, 0.848713, -79914.929688, 0.298462962963
ASN, 7, 26.773, 0.818336, -80652.609375, 0.210481481481
ASP, 4, 26.288, 0.831864, -79414.359375, 0.207903703704
CYS, 8, 26.911, 0.830175, -80162.835938, 0.307162962963
GLN, 7, 25.758, 0.803024, -80402.820312, 0.290562962963
GLU, 11, 26.569, 0.820564, -79426.132812, 0.207940740741
GLY, 6, 25.882, 0.830688, -79931.421875, 0.230159259259
HIS, 2, 30.054, 0.894122, -80310.234375, 0.336788888889
ILE, 4, 25.896, 0.814287, -80992.671875, 0.278788888889
LEU, 8, 27.994, 0.837524, -79451.585938, 0.349325925926
LYS, 6, 28.550, 0.850197, -80887.359375, 0.242707407407
MET, 6, 26.076, 0.849738, -80015.546875, 0.221622222222
PHE, 5, 24.476, 0.796271, -80581.734375, 0.339081481481
PRO, 6, 25.952, 0.82271, -79632.343750, 0.268974074074
SER, 4, 25.354, 0.80829, -80062.812500, 0.234703703704
THR, 6, 26.386, 0.815127, -80146.328125, 0.375159259259
TRP, 8, 25.296, 0.819525, -79544.492188, 0.314955555556
TYR, 6, 26.184, 0.851931, -80141.046875, 0.270355555556
VAL, 8, 24.553, 0.821149, -80181.609375, 0.221659259259
