AMINO ACID, DSSP, SASA, GYRATE, ENERGY, RMSF
ALA, 8, 29.010, 0.849301, -79278.296875, 0.251659259259
ARG, 10, 27.693, 0.843745, -80663.046875, 0.298462962963
ASN, 7, 25.053, 0.811557, -80407.906250, 0.210481481481
ASP, 7, 26.092, 0.817148, -80777.164062, 0.207903703704
CYS, 8, 26.639, 0.841543, -79878.453125, 0.307162962963
GLN, 11, 25.167, 0.809605, -80101.500000, 0.290562962963
GLU, 7, 24.560, 0.800215, -80469.015625, 0.207940740741
GLY, 11, 25.339, 0.847105, -79504.570312, 0.230159259259
HIS, 4, 29.513, 0.895629, -80239.984375, 0.336788888889
ILE, 2, 24.329, 0.812489, -79990.734375, 0.278788888889
LEU, 8, 25.936, 0.822632, -79936.437500, 0.349325925926
LYS, 6, 29.189, 0.837008, -81589.140625, 0.242707407407
MET, 6, 27.079, 0.843167, -79996.132812, 0.221622222222
PHE, 8, 25.366, 0.801643, -80438.468750, 0.339081481481
PRO, 8, 26.833, 0.823801, -80295.812500, 0.268974074074
SER, 4, 25.003, 0.806168, -80010.796875, 0.234703703704
THR, 4, 27.481, 0.822088, -79576.546875, 0.375159259259
TRP, 8, 27.105, 0.837351, -79968.250000, 0.314955555556
TYR, 10, 28.133, 0.86379, -80037.648438, 0.270355555556
VAL, 8, 24.136, 0.81326, -79781.140625, 0.221659259259
