AMINO ACID, DSSP, SASA, GYRATE, ENERGY, RMSF
ALA, 8, 28.130, 0.855957, -80603.281250, 0.251659259259
ARG, 12, 28.546, 0.843683, -81497.000000, 0.298462962963
ASN, 7, 25.672, 0.815333, -80649.125000, 0.210481481481
ASP, 4, 25.012, 0.804697, -80771.531250, 0.207903703704
CYS, 10, 27.719, 0.835574, -80462.867188, 0.307162962963
GLN, 7, 25.733, 0.802155, -80625.281250, 0.290562962963
GLU, 9, 23.579, 0.796227, -80257.765625, 0.207940740741
GLY, 11, 26.605, 0.84365, -80566.164062, 0.230159259259
HIS, 4, 29.096, 0.907437, -80715.335938, 0.336788888889
ILE, 2, 25.951, 0.812808, -80105.187500, 0.278788888889
LEU, 8, 26.774, 0.826325, -80045.171875, 0.349325925926
LYS, 8, 27.990, 0.830767, -80653.570312, 0.242707407407
MET, 4, 26.146, 0.845833, -80309.398438, 0.221622222222
PHE, 8, 25.363, 0.803609, -79273.765625, 0.339081481481
PRO, 6, 26.024, 0.822782, -80381.046875, 0.268974074074
SER, 4, 25.316, 0.807189, -80175.210938, 0.234703703704
THR, 8, 26.636, 0.81923, -80128.578125, 0.375159259259
TRP, 6, 26.941, 0.834885, -80197.437500, 0.314955555556
TYR, 10, 27.589, 0.855362, -78666.523438, 0.270355555556
VAL, 12, 24.809, 0.816834, -79643.640625, 0.221659259259
