AMINO ACID, DSSP, SASA, GYRATE, ENERGY, RMSF
ALA, 12, 28.231, 0.844659, -80411.875000, 0.251659259259
ARG, 6, 28.986, 0.864781, -80791.781250, 0.298462962963
ASN, 8, 27.028, 0.817335, -80173.156250, 0.210481481481
ASP, 8, 26.769, 0.81743, -80382.218750, 0.207903703704
CYS, 4, 26.761, 0.834339, -80270.507812, 0.307162962963
GLN, 9, 26.793, 0.833222, -80882.515625, 0.290562962963
GLU, 13, 25.362, 0.800806, -80397.156250, 0.207940740741
GLY, 4, 25.385, 0.83632, -79907.554688, 0.230159259259
HIS, 4, 28.714, 0.877484, -80713.078125, 0.336788888889
ILE, 4, 27.368, 0.823432, -79683.507812, 0.278788888889
LEU, 8, 25.679, 0.81568, -80519.171875, 0.349325925926
LYS, 6, 27.217, 0.831024, -80009.234375, 0.242707407407
MET, 4, 26.457, 0.845886, -80745.398438, 0.221622222222
PHE, 8, 26.301, 0.818942, -79924.390625, 0.339081481481
PRO, 6, 26.487, 0.817673, -80490.765625, 0.268974074074
SER, 6, 24.488, 0.800175, -79978.335938, 0.234703703704
THR, 4, 28.552, 0.82801, -78996.500000, 0.375159259259
TRP, 7, 26.424, 0.829934, -79235.734375, 0.314955555556
TYR, 8, 26.640, 0.839555, -80537.203125, 0.270355555556
VAL, 12, 23.939, 0.810157, -79374.843750, 0.221659259259
