AMINO ACID, DSSP, SASA, GYRATE, ENERGY, RMSF
ALA, 8, 28.171, 0.85721, -80935.507812, 0.251659259259
ARG, 8, 27.612, 0.857964, -81084.570312, 0.298462962963
ASN, 12, 26.474, 0.819475, -80352.125000, 0.210481481481
ASP, 8, 25.318, 0.813088, -80473.281250, 0.207903703704
CYS, 10, 27.818, 0.843981, -80328.265625, 0.307162962963
GLN, 11, 26.231, 0.804536, -80982.812500, 0.290562962963
GLU, 7, 23.153, 0.797048, -80121.640625, 0.207940740741
GLY, 8, 25.606, 0.843152, -80830.351562, 0.230159259259
HIS, 4, 28.853, 0.873059, -79939.046875, 0.336788888889
ILE, 2, 27.586, 0.823167, -80293.859375, 0.278788888889
LEU, 8, 26.124, 0.809306, -79691.921875, 0.349325925926
LYS, 10, 26.616, 0.827889, -80970.843750, 0.242707407407
MET, 8, 27.383, 0.859487, -79825.468750, 0.221622222222
PHE, 8, 25.855, 0.804695, -79436.531250, 0.339081481481
PRO, 6, 27.314, 0.815833, -80066.609375, 0.268974074074
SER, 4, 23.788, 0.791769, -80726.468750, 0.234703703704
THR, 6, 26.936, 0.823668, -81294.921875, 0.375159259259
TRP, 6, 25.994, 0.832344, -79830.078125, 0.314955555556
TYR, 11, 27.259, 0.849332, -80466.500000, 0.270355555556
VAL, 8, 24.627, 0.819595, -80695.125000, 0.221659259259
