AMINO ACID, DSSP, SASA, GYRATE, ENERGY, RMSF
ALA, 8, 27.184, 0.85365, -80278.140625, 0.251659259259
ARG, 9, 29.426, 0.853662, -80622.593750, 0.298462962963
ASN, 10, 26.358, 0.818842, -81246.992188, 0.210481481481
ASP, 4, 25.774, 0.808353, -80261.507812, 0.207903703704
CYS, 10, 28.214, 0.843134, -81062.390625, 0.307162962963
GLN, 13, 26.316, 0.813467, -80108.656250, 0.290562962963
GLU, 11, 25.451, 0.801467, -79644.992188, 0.207940740741
GLY, 10, 24.889, 0.833489, -80772.937500, 0.230159259259
HIS, 2, 26.691, 0.837323, -80155.265625, 0.336788888889
ILE, 2, 27.261, 0.823281, -80576.578125, 0.278788888889
LEU, 8, 27.649, 0.834401, -80683.984375, 0.349325925926
LYS, 10, 27.171, 0.838207, -80957.265625, 0.242707407407
MET, 6, 26.466, 0.841925, -80394.484375, 0.221622222222
PHE, 6, 25.692, 0.812431, -79093.937500, 0.339081481481
PRO, 6, 25.230, 0.817967, -80129.515625, 0.268974074074
SER, 4, 24.594, 0.792869, -79842.765625, 0.234703703704
THR, 8, 28.063, 0.826649, -80728.546875, 0.375159259259
TRP, 6, 26.551, 0.827536, -79572.468750, 0.314955555556
TYR, 9, 27.072, 0.844151, -79230.023438, 0.270355555556
VAL, 12, 25.553, 0.824056, -80380.203125, 0.221659259259
