AMINO ACID, DSSP, SASA, GYRATE, ENERGY, RMSF
ALA, 8, 28.346, 0.857362, -79739.718750, 0.251659259259
ARG, 4, 29.662, 0.853369, -80055.046875, 0.298462962963
ASN, 10, 26.342, 0.827292, -80803.781250, 0.210481481481
ASP, 6, 25.836, 0.805103, -79318.648438, 0.207903703704
CYS, 6, 28.564, 0.835523, -80124.679688, 0.307162962963
GLN, 7, 26.374, 0.804992, -80257.765625, 0.290562962963
GLU, 13, 23.966, 0.786648, -80467.640625, 0.207940740741
GLY, 4, 26.457, 0.837724, -80810.359375, 0.230159259259
HIS, 4, 27.376, 0.852891, -79303.093750, 0.336788888889
ILE, 4, 27.737, 0.829065, -80356.132812, 0.278788888889
LEU, 8, 27.468, 0.816009, -79795.773438, 0.349325925926
LYS, 8, 27.346, 0.834093, -80374.906250, 0.242707407407
MET, 6, 25.606, 0.846179, -79808.140625, 0.221622222222
PHE, 8, 24.806, 0.797146, -79634.515625, 0.339081481481
PRO, 6, 24.670, 0.806269, -80470.867188, 0.268974074074
SER, 5, 23.662, 0.79295, -80936.093750, 0.234703703704
THR, 4, 27.053, 0.828281, -80306.101562, 0.375159259259
TRP, 4, 27.865, 0.835571, -79870.242188, 0.314955555556
TYR, 9, 27.661, 0.844219, -80184.625000, 0.270355555556
VAL, 10, 25.621, 0.819701, -79972.164062, 0.221659259259
