AMINO ACID, DSSP, SASA, GYRATE, ENERGY, RMSF
ALA, 6, 27.290, 0.837637, -80753.656250, 0.251659259259
ARG, 8, 29.455, 0.857542, -80893.062500, 0.298462962963
ASN, 12, 27.325, 0.827885, -80108.015625, 0.210481481481
ASP, 4, 25.115, 0.806684, -80206.632812, 0.207903703704
CYS, 12, 29.577, 0.83511, -81233.093750, 0.307162962963
GLN, 7, 26.713, 0.806534, -81477.734375, 0.290562962963
GLU, 11, 25.451, 0.79961, -80239.734375, 0.207940740741
GLY, 10, 27.681, 0.844409, -79649.125000, 0.230159259259
HIS, 0, 28.254, 0.867755, -81182.171875, 0.336788888889
ILE, 4, 25.113, 0.808276, -79161.734375, 0.278788888889
LEU, 8, 27.937, 0.811926, -79807.039062, 0.349325925926
LYS, 6, 27.748, 0.833653, -80787.062500, 0.242707407407
MET, 4, 24.828, 0.854099, -80131.890625, 0.221622222222
PHE, 8, 25.583, 0.81066, -79915.875000, 0.339081481481
PRO, 6, 25.778, 0.823909, -80242.125000, 0.268974074074
SER, 4, 23.921, 0.796001, -80958.304688, 0.234703703704
THR, 4, 27.590, 0.82391, -80836.437500, 0.375159259259
TRP, 10, 27.044, 0.83229, -80265.234375, 0.314955555556
TYR, 9, 27.079, 0.847316, -80089.296875, 0.270355555556
VAL, 6, 24.681, 0.828088, -79810.617188, 0.221659259259
