AMINO ACID, DSSP, SASA, GYRATE, ENERGY, RMSF
ALA, 6, 28.422, 0.858563, -80377.281250, 0.251659259259
ARG, 12, 29.510, 0.855221, -81138.859375, 0.298462962963
ASN, 6, 28.815, 0.835588, -80143.718750, 0.210481481481
ASP, 4, 26.840, 0.824608, -80204.859375, 0.207903703704
CYS, 8, 28.714, 0.842385, -80489.617188, 0.307162962963
GLN, 15, 25.642, 0.803345, -79790.203125, 0.290562962963
GLU, 7, 25.494, 0.812548, -79922.468750, 0.207940740741
GLY, 8, 26.778, 0.840695, -80094.703125, 0.230159259259
HIS, 4, 29.404, 0.868929, -80001.390625, 0.336788888889
ILE, 4, 25.177, 0.80042, -80193.523438, 0.278788888889
LEU, 9, 26.427, 0.805405, -79419.375000, 0.349325925926
LYS, 10, 27.049, 0.824383, -81695.796875, 0.242707407407
MET, 4, 26.098, 0.843717, -79390.765625, 0.221622222222
PHE, 8, 26.250, 0.811727, -79978.781250, 0.339081481481
PRO, 4, 25.559, 0.817581, -80305.085938, 0.268974074074
SER, 4, 24.775, 0.793496, -80779.781250, 0.234703703704
THR, 8, 27.277, 0.826205, -80741.640625, 0.375159259259
TRP, 11, 26.342, 0.824704, -80149.718750, 0.314955555556
TYR, 8, 28.264, 0.856388, -79725.968750, 0.270355555556
VAL, 8, 25.027, 0.821011, -81238.750000, 0.221659259259
