AMINO ACID, DSSP, SASA, GYRATE, ENERGY, RMSF
ALA, 12, 28.040, 0.862161, -79995.953125, 0.251659259259
ARG, 8, 28.339, 0.853307, -81210.640625, 0.298462962963
ASN, 8, 28.215, 0.84419, -80190.250000, 0.210481481481
ASP, 4, 25.955, 0.815032, -80692.195312, 0.207903703704
CYS, 10, 27.258, 0.835351, -80178.718750, 0.307162962963
GLN, 15, 25.548, 0.797494, -80297.773438, 0.290562962963
GLU, 13, 25.328, 0.798451, -80419.156250, 0.207940740741
GLY, 12, 25.872, 0.826353, -80154.937500, 0.230159259259
HIS, 4, 29.225, 0.877361, -79633.476562, 0.336788888889
ILE, 4, 25.985, 0.808094, -80511.015625, 0.278788888889
LEU, 8, 26.250, 0.823885, -79784.515625, 0.349325925926
LYS, 12, 27.038, 0.830413, -80584.507812, 0.242707407407
MET, 4, 24.989, 0.840386, -80203.968750, 0.221622222222
PHE, 8, 26.585, 0.806506, -80084.429688, 0.339081481481
PRO, 6, 24.948, 0.803835, -80843.929688, 0.268974074074
SER, 6, 24.353, 0.791179, -81340.484375, 0.234703703704
THR, 8, 25.482, 0.818188, -81077.929688, 0.375159259259
TRP, 8, 26.459, 0.818606, -80576.726562, 0.314955555556
TYR, 11, 26.673, 0.857087, -79760.390625, 0.270355555556
VAL, 12, 23.535, 0.80735, -80084.429688, 0.221659259259
