AMINO ACID, DSSP, SASA, GYRATE, ENERGY, RMSF
ALA, 12, 28.516, 0.860792, -80483.546875, 0.251659259259
ARG, 8, 28.710, 0.862722, -80827.109375, 0.298462962963
ASN, 8, 27.833, 0.814183, -80694.531250, 0.210481481481
ASP, 6, 27.685, 0.82481, -80681.101562, 0.207903703704
CYS, 8, 26.963, 0.829581, -80128.750000, 0.307162962963
GLN, 15, 25.199, 0.796071, -79834.960938, 0.290562962963
GLU, 9, 23.896, 0.784718, -79999.226562, 0.207940740741
GLY, 8, 24.811, 0.82081, -81034.125000, 0.230159259259
HIS, 2, 29.971, 0.895395, -79545.062500, 0.336788888889
ILE, 4, 26.969, 0.8306, -79938.953125, 0.278788888889
LEU, 8, 26.616, 0.814333, -81320.937500, 0.349325925926
LYS, 6, 27.058, 0.821903, -81206.734375, 0.242707407407
MET, 4, 26.500, 0.854328, -79440.890625, 0.221622222222
PHE, 10, 25.385, 0.802779, -79878.820312, 0.339081481481
PRO, 7, 25.974, 0.816498, -80387.359375, 0.268974074074
SER, 7, 24.377, 0.802387, -80064.882812, 0.234703703704
THR, 8, 26.646, 0.828453, -80063.687500, 0.375159259259
TRP, 6, 26.931, 0.841056, -78842.593750, 0.314955555556
TYR, 5, 29.199, 0.853394, -79682.210938, 0.270355555556
VAL, 10, 23.929, 0.810921, -80193.054688, 0.221659259259
