AMINO ACID, DSSP, SASA, GYRATE, ENERGY, RMSF
ALA, 6, 29.568, 0.860264, -79542.273438, 0.251659259259
ARG, 4, 28.574, 0.872232, -80259.125000, 0.298462962963
ASN, 8, 27.453, 0.84596, -79842.710938, 0.210481481481
ASP, 6, 27.055, 0.83226, -80406.835938, 0.207903703704
CYS, 6, 27.749, 0.833526, -80285.062500, 0.307162962963
GLN, 6, 26.237, 0.824554, -80582.812500, 0.290562962963
GLU, 13, 24.369, 0.797936, -79459.250000, 0.207940740741
GLY, 12, 23.102, 0.81857, -80417.453125, 0.230159259259
HIS, 2, 27.398, 0.855806, -80492.304688, 0.336788888889
ILE, 4, 24.352, 0.798407, -79944.531250, 0.278788888889
LEU, 8, 26.427, 0.824753, -80713.281250, 0.349325925926
LYS, 11, 26.583, 0.814305, -80950.867188, 0.242707407407
MET, 6, 25.440, 0.843036, -80051.273438, 0.221622222222
PHE, 8, 25.039, 0.796541, -80546.351562, 0.339081481481
PRO, 6, 25.089, 0.817326, -80904.671875, 0.268974074074
SER, 6, 24.929, 0.807557, -80341.609375, 0.234703703704
THR, 6, 25.457, 0.806539, -80842.609375, 0.375159259259
TRP, 11, 26.750, 0.825051, -80337.132812, 0.314955555556
TYR, 11, 27.092, 0.871408, -80551.968750, 0.270355555556
VAL, 12, 24.497, 0.804912, -80107.015625, 0.221659259259
