AMINO ACID, DSSP, SASA, GYRATE, ENERGY, RMSF
ALA, 8, 28.747, 0.857713, -80376.414062, 0.251659259259
ARG, 6, 28.381, 0.847889, -81196.601562, 0.298462962963
ASN, 8, 27.153, 0.849706, -80385.757812, 0.210481481481
ASP, 6, 27.257, 0.837239, -79945.867188, 0.207903703704
CYS, 4, 26.034, 0.841177, -80151.000000, 0.307162962963
GLN, 10, 26.237, 0.829131, -80069.304688, 0.290562962963
GLU, 13, 25.054, 0.792161, -80380.890625, 0.207940740741
GLY, 8, 24.279, 0.825376, -80296.781250, 0.230159259259
HIS, 2, 28.070, 0.8453, -79557.437500, 0.336788888889
ILE, 8, 25.820, 0.811689, -79738.343750, 0.278788888889
LEU, 8, 26.899, 0.835091, -80265.187500, 0.349325925926
LYS, 14, 25.131, 0.813392, -81214.898438, 0.242707407407
MET, 6, 26.176, 0.843101, -80010.156250, 0.221622222222
PHE, 8, 24.756, 0.795715, -79362.257812, 0.339081481481
PRO, 6, 24.155, 0.806926, -80462.343750, 0.268974074074
SER, 4, 24.832, 0.801015, -79897.257812, 0.234703703704
THR, 7, 24.517, 0.803826, -80183.460938, 0.375159259259
TRP, 8, 24.720, 0.816183, -79868.726562, 0.314955555556
TYR, 9, 27.897, 0.85811, -80580.054688, 0.270355555556
VAL, 8, 24.542, 0.799745, -80407.765625, 0.221659259259
