AMINO ACID, DSSP, SASA, GYRATE, ENERGY, RMSF
ALA, 8, 28.548, 0.858129, -80901.234375, 0.251659259259
ARG, 8, 29.646, 0.857396, -80658.148438, 0.298462962963
ASN, 8, 27.556, 0.835024, -80664.843750, 0.210481481481
ASP, 4, 26.766, 0.831884, -80057.984375, 0.207903703704
CYS, 6, 28.022, 0.843646, -80181.898438, 0.307162962963
GLN, 12, 24.704, 0.81086, -80380.031250, 0.290562962963
GLU, 7, 24.945, 0.799721, -80973.046875, 0.207940740741
GLY, 10, 25.411, 0.834041, -80022.242188, 0.230159259259
HIS, 4, 28.334, 0.853203, -80651.875000, 0.336788888889
ILE, 4, 26.119, 0.801172, -79284.734375, 0.278788888889
LEU, 8, 26.319, 0.829712, -79945.859375, 0.349325925926
LYS, 11, 25.313, 0.811599, -80726.054688, 0.242707407407
MET, 4, 24.914, 0.82084, -80517.203125, 0.221622222222
PHE, 8, 25.130, 0.805099, -80494.453125, 0.339081481481
PRO, 8, 25.607, 0.822159, -80537.210938, 0.268974074074
SER, 10, 24.009, 0.797703, -80612.531250, 0.234703703704
THR, 4, 26.082, 0.809012, -81254.148438, 0.375159259259
TRP, 12, 26.174, 0.818122, -79662.101562, 0.314955555556
TYR, 7, 26.972, 0.848104, -80074.664062, 0.270355555556
VAL, 10, 24.482, 0.800777, -80786.203125, 0.221659259259
