AMINO ACID, DSSP, SASA, GYRATE, ENERGY, RMSF
ALA, 11, 28.447, 0.85808, -79825.171875, 0.251659259259
ARG, 6, 29.891, 0.860231, -80909.828125, 0.298462962963
ASN, 4, 27.490, 0.829046, -81190.343750, 0.210481481481
ASP, 4, 27.311, 0.827069, -80692.546875, 0.207903703704
CYS, 10, 27.270, 0.830092, -80289.078125, 0.307162962963
GLN, 10, 26.569, 0.824656, -80648.625000, 0.290562962963
GLU, 9, 26.051, 0.815929, -80820.523438, 0.207940740741
GLY, 11, 26.296, 0.826783, -80770.562500, 0.230159259259
HIS, 0, 29.618, 0.870085, -80021.984375, 0.336788888889
ILE, 6, 24.968, 0.799051, -79808.671875, 0.278788888889
LEU, 9, 26.281, 0.822836, -79409.945312, 0.349325925926
LYS, 9, 27.099, 0.822387, -80281.562500, 0.242707407407
MET, 4, 25.894, 0.828896, -80099.125000, 0.221622222222
PHE, 8, 24.665, 0.799853, -79385.875000, 0.339081481481
PRO, 6, 26.326, 0.821741, -79882.671875, 0.268974074074
SER, 5, 24.487, 0.807095, -80064.187500, 0.234703703704
THR, 9, 26.855, 0.826636, -80620.546875, 0.375159259259
TRP, 8, 26.426, 0.822371, -80163.375000, 0.314955555556
TYR, 7, 28.324, 0.867553, -79986.656250, 0.270355555556
VAL, 8, 24.644, 0.804629, -80794.210938, 0.221659259259
