AMINO ACID, DSSP, SASA, GYRATE, ENERGY, RMSF
ALA, 9, 29.922, 0.860149, -80114.187500, 0.251659259259
ARG, 6, 30.218, 0.859169, -80864.906250, 0.298462962963
ASN, 8, 27.341, 0.840808, -80383.343750, 0.210481481481
ASP, 6, 26.473, 0.8248, -80374.265625, 0.207903703704
CYS, 12, 26.930, 0.823457, -80526.585938, 0.307162962963
GLN, 12, 26.260, 0.819005, -80945.023438, 0.290562962963
GLU, 7, 25.721, 0.810544, -80687.421875, 0.207940740741
GLY, 8, 26.750, 0.819873, -79578.320312, 0.230159259259
HIS, 4, 28.872, 0.853809, -79854.921875, 0.336788888889
ILE, 6, 23.415, 0.789022, -80172.015625, 0.278788888889
LEU, 8, 25.554, 0.816394, -79610.921875, 0.349325925926
LYS, 11, 27.678, 0.826628, -81019.484375, 0.242707407407
MET, 2, 25.525, 0.843162, -79945.687500, 0.221622222222
PHE, 12, 25.139, 0.80578, -79429.578125, 0.339081481481
PRO, 6, 26.348, 0.831479, -79940.562500, 0.268974074074
SER, 10, 23.644, 0.797972, -80333.593750, 0.234703703704
THR, 9, 26.641, 0.819395, -79130.289062, 0.375159259259
TRP, 16, 27.468, 0.823185, -79968.367188, 0.314955555556
TYR, 11, 27.838, 0.865878, -80201.734375, 0.270355555556
VAL, 8, 23.844, 0.807854, -80294.312500, 0.221659259259
