AMINO ACID, DSSP, SASA, GYRATE, ENERGY, RMSF
ALA, 9, 28.762, 0.848799, -79348.500000, 0.251659259259
ARG, 6, 28.518, 0.863285, -80640.312500, 0.298462962963
ASN, 8, 26.600, 0.827967, -79822.984375, 0.210481481481
ASP, 8, 26.764, 0.834607, -80722.789062, 0.207903703704
CYS, 6, 26.767, 0.827683, -80116.328125, 0.307162962963
GLN, 11, 25.812, 0.818727, -79516.500000, 0.290562962963
GLU, 9, 27.497, 0.82848, -80135.015625, 0.207940740741
GLY, 12, 25.082, 0.828587, -80784.875000, 0.230159259259
HIS, 2, 29.103, 0.861184, -80741.859375, 0.336788888889
ILE, 4, 25.219, 0.806043, -79822.156250, 0.278788888889
LEU, 8, 26.253, 0.832261, -80672.601562, 0.349325925926
LYS, 9, 26.603, 0.820421, -81039.765625, 0.242707407407
MET, 4, 26.825, 0.8421, -80934.570312, 0.221622222222
PHE, 8, 26.395, 0.809526, -79644.546875, 0.339081481481
PRO, 6, 25.144, 0.824157, -80793.960938, 0.268974074074
SER, 6, 25.181, 0.802984, -79532.171875, 0.234703703704
THR, 9, 26.226, 0.818981, -80092.890625, 0.375159259259
TRP, 12, 25.752, 0.816847, -79247.734375, 0.314955555556
TYR, 9, 27.229, 0.850017, -79670.500000, 0.270355555556
VAL, 8, 25.048, 0.81701, -80068.546875, 0.221659259259
