AMINO ACID, DSSP, SASA, GYRATE, ENERGY, RMSF
ALA, 13, 28.348, 0.842026, -80339.296875, 0.251659259259
ARG, 8, 27.823, 0.852021, -80995.937500, 0.298462962963
ASN, 8, 28.021, 0.847611, -80436.281250, 0.210481481481
ASP, 6, 27.388, 0.838697, -79948.781250, 0.207903703704
CYS, 10, 28.040, 0.841502, -80633.585938, 0.307162962963
GLN, 11, 25.405, 0.809396, -80144.703125, 0.290562962963
GLU, 7, 25.919, 0.82109, -79710.359375, 0.207940740741
GLY, 6, 25.842, 0.822957, -80363.632812, 0.230159259259
HIS, 4, 28.207, 0.861491, -79818.625000, 0.336788888889
ILE, 4, 24.032, 0.799123, -80586.593750, 0.278788888889
LEU, 8, 25.825, 0.81734, -79369.906250, 0.349325925926
LYS, 12, 26.568, 0.814874, -80388.429688, 0.242707407407
MET, 4, 27.099, 0.84476, -80150.312500, 0.221622222222
PHE, 8, 27.453, 0.813792, -79361.468750, 0.339081481481
PRO, 8, 25.115, 0.80406, -79820.937500, 0.268974074074
SER, 5, 26.586, 0.810745, -79754.265625, 0.234703703704
THR, 9, 27.037, 0.824043, -80647.789062, 0.375159259259
TRP, 16, 26.967, 0.811951, -80237.000000, 0.314955555556
TYR, 13, 26.936, 0.854631, -79898.179688, 0.270355555556
VAL, 10, 26.215, 0.805597, -80231.828125, 0.221659259259
