AMINO ACID, DSSP, SASA, GYRATE, ENERGY, RMSF
ALA, 13, 28.999, 0.859136, -80676.273438, 0.251659259259
ARG, 8, 27.566, 0.853155, -80364.937500, 0.298462962963
ASN, 6, 27.541, 0.836866, -80273.937500, 0.210481481481
ASP, 4, 28.521, 0.850413, -79876.546875, 0.207903703704
CYS, 8, 28.296, 0.840855, -80241.859375, 0.307162962963
GLN, 8, 24.819, 0.820253, -80464.914062, 0.290562962963
GLU, 9, 25.229, 0.806243, -80347.343750, 0.207940740741
GLY, 8, 26.906, 0.83537, -80435.523438, 0.230159259259
HIS, 2, 27.922, 0.845412, -80379.039062, 0.336788888889
ILE, 6, 25.910, 0.797581, -80243.125000, 0.278788888889
LEU, 8, 26.361, 0.826649, -80426.765625, 0.349325925926
LYS, 11, 27.148, 0.820179, -80712.164062, 0.242707407407
MET, 4, 26.329, 0.845097, -79801.812500, 0.221622222222
PHE, 8, 27.158, 0.817246, -80158.593750, 0.339081481481
PRO, 6, 25.062, 0.820165, -80479.984375, 0.268974074074
SER, 10, 24.831, 0.796689, -80182.546875, 0.234703703704
THR, 10, 26.199, 0.808059, -81269.734375, 0.375159259259
TRP, 14, 25.551, 0.807711, -78987.367188, 0.314955555556
TYR, 8, 26.341, 0.855521, -79628.890625, 0.270355555556
VAL, 6, 24.957, 0.814172, -79890.945312, 0.221659259259
