AMINO ACID, DSSP, SASA, GYRATE, ENERGY, RMSF
ALA, 6, 27.230, 0.870767, -79947.328125, 0.251659259259
ARG, 14, 27.656, 0.828182, -81472.750000, 0.298462962963
ASN, 6, 26.903, 0.833175, -80541.945312, 0.210481481481
ASP, 7, 25.722, 0.817576, -79708.023438, 0.207903703704
CYS, 8, 27.177, 0.835993, -81106.257812, 0.307162962963
GLN, 8, 27.901, 0.847918, -79828.812500, 0.290562962963
GLU, 12, 26.771, 0.837792, -79522.531250, 0.207940740741
GLY, 6, 27.595, 0.840066, -81152.234375, 0.230159259259
HIS, 6, 28.502, 0.855221, -80723.531250, 0.336788888889
ILE, 8, 27.273, 0.842022, -80351.734375, 0.278788888889
LEU, 8, 26.473, 0.818973, -79684.468750, 0.349325925926
LYS, 6, 29.405, 0.858487, -80158.265625, 0.242707407407
MET, 5, 25.170, 0.79602, -80284.242188, 0.221622222222
PHE, 12, 24.821, 0.824534, -80108.453125, 0.339081481481
PRO, 4, 26.442, 0.838857, -79824.117188, 0.268974074074
SER, 6, 26.491, 0.801967, -80531.296875, 0.234703703704
THR, 8, 27.929, 0.826929, -80482.945312, 0.375159259259
TRP, 8, 27.888, 0.855058, -80307.132812, 0.314955555556
TYR, 9, 28.759, 0.869765, -79824.984375, 0.270355555556
VAL, 12, 26.259, 0.819841, -80262.781250, 0.221659259259
