AMINO ACID, DSSP, SASA, GYRATE, ENERGY, RMSF
ALA, 13, 29.139, 0.846941, -80325.789062, 0.251659259259
ARG, 10, 27.758, 0.842344, -80543.859375, 0.298462962963
ASN, 8, 27.000, 0.844856, -79752.062500, 0.210481481481
ASP, 4, 27.053, 0.8456, -78725.015625, 0.207903703704
CYS, 6, 28.039, 0.848972, -79774.507812, 0.307162962963
GLN, 14, 26.158, 0.813811, -80395.750000, 0.290562962963
GLU, 9, 24.219, 0.796486, -79968.289062, 0.207940740741
GLY, 10, 25.893, 0.826528, -80409.562500, 0.230159259259
HIS, 4, 29.784, 0.880293, -80833.085938, 0.336788888889
ILE, 4, 26.788, 0.822836, -80229.414062, 0.278788888889
LEU, 10, 27.658, 0.841615, -80379.171875, 0.349325925926
LYS, 9, 26.680, 0.807831, -81455.195312, 0.242707407407
MET, 2, 26.415, 0.8454, -80406.593750, 0.221622222222
PHE, 8, 27.742, 0.827097, -79987.101562, 0.339081481481
PRO, 6, 25.336, 0.810867, -80012.421875, 0.268974074074
SER, 7, 25.008, 0.788625, -80810.492188, 0.234703703704
THR, 10, 25.557, 0.815305, -79849.734375, 0.375159259259
TRP, 14, 25.916, 0.810095, -79811.742188, 0.314955555556
TYR, 11, 26.613, 0.832803, -80533.367188, 0.270355555556
VAL, 10, 25.593, 0.820924, -80128.570312, 0.221659259259
