AMINO ACID, DSSP, SASA, GYRATE, ENERGY, RMSF
ALA, 11, 29.500, 0.857824, -80294.054688, 0.251659259259
ARG, 4, 28.728, 0.851415, -80380.984375, 0.298462962963
ASN, 10, 26.385, 0.835002, -79880.929688, 0.210481481481
ASP, 2, 27.634, 0.837744, -79262.062500, 0.207903703704
CYS, 10, 27.805, 0.842722, -79934.640625, 0.307162962963
GLN, 8, 25.868, 0.818229, -79685.531250, 0.290562962963
GLU, 7, 25.785, 0.811566, -80099.859375, 0.207940740741
GLY, 11, 24.145, 0.823726, -80054.359375, 0.230159259259
HIS, 2, 28.500, 0.872134, -80177.539062, 0.336788888889
ILE, 8, 26.032, 0.810444, -80230.078125, 0.278788888889
LEU, 8, 26.374, 0.816257, -79808.843750, 0.349325925926
LYS, 9, 24.902, 0.805322, -80744.007812, 0.242707407407
MET, 4, 27.291, 0.860606, -79383.140625, 0.221622222222
PHE, 8, 26.378, 0.81117, -80415.375000, 0.339081481481
PRO, 6, 26.561, 0.826874, -80554.578125, 0.268974074074
SER, 10, 23.313, 0.794755, -80220.195312, 0.234703703704
THR, 10, 25.371, 0.814967, -80415.171875, 0.375159259259
TRP, 10, 25.082, 0.807145, -79621.539062, 0.314955555556
TYR, 7, 26.181, 0.829082, -81013.078125, 0.270355555556
VAL, 8, 24.528, 0.812936, -80014.515625, 0.221659259259
