AMINO ACID, DSSP, SASA, GYRATE, ENERGY, RMSF
ALA, 15, 28.734, 0.850023, -80508.687500, 0.251659259259
ARG, 6, 28.373, 0.850614, -81251.531250, 0.298462962963
ASN, 10, 26.655, 0.834414, -80201.171875, 0.210481481481
ASP, 2, 26.833, 0.83387, -79979.000000, 0.207903703704
CYS, 6, 28.318, 0.8428, -80904.687500, 0.307162962963
GLN, 10, 25.980, 0.811421, -80291.843750, 0.290562962963
GLU, 9, 25.069, 0.815659, -80028.507812, 0.207940740741
GLY, 6, 25.075, 0.83689, -80290.406250, 0.230159259259
HIS, 2, 29.090, 0.879365, -79929.492188, 0.336788888889
ILE, 6, 26.293, 0.811429, -80316.625000, 0.278788888889
LEU, 8, 26.590, 0.826719, -78950.093750, 0.349325925926
LYS, 8, 25.144, 0.810438, -81001.867188, 0.242707407407
MET, 4, 26.047, 0.840693, -79640.937500, 0.221622222222
PHE, 8, 24.555, 0.806798, -80779.937500, 0.339081481481
PRO, 8, 27.819, 0.835727, -80795.945312, 0.268974074074
SER, 10, 25.138, 0.800405, -81012.062500, 0.234703703704
THR, 8, 25.025, 0.807644, -80796.359375, 0.375159259259
TRP, 14, 26.013, 0.815624, -80158.640625, 0.314955555556
TYR, 11, 25.085, 0.829463, -79958.664062, 0.270355555556
VAL, 8, 25.501, 0.811784, -80077.523438, 0.221659259259
