AMINO ACID, DSSP, SASA, GYRATE, ENERGY, RMSF
ALA, 16, 28.739, 0.839886, -80375.593750, 0.251659259259
ARG, 10, 28.583, 0.844308, -80213.843750, 0.298462962963
ASN, 8, 26.361, 0.84304, -80189.898438, 0.210481481481
ASP, 8, 27.748, 0.838958, -79814.648438, 0.207903703704
CYS, 10, 27.963, 0.838567, -80796.695312, 0.307162962963
GLN, 14, 25.565, 0.808895, -80041.046875, 0.290562962963
GLU, 5, 26.422, 0.824442, -80199.148438, 0.207940740741
GLY, 4, 25.090, 0.846933, -80862.968750, 0.230159259259
HIS, 2, 27.504, 0.883814, -79692.312500, 0.336788888889
ILE, 6, 26.335, 0.811494, -79954.078125, 0.278788888889
LEU, 8, 26.002, 0.809346, -80493.640625, 0.349325925926
LYS, 8, 25.030, 0.813258, -81263.875000, 0.242707407407
MET, 4, 27.787, 0.844727, -80382.546875, 0.221622222222
PHE, 10, 25.532, 0.812667, -79511.218750, 0.339081481481
PRO, 8, 26.707, 0.82716, -80794.875000, 0.268974074074
SER, 10, 25.540, 0.806914, -80219.054688, 0.234703703704
THR, 8, 25.877, 0.809149, -80258.468750, 0.375159259259
TRP, 12, 27.374, 0.825524, -80290.750000, 0.314955555556
TYR, 10, 26.459, 0.846371, -79588.562500, 0.270355555556
VAL, 10, 26.348, 0.823284, -80254.203125, 0.221659259259
