AMINO ACID, DSSP, SASA, GYRATE, ENERGY, RMSF
ALA, 9, 28.608, 0.836091, -80530.937500, 0.251659259259
ARG, 8, 28.734, 0.849621, -80790.984375, 0.298462962963
ASN, 10, 29.572, 0.858288, -80152.265625, 0.210481481481
ASP, 4, 27.026, 0.838269, -80536.257812, 0.207903703704
CYS, 6, 26.386, 0.848081, -80411.734375, 0.307162962963
GLN, 14, 24.748, 0.811308, -80001.632812, 0.290562962963
GLU, 7, 25.455, 0.820104, -79688.781250, 0.207940740741
GLY, 6, 25.790, 0.848795, -80469.906250, 0.230159259259
HIS, 6, 28.615, 0.877696, -80428.820312, 0.336788888889
ILE, 6, 25.345, 0.808736, -80070.875000, 0.278788888889
LEU, 8, 26.027, 0.817829, -79686.937500, 0.349325925926
LYS, 8, 26.447, 0.810143, -81011.882812, 0.242707407407
MET, 4, 27.008, 0.85115, -79302.859375, 0.221622222222
PHE, 8, 25.748, 0.810374, -80141.164062, 0.339081481481
PRO, 6, 27.898, 0.843343, -79716.585938, 0.268974074074
SER, 8, 25.101, 0.804141, -81289.156250, 0.234703703704
THR, 4, 27.322, 0.818156, -80741.140625, 0.375159259259
TRP, 14, 25.871, 0.812194, -80253.492188, 0.314955555556
TYR, 9, 26.633, 0.852862, -80520.406250, 0.270355555556
VAL, 10, 24.644, 0.801271, -80688.218750, 0.221659259259
