AMINO ACID, DSSP, SASA, GYRATE, ENERGY, RMSF
ALA, 15, 27.393, 0.829669, -80990.875000, 0.251659259259
ARG, 10, 28.108, 0.840625, -81118.460938, 0.298462962963
ASN, 6, 27.954, 0.860984, -80148.015625, 0.210481481481
ASP, 2, 27.576, 0.834474, -80684.718750, 0.207903703704
CYS, 6, 28.661, 0.853478, -79755.460938, 0.307162962963
GLN, 10, 26.132, 0.815182, -80841.671875, 0.290562962963
GLU, 7, 26.246, 0.807713, -79443.531250, 0.207940740741
GLY, 4, 25.461, 0.838213, -79850.242188, 0.230159259259
HIS, 8, 28.101, 0.90223, -80205.625000, 0.336788888889
ILE, 6, 26.728, 0.818712, -80569.875000, 0.278788888889
LEU, 6, 26.786, 0.847966, -80099.359375, 0.349325925926
LYS, 6, 25.677, 0.809965, -80099.906250, 0.242707407407
MET, 4, 26.486, 0.844187, -80060.593750, 0.221622222222
PHE, 10, 26.411, 0.804799, -80538.078125, 0.339081481481
PRO, 7, 26.729, 0.824527, -80838.218750, 0.268974074074
SER, 8, 24.990, 0.793996, -80716.515625, 0.234703703704
THR, 6, 26.258, 0.812715, -80226.031250, 0.375159259259
TRP, 14, 24.813, 0.809189, -79304.406250, 0.314955555556
TYR, 9, 27.215, 0.846354, -80605.187500, 0.270355555556
VAL, 8, 26.433, 0.820245, -79484.601562, 0.221659259259
