AMINO ACID, DSSP, SASA, GYRATE, ENERGY, RMSF
ALA, 11, 27.441, 0.827422, -79750.820312, 0.251659259259
ARG, 4, 28.583, 0.853742, -80202.320312, 0.298462962963
ASN, 10, 27.505, 0.852441, -80473.390625, 0.210481481481
ASP, 2, 28.282, 0.832687, -80216.937500, 0.207903703704
CYS, 8, 27.295, 0.844622, -80618.078125, 0.307162962963
GLN, 14, 24.653, 0.807773, -79654.125000, 0.290562962963
GLU, 7, 27.724, 0.820894, -80210.906250, 0.207940740741
GLY, 4, 26.368, 0.846097, -80891.796875, 0.230159259259
HIS, 6, 28.425, 0.889817, -79533.718750, 0.336788888889
ILE, 4, 24.979, 0.811253, -80007.765625, 0.278788888889
LEU, 6, 25.928, 0.816986, -79574.031250, 0.349325925926
LYS, 7, 26.441, 0.815265, -80886.437500, 0.242707407407
MET, 4, 26.555, 0.854423, -79929.937500, 0.221622222222
PHE, 12, 26.611, 0.815214, -80221.921875, 0.339081481481
PRO, 6, 25.886, 0.826371, -80665.101562, 0.268974074074
SER, 3, 23.883, 0.797553, -80422.632812, 0.234703703704
THR, 8, 26.220, 0.814999, -80848.921875, 0.375159259259
TRP, 8, 24.710, 0.814706, -79829.867188, 0.314955555556
TYR, 11, 27.447, 0.842082, -80348.250000, 0.270355555556
VAL, 10, 26.953, 0.830177, -78870.984375, 0.221659259259
