AMINO ACID, DSSP, SASA, GYRATE, ENERGY, RMSF
ALA, 11, 28.345, 0.835327, -81215.304688, 0.251659259259
ARG, 6, 28.363, 0.860648, -81459.757812, 0.298462962963
ASN, 8, 26.615, 0.835636, -80577.015625, 0.210481481481
ASP, 4, 26.174, 0.81815, -80217.296875, 0.207903703704
CYS, 6, 27.230, 0.830651, -79820.585938, 0.307162962963
GLN, 14, 24.522, 0.805182, -80779.507812, 0.290562962963
GLU, 9, 25.745, 0.811609, -79688.453125, 0.207940740741
GLY, 6, 24.963, 0.830089, -80467.234375, 0.230159259259
HIS, 2, 28.072, 0.895602, -80668.765625, 0.336788888889
ILE, 4, 26.299, 0.815579, -80517.500000, 0.278788888889
LEU, 8, 25.120, 0.815494, -80149.187500, 0.349325925926
LYS, 8, 26.096, 0.81545, -80787.921875, 0.242707407407
MET, 4, 26.678, 0.847029, -80316.179688, 0.221622222222
PHE, 10, 26.636, 0.815787, -79105.789062, 0.339081481481
PRO, 4, 26.692, 0.851088, -80320.859375, 0.268974074074
SER, 6, 26.585, 0.806135, -79775.750000, 0.234703703704
THR, 4, 27.106, 0.816127, -79948.265625, 0.375159259259
TRP, 10, 25.824, 0.8149, -80395.039062, 0.314955555556
TYR, 8, 26.936, 0.830719, -79956.648438, 0.270355555556
VAL, 10, 26.818, 0.833618, -80526.906250, 0.221659259259
