AMINO ACID, DSSP, SASA, GYRATE, ENERGY, RMSF
ALA, 13, 28.682, 0.840686, -80050.578125, 0.251659259259
ARG, 8, 29.532, 0.865835, -80259.890625, 0.298462962963
ASN, 10, 27.297, 0.836556, -80470.859375, 0.210481481481
ASP, 4, 25.994, 0.823338, -80517.171875, 0.207903703704
CYS, 6, 27.341, 0.843251, -80592.000000, 0.307162962963
GLN, 12, 25.109, 0.809505, -79588.453125, 0.290562962963
GLU, 9, 27.794, 0.821523, -79938.984375, 0.207940740741
GLY, 4, 23.786, 0.813863, -80697.265625, 0.230159259259
HIS, 6, 27.744, 0.884924, -80035.523438, 0.336788888889
ILE, 6, 26.682, 0.815019, -80603.031250, 0.278788888889
LEU, 8, 26.303, 0.815487, -80184.273438, 0.349325925926
LYS, 8, 25.680, 0.815853, -80964.429688, 0.242707407407
MET, 4, 26.800, 0.866594, -80046.046875, 0.221622222222
PHE, 8, 26.885, 0.820284, -79832.820312, 0.339081481481
PRO, 7, 26.147, 0.843773, -80761.648438, 0.268974074074
SER, 8, 25.894, 0.811254, -80050.203125, 0.234703703704
THR, 8, 26.415, 0.815755, -80853.593750, 0.375159259259
TRP, 6, 25.320, 0.823584, -79701.937500, 0.314955555556
TYR, 5, 25.610, 0.830701, -80331.539062, 0.270355555556
VAL, 6, 25.129, 0.82476, -80877.640625, 0.221659259259
