AMINO ACID, DSSP, SASA, GYRATE, ENERGY, RMSF
ALA, 11, 26.415, 0.823562, -80025.359375, 0.251659259259
ARG, 4, 30.118, 0.873898, -80920.906250, 0.298462962963
ASN, 6, 28.430, 0.853463, -81098.906250, 0.210481481481
ASP, 4, 27.468, 0.82922, -80024.226562, 0.207903703704
CYS, 8, 28.204, 0.837805, -80025.976562, 0.307162962963
GLN, 14, 26.177, 0.817041, -80140.421875, 0.290562962963
GLU, 9, 25.760, 0.809072, -79968.648438, 0.207940740741
GLY, 6, 24.778, 0.815925, -80455.351562, 0.230159259259
HIS, 6, 27.816, 0.876199, -80826.085938, 0.336788888889
ILE, 4, 27.710, 0.824313, -79089.070312, 0.278788888889
LEU, 8, 25.071, 0.805396, -79869.804688, 0.349325925926
LYS, 15, 25.849, 0.810707, -80386.046875, 0.242707407407
MET, 6, 26.141, 0.84427, -80810.726562, 0.221622222222
PHE, 6, 28.014, 0.821498, -80383.500000, 0.339081481481
PRO, 6, 26.297, 0.82505, -79471.375000, 0.268974074074
SER, 6, 24.830, 0.792912, -79816.835938, 0.234703703704
THR, 4, 25.478, 0.811569, -80057.984375, 0.375159259259
TRP, 6, 24.920, 0.813428, -79649.437500, 0.314955555556
TYR, 5, 27.709, 0.835046, -80356.937500, 0.270355555556
VAL, 10, 25.426, 0.823174, -79964.328125, 0.221659259259
