AMINO ACID, DSSP, SASA, GYRATE, ENERGY, RMSF
ALA, 12, 28.639, 0.838832, -80297.421875, 0.251659259259
ARG, 6, 28.719, 0.856216, -79596.804688, 0.298462962963
ASN, 10, 27.925, 0.840524, -80582.398438, 0.210481481481
ASP, 4, 25.920, 0.815039, -80225.390625, 0.207903703704
CYS, 6, 26.935, 0.817094, -80627.390625, 0.307162962963
GLN, 8, 27.333, 0.848912, -80155.421875, 0.290562962963
GLU, 11, 26.781, 0.820682, -79910.359375, 0.207940740741
GLY, 8, 24.214, 0.813224, -80202.929688, 0.230159259259
HIS, 6, 27.526, 0.858628, -80440.234375, 0.336788888889
ILE, 6, 25.674, 0.816831, -81254.382812, 0.278788888889
LEU, 8, 25.291, 0.808835, -80511.960938, 0.349325925926
LYS, 8, 25.206, 0.803314, -80010.625000, 0.242707407407
MET, 4, 27.888, 0.864075, -79332.257812, 0.221622222222
PHE, 9, 27.084, 0.808321, -80163.578125, 0.339081481481
PRO, 6, 25.981, 0.850269, -79915.054688, 0.268974074074
SER, 4, 25.656, 0.813921, -79241.703125, 0.234703703704
THR, 4, 25.528, 0.818567, -79081.531250, 0.375159259259
TRP, 10, 25.567, 0.81316, -79224.492188, 0.314955555556
TYR, 8, 27.449, 0.846088, -80364.609375, 0.270355555556
VAL, 8, 25.139, 0.809457, -79882.414062, 0.221659259259
