AMINO ACID, DSSP, SASA, GYRATE, ENERGY, RMSF
ALA, 15, 29.085, 0.848272, -79214.523438, 0.251659259259
ARG, 8, 29.081, 0.864786, -81486.710938, 0.298462962963
ASN, 8, 28.042, 0.848784, -80592.843750, 0.210481481481
ASP, 4, 26.148, 0.819524, -79646.906250, 0.207903703704
CYS, 8, 25.440, 0.807269, -80741.609375, 0.307162962963
GLN, 15, 25.830, 0.824682, -80842.562500, 0.290562962963
GLU, 9, 26.929, 0.838326, -80098.523438, 0.207940740741
GLY, 4, 24.263, 0.825278, -80362.468750, 0.230159259259
HIS, 4, 28.140, 0.88883, -80290.335938, 0.336788888889
ILE, 6, 26.761, 0.814866, -80640.656250, 0.278788888889
LEU, 8, 26.773, 0.823637, -79974.109375, 0.349325925926
LYS, 12, 25.076, 0.814864, -80546.734375, 0.242707407407
MET, 4, 29.857, 0.876192, -79901.554688, 0.221622222222
PHE, 8, 27.807, 0.811092, -80214.328125, 0.339081481481
PRO, 4, 25.865, 0.828637, -79646.578125, 0.268974074074
SER, 4, 24.643, 0.795548, -80423.328125, 0.234703703704
THR, 4, 26.217, 0.830605, -80450.937500, 0.375159259259
TRP, 6, 24.487, 0.80701, -80227.625000, 0.314955555556
TYR, 11, 27.051, 0.841247, -80754.515625, 0.270355555556
VAL, 10, 24.605, 0.803366, -80123.531250, 0.221659259259
