AMINO ACID, DSSP, SASA, GYRATE, ENERGY, RMSF
ALA, 8, 29.118, 0.850641, -79571.609375, 0.251659259259
ARG, 6, 29.494, 0.856489, -80608.656250, 0.298462962963
ASN, 10, 26.559, 0.840706, -79988.984375, 0.210481481481
ASP, 4, 24.919, 0.817545, -80732.492188, 0.207903703704
CYS, 6, 26.079, 0.809553, -79586.000000, 0.307162962963
GLN, 6, 28.068, 0.846814, -79900.156250, 0.290562962963
GLU, 9, 27.326, 0.829528, -80831.484375, 0.207940740741
GLY, 8, 25.196, 0.838325, -80226.164062, 0.230159259259
HIS, 7, 28.225, 0.886439, -79602.562500, 0.336788888889
ILE, 6, 25.959, 0.817444, -79780.390625, 0.278788888889
LEU, 9, 28.733, 0.836518, -79775.390625, 0.349325925926
LYS, 12, 24.629, 0.808909, -80592.460938, 0.242707407407
MET, 4, 27.750, 0.878203, -80149.375000, 0.221622222222
PHE, 8, 26.215, 0.80739, -79501.406250, 0.339081481481
PRO, 4, 25.596, 0.815834, -79960.859375, 0.268974074074
SER, 6, 26.155, 0.803636, -80235.046875, 0.234703703704
THR, 4, 26.217, 0.821914, -80180.093750, 0.375159259259
TRP, 10, 26.162, 0.828535, -80166.468750, 0.314955555556
TYR, 13, 26.411, 0.851942, -80243.562500, 0.270355555556
VAL, 8, 24.889, 0.808357, -80381.562500, 0.221659259259
