AMINO ACID, DSSP, SASA, GYRATE, ENERGY, RMSF
ALA, 12, 27.695, 0.838219, -81230.140625, 0.251659259259
ARG, 11, 29.715, 0.867195, -79968.109375, 0.298462962963
ASN, 10, 29.851, 0.87035, -80573.750000, 0.210481481481
ASP, 6, 27.105, 0.822851, -80576.375000, 0.207903703704
CYS, 11, 24.995, 0.807709, -79770.765625, 0.307162962963
GLN, 4, 25.479, 0.825828, -79583.921875, 0.290562962963
GLU, 7, 26.550, 0.816438, -81046.695312, 0.207940740741
GLY, 6, 26.030, 0.837393, -80008.812500, 0.230159259259
HIS, 8, 27.912, 0.887283, -80778.312500, 0.336788888889
ILE, 4, 27.019, 0.814164, -80879.640625, 0.278788888889
LEU, 8, 26.490, 0.82467, -80400.375000, 0.349325925926
LYS, 8, 26.374, 0.809603, -80602.046875, 0.242707407407
MET, 4, 28.466, 0.855117, -79870.937500, 0.221622222222
PHE, 8, 26.044, 0.808571, -79975.968750, 0.339081481481
PRO, 8, 26.684, 0.821791, -80367.195312, 0.268974074074
SER, 8, 26.097, 0.806519, -80137.765625, 0.234703703704
THR, 4, 26.168, 0.816074, -80816.484375, 0.375159259259
TRP, 10, 25.500, 0.829299, -79939.390625, 0.314955555556
TYR, 12, 26.581, 0.861401, -79547.265625, 0.270355555556
VAL, 8, 24.698, 0.806003, -80154.218750, 0.221659259259
