AMINO ACID, DSSP, SASA, GYRATE, ENERGY, RMSF
ALA, 14, 28.195, 0.836563, -80507.351562, 0.251659259259
ARG, 12, 28.366, 0.857355, -81167.890625, 0.298462962963
ASN, 8, 27.929, 0.859068, -80689.453125, 0.210481481481
ASP, 4, 27.231, 0.820553, -80654.859375, 0.207903703704
CYS, 14, 26.322, 0.829234, -78942.250000, 0.307162962963
GLN, 11, 28.191, 0.838335, -79707.898438, 0.290562962963
GLU, 15, 26.514, 0.816662, -80515.500000, 0.207940740741
GLY, 10, 25.740, 0.843688, -80427.765625, 0.230159259259
HIS, 6, 29.688, 0.907456, -79704.507812, 0.336788888889
ILE, 6, 25.552, 0.812134, -79686.078125, 0.278788888889
LEU, 8, 26.189, 0.817815, -80332.750000, 0.349325925926
LYS, 9, 27.430, 0.823994, -81296.921875, 0.242707407407
MET, 4, 27.675, 0.859478, -79342.601562, 0.221622222222
PHE, 10, 26.544, 0.816409, -80116.625000, 0.339081481481
PRO, 6, 26.162, 0.834128, -80340.171875, 0.268974074074
SER, 8, 24.753, 0.794719, -81226.562500, 0.234703703704
THR, 4, 26.520, 0.821168, -80802.671875, 0.375159259259
TRP, 9, 25.832, 0.813588, -80304.195312, 0.314955555556
TYR, 11, 26.131, 0.852402, -78955.859375, 0.270355555556
VAL, 10, 24.894, 0.815418, -80071.578125, 0.221659259259
