AMINO ACID, DSSP, SASA, GYRATE, ENERGY, RMSF
ALA, 6, 26.667, 0.8555, -80154.937500, 0.251659259259
ARG, 10, 28.668, 0.84782, -80464.601562, 0.298462962963
ASN, 6, 26.986, 0.833084, -80267.593750, 0.210481481481
ASP, 9, 25.645, 0.810979, -80766.335938, 0.207903703704
CYS, 10, 28.324, 0.843374, -80070.117188, 0.307162962963
GLN, 8, 28.503, 0.845688, -80512.718750, 0.290562962963
GLU, 8, 27.651, 0.858974, -80880.328125, 0.207940740741
GLY, 6, 28.881, 0.87279, -80479.210938, 0.230159259259
HIS, 9, 27.455, 0.841462, -80503.812500, 0.336788888889
ILE, 4, 26.950, 0.843902, -79367.375000, 0.278788888889
LEU, 8, 27.024, 0.81841, -80752.578125, 0.349325925926
LYS, 6, 28.476, 0.855989, -80509.687500, 0.242707407407
MET, 7, 27.858, 0.823902, -80280.898438, 0.221622222222
PHE, 12, 25.062, 0.814103, -80292.476562, 0.339081481481
PRO, 8, 24.835, 0.812505, -80571.515625, 0.268974074074
SER, 6, 25.132, 0.807138, -79337.335938, 0.234703703704
THR, 4, 27.458, 0.826544, -80068.679688, 0.375159259259
TRP, 6, 27.228, 0.839069, -80272.750000, 0.314955555556
TYR, 9, 29.374, 0.858106, -79426.906250, 0.270355555556
VAL, 8, 27.457, 0.826385, -80052.109375, 0.221659259259
