AMINO ACID, DSSP, SASA, GYRATE, ENERGY, RMSF
ALA, 6, 27.953, 0.832814, -79865.046875, 0.251659259259
ARG, 2, 29.493, 0.854927, -81236.000000, 0.298462962963
ASN, 8, 26.872, 0.845999, -79949.039062, 0.210481481481
ASP, 4, 27.326, 0.832725, -79689.609375, 0.207903703704
CYS, 10, 25.953, 0.835667, -81016.070312, 0.307162962963
GLN, 6, 24.455, 0.824893, -80905.437500, 0.290562962963
GLU, 7, 25.876, 0.809686, -80451.250000, 0.207940740741
GLY, 7, 26.744, 0.8432, -80980.093750, 0.230159259259
HIS, 11, 31.377, 0.924555, -80304.125000, 0.336788888889
ILE, 4, 26.729, 0.8203, -80140.593750, 0.278788888889
LEU, 8, 26.865, 0.831249, -79421.828125, 0.349325925926
LYS, 9, 26.386, 0.824948, -81340.312500, 0.242707407407
MET, 2, 27.865, 0.859257, -79821.312500, 0.221622222222
PHE, 8, 27.504, 0.835188, -80686.507812, 0.339081481481
PRO, 6, 26.896, 0.84881, -79259.609375, 0.268974074074
SER, 4, 25.933, 0.811815, -80174.171875, 0.234703703704
THR, 4, 26.887, 0.82571, -80455.921875, 0.375159259259
TRP, 9, 26.629, 0.819003, -79837.968750, 0.314955555556
TYR, 12, 28.625, 0.879301, -79574.859375, 0.270355555556
VAL, 6, 26.578, 0.828536, -80529.828125, 0.221659259259
