AMINO ACID, DSSP, SASA, GYRATE, ENERGY, RMSF
ALA, 13, 26.945, 0.847879, -80263.671875, 0.251659259259
ARG, 6, 27.282, 0.842466, -80811.179688, 0.298462962963
ASN, 8, 26.393, 0.842561, -79862.351562, 0.210481481481
ASP, 4, 26.205, 0.822627, -80151.015625, 0.207903703704
CYS, 8, 25.749, 0.836794, -80771.359375, 0.307162962963
GLN, 11, 26.154, 0.829598, -80110.625000, 0.290562962963
GLU, 9, 24.596, 0.794224, -79695.906250, 0.207940740741
GLY, 4, 26.719, 0.836115, -80156.117188, 0.230159259259
HIS, 9, 30.527, 0.940183, -79857.609375, 0.336788888889
ILE, 4, 27.736, 0.822457, -80089.820312, 0.278788888889
LEU, 8, 27.882, 0.835067, -79390.382812, 0.349325925926
LYS, 9, 25.394, 0.817695, -80755.843750, 0.242707407407
MET, 2, 25.961, 0.832668, -79798.867188, 0.221622222222
PHE, 8, 27.317, 0.830975, -80411.625000, 0.339081481481
PRO, 6, 26.213, 0.832599, -80206.140625, 0.268974074074
SER, 4, 26.903, 0.820033, -80393.859375, 0.234703703704
THR, 9, 26.627, 0.809782, -81508.726562, 0.375159259259
TRP, 9, 26.371, 0.835527, -79451.453125, 0.314955555556
TYR, 7, 27.126, 0.840743, -80024.312500, 0.270355555556
VAL, 10, 27.291, 0.847307, -80830.312500, 0.221659259259
