AMINO ACID, DSSP, SASA, GYRATE, ENERGY, RMSF
ALA, 8, 25.679, 0.815989, -78848.085938, 0.251659259259
ARG, 10, 28.056, 0.821849, -80332.734375, 0.298462962963
ASN, 8, 29.169, 0.856483, -79533.890625, 0.210481481481
ASP, 12, 26.685, 0.819148, -81093.367188, 0.207903703704
CYS, 10, 25.606, 0.821299, -79925.828125, 0.307162962963
GLN, 6, 27.953, 0.823127, -79417.250000, 0.290562962963
GLU, 10, 25.102, 0.805343, -80450.375000, 0.207940740741
GLY, 6, 25.443, 0.795706, -80470.562500, 0.230159259259
HIS, 10, 26.658, 0.839987, -79689.718750, 0.336788888889
ILE, 14, 26.449, 0.801315, -80379.093750, 0.278788888889
LEU, 12, 25.912, 0.813354, -79963.765625, 0.349325925926
LYS, 12, 27.370, 0.81798, -80555.968750, 0.242707407407
MET, 10, 25.473, 0.805833, -79762.281250, 0.221622222222
PHE, 8, 27.392, 0.820078, -80006.437500, 0.339081481481
PRO, 10, 26.313, 0.805316, -79458.492188, 0.268974074074
SER, 10, 25.045, 0.815076, -79808.375000, 0.234703703704
THR, 15, 26.250, 0.811885, -80451.406250, 0.375159259259
TRP, 10, 28.168, 0.86097, -80089.609375, 0.314955555556
TYR, 15, 27.608, 0.816951, -80579.828125, 0.270355555556
VAL, 10, 25.931, 0.819669, -80352.890625, 0.221659259259
