AMINO ACID, DSSP, SASA, GYRATE, ENERGY, RMSF
ALA, 6, 25.942, 0.816234, -78928.000000, 0.251659259259
ARG, 12, 27.967, 0.822394, -80666.960938, 0.298462962963
ASN, 8, 27.546, 0.861969, -80552.484375, 0.210481481481
ASP, 10, 26.745, 0.820454, -80016.570312, 0.207903703704
CYS, 10, 25.926, 0.821007, -80659.195312, 0.307162962963
GLN, 8, 26.331, 0.819294, -80240.257812, 0.290562962963
GLU, 12, 26.482, 0.81722, -79703.328125, 0.207940740741
GLY, 10, 24.494, 0.785654, -80373.710938, 0.230159259259
HIS, 8, 27.767, 0.849102, -80044.773438, 0.336788888889
ILE, 8, 25.095, 0.796401, -79731.773438, 0.278788888889
LEU, 12, 26.250, 0.823106, -80622.796875, 0.349325925926
LYS, 12, 26.480, 0.814297, -80014.281250, 0.242707407407
MET, 10, 26.561, 0.814719, -80962.937500, 0.221622222222
PHE, 4, 28.704, 0.828398, -79962.796875, 0.339081481481
PRO, 10, 26.487, 0.807332, -79851.265625, 0.268974074074
SER, 10, 25.069, 0.812603, -79911.156250, 0.234703703704
THR, 14, 25.669, 0.813722, -80416.703125, 0.375159259259
TRP, 8, 28.104, 0.86594, -80377.406250, 0.314955555556
TYR, 15, 27.012, 0.819678, -79506.476562, 0.270355555556
VAL, 10, 26.796, 0.82815, -79886.593750, 0.221659259259
