AMINO ACID, DSSP, SASA, GYRATE, ENERGY, RMSF
ALA, 6, 25.713, 0.808175, -80329.476562, 0.251659259259
ARG, 2, 30.797, 0.883307, -80640.085938, 0.298462962963
ASN, 6, 28.565, 0.865114, -79852.226562, 0.210481481481
ASP, 6, 27.931, 0.849396, -79842.226562, 0.207903703704
CYS, 8, 25.847, 0.815641, -79747.234375, 0.307162962963
GLN, 10, 26.161, 0.806327, -79733.695312, 0.290562962963
GLU, 10, 26.661, 0.825347, -79499.359375, 0.207940740741
GLY, 4, 25.516, 0.808436, -80245.343750, 0.230159259259
HIS, 10, 28.298, 0.868009, -80037.609375, 0.336788888889
ILE, 10, 26.735, 0.832188, -80913.625000, 0.278788888889
LEU, 12, 26.261, 0.810465, -81196.671875, 0.349325925926
LYS, 10, 25.949, 0.820053, -80763.609375, 0.242707407407
MET, 10, 26.712, 0.814366, -81133.523438, 0.221622222222
PHE, 10, 27.004, 0.825127, -79789.132812, 0.339081481481
PRO, 12, 26.075, 0.809445, -79218.414062, 0.268974074074
SER, 10, 26.499, 0.83699, -80233.234375, 0.234703703704
THR, 14, 27.557, 0.82665, -80024.242188, 0.375159259259
TRP, 10, 28.249, 0.858455, -79992.812500, 0.314955555556
TYR, 4, 28.172, 0.842321, -79966.367188, 0.270355555556
VAL, 8, 29.412, 0.870234, -80476.968750, 0.221659259259
