AMINO ACID, DSSP, SASA, GYRATE, ENERGY, RMSF
ALA, 6, 25.116, 0.806167, -81015.875000, 0.251659259259
ARG, 4, 29.621, 0.874355, -80527.359375, 0.298462962963
ASN, 4, 28.219, 0.865917, -81165.421875, 0.210481481481
ASP, 8, 26.928, 0.846795, -79777.421875, 0.207903703704
CYS, 8, 26.932, 0.815521, -80881.054688, 0.307162962963
GLN, 10, 26.381, 0.8066, -80242.046875, 0.290562962963
GLU, 10, 27.455, 0.820987, -80322.437500, 0.207940740741
GLY, 6, 25.131, 0.803211, -81018.328125, 0.230159259259
HIS, 8, 28.236, 0.854794, -80652.398438, 0.336788888889
ILE, 8, 27.985, 0.828285, -80717.500000, 0.278788888889
LEU, 10, 26.960, 0.817105, -80063.296875, 0.349325925926
LYS, 8, 25.923, 0.815649, -80961.687500, 0.242707407407
MET, 10, 26.413, 0.815735, -79958.578125, 0.221622222222
PHE, 10, 27.180, 0.821413, -80763.609375, 0.339081481481
PRO, 10, 26.182, 0.816171, -80401.226562, 0.268974074074
SER, 10, 27.105, 0.842065, -80642.531250, 0.234703703704
THR, 12, 25.798, 0.801611, -79554.476562, 0.375159259259
TRP, 10, 28.022, 0.859503, -79790.140625, 0.314955555556
TYR, 4, 27.920, 0.848951, -79445.648438, 0.270355555556
VAL, 4, 28.629, 0.862416, -79007.859375, 0.221659259259
