AMINO ACID, DSSP, SASA, GYRATE, ENERGY, RMSF
ALA, 10, 25.793, 0.813002, -79946.656250, 0.251659259259
ARG, 6, 28.237, 0.866782, -81189.343750, 0.298462962963
ASN, 4, 28.263, 0.873744, -80010.531250, 0.210481481481
ASP, 6, 26.927, 0.855047, -80247.921875, 0.207903703704
CYS, 12, 25.628, 0.80525, -79106.296875, 0.307162962963
GLN, 10, 25.793, 0.816213, -80668.398438, 0.290562962963
GLU, 6, 26.005, 0.80562, -80777.734375, 0.207940740741
GLY, 10, 26.074, 0.810503, -80111.343750, 0.230159259259
HIS, 11, 27.022, 0.850994, -79576.390625, 0.336788888889
ILE, 8, 27.265, 0.816542, -79529.257812, 0.278788888889
LEU, 14, 26.618, 0.819253, -81242.062500, 0.349325925926
LYS, 10, 25.803, 0.819012, -79843.671875, 0.242707407407
MET, 12, 25.145, 0.804579, -79949.656250, 0.221622222222
PHE, 6, 27.135, 0.824635, -79790.937500, 0.339081481481
PRO, 14, 25.903, 0.808008, -80755.328125, 0.268974074074
SER, 8, 26.782, 0.836532, -80186.406250, 0.234703703704
THR, 14, 26.067, 0.805917, -80864.437500, 0.375159259259
TRP, 12, 28.693, 0.864087, -79534.273438, 0.314955555556
TYR, 4, 27.367, 0.845453, -79354.203125, 0.270355555556
VAL, 8, 29.163, 0.874859, -79953.085938, 0.221659259259
