AMINO ACID, DSSP, SASA, GYRATE, ENERGY, RMSF
ALA, 6, 25.457, 0.811615, -80319.320312, 0.251659259259
ARG, 7, 27.027, 0.848695, -81842.976562, 0.298462962963
ASN, 8, 28.059, 0.845726, -81283.609375, 0.210481481481
ASP, 6, 29.357, 0.843093, -80287.500000, 0.207903703704
CYS, 8, 26.707, 0.816522, -80131.328125, 0.307162962963
GLN, 10, 22.891, 0.783485, -80260.968750, 0.290562962963
GLU, 8, 25.203, 0.807544, -80685.968750, 0.207940740741
GLY, 6, 27.550, 0.828891, -80615.312500, 0.230159259259
HIS, 10, 27.268, 0.850506, -80187.875000, 0.336788888889
ILE, 6, 28.655, 0.829475, -80178.742188, 0.278788888889
LEU, 6, 27.512, 0.828325, -80022.718750, 0.349325925926
LYS, 15, 26.916, 0.821113, -80230.625000, 0.242707407407
MET, 10, 27.850, 0.834269, -80075.132812, 0.221622222222
PHE, 6, 26.405, 0.813045, -79864.390625, 0.339081481481
PRO, 12, 27.898, 0.845797, -80342.906250, 0.268974074074
SER, 2, 28.136, 0.849501, -79536.820312, 0.234703703704
THR, 12, 27.889, 0.835033, -80355.343750, 0.375159259259
TRP, 8, 28.317, 0.85717, -79706.968750, 0.314955555556
TYR, 6, 28.775, 0.853793, -80618.578125, 0.270355555556
VAL, 4, 29.246, 0.884661, -80396.296875, 0.221659259259
