AMINO ACID, DSSP, SASA, GYRATE, ENERGY, RMSF
ALA, 2, 26.030, 0.812494, -80818.937500, 0.251659259259
ARG, 7, 26.654, 0.837593, -81182.109375, 0.298462962963
ASN, 8, 26.436, 0.848828, -80731.484375, 0.210481481481
ASP, 4, 28.312, 0.839951, -80487.320312, 0.207903703704
CYS, 10, 26.139, 0.809233, -80564.062500, 0.307162962963
GLN, 8, 24.214, 0.791923, -79925.242188, 0.290562962963
GLU, 10, 25.300, 0.807195, -80126.218750, 0.207940740741
GLY, 13, 26.099, 0.819493, -80455.265625, 0.230159259259
HIS, 12, 28.703, 0.854147, -79081.914062, 0.336788888889
ILE, 10, 28.989, 0.841192, -80240.007812, 0.278788888889
LEU, 6, 27.041, 0.816486, -80465.937500, 0.349325925926
LYS, 14, 25.579, 0.804835, -80596.953125, 0.242707407407
MET, 10, 28.822, 0.830003, -80437.734375, 0.221622222222
PHE, 4, 26.389, 0.817887, -80191.515625, 0.339081481481
PRO, 10, 27.448, 0.842686, -79392.359375, 0.268974074074
SER, 4, 27.814, 0.841798, -80147.617188, 0.234703703704
THR, 16, 28.547, 0.825961, -80873.656250, 0.375159259259
TRP, 8, 28.448, 0.871723, -79568.679688, 0.314955555556
TYR, 8, 27.736, 0.849692, -79190.531250, 0.270355555556
VAL, 4, 28.816, 0.867602, -80072.078125, 0.221659259259
