AMINO ACID, DSSP, SASA, GYRATE, ENERGY, RMSF
ALA, 4, 25.637, 0.807144, -79297.484375, 0.251659259259
ARG, 5, 27.803, 0.852968, -81230.414062, 0.298462962963
ASN, 9, 26.524, 0.843201, -80165.046875, 0.210481481481
ASP, 8, 28.377, 0.847054, -80037.210938, 0.207903703704
CYS, 12, 27.239, 0.816763, -80128.484375, 0.307162962963
GLN, 12, 22.799, 0.790039, -79760.085938, 0.290562962963
GLU, 8, 26.906, 0.826082, -79883.000000, 0.207940740741
GLY, 8, 25.502, 0.80437, -79750.320312, 0.230159259259
HIS, 13, 28.380, 0.85588, -80166.828125, 0.336788888889
ILE, 8, 27.589, 0.838338, -79744.500000, 0.278788888889
LEU, 8, 25.426, 0.819181, -80286.992188, 0.349325925926
LYS, 10, 26.589, 0.813554, -79806.687500, 0.242707407407
MET, 6, 27.939, 0.821563, -80013.937500, 0.221622222222
PHE, 6, 26.124, 0.816379, -79896.890625, 0.339081481481
PRO, 8, 28.029, 0.849532, -79456.890625, 0.268974074074
SER, 6, 29.409, 0.853607, -79611.953125, 0.234703703704
THR, 10, 26.361, 0.808334, -80222.289062, 0.375159259259
TRP, 10, 28.619, 0.866645, -80413.992188, 0.314955555556
TYR, 10, 27.948, 0.849599, -80882.421875, 0.270355555556
VAL, 4, 29.435, 0.887739, -79641.156250, 0.221659259259
