AMINO ACID, DSSP, SASA, GYRATE, ENERGY, RMSF
ALA, 6, 26.018, 0.812821, -80538.671875, 0.251659259259
ARG, 5, 27.892, 0.879044, -80236.382812, 0.298462962963
ASN, 10, 26.586, 0.846916, -80628.562500, 0.210481481481
ASP, 6, 28.940, 0.846391, -80267.437500, 0.207903703704
CYS, 10, 26.194, 0.817827, -80696.156250, 0.307162962963
GLN, 10, 24.319, 0.78793, -80314.625000, 0.290562962963
GLU, 8, 27.002, 0.831425, -79786.875000, 0.207940740741
GLY, 10, 24.662, 0.804504, -80050.726562, 0.230159259259
HIS, 10, 29.268, 0.859852, -80017.046875, 0.336788888889
ILE, 8, 28.789, 0.844163, -80316.468750, 0.278788888889
LEU, 4, 25.887, 0.817618, -80341.085938, 0.349325925926
LYS, 10, 25.781, 0.813582, -81074.406250, 0.242707407407
MET, 8, 28.295, 0.820561, -79658.539062, 0.221622222222
PHE, 8, 25.281, 0.824477, -79694.664062, 0.339081481481
PRO, 10, 26.292, 0.841859, -81065.773438, 0.268974074074
SER, 8, 28.468, 0.847101, -80847.093750, 0.234703703704
THR, 12, 26.373, 0.814855, -80507.109375, 0.375159259259
TRP, 6, 28.283, 0.871368, -80090.210938, 0.314955555556
TYR, 14, 28.598, 0.85991, -79657.578125, 0.270355555556
VAL, 6, 29.474, 0.881462, -79871.468750, 0.221659259259
