AMINO ACID, DSSP, SASA, GYRATE, ENERGY, RMSF
ALA, 8, 26.588, 0.829294, -81036.382812, 0.251659259259
ARG, 7, 28.370, 0.848883, -81307.656250, 0.298462962963
ASN, 10, 25.857, 0.839635, -80614.515625, 0.210481481481
ASP, 11, 27.813, 0.853969, -81415.500000, 0.207903703704
CYS, 10, 23.752, 0.792982, -80853.960938, 0.307162962963
GLN, 10, 24.928, 0.804473, -81484.851562, 0.290562962963
GLU, 4, 26.534, 0.826555, -80073.804688, 0.207940740741
GLY, 8, 25.472, 0.809187, -81028.679688, 0.230159259259
HIS, 11, 29.566, 0.84184, -80440.867188, 0.336788888889
ILE, 4, 27.750, 0.837944, -80102.976562, 0.278788888889
LEU, 8, 27.043, 0.824323, -79815.148438, 0.349325925926
LYS, 8, 25.837, 0.817459, -80702.375000, 0.242707407407
MET, 8, 27.804, 0.81817, -80510.125000, 0.221622222222
PHE, 10, 27.336, 0.832862, -80322.257812, 0.339081481481
PRO, 10, 26.727, 0.838435, -78733.546875, 0.268974074074
SER, 13, 28.545, 0.844224, -80993.093750, 0.234703703704
THR, 10, 26.503, 0.834352, -80492.140625, 0.375159259259
TRP, 8, 28.298, 0.872415, -80537.296875, 0.314955555556
TYR, 8, 28.817, 0.836985, -79882.828125, 0.270355555556
VAL, 6, 27.514, 0.882415, -80294.171875, 0.221659259259
