AMINO ACID, DSSP, SASA, GYRATE, ENERGY, RMSF
ALA, 6, 27.101, 0.836851, -80213.546875, 0.251659259259
ARG, 9, 28.021, 0.841925, -81048.468750, 0.298462962963
ASN, 12, 26.698, 0.81559, -79672.234375, 0.210481481481
ASP, 6, 28.945, 0.846531, -80847.789062, 0.207903703704
CYS, 16, 24.434, 0.783001, -80612.164062, 0.307162962963
GLN, 11, 25.740, 0.811328, -80612.234375, 0.290562962963
GLU, 6, 26.085, 0.821389, -80267.234375, 0.207940740741
GLY, 10, 27.413, 0.82095, -80948.273438, 0.230159259259
HIS, 10, 27.811, 0.863728, -79927.671875, 0.336788888889
ILE, 2, 27.330, 0.838007, -79835.554688, 0.278788888889
LEU, 6, 27.580, 0.831995, -81046.968750, 0.349325925926
LYS, 10, 25.863, 0.814012, -81096.031250, 0.242707407407
MET, 6, 27.202, 0.831637, -79738.335938, 0.221622222222
PHE, 8, 26.474, 0.819901, -80081.625000, 0.339081481481
PRO, 10, 28.646, 0.858963, -80579.359375, 0.268974074074
SER, 11, 28.677, 0.835477, -80845.781250, 0.234703703704
THR, 10, 26.246, 0.850676, -80704.468750, 0.375159259259
TRP, 10, 26.704, 0.85649, -79973.187500, 0.314955555556
TYR, 10, 27.968, 0.846393, -80253.781250, 0.270355555556
VAL, 4, 27.278, 0.847483, -80065.593750, 0.221659259259
