AMINO ACID, DSSP, SASA, GYRATE, ENERGY, RMSF
ALA, 4, 27.447, 0.843769, -78912.578125, 0.251659259259
ARG, 12, 28.290, 0.852983, -80288.031250, 0.298462962963
ASN, 8, 27.039, 0.830007, -79908.460938, 0.210481481481
ASP, 7, 25.318, 0.797229, -79734.703125, 0.207903703704
CYS, 8, 28.075, 0.847872, -80778.039062, 0.307162962963
GLN, 4, 27.728, 0.83592, -80089.984375, 0.290562962963
GLU, 6, 28.987, 0.865643, -80272.703125, 0.207940740741
GLY, 5, 29.023, 0.882089, -79850.835938, 0.230159259259
HIS, 14, 28.567, 0.851262, -80650.468750, 0.336788888889
ILE, 6, 28.670, 0.845802, -80032.164062, 0.278788888889
LEU, 11, 26.403, 0.821386, -80206.109375, 0.349325925926
LYS, 9, 26.958, 0.834306, -80880.906250, 0.242707407407
MET, 2, 28.420, 0.837747, -80329.773438, 0.221622222222
PHE, 12, 23.128, 0.780467, -80900.921875, 0.339081481481
PRO, 6, 25.516, 0.823972, -80925.273438, 0.268974074074
SER, 12, 26.177, 0.820403, -79390.921875, 0.234703703704
THR, 8, 26.375, 0.832192, -79955.359375, 0.375159259259
TRP, 4, 28.449, 0.84351, -79273.703125, 0.314955555556
TYR, 8, 28.614, 0.86073, -80511.031250, 0.270355555556
VAL, 8, 25.810, 0.829634, -79453.554688, 0.221659259259
