AMINO ACID, DSSP, SASA, GYRATE, ENERGY, RMSF
ALA, 4, 28.722, 0.857889, -80928.210938, 0.251659259259
ARG, 7, 27.552, 0.858912, -80449.882812, 0.298462962963
ASN, 12, 26.364, 0.815422, -80026.851562, 0.210481481481
ASP, 6, 28.093, 0.830188, -80286.945312, 0.207903703704
CYS, 9, 24.371, 0.780942, -80102.695312, 0.307162962963
GLN, 8, 25.184, 0.799553, -79183.539062, 0.290562962963
GLU, 4, 27.675, 0.843523, -80262.484375, 0.207940740741
GLY, 8, 28.132, 0.830363, -80144.453125, 0.230159259259
HIS, 8, 28.069, 0.841659, -79466.453125, 0.336788888889
ILE, 2, 28.369, 0.843012, -80492.820312, 0.278788888889
LEU, 10, 27.942, 0.830219, -81465.984375, 0.349325925926
LYS, 4, 25.258, 0.812288, -80528.109375, 0.242707407407
MET, 6, 26.013, 0.827919, -80521.414062, 0.221622222222
PHE, 12, 28.415, 0.835861, -80726.648438, 0.339081481481
PRO, 6, 27.631, 0.851148, -80600.531250, 0.268974074074
SER, 6, 28.895, 0.843883, -80061.812500, 0.234703703704
THR, 12, 25.743, 0.853528, -80700.609375, 0.375159259259
TRP, 10, 29.017, 0.858167, -80274.765625, 0.314955555556
TYR, 10, 26.975, 0.836873, -80874.218750, 0.270355555556
VAL, 4, 28.756, 0.857314, -79913.382812, 0.221659259259
