AMINO ACID, DSSP, SASA, GYRATE, ENERGY, RMSF
ALA, 10, 28.605, 0.844139, -79859.617188, 0.251659259259
ARG, 7, 27.741, 0.854006, -80081.039062, 0.298462962963
ASN, 14, 26.174, 0.808431, -79735.351562, 0.210481481481
ASP, 7, 27.772, 0.835478, -80655.617188, 0.207903703704
CYS, 9, 24.042, 0.779313, -79751.671875, 0.307162962963
GLN, 8, 24.072, 0.805792, -80452.921875, 0.290562962963
GLU, 8, 26.461, 0.831084, -80812.312500, 0.207940740741
GLY, 8, 27.595, 0.829649, -79712.375000, 0.230159259259
HIS, 8, 27.893, 0.846267, -79736.429688, 0.336788888889
ILE, 6, 29.492, 0.849069, -81065.250000, 0.278788888889
LEU, 10, 28.060, 0.853297, -80224.929688, 0.349325925926
LYS, 12, 25.367, 0.810815, -81227.554688, 0.242707407407
MET, 10, 27.542, 0.826514, -79896.093750, 0.221622222222
PHE, 8, 27.605, 0.831033, -80142.750000, 0.339081481481
PRO, 14, 26.246, 0.834666, -80362.640625, 0.268974074074
SER, 6, 28.861, 0.850795, -80812.328125, 0.234703703704
THR, 10, 26.384, 0.864445, -78967.390625, 0.375159259259
TRP, 14, 27.741, 0.845179, -80666.703125, 0.314955555556
TYR, 8, 28.657, 0.851053, -79939.281250, 0.270355555556
VAL, 4, 27.812, 0.854941, -80845.781250, 0.221659259259
