AMINO ACID, DSSP, SASA, GYRATE, ENERGY, RMSF
ALA, 4, 27.227, 0.850604, -79877.789062, 0.251659259259
ARG, 5, 28.872, 0.869307, -80065.664062, 0.298462962963
ASN, 12, 26.154, 0.81794, -80906.609375, 0.210481481481
ASP, 8, 28.852, 0.832641, -80514.140625, 0.207903703704
CYS, 9, 23.894, 0.779628, -80344.890625, 0.307162962963
GLN, 12, 25.163, 0.80768, -80152.078125, 0.290562962963
GLU, 12, 27.595, 0.826031, -80974.617188, 0.207940740741
GLY, 10, 25.867, 0.818488, -80390.640625, 0.230159259259
HIS, 10, 27.797, 0.857813, -81306.828125, 0.336788888889
ILE, 6, 27.074, 0.832819, -79905.179688, 0.278788888889
LEU, 8, 28.066, 0.84953, -79315.218750, 0.349325925926
LYS, 10, 27.751, 0.818438, -79771.828125, 0.242707407407
MET, 12, 27.336, 0.820829, -80206.492188, 0.221622222222
PHE, 4, 26.560, 0.818471, -79906.312500, 0.339081481481
PRO, 9, 28.162, 0.849811, -79992.984375, 0.268974074074
SER, 6, 27.886, 0.832144, -81082.734375, 0.234703703704
THR, 6, 28.178, 0.868306, -81331.617188, 0.375159259259
TRP, 10, 27.553, 0.860377, -80493.859375, 0.314955555556
TYR, 6, 29.772, 0.853134, -78920.531250, 0.270355555556
VAL, 6, 28.541, 0.8653, -80288.265625, 0.221659259259
