AMINO ACID, DSSP, SASA, GYRATE, ENERGY, RMSF
ALA, 2, 26.854, 0.826948, -79794.000000, 0.251659259259
ARG, 7, 28.528, 0.852457, -81067.867188, 0.298462962963
ASN, 10, 27.750, 0.812424, -79730.648438, 0.210481481481
ASP, 2, 27.131, 0.819112, -79171.906250, 0.207903703704
CYS, 9, 24.260, 0.787118, -80760.273438, 0.307162962963
GLN, 14, 25.694, 0.80615, -80313.945312, 0.290562962963
GLU, 8, 28.373, 0.836592, -79703.781250, 0.207940740741
GLY, 8, 26.897, 0.824785, -79906.335938, 0.230159259259
HIS, 4, 26.365, 0.834427, -79960.554688, 0.336788888889
ILE, 8, 29.005, 0.847068, -80446.703125, 0.278788888889
LEU, 12, 28.746, 0.853368, -79915.328125, 0.349325925926
LYS, 12, 26.596, 0.830701, -79310.390625, 0.242707407407
MET, 8, 26.464, 0.816015, -80060.515625, 0.221622222222
PHE, 8, 26.656, 0.818787, -80307.875000, 0.339081481481
PRO, 8, 27.117, 0.843077, -79829.500000, 0.268974074074
SER, 6, 26.905, 0.8265, -80921.382812, 0.234703703704
THR, 10, 27.295, 0.873549, -79826.484375, 0.375159259259
TRP, 14, 27.524, 0.852882, -80101.351562, 0.314955555556
TYR, 6, 29.612, 0.840625, -80088.640625, 0.270355555556
VAL, 6, 28.830, 0.865906, -80364.765625, 0.221659259259
