AMINO ACID, DSSP, SASA, GYRATE, ENERGY, RMSF
ALA, 5, 27.495, 0.826506, -79728.031250, 0.251659259259
ARG, 7, 28.700, 0.859511, -81090.078125, 0.298462962963
ASN, 10, 26.641, 0.815228, -80106.656250, 0.210481481481
ASP, 12, 26.413, 0.816967, -80595.171875, 0.207903703704
CYS, 9, 24.412, 0.782151, -80882.140625, 0.307162962963
GLN, 10, 25.512, 0.81687, -81390.492188, 0.290562962963
GLU, 6, 28.560, 0.834129, -79440.703125, 0.207940740741
GLY, 6, 26.049, 0.821912, -80229.945312, 0.230159259259
HIS, 8, 27.499, 0.853034, -80293.343750, 0.336788888889
ILE, 8, 29.867, 0.856756, -80497.414062, 0.278788888889
LEU, 12, 25.744, 0.827895, -80363.140625, 0.349325925926
LYS, 8, 26.458, 0.819184, -79779.914062, 0.242707407407
MET, 10, 26.148, 0.823637, -80719.710938, 0.221622222222
PHE, 12, 28.325, 0.833051, -79851.843750, 0.339081481481
PRO, 10, 26.947, 0.843038, -80116.398438, 0.268974074074
SER, 10, 28.228, 0.830484, -80789.039062, 0.234703703704
THR, 6, 28.127, 0.86823, -80157.906250, 0.375159259259
TRP, 12, 26.608, 0.846972, -80135.218750, 0.314955555556
TYR, 8, 28.861, 0.84365, -79896.531250, 0.270355555556
VAL, 6, 27.774, 0.851243, -80543.898438, 0.221659259259
