AMINO ACID, DSSP, SASA, GYRATE, ENERGY, RMSF
ALA, 7, 25.698, 0.838722, -80450.515625, 0.251659259259
ARG, 8, 28.884, 0.851017, -80150.859375, 0.298462962963
ASN, 10, 28.887, 0.845063, -79870.171875, 0.210481481481
ASP, 9, 26.030, 0.810953, -78902.140625, 0.207903703704
CYS, 2, 28.562, 0.856146, -79662.359375, 0.307162962963
GLN, 2, 26.157, 0.830322, -80567.265625, 0.290562962963
GLU, 6, 27.944, 0.861824, -81284.601562, 0.207940740741
GLY, 10, 28.436, 0.86692, -80750.898438, 0.230159259259
HIS, 10, 27.348, 0.86483, -80261.953125, 0.336788888889
ILE, 12, 28.107, 0.845501, -79896.695312, 0.278788888889
LEU, 9, 27.086, 0.829519, -79264.890625, 0.349325925926
LYS, 8, 27.853, 0.838278, -80507.718750, 0.242707407407
MET, 7, 27.795, 0.835355, -80718.265625, 0.221622222222
PHE, 9, 23.636, 0.788315, -80124.015625, 0.339081481481
PRO, 8, 24.595, 0.816352, -80727.546875, 0.268974074074
SER, 6, 26.677, 0.810237, -80288.835938, 0.234703703704
THR, 6, 26.905, 0.822402, -80212.468750, 0.375159259259
TRP, 6, 29.158, 0.850327, -80646.718750, 0.314955555556
TYR, 9, 28.665, 0.857824, -79789.804688, 0.270355555556
VAL, 10, 25.945, 0.830185, -80776.773438, 0.221659259259
