AMINO ACID, DSSP, SASA, GYRATE, ENERGY, RMSF
ALA, 10, 26.848, 0.839802, -80271.187500, 0.251659259259
ARG, 5, 29.364, 0.869441, -79578.398438, 0.298462962963
ASN, 12, 25.999, 0.82566, -79677.468750, 0.210481481481
ASP, 6, 26.276, 0.844907, -80451.718750, 0.207903703704
CYS, 12, 26.581, 0.80221, -80473.062500, 0.307162962963
GLN, 12, 26.197, 0.817291, -80551.382812, 0.290562962963
GLU, 6, 26.314, 0.843296, -81069.171875, 0.207940740741
GLY, 6, 26.749, 0.81776, -80489.093750, 0.230159259259
HIS, 12, 26.918, 0.838579, -79962.218750, 0.336788888889
ILE, 8, 28.449, 0.844299, -80229.312500, 0.278788888889
LEU, 10, 25.983, 0.822041, -79629.484375, 0.349325925926
LYS, 8, 26.567, 0.819946, -80669.484375, 0.242707407407
MET, 10, 25.754, 0.816796, -80953.789062, 0.221622222222
PHE, 8, 26.134, 0.80952, -79291.671875, 0.339081481481
PRO, 4, 28.163, 0.855025, -79577.960938, 0.268974074074
SER, 10, 27.010, 0.823868, -80289.742188, 0.234703703704
THR, 9, 26.494, 0.864407, -81005.257812, 0.375159259259
TRP, 16, 26.851, 0.845968, -80303.242188, 0.314955555556
TYR, 4, 28.901, 0.843057, -79820.593750, 0.270355555556
VAL, 6, 28.431, 0.853331, -80974.078125, 0.221659259259
