AMINO ACID, DSSP, SASA, GYRATE, ENERGY, RMSF
ALA, 8, 26.681, 0.854279, -80623.039062, 0.251659259259
ARG, 4, 28.424, 0.846205, -80902.000000, 0.298462962963
ASN, 10, 26.879, 0.820366, -80199.015625, 0.210481481481
ASP, 8, 26.078, 0.838041, -80746.375000, 0.207903703704
CYS, 9, 24.656, 0.79565, -79682.609375, 0.307162962963
GLN, 10, 27.892, 0.860677, -80747.156250, 0.290562962963
GLU, 8, 27.677, 0.847136, -79006.218750, 0.207940740741
GLY, 6, 26.591, 0.825704, -79124.265625, 0.230159259259
HIS, 8, 27.021, 0.857681, -81006.828125, 0.336788888889
ILE, 6, 30.278, 0.870093, -79945.671875, 0.278788888889
LEU, 10, 26.792, 0.832164, -79268.007812, 0.349325925926
LYS, 8, 25.905, 0.806234, -81082.421875, 0.242707407407
MET, 10, 26.550, 0.813451, -80162.593750, 0.221622222222
PHE, 13, 25.787, 0.81308, -80227.179688, 0.339081481481
PRO, 6, 27.575, 0.847686, -79804.843750, 0.268974074074
SER, 15, 26.007, 0.812291, -79852.593750, 0.234703703704
THR, 12, 26.854, 0.869401, -79926.968750, 0.375159259259
TRP, 8, 26.123, 0.844168, -79957.859375, 0.314955555556
TYR, 14, 27.758, 0.833083, -79313.640625, 0.270355555556
VAL, 8, 28.267, 0.84831, -79729.546875, 0.221659259259
