AMINO ACID, DSSP, SASA, GYRATE, ENERGY, RMSF
ALA, 6, 26.889, 0.849198, -79422.671875, 0.251659259259
ARG, 6, 29.114, 0.86464, -80573.125000, 0.298462962963
ASN, 6, 28.075, 0.843005, -80334.289062, 0.210481481481
ASP, 9, 24.958, 0.802037, -80359.140625, 0.207903703704
CYS, 2, 27.319, 0.866644, -80828.757812, 0.307162962963
GLN, 9, 26.484, 0.829189, -80415.703125, 0.290562962963
GLU, 6, 28.655, 0.861091, -80208.781250, 0.207940740741
GLY, 6, 27.846, 0.856758, -81352.929688, 0.230159259259
HIS, 13, 29.181, 0.86965, -79877.687500, 0.336788888889
ILE, 6, 28.574, 0.847992, -81207.429688, 0.278788888889
LEU, 9, 27.027, 0.821834, -80596.328125, 0.349325925926
LYS, 4, 27.138, 0.829452, -80299.359375, 0.242707407407
MET, 5, 27.735, 0.837728, -80220.429688, 0.221622222222
PHE, 10, 23.060, 0.784207, -79472.125000, 0.339081481481
PRO, 8, 26.679, 0.845722, -79839.429688, 0.268974074074
SER, 14, 26.894, 0.825829, -80418.929688, 0.234703703704
THR, 6, 26.893, 0.823205, -79999.515625, 0.375159259259
TRP, 4, 28.371, 0.863483, -79808.367188, 0.314955555556
TYR, 10, 29.190, 0.859345, -79596.359375, 0.270355555556
VAL, 10, 26.093, 0.828129, -80820.968750, 0.221659259259
