AMINO ACID, DSSP, SASA, GYRATE, ENERGY, RMSF
ALA, 6, 26.906, 0.847827, -80173.000000, 0.251659259259
ARG, 9, 28.059, 0.867515, -81550.570312, 0.298462962963
ASN, 6, 25.336, 0.818849, -80419.140625, 0.210481481481
ASP, 6, 25.731, 0.837701, -79816.828125, 0.207903703704
CYS, 11, 24.121, 0.784149, -80101.179688, 0.307162962963
GLN, 12, 26.786, 0.840657, -80156.648438, 0.290562962963
GLU, 8, 28.461, 0.850659, -79398.015625, 0.207940740741
GLY, 10, 24.658, 0.807858, -80294.390625, 0.230159259259
HIS, 4, 26.855, 0.827417, -79773.187500, 0.336788888889
ILE, 10, 28.721, 0.848531, -79966.273438, 0.278788888889
LEU, 12, 27.771, 0.823547, -79218.234375, 0.349325925926
LYS, 12, 24.530, 0.79646, -81546.226562, 0.242707407407
MET, 8, 25.539, 0.816421, -80410.570312, 0.221622222222
PHE, 12, 27.999, 0.826995, -79529.375000, 0.339081481481
PRO, 8, 28.188, 0.852366, -81133.421875, 0.268974074074
SER, 12, 25.730, 0.811784, -80213.140625, 0.234703703704
THR, 10, 27.335, 0.875649, -80447.210938, 0.375159259259
TRP, 10, 26.570, 0.83485, -80292.804688, 0.314955555556
TYR, 12, 28.305, 0.841145, -80147.226562, 0.270355555556
VAL, 6, 30.169, 0.868554, -80439.929688, 0.221659259259
