AMINO ACID, DSSP, SASA, GYRATE, ENERGY, RMSF
ALA, 6, 27.146, 0.844948, -80509.937500, 0.251659259259
ARG, 7, 28.742, 0.855656, -80962.703125, 0.298462962963
ASN, 8, 25.842, 0.830074, -80847.203125, 0.210481481481
ASP, 8, 26.142, 0.823295, -79673.765625, 0.207903703704
CYS, 9, 24.665, 0.79335, -79813.890625, 0.307162962963
GLN, 12, 25.963, 0.857339, -80304.562500, 0.290562962963
GLU, 8, 28.080, 0.847115, -79901.578125, 0.207940740741
GLY, 8, 27.770, 0.829335, -79717.546875, 0.230159259259
HIS, 10, 27.977, 0.843965, -80487.718750, 0.336788888889
ILE, 6, 26.720, 0.83986, -80530.234375, 0.278788888889
LEU, 6, 26.581, 0.823878, -79267.781250, 0.349325925926
LYS, 12, 24.779, 0.800207, -80947.601562, 0.242707407407
MET, 10, 25.984, 0.818942, -79721.007812, 0.221622222222
PHE, 6, 25.960, 0.819306, -79483.718750, 0.339081481481
PRO, 8, 28.391, 0.847196, -80091.250000, 0.268974074074
SER, 8, 26.451, 0.813276, -80358.187500, 0.234703703704
THR, 6, 26.697, 0.877331, -80374.523438, 0.375159259259
TRP, 10, 27.764, 0.860676, -79824.039062, 0.314955555556
TYR, 12, 27.386, 0.823604, -80350.500000, 0.270355555556
VAL, 8, 28.850, 0.876617, -79816.242188, 0.221659259259
