AMINO ACID, DSSP, SASA, GYRATE, ENERGY, RMSF
ALA, 4, 28.651, 0.868095, -79622.406250, 0.251659259259
ARG, 6, 28.898, 0.848919, -80517.406250, 0.298462962963
ASN, 10, 27.209, 0.830959, -82164.968750, 0.210481481481
ASP, 9, 24.449, 0.800882, -80390.359375, 0.207903703704
CYS, 10, 26.979, 0.848228, -80147.070312, 0.307162962963
GLN, 8, 26.082, 0.829103, -80245.437500, 0.290562962963
GLU, 6, 28.920, 0.846349, -79877.578125, 0.207940740741
GLY, 8, 28.166, 0.845469, -79362.257812, 0.230159259259
HIS, 12, 28.054, 0.86101, -80672.312500, 0.336788888889
ILE, 8, 27.911, 0.845945, -80234.882812, 0.278788888889
LEU, 12, 26.218, 0.819973, -79685.914062, 0.349325925926
LYS, 4, 27.556, 0.827202, -80508.625000, 0.242707407407
MET, 5, 27.259, 0.829163, -80117.218750, 0.221622222222
PHE, 10, 23.958, 0.792433, -80902.250000, 0.339081481481
PRO, 8, 27.268, 0.837525, -79349.703125, 0.268974074074
SER, 8, 25.139, 0.808559, -80110.562500, 0.234703703704
THR, 6, 27.338, 0.832949, -80019.320312, 0.375159259259
TRP, 6, 28.043, 0.858994, -80023.531250, 0.314955555556
TYR, 8, 27.554, 0.848488, -80267.062500, 0.270355555556
VAL, 8, 25.727, 0.822811, -79496.882812, 0.221659259259
