AMINO ACID, DSSP, SASA, GYRATE, ENERGY, RMSF
ALA, 10, 25.807, 0.838245, -81037.515625, 0.251659259259
ARG, 7, 27.284, 0.841989, -81346.562500, 0.298462962963
ASN, 10, 25.956, 0.813665, -80079.945312, 0.210481481481
ASP, 8, 26.431, 0.829053, -79920.765625, 0.207903703704
CYS, 9, 24.682, 0.792655, -79772.070312, 0.307162962963
GLN, 8, 29.176, 0.863613, -79266.773438, 0.290562962963
GLU, 6, 28.385, 0.836003, -80632.890625, 0.207940740741
GLY, 12, 26.736, 0.819605, -80304.890625, 0.230159259259
HIS, 12, 27.839, 0.815719, -80793.523438, 0.336788888889
ILE, 6, 29.468, 0.857433, -80211.468750, 0.278788888889
LEU, 14, 27.418, 0.824072, -80085.140625, 0.349325925926
LYS, 13, 26.589, 0.805293, -80899.750000, 0.242707407407
MET, 6, 27.935, 0.847442, -79541.078125, 0.221622222222
PHE, 7, 27.104, 0.833119, -80453.734375, 0.339081481481
PRO, 12, 26.366, 0.807222, -80320.625000, 0.268974074074
SER, 10, 26.223, 0.817824, -80090.820312, 0.234703703704
THR, 8, 26.672, 0.880557, -80259.921875, 0.375159259259
TRP, 8, 29.693, 0.870228, -81023.992188, 0.314955555556
TYR, 4, 26.022, 0.839349, -80341.656250, 0.270355555556
VAL, 6, 28.112, 0.85745, -79831.484375, 0.221659259259
