AMINO ACID, DSSP, SASA, GYRATE, ENERGY, RMSF
ALA, 2, 27.146, 0.834621, -80791.687500, 0.251659259259
ARG, 7, 27.776, 0.848638, -80727.906250, 0.298462962963
ASN, 10, 27.038, 0.82879, -80413.882812, 0.210481481481
ASP, 8, 25.857, 0.821156, -80466.062500, 0.207903703704
CYS, 10, 23.789, 0.787213, -81346.867188, 0.307162962963
GLN, 8, 27.669, 0.869625, -79744.125000, 0.290562962963
GLU, 6, 28.336, 0.856205, -79683.750000, 0.207940740741
GLY, 12, 27.434, 0.828835, -80568.156250, 0.230159259259
HIS, 14, 26.390, 0.833385, -79881.992188, 0.336788888889
ILE, 4, 28.301, 0.847637, -79974.796875, 0.278788888889
LEU, 8, 27.786, 0.836438, -79810.625000, 0.349325925926
LYS, 13, 26.879, 0.808537, -80745.046875, 0.242707407407
MET, 2, 27.912, 0.847765, -80738.984375, 0.221622222222
PHE, 6, 26.941, 0.818935, -79733.796875, 0.339081481481
PRO, 4, 26.090, 0.826581, -80651.593750, 0.268974074074
SER, 8, 26.130, 0.821777, -79707.890625, 0.234703703704
THR, 8, 26.447, 0.884354, -80203.523438, 0.375159259259
TRP, 6, 29.087, 0.873844, -80497.828125, 0.314955555556
TYR, 6, 28.311, 0.857389, -80267.953125, 0.270355555556
VAL, 6, 27.328, 0.85741, -80015.414062, 0.221659259259
