AMINO ACID, DSSP, SASA, GYRATE, ENERGY, RMSF
ALA, 8, 27.013, 0.845028, -80518.164062, 0.251659259259
ARG, 5, 27.037, 0.850896, -80506.375000, 0.298462962963
ASN, 14, 26.945, 0.821898, -80222.000000, 0.210481481481
ASP, 8, 25.565, 0.81554, -80618.718750, 0.207903703704
CYS, 12, 24.722, 0.795907, -80391.531250, 0.307162962963
GLN, 10, 28.753, 0.860022, -80803.585938, 0.290562962963
GLU, 8, 27.094, 0.838138, -79607.265625, 0.207940740741
GLY, 12, 27.410, 0.833948, -79975.914062, 0.230159259259
HIS, 8, 26.399, 0.82715, -79772.656250, 0.336788888889
ILE, 4, 28.641, 0.857293, -79644.507812, 0.278788888889
LEU, 10, 28.034, 0.828229, -79677.171875, 0.349325925926
LYS, 11, 25.998, 0.80883, -79920.343750, 0.242707407407
MET, 4, 27.688, 0.8493, -80265.031250, 0.221622222222
PHE, 8, 26.702, 0.831388, -79190.726562, 0.339081481481
PRO, 4, 26.607, 0.813208, -80174.210938, 0.268974074074
SER, 9, 25.043, 0.819766, -79790.375000, 0.234703703704
THR, 4, 27.912, 0.894988, -79497.992188, 0.375159259259
TRP, 12, 28.953, 0.858279, -80208.484375, 0.314955555556
TYR, 6, 28.109, 0.852648, -80058.625000, 0.270355555556
VAL, 6, 27.056, 0.837332, -80897.296875, 0.221659259259
