AMINO ACID, DSSP, SASA, GYRATE, ENERGY, RMSF
ALA, 5, 27.744, 0.841352, -79910.937500, 0.251659259259
ARG, 7, 27.792, 0.83756, -81004.062500, 0.298462962963
ASN, 8, 26.299, 0.840141, -80474.265625, 0.210481481481
ASP, 8, 25.604, 0.813676, -79951.625000, 0.207903703704
CYS, 11, 24.932, 0.793572, -80902.890625, 0.307162962963
GLN, 10, 28.580, 0.860585, -81140.796875, 0.290562962963
GLU, 10, 27.487, 0.840869, -80088.140625, 0.207940740741
GLY, 10, 26.687, 0.83407, -80648.820312, 0.230159259259
HIS, 10, 27.040, 0.83339, -79171.250000, 0.336788888889
ILE, 4, 29.591, 0.853468, -80405.367188, 0.278788888889
LEU, 10, 27.507, 0.836792, -80003.750000, 0.349325925926
LYS, 11, 24.440, 0.800514, -80018.484375, 0.242707407407
MET, 8, 27.635, 0.842205, -79681.453125, 0.221622222222
PHE, 10, 25.758, 0.831116, -80601.015625, 0.339081481481
PRO, 8, 28.070, 0.81264, -80372.812500, 0.268974074074
SER, 9, 25.090, 0.814824, -79864.796875, 0.234703703704
THR, 12, 28.687, 0.877543, -79624.695312, 0.375159259259
TRP, 6, 29.573, 0.862562, -80177.187500, 0.314955555556
TYR, 8, 27.633, 0.843517, -80208.679688, 0.270355555556
VAL, 6, 27.778, 0.848737, -80453.148438, 0.221659259259
