AMINO ACID, DSSP, SASA, GYRATE, ENERGY, RMSF
ALA, 6, 26.712, 0.826632, -80460.312500, 0.251659259259
ARG, 10, 29.727, 0.855782, -79818.296875, 0.298462962963
ASN, 4, 26.365, 0.846913, -80032.835938, 0.210481481481
ASP, 12, 26.258, 0.81285, -80037.007812, 0.207903703704
CYS, 10, 24.784, 0.80719, -79957.078125, 0.307162962963
GLN, 8, 26.160, 0.814253, -80376.117188, 0.290562962963
GLU, 6, 27.140, 0.84195, -79836.859375, 0.207940740741
GLY, 4, 28.078, 0.844189, -80666.601562, 0.230159259259
HIS, 12, 26.188, 0.820425, -79573.843750, 0.336788888889
ILE, 8, 28.560, 0.846227, -79782.757812, 0.278788888889
LEU, 12, 26.367, 0.819217, -79929.375000, 0.349325925926
LYS, 18, 25.329, 0.80518, -80600.625000, 0.242707407407
MET, 14, 26.400, 0.820294, -80481.179688, 0.221622222222
PHE, 10, 26.621, 0.812346, -79620.000000, 0.339081481481
PRO, 10, 27.705, 0.847284, -80748.703125, 0.268974074074
SER, 6, 26.531, 0.834913, -80432.234375, 0.234703703704
THR, 12, 25.943, 0.806176, -81261.414062, 0.375159259259
TRP, 8, 28.590, 0.858655, -80020.101562, 0.314955555556
TYR, 8, 26.659, 0.811241, -79075.039062, 0.270355555556
VAL, 6, 27.242, 0.81942, -79842.968750, 0.221659259259
