AMINO ACID, DSSP, SASA, GYRATE, ENERGY, RMSF
ALA, 10, 27.880, 0.842543, -79957.218750, 0.251659259259
ARG, 7, 27.817, 0.861015, -80679.507812, 0.298462962963
ASN, 10, 29.648, 0.846478, -80480.968750, 0.210481481481
ASP, 12, 26.058, 0.811863, -80806.898438, 0.207903703704
CYS, 9, 24.606, 0.803699, -80086.421875, 0.307162962963
GLN, 8, 26.997, 0.877153, -80220.242188, 0.290562962963
GLU, 4, 28.197, 0.843554, -80584.000000, 0.207940740741
GLY, 6, 27.476, 0.832316, -80527.906250, 0.230159259259
HIS, 10, 27.551, 0.838743, -80049.546875, 0.336788888889
ILE, 8, 28.221, 0.849639, -79794.343750, 0.278788888889
LEU, 6, 27.848, 0.826418, -80409.546875, 0.349325925926
LYS, 9, 26.502, 0.801589, -80830.312500, 0.242707407407
MET, 8, 27.603, 0.831641, -80381.218750, 0.221622222222
PHE, 6, 27.105, 0.835889, -80940.765625, 0.339081481481
PRO, 12, 26.540, 0.828433, -79981.812500, 0.268974074074
SER, 8, 26.482, 0.807785, -80928.625000, 0.234703703704
THR, 12, 27.754, 0.878364, -80127.257812, 0.375159259259
TRP, 6, 29.664, 0.883617, -80355.929688, 0.314955555556
TYR, 6, 27.979, 0.857746, -80171.195312, 0.270355555556
VAL, 4, 28.277, 0.860332, -80650.906250, 0.221659259259
