AMINO ACID, DSSP, SASA, GYRATE, ENERGY, RMSF
ALA, 8, 24.964, 0.824014, -80280.781250, 0.251659259259
ARG, 7, 28.315, 0.848224, -81590.492188, 0.298462962963
ASN, 6, 28.951, 0.849524, -80865.750000, 0.210481481481
ASP, 8, 25.491, 0.811586, -79687.117188, 0.207903703704
CYS, 12, 25.206, 0.813657, -79582.968750, 0.307162962963
GLN, 8, 27.638, 0.889485, -79274.515625, 0.290562962963
GLU, 4, 27.590, 0.829815, -79560.601562, 0.207940740741
GLY, 6, 29.073, 0.838871, -80354.281250, 0.230159259259
HIS, 12, 26.944, 0.835452, -80090.328125, 0.336788888889
ILE, 4, 28.269, 0.86279, -79989.906250, 0.278788888889
LEU, 12, 28.453, 0.840705, -79675.406250, 0.349325925926
LYS, 11, 24.949, 0.805379, -80992.992188, 0.242707407407
MET, 4, 27.431, 0.83531, -80584.093750, 0.221622222222
PHE, 4, 27.735, 0.834054, -80519.460938, 0.339081481481
PRO, 10, 26.245, 0.818537, -80846.023438, 0.268974074074
SER, 10, 25.979, 0.803944, -80193.546875, 0.234703703704
THR, 12, 27.801, 0.886004, -80811.320312, 0.375159259259
TRP, 8, 28.629, 0.866195, -80726.453125, 0.314955555556
TYR, 6, 27.644, 0.846822, -80019.882812, 0.270355555556
VAL, 4, 26.793, 0.842084, -79398.546875, 0.221659259259
