AMINO ACID, DSSP, SASA, GYRATE, ENERGY, RMSF
ALA, 10, 26.017, 0.836401, -80673.148438, 0.251659259259
ARG, 5, 28.432, 0.862204, -80789.359375, 0.298462962963
ASN, 10, 27.763, 0.841002, -80657.468750, 0.210481481481
ASP, 8, 25.645, 0.818848, -79715.437500, 0.207903703704
CYS, 10, 25.804, 0.810002, -79554.875000, 0.307162962963
GLN, 8, 27.860, 0.879074, -80956.906250, 0.290562962963
GLU, 4, 29.101, 0.845168, -80079.812500, 0.207940740741
GLY, 6, 26.623, 0.817452, -79908.546875, 0.230159259259
HIS, 14, 28.641, 0.842434, -79498.437500, 0.336788888889
ILE, 8, 28.506, 0.84408, -79797.062500, 0.278788888889
LEU, 8, 28.569, 0.835462, -80617.703125, 0.349325925926
LYS, 11, 25.754, 0.816784, -80348.726562, 0.242707407407
MET, 8, 27.625, 0.83207, -80112.437500, 0.221622222222
PHE, 6, 27.332, 0.847776, -79872.765625, 0.339081481481
PRO, 8, 25.167, 0.810254, -80571.359375, 0.268974074074
SER, 9, 26.622, 0.82115, -80530.734375, 0.234703703704
THR, 8, 28.502, 0.891992, -81075.312500, 0.375159259259
TRP, 6, 29.221, 0.869271, -79657.687500, 0.314955555556
TYR, 4, 27.121, 0.859529, -79137.726562, 0.270355555556
VAL, 8, 27.488, 0.837222, -80069.937500, 0.221659259259
