AMINO ACID, DSSP, SASA, GYRATE, ENERGY, RMSF
ALA, 8, 26.799, 0.828923, -80351.250000, 0.251659259259
ARG, 5, 29.935, 0.865849, -80433.406250, 0.298462962963
ASN, 10, 27.226, 0.844804, -79673.109375, 0.210481481481
ASP, 8, 25.414, 0.813682, -80446.414062, 0.207903703704
CYS, 10, 25.133, 0.811137, -80799.562500, 0.307162962963
GLN, 11, 28.597, 0.875755, -80039.296875, 0.290562962963
GLU, 10, 28.077, 0.852628, -80265.234375, 0.207940740741
GLY, 8, 26.156, 0.825151, -80674.148438, 0.230159259259
HIS, 10, 27.778, 0.836401, -79489.140625, 0.336788888889
ILE, 10, 26.185, 0.828024, -81082.617188, 0.278788888889
LEU, 8, 28.059, 0.833476, -80333.750000, 0.349325925926
LYS, 12, 25.824, 0.805797, -80656.609375, 0.242707407407
MET, 6, 26.630, 0.831027, -79993.921875, 0.221622222222
PHE, 6, 28.376, 0.845902, -80779.234375, 0.339081481481
PRO, 12, 26.064, 0.813421, -79750.593750, 0.268974074074
SER, 10, 24.162, 0.804878, -80330.851562, 0.234703703704
THR, 10, 27.389, 0.883977, -80443.773438, 0.375159259259
TRP, 6, 29.149, 0.873572, -80267.726562, 0.314955555556
TYR, 8, 28.491, 0.8433, -80449.343750, 0.270355555556
VAL, 4, 28.116, 0.833117, -80574.718750, 0.221659259259
