AMINO ACID, DSSP, SASA, GYRATE, ENERGY, RMSF
ALA, 6, 28.121, 0.863867, -80300.585938, 0.251659259259
ARG, 6, 25.937, 0.809974, -80341.273438, 0.298462962963
ASN, 11, 26.611, 0.823671, -80966.617188, 0.210481481481
ASP, 9, 26.107, 0.817134, -80506.000000, 0.207903703704
CYS, 14, 27.458, 0.845868, -80296.468750, 0.307162962963
GLN, 6, 27.236, 0.842535, -80040.726562, 0.290562962963
GLU, 8, 27.979, 0.855078, -80241.500000, 0.207940740741
GLY, 6, 27.077, 0.827914, -80232.234375, 0.230159259259
HIS, 8, 28.660, 0.859883, -79723.718750, 0.336788888889
ILE, 10, 27.936, 0.84266, -78674.890625, 0.278788888889
LEU, 10, 28.037, 0.839683, -80176.140625, 0.349325925926
LYS, 6, 26.112, 0.841018, -80510.140625, 0.242707407407
MET, 7, 26.426, 0.815325, -79619.585938, 0.221622222222
PHE, 12, 25.588, 0.807904, -79647.882812, 0.339081481481
PRO, 6, 25.672, 0.82497, -80488.625000, 0.268974074074
SER, 6, 26.306, 0.817774, -81094.875000, 0.234703703704
THR, 6, 27.409, 0.834394, -79593.093750, 0.375159259259
TRP, 4, 28.512, 0.853836, -79903.640625, 0.314955555556
TYR, 9, 29.750, 0.88532, -80027.835938, 0.270355555556
VAL, 10, 27.034, 0.819606, -79737.414062, 0.221659259259
