AMINO ACID, DSSP, SASA, GYRATE, ENERGY, RMSF
ALA, 6, 26.511, 0.826834, -80416.054688, 0.251659259259
ARG, 7, 27.367, 0.845822, -80719.500000, 0.298462962963
ASN, 4, 26.509, 0.830155, -79628.359375, 0.210481481481
ASP, 8, 26.682, 0.820761, -80068.796875, 0.207903703704
CYS, 10, 27.692, 0.816279, -80468.773438, 0.307162962963
GLN, 8, 27.033, 0.877033, -79347.187500, 0.290562962963
GLU, 4, 26.956, 0.852432, -80614.828125, 0.207940740741
GLY, 7, 26.836, 0.817625, -80008.984375, 0.230159259259
HIS, 14, 26.410, 0.82958, -79683.367188, 0.336788888889
ILE, 6, 29.259, 0.841123, -80417.234375, 0.278788888889
LEU, 13, 28.654, 0.838905, -80321.546875, 0.349325925926
LYS, 8, 25.771, 0.809348, -79549.984375, 0.242707407407
MET, 10, 26.587, 0.818052, -80039.445312, 0.221622222222
PHE, 7, 28.395, 0.849519, -80293.953125, 0.339081481481
PRO, 8, 25.488, 0.807859, -79684.406250, 0.268974074074
SER, 2, 25.932, 0.818994, -80728.148438, 0.234703703704
THR, 8, 25.338, 0.862805, -80405.531250, 0.375159259259
TRP, 6, 29.625, 0.892437, -80581.429688, 0.314955555556
TYR, 8, 28.674, 0.851003, -80381.500000, 0.270355555556
VAL, 8, 27.342, 0.846069, -80494.640625, 0.221659259259
