AMINO ACID, DSSP, SASA, GYRATE, ENERGY, RMSF
ALA, 9, 25.463, 0.818782, -80437.351562, 0.251659259259
ARG, 7, 29.627, 0.870122, -80374.406250, 0.298462962963
ASN, 8, 26.367, 0.827113, -79951.468750, 0.210481481481
ASP, 10, 26.696, 0.817562, -80353.265625, 0.207903703704
CYS, 10, 25.681, 0.812055, -79747.156250, 0.307162962963
GLN, 14, 27.375, 0.853997, -80890.187500, 0.290562962963
GLU, 4, 27.665, 0.851142, -79602.921875, 0.207940740741
GLY, 10, 26.403, 0.827784, -80249.125000, 0.230159259259
HIS, 12, 26.644, 0.82401, -80087.359375, 0.336788888889
ILE, 12, 27.800, 0.82714, -80644.328125, 0.278788888889
LEU, 16, 26.021, 0.828277, -79142.843750, 0.349325925926
LYS, 8, 26.536, 0.829555, -80438.484375, 0.242707407407
MET, 8, 26.364, 0.814248, -80624.109375, 0.221622222222
PHE, 7, 29.104, 0.847738, -79340.046875, 0.339081481481
PRO, 6, 26.052, 0.821126, -79668.382812, 0.268974074074
SER, 6, 25.661, 0.811563, -80520.968750, 0.234703703704
THR, 8, 24.770, 0.864187, -79850.203125, 0.375159259259
TRP, 0, 29.233, 0.88192, -79181.476562, 0.314955555556
TYR, 8, 27.856, 0.861112, -81241.054688, 0.270355555556
VAL, 8, 25.070, 0.831701, -80707.406250, 0.221659259259
