AMINO ACID, DSSP, SASA, GYRATE, ENERGY, RMSF
ALA, 6, 26.886, 0.837928, -79784.359375, 0.251659259259
ARG, 5, 28.336, 0.848714, -81155.976562, 0.298462962963
ASN, 10, 25.465, 0.806411, -79969.921875, 0.210481481481
ASP, 8, 26.047, 0.814323, -80477.875000, 0.207903703704
CYS, 10, 27.075, 0.816933, -80258.953125, 0.307162962963
GLN, 12, 26.660, 0.862406, -79362.085938, 0.290562962963
GLU, 4, 27.629, 0.846235, -80036.859375, 0.207940740741
GLY, 6, 27.567, 0.841116, -80610.773438, 0.230159259259
HIS, 6, 26.575, 0.823425, -78773.226562, 0.336788888889
ILE, 4, 26.863, 0.843292, -80136.257812, 0.278788888889
LEU, 12, 26.551, 0.836513, -80641.812500, 0.349325925926
LYS, 6, 26.406, 0.820637, -80976.640625, 0.242707407407
MET, 12, 26.698, 0.827071, -80833.593750, 0.221622222222
PHE, 9, 27.574, 0.84318, -80666.171875, 0.339081481481
PRO, 8, 25.638, 0.801876, -79574.875000, 0.268974074074
SER, 8, 27.631, 0.833009, -80505.312500, 0.234703703704
THR, 6, 28.456, 0.898115, -80503.273438, 0.375159259259
TRP, 4, 28.261, 0.87615, -80072.250000, 0.314955555556
TYR, 4, 28.993, 0.857992, -79041.359375, 0.270355555556
VAL, 6, 26.513, 0.833021, -80419.140625, 0.221659259259
