AMINO ACID, DSSP, SASA, GYRATE, ENERGY, RMSF
ALA, 5, 24.546, 0.829176, -80601.398438, 0.251659259259
ARG, 5, 28.223, 0.851185, -80483.617188, 0.298462962963
ASN, 8, 26.441, 0.814211, -81216.484375, 0.210481481481
ASP, 8, 26.176, 0.824, -80257.671875, 0.207903703704
CYS, 8, 25.426, 0.808156, -80544.507812, 0.307162962963
GLN, 11, 25.037, 0.837237, -80186.421875, 0.290562962963
GLU, 4, 27.202, 0.85524, -79634.671875, 0.207940740741
GLY, 6, 25.753, 0.837363, -80635.054688, 0.230159259259
HIS, 10, 24.583, 0.824534, -80671.476562, 0.336788888889
ILE, 8, 27.846, 0.838268, -80421.023438, 0.278788888889
LEU, 10, 28.040, 0.837211, -79997.000000, 0.349325925926
LYS, 4, 26.570, 0.823934, -81515.953125, 0.242707407407
MET, 8, 25.994, 0.823711, -80412.578125, 0.221622222222
PHE, 6, 27.329, 0.836761, -79712.445312, 0.339081481481
PRO, 8, 25.391, 0.80385, -80471.609375, 0.268974074074
SER, 6, 26.410, 0.837374, -80301.593750, 0.234703703704
THR, 6, 26.804, 0.885204, -79694.531250, 0.375159259259
TRP, 2, 28.511, 0.881224, -79433.437500, 0.314955555556
TYR, 8, 30.292, 0.850208, -80447.546875, 0.270355555556
VAL, 6, 28.362, 0.841131, -79809.820312, 0.221659259259
