AMINO ACID, DSSP, SASA, GYRATE, ENERGY, RMSF
ALA, 5, 28.536, 0.84611, -79826.703125, 0.251659259259
ARG, 9, 27.877, 0.855802, -80994.250000, 0.298462962963
ASN, 4, 27.363, 0.843064, -80737.484375, 0.210481481481
ASP, 10, 25.048, 0.810536, -80151.984375, 0.207903703704
CYS, 13, 24.861, 0.802728, -79239.843750, 0.307162962963
GLN, 17, 28.049, 0.857595, -80496.367188, 0.290562962963
GLU, 6, 26.262, 0.828208, -79597.625000, 0.207940740741
GLY, 8, 28.545, 0.850062, -80108.125000, 0.230159259259
HIS, 12, 27.339, 0.830097, -79439.218750, 0.336788888889
ILE, 10, 28.650, 0.840129, -80379.125000, 0.278788888889
LEU, 12, 26.457, 0.82099, -79637.382812, 0.349325925926
LYS, 8, 26.786, 0.811429, -80740.265625, 0.242707407407
MET, 8, 26.762, 0.841544, -80123.304688, 0.221622222222
PHE, 8, 27.791, 0.831391, -79666.179688, 0.339081481481
PRO, 6, 24.029, 0.795591, -80139.039062, 0.268974074074
SER, 6, 26.692, 0.829453, -80563.437500, 0.234703703704
THR, 8, 27.182, 0.881493, -79288.796875, 0.375159259259
TRP, 2, 27.886, 0.879255, -80538.468750, 0.314955555556
TYR, 6, 27.327, 0.856048, -80129.234375, 0.270355555556
VAL, 6, 27.681, 0.841536, -80331.351562, 0.221659259259
