AMINO ACID, DSSP, SASA, GYRATE, ENERGY, RMSF
ALA, 8, 29.095, 0.849006, -80723.414062, 0.251659259259
ARG, 5, 27.754, 0.845412, -80950.710938, 0.298462962963
ASN, 8, 27.433, 0.843271, -79970.609375, 0.210481481481
ASP, 8, 25.484, 0.817482, -79344.148438, 0.207903703704
CYS, 10, 23.915, 0.78507, -79988.500000, 0.307162962963
GLN, 8, 27.147, 0.862163, -80562.515625, 0.290562962963
GLU, 6, 27.957, 0.85157, -80788.859375, 0.207940740741
GLY, 8, 28.380, 0.839145, -80586.781250, 0.230159259259
HIS, 14, 27.565, 0.826926, -80178.078125, 0.336788888889
ILE, 10, 26.961, 0.830717, -81124.671875, 0.278788888889
LEU, 10, 27.524, 0.818509, -80675.875000, 0.349325925926
LYS, 8, 26.005, 0.819518, -80666.953125, 0.242707407407
MET, 6, 27.361, 0.83778, -80096.093750, 0.221622222222
PHE, 10, 27.610, 0.833467, -80042.867188, 0.339081481481
PRO, 8, 26.287, 0.8098, -80189.453125, 0.268974074074
SER, 10, 25.666, 0.822353, -79733.953125, 0.234703703704
THR, 4, 27.239, 0.873786, -79493.265625, 0.375159259259
TRP, 2, 28.411, 0.876098, -79982.156250, 0.314955555556
TYR, 4, 27.971, 0.852923, -80074.492188, 0.270355555556
VAL, 6, 28.659, 0.842752, -79415.335938, 0.221659259259
