AMINO ACID, DSSP, SASA, GYRATE, ENERGY, RMSF
ALA, 5, 28.273, 0.841419, -80240.390625, 0.251659259259
ARG, 9, 28.271, 0.848717, -80694.007812, 0.298462962963
ASN, 10, 27.728, 0.834182, -80533.609375, 0.210481481481
ASP, 8, 25.264, 0.820717, -79905.359375, 0.207903703704
CYS, 10, 24.135, 0.793593, -80138.093750, 0.307162962963
GLN, 10, 27.083, 0.865444, -80173.765625, 0.290562962963
GLU, 6, 28.531, 0.856971, -81301.500000, 0.207940740741
GLY, 8, 28.991, 0.849237, -80238.570312, 0.230159259259
HIS, 12, 28.057, 0.831034, -79840.820312, 0.336788888889
ILE, 10, 27.973, 0.834286, -80525.500000, 0.278788888889
LEU, 12, 27.400, 0.816344, -79142.875000, 0.349325925926
LYS, 10, 26.164, 0.825816, -79833.015625, 0.242707407407
MET, 6, 27.752, 0.840232, -79903.843750, 0.221622222222
PHE, 8, 27.846, 0.835914, -80543.742188, 0.339081481481
PRO, 6, 25.042, 0.804602, -80318.398438, 0.268974074074
SER, 6, 25.937, 0.821673, -80284.187500, 0.234703703704
THR, 6, 26.414, 0.874627, -80945.296875, 0.375159259259
TRP, 4, 27.396, 0.871662, -80771.132812, 0.314955555556
TYR, 6, 27.643, 0.856122, -80072.281250, 0.270355555556
VAL, 6, 28.199, 0.838745, -80064.195312, 0.221659259259
