AMINO ACID, DSSP, SASA, GYRATE, ENERGY, RMSF
ALA, 10, 28.017, 0.84832, -80306.031250, 0.251659259259
ARG, 7, 28.390, 0.856776, -80055.429688, 0.298462962963
ASN, 10, 26.879, 0.824492, -79676.515625, 0.210481481481
ASP, 8, 25.240, 0.824037, -80149.437500, 0.207903703704
CYS, 12, 25.661, 0.804923, -80524.695312, 0.307162962963
GLN, 11, 27.833, 0.861048, -80446.398438, 0.290562962963
GLU, 6, 27.504, 0.852813, -80355.500000, 0.207940740741
GLY, 8, 28.477, 0.852158, -80224.632812, 0.230159259259
HIS, 10, 26.363, 0.835266, -80074.968750, 0.336788888889
ILE, 6, 27.267, 0.821751, -79675.656250, 0.278788888889
LEU, 10, 27.894, 0.830673, -79706.140625, 0.349325925926
LYS, 10, 25.704, 0.820924, -80088.062500, 0.242707407407
MET, 8, 26.843, 0.828459, -80606.984375, 0.221622222222
PHE, 8, 29.271, 0.829528, -79702.820312, 0.339081481481
PRO, 10, 25.147, 0.811552, -79290.656250, 0.268974074074
SER, 8, 26.541, 0.822558, -79999.312500, 0.234703703704
THR, 4, 27.981, 0.89085, -79856.859375, 0.375159259259
TRP, 4, 29.412, 0.86874, -80408.171875, 0.314955555556
TYR, 10, 28.213, 0.852669, -79914.203125, 0.270355555556
VAL, 8, 28.411, 0.851468, -80058.304688, 0.221659259259
