AMINO ACID, DSSP, SASA, GYRATE, ENERGY, RMSF
ALA, 5, 28.007, 0.837382, -80663.796875, 0.251659259259
ARG, 9, 28.488, 0.846534, -80958.593750, 0.298462962963
ASN, 6, 26.472, 0.841774, -80794.515625, 0.210481481481
ASP, 10, 26.749, 0.825455, -80242.578125, 0.207903703704
CYS, 10, 26.069, 0.803419, -79979.453125, 0.307162962963
GLN, 11, 28.111, 0.858115, -80379.593750, 0.290562962963
GLU, 8, 27.466, 0.846242, -80095.500000, 0.207940740741
GLY, 8, 27.109, 0.845721, -80468.250000, 0.230159259259
HIS, 10, 26.952, 0.822192, -79855.382812, 0.336788888889
ILE, 6, 27.066, 0.845739, -80201.367188, 0.278788888889
LEU, 8, 28.024, 0.824775, -79738.906250, 0.349325925926
LYS, 6, 25.837, 0.815836, -80368.187500, 0.242707407407
MET, 4, 25.070, 0.822147, -79564.093750, 0.221622222222
PHE, 9, 27.558, 0.833168, -80487.460938, 0.339081481481
PRO, 11, 25.760, 0.810015, -79982.968750, 0.268974074074
SER, 8, 24.910, 0.810345, -80755.625000, 0.234703703704
THR, 4, 26.818, 0.887718, -80222.867188, 0.375159259259
TRP, 2, 27.694, 0.881734, -80255.359375, 0.314955555556
TYR, 4, 28.471, 0.846744, -79726.359375, 0.270355555556
VAL, 9, 27.920, 0.865211, -81015.960938, 0.221659259259
