AMINO ACID, DSSP, SASA, GYRATE, ENERGY, RMSF
ALA, 10, 28.125, 0.839557, -80856.296875, 0.251659259259
ARG, 9, 27.836, 0.844977, -81242.898438, 0.298462962963
ASN, 10, 27.049, 0.836757, -80785.242188, 0.210481481481
ASP, 10, 25.091, 0.820283, -80211.156250, 0.207903703704
CYS, 11, 24.576, 0.793088, -80407.265625, 0.307162962963
GLN, 11, 27.115, 0.866192, -81025.984375, 0.290562962963
GLU, 6, 27.927, 0.85146, -79834.000000, 0.207940740741
GLY, 8, 27.124, 0.839132, -80674.101562, 0.230159259259
HIS, 10, 27.918, 0.82435, -80510.539062, 0.336788888889
ILE, 10, 27.330, 0.843091, -79231.828125, 0.278788888889
LEU, 10, 27.890, 0.838544, -79960.515625, 0.349325925926
LYS, 6, 26.903, 0.825377, -80872.132812, 0.242707407407
MET, 4, 27.883, 0.844145, -79381.953125, 0.221622222222
PHE, 8, 27.218, 0.830943, -80390.156250, 0.339081481481
PRO, 8, 24.050, 0.802816, -80669.640625, 0.268974074074
SER, 6, 26.341, 0.827217, -80333.835938, 0.234703703704
THR, 4, 28.233, 0.907717, -81129.367188, 0.375159259259
TRP, 2, 28.408, 0.872425, -79974.078125, 0.314955555556
TYR, 4, 27.432, 0.838841, -80296.289062, 0.270355555556
VAL, 7, 28.307, 0.864494, -79426.609375, 0.221659259259
