AMINO ACID, DSSP, SASA, GYRATE, ENERGY, RMSF
ALA, 6, 27.877, 0.860875, -79426.343750, 0.251659259259
ARG, 10, 27.835, 0.816531, -80526.000000, 0.298462962963
ASN, 8, 26.295, 0.824606, -80981.710938, 0.210481481481
ASP, 7, 26.240, 0.813451, -79875.562500, 0.207903703704
CYS, 11, 28.307, 0.843353, -80471.773438, 0.307162962963
GLN, 4, 26.315, 0.825702, -80869.210938, 0.290562962963
GLU, 8, 28.466, 0.866782, -79391.703125, 0.207940740741
GLY, 8, 28.311, 0.851473, -80272.226562, 0.230159259259
HIS, 6, 29.790, 0.878311, -79506.218750, 0.336788888889
ILE, 12, 26.992, 0.827464, -80666.835938, 0.278788888889
LEU, 6, 27.310, 0.817941, -81205.179688, 0.349325925926
LYS, 11, 26.471, 0.83331, -80427.015625, 0.242707407407
MET, 7, 27.843, 0.831279, -80057.500000, 0.221622222222
PHE, 12, 24.183, 0.797111, -80869.546875, 0.339081481481
PRO, 8, 24.448, 0.8127, -80826.437500, 0.268974074074
SER, 12, 27.195, 0.828292, -80101.117188, 0.234703703704
THR, 10, 25.663, 0.818519, -80026.421875, 0.375159259259
TRP, 6, 29.174, 0.845068, -80260.859375, 0.314955555556
TYR, 9, 29.017, 0.868182, -81206.625000, 0.270355555556
VAL, 6, 27.392, 0.830039, -79830.226562, 0.221659259259
