AMINO ACID, DSSP, SASA, GYRATE, ENERGY, RMSF
ALA, 5, 27.101, 0.84852, -80443.445312, 0.251659259259
ARG, 7, 27.696, 0.852448, -80760.031250, 0.298462962963
ASN, 4, 26.403, 0.83606, -80748.445312, 0.210481481481
ASP, 6, 25.784, 0.826406, -80421.656250, 0.207903703704
CYS, 14, 25.402, 0.791962, -81339.476562, 0.307162962963
GLN, 13, 27.041, 0.863623, -80276.125000, 0.290562962963
GLU, 6, 27.768, 0.848178, -80518.000000, 0.207940740741
GLY, 8, 27.121, 0.835334, -80194.070312, 0.230159259259
HIS, 10, 26.630, 0.826423, -79661.453125, 0.336788888889
ILE, 8, 28.431, 0.839531, -79387.109375, 0.278788888889
LEU, 8, 27.184, 0.815684, -80018.257812, 0.349325925926
LYS, 9, 26.540, 0.804019, -80580.687500, 0.242707407407
MET, 4, 26.498, 0.838333, -80016.031250, 0.221622222222
PHE, 10, 27.113, 0.826762, -80567.515625, 0.339081481481
PRO, 8, 27.696, 0.834617, -80397.406250, 0.268974074074
SER, 8, 26.677, 0.833231, -80672.531250, 0.234703703704
THR, 8, 26.283, 0.868746, -80111.390625, 0.375159259259
TRP, 4, 28.621, 0.877983, -80685.429688, 0.314955555556
TYR, 8, 26.256, 0.849407, -81122.468750, 0.270355555556
VAL, 6, 28.147, 0.856077, -80478.632812, 0.221659259259
