AMINO ACID, DSSP, SASA, GYRATE, ENERGY, RMSF
ALA, 10, 28.729, 0.849487, -80460.890625, 0.251659259259
ARG, 7, 27.547, 0.840561, -81041.976562, 0.298462962963
ASN, 8, 26.528, 0.830719, -81321.718750, 0.210481481481
ASP, 6, 27.276, 0.821532, -81120.328125, 0.207903703704
CYS, 12, 25.472, 0.79515, -80744.859375, 0.307162962963
GLN, 11, 28.546, 0.833278, -78922.718750, 0.290562962963
GLU, 4, 29.055, 0.847317, -80920.609375, 0.207940740741
GLY, 8, 26.040, 0.827271, -80115.687500, 0.230159259259
HIS, 10, 24.214, 0.806187, -80212.062500, 0.336788888889
ILE, 4, 28.141, 0.842732, -80475.062500, 0.278788888889
LEU, 4, 27.355, 0.82999, -79060.179688, 0.349325925926
LYS, 12, 26.474, 0.817265, -80580.406250, 0.242707407407
MET, 4, 28.022, 0.850742, -79529.968750, 0.221622222222
PHE, 7, 26.680, 0.813835, -79328.804688, 0.339081481481
PRO, 8, 26.675, 0.825442, -80528.937500, 0.268974074074
SER, 8, 25.507, 0.818419, -80165.453125, 0.234703703704
THR, 10, 26.411, 0.889006, -79402.257812, 0.375159259259
TRP, 2, 27.945, 0.86261, -80686.515625, 0.314955555556
TYR, 8, 28.363, 0.848402, -80409.296875, 0.270355555556
VAL, 6, 28.130, 0.852581, -79139.773438, 0.221659259259
