AMINO ACID, DSSP, SASA, GYRATE, ENERGY, RMSF
ALA, 4, 27.446, 0.848062, -80603.968750, 0.251659259259
ARG, 7, 28.724, 0.857375, -80594.875000, 0.298462962963
ASN, 12, 25.204, 0.819179, -80512.304688, 0.210481481481
ASP, 6, 27.025, 0.82435, -79464.390625, 0.207903703704
CYS, 11, 25.372, 0.800734, -80541.343750, 0.307162962963
GLN, 7, 26.304, 0.856293, -80467.265625, 0.290562962963
GLU, 6, 25.798, 0.823395, -80696.921875, 0.207940740741
GLY, 8, 26.247, 0.828972, -80977.203125, 0.230159259259
HIS, 12, 26.856, 0.819142, -79647.585938, 0.336788888889
ILE, 8, 26.340, 0.838055, -79239.554688, 0.278788888889
LEU, 8, 26.852, 0.833799, -79676.281250, 0.349325925926
LYS, 10, 27.918, 0.831091, -80148.562500, 0.242707407407
MET, 4, 24.464, 0.826216, -79133.703125, 0.221622222222
PHE, 6, 27.565, 0.834187, -80145.875000, 0.339081481481
PRO, 6, 24.894, 0.806962, -80498.937500, 0.268974074074
SER, 6, 25.854, 0.815772, -80548.984375, 0.234703703704
THR, 8, 26.424, 0.894805, -80069.281250, 0.375159259259
TRP, 9, 27.881, 0.859451, -80144.070312, 0.314955555556
TYR, 10, 27.083, 0.848845, -79220.843750, 0.270355555556
VAL, 4, 28.422, 0.853634, -80758.507812, 0.221659259259
