AMINO ACID, DSSP, SASA, GYRATE, ENERGY, RMSF
ALA, 6, 27.757, 0.847519, -80287.773438, 0.251659259259
ARG, 7, 27.196, 0.8645, -81201.781250, 0.298462962963
ASN, 8, 26.374, 0.817042, -80641.218750, 0.210481481481
ASP, 4, 24.783, 0.815429, -79439.335938, 0.207903703704
CYS, 14, 26.041, 0.802437, -79277.367188, 0.307162962963
GLN, 10, 27.138, 0.858828, -80392.890625, 0.290562962963
GLU, 6, 25.576, 0.819056, -81013.929688, 0.207940740741
GLY, 6, 25.932, 0.830621, -79669.554688, 0.230159259259
HIS, 8, 26.579, 0.829764, -80481.531250, 0.336788888889
ILE, 6, 27.929, 0.847537, -79676.750000, 0.278788888889
LEU, 8, 27.506, 0.845104, -80151.054688, 0.349325925926
LYS, 6, 26.810, 0.812506, -81112.906250, 0.242707407407
MET, 6, 25.353, 0.827228, -79202.703125, 0.221622222222
PHE, 4, 26.396, 0.817491, -80564.570312, 0.339081481481
PRO, 10, 26.850, 0.816512, -80468.148438, 0.268974074074
SER, 7, 25.411, 0.821786, -79842.609375, 0.234703703704
THR, 8, 25.598, 0.877085, -80387.656250, 0.375159259259
TRP, 2, 27.875, 0.860548, -79874.515625, 0.314955555556
TYR, 8, 27.225, 0.849337, -80440.007812, 0.270355555556
VAL, 6, 28.120, 0.855391, -79036.945312, 0.221659259259
