AMINO ACID, DSSP, SASA, GYRATE, ENERGY, RMSF
ALA, 10, 27.341, 0.853152, -80330.765625, 0.251659259259
ARG, 7, 26.783, 0.834882, -81028.148438, 0.298462962963
ASN, 6, 25.050, 0.811366, -79982.835938, 0.210481481481
ASP, 6, 25.089, 0.807937, -80288.968750, 0.207903703704
CYS, 13, 25.841, 0.801303, -80293.898438, 0.307162962963
GLN, 8, 26.600, 0.857957, -80111.140625, 0.290562962963
GLU, 6, 27.460, 0.843082, -80872.953125, 0.207940740741
GLY, 8, 26.294, 0.827863, -80200.343750, 0.230159259259
HIS, 12, 26.446, 0.820332, -80074.687500, 0.336788888889
ILE, 6, 28.556, 0.858988, -80201.742188, 0.278788888889
LEU, 12, 28.489, 0.837118, -81609.984375, 0.349325925926
LYS, 4, 27.959, 0.820864, -80180.796875, 0.242707407407
MET, 2, 26.145, 0.831017, -80353.992188, 0.221622222222
PHE, 8, 27.816, 0.836372, -79290.546875, 0.339081481481
PRO, 11, 26.222, 0.826128, -80474.484375, 0.268974074074
SER, 6, 26.113, 0.817305, -80198.171875, 0.234703703704
THR, 6, 26.634, 0.896925, -80130.687500, 0.375159259259
TRP, 6, 29.864, 0.896929, -79961.359375, 0.314955555556
TYR, 6, 27.653, 0.851517, -80219.984375, 0.270355555556
VAL, 6, 26.897, 0.848456, -79025.234375, 0.221659259259
