AMINO ACID, DSSP, SASA, GYRATE, ENERGY, RMSF
ALA, 6, 28.851, 0.852847, -80133.632812, 0.251659259259
ARG, 6, 27.044, 0.834768, -81157.351562, 0.298462962963
ASN, 6, 27.364, 0.82744, -80687.750000, 0.210481481481
ASP, 9, 25.883, 0.80996, -79781.304688, 0.207903703704
CYS, 10, 28.449, 0.854687, -80494.484375, 0.307162962963
GLN, 6, 24.746, 0.815184, -80093.070312, 0.290562962963
GLU, 6, 27.922, 0.847967, -79419.359375, 0.207940740741
GLY, 6, 27.138, 0.860646, -80076.351562, 0.230159259259
HIS, 6, 28.472, 0.856679, -81022.273438, 0.336788888889
ILE, 12, 28.829, 0.848436, -80094.125000, 0.278788888889
LEU, 9, 26.838, 0.811713, -80245.828125, 0.349325925926
LYS, 10, 28.185, 0.837, -81293.843750, 0.242707407407
MET, 5, 26.669, 0.830227, -80104.671875, 0.221622222222
PHE, 8, 24.994, 0.807492, -80895.773438, 0.339081481481
PRO, 6, 25.667, 0.821598, -80221.710938, 0.268974074074
SER, 12, 25.797, 0.803361, -80566.187500, 0.234703703704
THR, 8, 27.065, 0.834155, -80149.765625, 0.375159259259
TRP, 6, 27.810, 0.851148, -79744.398438, 0.314955555556
TYR, 7, 27.714, 0.855074, -80281.546875, 0.270355555556
VAL, 8, 28.035, 0.841791, -79444.031250, 0.221659259259
