AMINO ACID, DSSP, SASA, GYRATE, ENERGY, RMSF
ALA, 2, 28.256, 0.832974, -80919.296875, 0.251659259259
ARG, 7, 28.030, 0.835773, -80362.234375, 0.298462962963
ASN, 12, 25.136, 0.809867, -80006.171875, 0.210481481481
ASP, 10, 24.567, 0.819345, -80067.054688, 0.207903703704
CYS, 12, 24.725, 0.796039, -79690.367188, 0.307162962963
GLN, 7, 27.765, 0.865822, -80505.726562, 0.290562962963
GLU, 2, 28.399, 0.836332, -80027.421875, 0.207940740741
GLY, 10, 26.651, 0.83697, -79901.921875, 0.230159259259
HIS, 12, 26.095, 0.820045, -81091.078125, 0.336788888889
ILE, 6, 26.432, 0.851019, -79240.453125, 0.278788888889
LEU, 10, 27.398, 0.831777, -79976.257812, 0.349325925926
LYS, 11, 27.013, 0.816151, -80030.921875, 0.242707407407
MET, 2, 25.220, 0.828983, -80559.039062, 0.221622222222
PHE, 2, 28.451, 0.846748, -79049.648438, 0.339081481481
PRO, 6, 26.519, 0.835214, -80357.421875, 0.268974074074
SER, 10, 24.984, 0.808959, -80300.406250, 0.234703703704
THR, 6, 26.275, 0.874396, -80222.507812, 0.375159259259
TRP, 4, 28.509, 0.864761, -80060.203125, 0.314955555556
TYR, 4, 27.825, 0.86057, -80151.296875, 0.270355555556
VAL, 6, 28.267, 0.855929, -80078.562500, 0.221659259259
