AMINO ACID, DSSP, SASA, GYRATE, ENERGY, RMSF
ALA, 2, 27.994, 0.848638, -80198.468750, 0.251659259259
ARG, 6, 27.436, 0.844497, -80684.015625, 0.298462962963
ASN, 8, 25.865, 0.813827, -79686.054688, 0.210481481481
ASP, 8, 26.423, 0.822281, -79666.976562, 0.207903703704
CYS, 7, 25.588, 0.81072, -79567.875000, 0.307162962963
GLN, 5, 25.764, 0.846641, -80042.453125, 0.290562962963
GLU, 6, 27.284, 0.823368, -79477.960938, 0.207940740741
GLY, 8, 26.652, 0.837114, -81397.781250, 0.230159259259
HIS, 10, 26.051, 0.820031, -79434.093750, 0.336788888889
ILE, 4, 28.705, 0.851392, -80857.445312, 0.278788888889
LEU, 10, 28.586, 0.825518, -80488.375000, 0.349325925926
LYS, 11, 27.572, 0.815741, -79750.078125, 0.242707407407
MET, 2, 27.554, 0.863943, -80013.000000, 0.221622222222
PHE, 8, 27.875, 0.835702, -80427.507812, 0.339081481481
PRO, 6, 27.336, 0.830212, -79848.398438, 0.268974074074
SER, 8, 24.384, 0.809359, -80764.617188, 0.234703703704
THR, 6, 25.601, 0.879904, -80416.601562, 0.375159259259
TRP, 8, 27.446, 0.861421, -79993.492188, 0.314955555556
TYR, 6, 26.454, 0.839482, -80254.976562, 0.270355555556
VAL, 6, 26.879, 0.847454, -80216.718750, 0.221659259259
