AMINO ACID, DSSP, SASA, GYRATE, ENERGY, RMSF
ALA, 2, 27.150, 0.824911, -80251.359375, 0.251659259259
ARG, 9, 27.744, 0.839922, -80875.671875, 0.298462962963
ASN, 10, 26.512, 0.826145, -79587.617188, 0.210481481481
ASP, 6, 26.122, 0.833111, -79674.234375, 0.207903703704
CYS, 8, 25.369, 0.80136, -80445.109375, 0.307162962963
GLN, 10, 27.015, 0.8668, -79178.992188, 0.290562962963
GLU, 6, 27.838, 0.833025, -79949.828125, 0.207940740741
GLY, 10, 26.653, 0.824254, -80101.515625, 0.230159259259
HIS, 12, 25.824, 0.816632, -80330.234375, 0.336788888889
ILE, 4, 29.126, 0.843394, -80444.101562, 0.278788888889
LEU, 12, 27.502, 0.826831, -79544.968750, 0.349325925926
LYS, 14, 26.009, 0.814151, -81656.023438, 0.242707407407
MET, 2, 27.576, 0.855155, -81069.929688, 0.221622222222
PHE, 4, 28.310, 0.84323, -80598.031250, 0.339081481481
PRO, 4, 27.253, 0.837471, -80510.804688, 0.268974074074
SER, 8, 24.962, 0.813475, -80454.937500, 0.234703703704
THR, 8, 26.883, 0.897709, -80686.062500, 0.375159259259
TRP, 8, 28.099, 0.858104, -80725.093750, 0.314955555556
TYR, 6, 29.402, 0.871069, -80945.851562, 0.270355555556
VAL, 4, 26.507, 0.849203, -82033.937500, 0.221659259259
