AMINO ACID, DSSP, SASA, GYRATE, ENERGY, RMSF
ALA, 4, 28.808, 0.858873, -80786.156250, 0.251659259259
ARG, 7, 27.205, 0.831208, -80607.585938, 0.298462962963
ASN, 10, 25.440, 0.81686, -80808.250000, 0.210481481481
ASP, 8, 27.284, 0.829372, -80498.273438, 0.207903703704
CYS, 11, 24.594, 0.789631, -79637.757812, 0.307162962963
GLN, 4, 27.198, 0.87328, -80574.718750, 0.290562962963
GLU, 6, 25.157, 0.813867, -80318.140625, 0.207940740741
GLY, 10, 26.164, 0.816123, -80504.093750, 0.230159259259
HIS, 12, 25.690, 0.831441, -79807.750000, 0.336788888889
ILE, 6, 27.879, 0.856751, -80546.625000, 0.278788888889
LEU, 12, 30.236, 0.859379, -79976.398438, 0.349325925926
LYS, 9, 27.024, 0.814724, -80382.328125, 0.242707407407
MET, 6, 25.315, 0.828443, -80187.328125, 0.221622222222
PHE, 0, 26.637, 0.821789, -80231.968750, 0.339081481481
PRO, 6, 28.971, 0.845372, -79281.296875, 0.268974074074
SER, 10, 24.620, 0.805941, -80455.648438, 0.234703703704
THR, 6, 27.363, 0.891383, -80608.242188, 0.375159259259
TRP, 6, 28.119, 0.85362, -79805.687500, 0.314955555556
TYR, 6, 28.515, 0.847192, -80127.859375, 0.270355555556
VAL, 6, 26.800, 0.8379, -80998.023438, 0.221659259259
