AMINO ACID, DSSP, SASA, GYRATE, ENERGY, RMSF
ALA, 2, 27.159, 0.866654, -80155.773438, 0.251659259259
ARG, 8, 29.053, 0.843779, -81581.257812, 0.298462962963
ASN, 10, 26.023, 0.827835, -80838.750000, 0.210481481481
ASP, 10, 26.675, 0.822888, -80147.734375, 0.207903703704
CYS, 13, 24.596, 0.799139, -80374.125000, 0.307162962963
GLN, 6, 27.339, 0.860737, -79997.117188, 0.290562962963
GLU, 4, 25.172, 0.811172, -79562.218750, 0.207940740741
GLY, 14, 25.173, 0.804507, -80107.359375, 0.230159259259
HIS, 11, 27.757, 0.824019, -80165.070312, 0.336788888889
ILE, 6, 27.931, 0.84472, -80214.656250, 0.278788888889
LEU, 2, 30.056, 0.852673, -79921.757812, 0.349325925926
LYS, 11, 24.652, 0.791014, -80785.835938, 0.242707407407
MET, 8, 23.972, 0.816192, -81290.765625, 0.221622222222
PHE, 4, 26.372, 0.808677, -79884.328125, 0.339081481481
PRO, 12, 25.612, 0.813003, -80252.703125, 0.268974074074
SER, 8, 24.344, 0.799586, -80211.343750, 0.234703703704
THR, 8, 26.590, 0.884743, -80623.765625, 0.375159259259
TRP, 6, 28.333, 0.864367, -79666.031250, 0.314955555556
TYR, 14, 28.105, 0.848442, -80084.265625, 0.270355555556
VAL, 4, 27.491, 0.842585, -79705.156250, 0.221659259259
