AMINO ACID, DSSP, SASA, GYRATE, ENERGY, RMSF
ALA, 4, 27.958, 0.863325, -79786.937500, 0.251659259259
ARG, 10, 27.632, 0.839325, -80435.781250, 0.298462962963
ASN, 10, 25.565, 0.819516, -80268.515625, 0.210481481481
ASP, 10, 26.164, 0.825339, -79901.812500, 0.207903703704
CYS, 13, 24.491, 0.793398, -80034.515625, 0.307162962963
GLN, 6, 25.162, 0.854122, -80670.734375, 0.290562962963
GLU, 4, 26.266, 0.817559, -80021.218750, 0.207940740741
GLY, 8, 25.582, 0.810561, -80076.484375, 0.230159259259
HIS, 12, 26.438, 0.824897, -80751.203125, 0.336788888889
ILE, 6, 27.800, 0.851108, -80520.546875, 0.278788888889
LEU, 8, 28.934, 0.842651, -79990.250000, 0.349325925926
LYS, 13, 27.157, 0.807236, -80333.320312, 0.242707407407
MET, 8, 25.580, 0.821616, -79590.968750, 0.221622222222
PHE, 4, 25.074, 0.814957, -80009.562500, 0.339081481481
PRO, 6, 25.034, 0.818156, -80080.367188, 0.268974074074
SER, 6, 25.796, 0.807798, -79912.031250, 0.234703703704
THR, 10, 26.492, 0.87874, -80177.500000, 0.375159259259
TRP, 5, 27.892, 0.858427, -80874.390625, 0.314955555556
TYR, 8, 27.465, 0.839239, -80327.906250, 0.270355555556
VAL, 4, 27.687, 0.842178, -80814.375000, 0.221659259259
