AMINO ACID, DSSP, SASA, GYRATE, ENERGY, RMSF
ALA, 4, 27.610, 0.858549, -80714.359375, 0.251659259259
ARG, 7, 27.953, 0.834582, -80316.093750, 0.298462962963
ASN, 6, 26.843, 0.827291, -80420.375000, 0.210481481481
ASP, 10, 25.418, 0.820963, -79381.812500, 0.207903703704
CYS, 12, 24.964, 0.805479, -80297.554688, 0.307162962963
GLN, 5, 25.926, 0.864421, -80397.515625, 0.290562962963
GLU, 6, 23.770, 0.801976, -79702.476562, 0.207940740741
GLY, 8, 24.685, 0.805258, -80838.507812, 0.230159259259
HIS, 12, 25.787, 0.81906, -79939.015625, 0.336788888889
ILE, 6, 28.336, 0.85217, -80441.601562, 0.278788888889
LEU, 10, 28.612, 0.842195, -80075.890625, 0.349325925926
LYS, 13, 25.334, 0.796223, -80524.984375, 0.242707407407
MET, 8, 26.915, 0.833747, -79880.250000, 0.221622222222
PHE, 2, 24.882, 0.807255, -81243.906250, 0.339081481481
PRO, 10, 25.826, 0.802539, -80458.250000, 0.268974074074
SER, 6, 26.088, 0.800925, -80413.976562, 0.234703703704
THR, 6, 26.428, 0.887792, -80221.609375, 0.375159259259
TRP, 5, 27.955, 0.86248, -79500.093750, 0.314955555556
TYR, 12, 27.624, 0.842453, -80186.328125, 0.270355555556
VAL, 4, 27.952, 0.844484, -79771.750000, 0.221659259259
