AMINO ACID, DSSP, SASA, GYRATE, ENERGY, RMSF
ALA, 6, 28.222, 0.850909, -79846.234375, 0.251659259259
ARG, 4, 27.749, 0.828031, -81051.437500, 0.298462962963
ASN, 8, 29.460, 0.846818, -80843.835938, 0.210481481481
ASP, 11, 26.140, 0.810034, -79880.031250, 0.207903703704
CYS, 6, 28.624, 0.862724, -80437.265625, 0.307162962963
GLN, 4, 25.282, 0.824765, -80544.531250, 0.290562962963
GLU, 6, 28.216, 0.850937, -79969.281250, 0.207940740741
GLY, 6, 28.066, 0.856152, -80808.109375, 0.230159259259
HIS, 8, 28.918, 0.852038, -79903.234375, 0.336788888889
ILE, 13, 28.822, 0.840273, -81225.937500, 0.278788888889
LEU, 9, 27.520, 0.82069, -79915.617188, 0.349325925926
LYS, 9, 27.322, 0.84024, -81630.265625, 0.242707407407
MET, 7, 26.115, 0.824547, -80626.218750, 0.221622222222
PHE, 12, 25.898, 0.80069, -79694.578125, 0.339081481481
PRO, 8, 25.446, 0.821924, -79804.875000, 0.268974074074
SER, 12, 26.057, 0.815427, -79909.265625, 0.234703703704
THR, 10, 24.868, 0.81654, -80448.882812, 0.375159259259
TRP, 4, 28.881, 0.848485, -79976.046875, 0.314955555556
TYR, 10, 29.736, 0.880173, -80381.109375, 0.270355555556
VAL, 8, 25.161, 0.830154, -80151.171875, 0.221659259259
