AMINO ACID, DSSP, SASA, GYRATE, ENERGY, RMSF
ALA, 4, 28.420, 0.861558, -80416.062500, 0.251659259259
ARG, 9, 28.538, 0.84607, -80801.078125, 0.298462962963
ASN, 6, 25.660, 0.824277, -80836.078125, 0.210481481481
ASP, 10, 25.247, 0.795193, -80474.640625, 0.207903703704
CYS, 10, 25.672, 0.809147, -81511.648438, 0.307162962963
GLN, 5, 26.342, 0.833409, -80286.296875, 0.290562962963
GLU, 2, 24.625, 0.810536, -80214.421875, 0.207940740741
GLY, 12, 26.630, 0.820583, -80406.898438, 0.230159259259
HIS, 14, 25.841, 0.818858, -80842.562500, 0.336788888889
ILE, 6, 29.413, 0.839353, -80759.382812, 0.278788888889
LEU, 10, 27.764, 0.837557, -79980.046875, 0.349325925926
LYS, 13, 25.526, 0.801553, -80442.757812, 0.242707407407
MET, 8, 26.405, 0.824519, -80521.679688, 0.221622222222
PHE, 6, 25.520, 0.802571, -80157.750000, 0.339081481481
PRO, 12, 24.986, 0.806576, -80615.320312, 0.268974074074
SER, 9, 25.217, 0.805995, -80456.109375, 0.234703703704
THR, 8, 27.198, 0.890749, -81082.289062, 0.375159259259
TRP, 4, 28.398, 0.878719, -80334.093750, 0.314955555556
TYR, 8, 28.128, 0.862878, -79728.406250, 0.270355555556
VAL, 6, 27.478, 0.847697, -80771.718750, 0.221659259259
