AMINO ACID, DSSP, SASA, GYRATE, ENERGY, RMSF
ALA, 4, 27.402, 0.86367, -80112.171875, 0.251659259259
ARG, 5, 27.513, 0.847319, -80837.101562, 0.298462962963
ASN, 10, 25.479, 0.81273, -79749.968750, 0.210481481481
ASP, 12, 25.993, 0.803863, -80750.437500, 0.207903703704
CYS, 12, 25.644, 0.805952, -79960.718750, 0.307162962963
GLN, 6, 26.308, 0.848545, -79677.125000, 0.290562962963
GLU, 6, 24.390, 0.801097, -79979.468750, 0.207940740741
GLY, 6, 26.392, 0.839583, -79993.328125, 0.230159259259
HIS, 10, 26.070, 0.827269, -79613.890625, 0.336788888889
ILE, 4, 30.023, 0.846038, -80063.515625, 0.278788888889
LEU, 12, 29.235, 0.86122, -79854.570312, 0.349325925926
LYS, 17, 25.070, 0.796865, -80669.398438, 0.242707407407
MET, 10, 26.276, 0.826577, -79076.242188, 0.221622222222
PHE, 4, 24.781, 0.803332, -80372.164062, 0.339081481481
PRO, 13, 25.690, 0.81487, -80240.265625, 0.268974074074
SER, 8, 24.084, 0.79852, -80669.406250, 0.234703703704
THR, 4, 27.749, 0.929847, -79400.929688, 0.375159259259
TRP, 7, 27.108, 0.88386, -79802.460938, 0.314955555556
TYR, 8, 28.961, 0.862209, -80095.015625, 0.270355555556
VAL, 4, 26.587, 0.835672, -80025.828125, 0.221659259259
