AMINO ACID, DSSP, SASA, GYRATE, ENERGY, RMSF
ALA, 6, 28.270, 0.859065, -80810.835938, 0.251659259259
ARG, 7, 28.653, 0.850441, -80926.804688, 0.298462962963
ASN, 10, 25.853, 0.820208, -80590.046875, 0.210481481481
ASP, 12, 24.870, 0.800452, -80067.718750, 0.207903703704
CYS, 11, 25.782, 0.803413, -81109.945312, 0.307162962963
GLN, 6, 27.119, 0.849277, -79939.375000, 0.290562962963
GLU, 6, 23.876, 0.79214, -80084.156250, 0.207940740741
GLY, 8, 26.263, 0.846407, -80479.101562, 0.230159259259
HIS, 12, 25.359, 0.810389, -80419.187500, 0.336788888889
ILE, 6, 28.342, 0.839143, -80680.140625, 0.278788888889
LEU, 8, 27.702, 0.859819, -80336.664062, 0.349325925926
LYS, 15, 25.009, 0.810984, -81334.796875, 0.242707407407
MET, 10, 27.371, 0.84018, -80611.750000, 0.221622222222
PHE, 4, 25.518, 0.812543, -80059.500000, 0.339081481481
PRO, 10, 25.638, 0.81797, -81113.156250, 0.268974074074
SER, 8, 24.458, 0.803726, -80608.875000, 0.234703703704
THR, 6, 28.595, 0.935843, -79227.671875, 0.375159259259
TRP, 5, 27.555, 0.8727, -79257.554688, 0.314955555556
TYR, 8, 29.488, 0.867283, -80259.015625, 0.270355555556
VAL, 4, 27.107, 0.830682, -80326.320312, 0.221659259259
