AMINO ACID, DSSP, SASA, GYRATE, ENERGY, RMSF
ALA, 5, 28.477, 0.855222, -80986.953125, 0.251659259259
ARG, 5, 28.728, 0.853296, -80426.085938, 0.298462962963
ASN, 10, 26.249, 0.811786, -80593.984375, 0.210481481481
ASP, 10, 26.059, 0.820469, -80623.281250, 0.207903703704
CYS, 11, 24.615, 0.796112, -80079.000000, 0.307162962963
GLN, 6, 27.535, 0.842106, -80649.226562, 0.290562962963
GLU, 4, 24.921, 0.805052, -79765.164062, 0.207940740741
GLY, 10, 27.083, 0.844645, -79755.390625, 0.230159259259
HIS, 10, 26.158, 0.831281, -79983.140625, 0.336788888889
ILE, 4, 27.856, 0.829986, -80080.804688, 0.278788888889
LEU, 10, 27.195, 0.846099, -79937.226562, 0.349325925926
LYS, 13, 25.661, 0.809735, -80218.531250, 0.242707407407
MET, 8, 26.367, 0.836938, -79950.093750, 0.221622222222
PHE, 2, 24.996, 0.816973, -80104.781250, 0.339081481481
PRO, 14, 26.357, 0.81907, -80942.765625, 0.268974074074
SER, 10, 24.946, 0.801946, -80544.804688, 0.234703703704
THR, 10, 27.746, 0.914133, -80510.468750, 0.375159259259
TRP, 4, 26.938, 0.857151, -79329.421875, 0.314955555556
TYR, 6, 28.837, 0.867395, -80153.882812, 0.270355555556
VAL, 6, 26.608, 0.847243, -79867.031250, 0.221659259259
