AMINO ACID, DSSP, SASA, GYRATE, ENERGY, RMSF
ALA, 4, 28.939, 0.877064, -80809.250000, 0.251659259259
ARG, 7, 28.076, 0.842786, -80395.828125, 0.298462962963
ASN, 6, 26.474, 0.826163, -80616.187500, 0.210481481481
ASP, 4, 26.807, 0.819306, -79089.593750, 0.207903703704
CYS, 13, 24.491, 0.790621, -80392.210938, 0.307162962963
GLN, 6, 25.743, 0.847005, -80551.242188, 0.290562962963
GLU, 6, 25.685, 0.818247, -80862.765625, 0.207940740741
GLY, 11, 25.458, 0.804173, -79993.992188, 0.230159259259
HIS, 12, 27.094, 0.832612, -80501.578125, 0.336788888889
ILE, 6, 28.319, 0.841787, -79746.625000, 0.278788888889
LEU, 10, 28.610, 0.856335, -78800.687500, 0.349325925926
LYS, 15, 26.733, 0.803249, -80895.945312, 0.242707407407
MET, 8, 25.945, 0.824643, -80108.328125, 0.221622222222
PHE, 6, 25.313, 0.809093, -80199.695312, 0.339081481481
PRO, 14, 24.082, 0.803265, -80258.171875, 0.268974074074
SER, 6, 25.008, 0.806405, -79954.296875, 0.234703703704
THR, 6, 26.264, 0.890532, -80010.132812, 0.375159259259
TRP, 7, 27.324, 0.850692, -79905.250000, 0.314955555556
TYR, 8, 26.776, 0.844752, -79677.296875, 0.270355555556
VAL, 6, 27.190, 0.874214, -80315.406250, 0.221659259259
