AMINO ACID, DSSP, SASA, GYRATE, ENERGY, RMSF
ALA, 4, 30.965, 0.871697, -80697.156250, 0.251659259259
ARG, 9, 27.964, 0.84669, -81325.890625, 0.298462962963
ASN, 8, 24.747, 0.80789, -80108.679688, 0.210481481481
ASP, 6, 28.176, 0.836905, -79712.140625, 0.207903703704
CYS, 12, 24.790, 0.7927, -80779.312500, 0.307162962963
GLN, 6, 27.462, 0.852362, -79725.273438, 0.290562962963
GLU, 4, 24.635, 0.812487, -81088.460938, 0.207940740741
GLY, 11, 25.795, 0.795933, -80130.968750, 0.230159259259
HIS, 12, 27.449, 0.83877, -80550.976562, 0.336788888889
ILE, 6, 28.389, 0.842259, -79889.187500, 0.278788888889
LEU, 10, 28.304, 0.854272, -78831.093750, 0.349325925926
LYS, 13, 26.264, 0.806608, -81089.984375, 0.242707407407
MET, 10, 27.136, 0.830286, -79595.304688, 0.221622222222
PHE, 4, 24.739, 0.807257, -79923.742188, 0.339081481481
PRO, 12, 25.274, 0.808556, -79668.023438, 0.268974074074
SER, 6, 25.147, 0.795894, -80052.187500, 0.234703703704
THR, 8, 26.001, 0.888153, -80063.539062, 0.375159259259
TRP, 7, 26.131, 0.849672, -80262.867188, 0.314955555556
TYR, 10, 26.821, 0.847478, -80472.921875, 0.270355555556
VAL, 4, 26.825, 0.864464, -79887.179688, 0.221659259259
