AMINO ACID, DSSP, SASA, GYRATE, ENERGY, RMSF
ALA, 2, 29.252, 0.860246, -80399.218750, 0.251659259259
ARG, 7, 27.778, 0.840333, -80890.679688, 0.298462962963
ASN, 6, 26.265, 0.826012, -80386.390625, 0.210481481481
ASP, 7, 26.299, 0.810021, -80580.773438, 0.207903703704
CYS, 9, 26.380, 0.795409, -79649.914062, 0.307162962963
GLN, 6, 26.817, 0.861729, -79162.304688, 0.290562962963
GLU, 4, 25.491, 0.810365, -80764.750000, 0.207940740741
GLY, 9, 26.201, 0.823797, -80256.609375, 0.230159259259
HIS, 14, 27.441, 0.84861, -79734.250000, 0.336788888889
ILE, 6, 30.046, 0.861077, -80028.609375, 0.278788888889
LEU, 11, 28.056, 0.845343, -79277.945312, 0.349325925926
LYS, 13, 27.382, 0.801446, -81127.046875, 0.242707407407
MET, 8, 26.262, 0.827851, -80626.718750, 0.221622222222
PHE, 2, 27.165, 0.819849, -80063.437500, 0.339081481481
PRO, 15, 26.156, 0.80167, -80128.984375, 0.268974074074
SER, 4, 25.927, 0.802878, -79448.593750, 0.234703703704
THR, 10, 25.854, 0.891132, -80025.156250, 0.375159259259
TRP, 4, 27.521, 0.864444, -79779.507812, 0.314955555556
TYR, 14, 26.874, 0.849999, -80067.500000, 0.270355555556
VAL, 6, 28.225, 0.854149, -80620.710938, 0.221659259259
