AMINO ACID, DSSP, SASA, GYRATE, ENERGY, RMSF
ALA, 4, 28.362, 0.850456, -79708.640625, 0.251659259259
ARG, 7, 27.443, 0.841522, -81314.703125, 0.298462962963
ASN, 10, 25.219, 0.829524, -79998.585938, 0.210481481481
ASP, 10, 26.627, 0.830904, -80491.093750, 0.207903703704
CYS, 13, 25.627, 0.793054, -80168.015625, 0.307162962963
GLN, 6, 27.138, 0.850279, -79479.031250, 0.290562962963
GLU, 4, 25.748, 0.809801, -80782.781250, 0.207940740741
GLY, 13, 24.793, 0.795648, -79669.367188, 0.230159259259
HIS, 8, 26.984, 0.833003, -81041.421875, 0.336788888889
ILE, 6, 27.355, 0.847393, -79672.562500, 0.278788888889
LEU, 12, 29.132, 0.844935, -80058.281250, 0.349325925926
LYS, 14, 25.152, 0.804681, -81219.062500, 0.242707407407
MET, 8, 25.717, 0.833687, -80951.820312, 0.221622222222
PHE, 7, 26.101, 0.822225, -79379.523438, 0.339081481481
PRO, 12, 24.668, 0.807104, -79921.476562, 0.268974074074
SER, 4, 24.568, 0.796988, -79719.640625, 0.234703703704
THR, 8, 27.680, 0.870767, -80193.031250, 0.375159259259
TRP, 4, 26.108, 0.845417, -79439.414062, 0.314955555556
TYR, 10, 28.363, 0.83725, -80465.742188, 0.270355555556
VAL, 6, 27.623, 0.861632, -80307.750000, 0.221659259259
