AMINO ACID, DSSP, SASA, GYRATE, ENERGY, RMSF
ALA, 4, 28.507, 0.840131, -79859.929688, 0.251659259259
ARG, 7, 26.139, 0.838284, -81303.093750, 0.298462962963
ASN, 8, 25.793, 0.806982, -80105.546875, 0.210481481481
ASP, 9, 26.417, 0.824878, -80309.164062, 0.207903703704
CYS, 10, 26.371, 0.806429, -80100.734375, 0.307162962963
GLN, 6, 26.122, 0.840768, -79781.085938, 0.290562962963
GLU, 4, 25.217, 0.819491, -80060.828125, 0.207940740741
GLY, 6, 24.744, 0.810326, -81090.140625, 0.230159259259
HIS, 8, 26.719, 0.849665, -79584.851562, 0.336788888889
ILE, 8, 26.622, 0.827926, -80471.164062, 0.278788888889
LEU, 10, 29.745, 0.854131, -80507.007812, 0.349325925926
LYS, 15, 25.190, 0.803197, -80627.531250, 0.242707407407
MET, 8, 26.487, 0.830828, -80930.476562, 0.221622222222
PHE, 4, 25.756, 0.821222, -79428.062500, 0.339081481481
PRO, 10, 25.466, 0.808127, -79842.750000, 0.268974074074
SER, 8, 24.475, 0.794354, -79981.125000, 0.234703703704
THR, 8, 26.521, 0.875511, -80307.640625, 0.375159259259
TRP, 2, 27.225, 0.868671, -79922.640625, 0.314955555556
TYR, 4, 27.204, 0.828797, -79658.773438, 0.270355555556
VAL, 6, 28.243, 0.843714, -79292.906250, 0.221659259259
