AMINO ACID, DSSP, SASA, GYRATE, ENERGY, RMSF
ALA, 6, 27.589, 0.836084, -79214.656250, 0.251659259259
ARG, 6, 28.150, 0.849583, -81064.601562, 0.298462962963
ASN, 8, 27.511, 0.828906, -81005.203125, 0.210481481481
ASP, 11, 25.218, 0.813805, -79650.187500, 0.207903703704
CYS, 12, 26.123, 0.835593, -81220.117188, 0.307162962963
GLN, 6, 26.885, 0.824569, -81234.539062, 0.290562962963
GLU, 10, 27.699, 0.841622, -80443.085938, 0.207940740741
GLY, 11, 26.848, 0.84106, -80063.296875, 0.230159259259
HIS, 10, 28.612, 0.860632, -80513.007812, 0.336788888889
ILE, 10, 27.564, 0.831002, -79522.929688, 0.278788888889
LEU, 8, 27.400, 0.823236, -80609.750000, 0.349325925926
LYS, 11, 27.301, 0.841934, -80901.515625, 0.242707407407
MET, 5, 26.231, 0.822327, -80294.289062, 0.221622222222
PHE, 10, 25.537, 0.800997, -79747.000000, 0.339081481481
PRO, 8, 25.510, 0.82248, -80039.453125, 0.268974074074
SER, 14, 25.018, 0.803455, -79826.046875, 0.234703703704
THR, 10, 27.750, 0.834845, -79843.414062, 0.375159259259
TRP, 6, 28.281, 0.851639, -80262.734375, 0.314955555556
TYR, 7, 28.295, 0.860468, -79031.898438, 0.270355555556
VAL, 6, 28.594, 0.84193, -79654.335938, 0.221659259259
