AMINO ACID, DSSP, SASA, GYRATE, ENERGY, RMSF
ALA, 2, 28.029, 0.847787, -80272.921875, 0.251659259259
ARG, 9, 27.584, 0.839357, -80618.007812, 0.298462962963
ASN, 10, 25.753, 0.821694, -80683.062500, 0.210481481481
ASP, 9, 26.647, 0.81445, -80540.078125, 0.207903703704
CYS, 11, 25.361, 0.794506, -81147.484375, 0.307162962963
GLN, 8, 27.266, 0.85812, -79795.343750, 0.290562962963
GLU, 4, 24.504, 0.812155, -80292.843750, 0.207940740741
GLY, 11, 25.332, 0.801432, -80749.140625, 0.230159259259
HIS, 12, 27.552, 0.863394, -80790.273438, 0.336788888889
ILE, 8, 29.040, 0.861675, -80619.968750, 0.278788888889
LEU, 10, 27.974, 0.856205, -81095.781250, 0.349325925926
LYS, 15, 25.432, 0.786989, -80776.289062, 0.242707407407
MET, 8, 25.557, 0.833462, -79993.218750, 0.221622222222
PHE, 4, 25.669, 0.813121, -79306.765625, 0.339081481481
PRO, 10, 25.566, 0.811451, -80101.492188, 0.268974074074
SER, 6, 24.499, 0.795211, -81119.484375, 0.234703703704
THR, 8, 26.168, 0.857601, -78914.734375, 0.375159259259
TRP, 5, 26.204, 0.854322, -79447.117188, 0.314955555556
TYR, 8, 27.174, 0.850499, -80005.554688, 0.270355555556
VAL, 4, 26.472, 0.845456, -79318.851562, 0.221659259259
