AMINO ACID, DSSP, SASA, GYRATE, ENERGY, RMSF
ALA, 2, 28.599, 0.861413, -80018.218750, 0.251659259259
ARG, 7, 27.154, 0.837531, -79961.148438, 0.298462962963
ASN, 10, 25.418, 0.822463, -80781.945312, 0.210481481481
ASP, 6, 26.263, 0.820162, -79198.835938, 0.207903703704
CYS, 10, 26.340, 0.814429, -80152.765625, 0.307162962963
GLN, 7, 27.231, 0.844464, -80232.757812, 0.290562962963
GLU, 4, 26.250, 0.819324, -80227.390625, 0.207940740741
GLY, 9, 26.432, 0.815223, -79817.968750, 0.230159259259
HIS, 10, 27.360, 0.84299, -80405.140625, 0.336788888889
ILE, 6, 27.849, 0.845901, -80285.968750, 0.278788888889
LEU, 9, 28.455, 0.867586, -80476.796875, 0.349325925926
LYS, 15, 24.968, 0.799802, -80700.703125, 0.242707407407
MET, 8, 25.733, 0.824493, -81882.468750, 0.221622222222
PHE, 4, 25.559, 0.817746, -80320.187500, 0.339081481481
PRO, 8, 27.302, 0.822825, -80544.781250, 0.268974074074
SER, 6, 24.404, 0.807095, -81350.632812, 0.234703703704
THR, 6, 26.516, 0.858548, -80641.757812, 0.375159259259
TRP, 6, 27.141, 0.868413, -79967.046875, 0.314955555556
TYR, 8, 27.572, 0.84783, -79640.554688, 0.270355555556
VAL, 2, 26.854, 0.836885, -80344.937500, 0.221659259259
