AMINO ACID, DSSP, SASA, GYRATE, ENERGY, RMSF
ALA, 2, 28.952, 0.870098, -79394.210938, 0.251659259259
ARG, 7, 27.096, 0.841135, -80625.703125, 0.298462962963
ASN, 8, 26.757, 0.8223, -80964.679688, 0.210481481481
ASP, 8, 26.346, 0.823647, -79800.859375, 0.207903703704
CYS, 11, 25.530, 0.797231, -80950.828125, 0.307162962963
GLN, 3, 27.412, 0.838794, -80473.578125, 0.290562962963
GLU, 4, 25.992, 0.813636, -79878.140625, 0.207940740741
GLY, 7, 25.651, 0.810468, -79797.984375, 0.230159259259
HIS, 9, 25.699, 0.845873, -80318.718750, 0.336788888889
ILE, 4, 29.154, 0.855146, -79609.148438, 0.278788888889
LEU, 12, 26.792, 0.841405, -79667.804688, 0.349325925926
LYS, 12, 24.451, 0.795975, -81224.765625, 0.242707407407
MET, 8, 26.322, 0.821589, -79695.039062, 0.221622222222
PHE, 6, 25.157, 0.819212, -79504.203125, 0.339081481481
PRO, 12, 27.930, 0.839635, -80012.937500, 0.268974074074
SER, 7, 25.677, 0.803839, -79977.390625, 0.234703703704
THR, 6, 26.561, 0.872199, -80002.140625, 0.375159259259
TRP, 4, 28.042, 0.880772, -79636.875000, 0.314955555556
TYR, 6, 26.911, 0.840777, -79823.226562, 0.270355555556
VAL, 6, 26.985, 0.836787, -79593.843750, 0.221659259259
