AMINO ACID, DSSP, SASA, GYRATE, ENERGY, RMSF
ALA, 4, 28.731, 0.872451, -80941.953125, 0.251659259259
ARG, 7, 27.940, 0.83874, -80331.546875, 0.298462962963
ASN, 8, 27.882, 0.816996, -80616.171875, 0.210481481481
ASP, 10, 26.328, 0.825871, -80166.437500, 0.207903703704
CYS, 10, 25.510, 0.80519, -79833.281250, 0.307162962963
GLN, 7, 26.325, 0.844136, -80026.250000, 0.290562962963
GLU, 2, 24.661, 0.808689, -79597.210938, 0.207940740741
GLY, 11, 26.974, 0.821476, -80778.312500, 0.230159259259
HIS, 13, 28.297, 0.871202, -80146.617188, 0.336788888889
ILE, 6, 28.705, 0.848381, -79863.585938, 0.278788888889
LEU, 12, 27.166, 0.831558, -79159.742188, 0.349325925926
LYS, 12, 24.678, 0.789014, -80184.921875, 0.242707407407
MET, 8, 25.631, 0.81845, -79888.718750, 0.221622222222
PHE, 5, 25.897, 0.826769, -79496.453125, 0.339081481481
PRO, 8, 28.175, 0.849689, -80635.765625, 0.268974074074
SER, 8, 25.970, 0.815316, -80493.265625, 0.234703703704
THR, 8, 27.499, 0.86453, -79701.484375, 0.375159259259
TRP, 4, 27.447, 0.875438, -79269.609375, 0.314955555556
TYR, 8, 26.288, 0.823289, -80651.968750, 0.270355555556
VAL, 6, 25.478, 0.821363, -80362.664062, 0.221659259259
