AMINO ACID, DSSP, SASA, GYRATE, ENERGY, RMSF
ALA, 12, 27.527, 0.848233, -80778.562500, 0.251659259259
ARG, 7, 28.571, 0.84942, -80414.593750, 0.298462962963
ASN, 10, 26.135, 0.831045, -80932.898438, 0.210481481481
ASP, 10, 25.279, 0.805768, -80617.000000, 0.207903703704
CYS, 7, 25.979, 0.811726, -79807.773438, 0.307162962963
GLN, 10, 27.267, 0.836856, -79236.914062, 0.290562962963
GLU, 2, 27.307, 0.821543, -80523.062500, 0.207940740741
GLY, 8, 24.835, 0.807039, -81082.968750, 0.230159259259
HIS, 6, 28.676, 0.844687, -79836.664062, 0.336788888889
ILE, 4, 29.365, 0.859399, -79701.093750, 0.278788888889
LEU, 8, 28.377, 0.839477, -80300.039062, 0.349325925926
LYS, 15, 25.332, 0.804432, -81118.234375, 0.242707407407
MET, 8, 27.633, 0.841728, -80249.523438, 0.221622222222
PHE, 6, 26.251, 0.832938, -79876.742188, 0.339081481481
PRO, 6, 27.601, 0.847452, -80191.335938, 0.268974074074
SER, 6, 25.357, 0.808189, -80349.750000, 0.234703703704
THR, 6, 26.674, 0.856954, -80033.414062, 0.375159259259
TRP, 5, 27.341, 0.866114, -79603.148438, 0.314955555556
TYR, 6, 26.162, 0.83461, -80332.312500, 0.270355555556
VAL, 4, 26.063, 0.853709, -79712.078125, 0.221659259259
