AMINO ACID, DSSP, SASA, GYRATE, ENERGY, RMSF
ALA, 8, 27.152, 0.839826, -79946.218750, 0.251659259259
ARG, 6, 27.782, 0.84053, -81000.500000, 0.298462962963
ASN, 6, 28.591, 0.834445, -80961.117188, 0.210481481481
ASP, 9, 25.284, 0.803648, -79763.921875, 0.207903703704
CYS, 6, 28.277, 0.84673, -80564.437500, 0.307162962963
GLN, 4, 25.221, 0.824366, -79955.617188, 0.290562962963
GLU, 6, 26.576, 0.831064, -80611.593750, 0.207940740741
GLY, 6, 26.514, 0.840804, -80300.101562, 0.230159259259
HIS, 8, 28.614, 0.856983, -80985.796875, 0.336788888889
ILE, 10, 26.551, 0.823461, -80093.304688, 0.278788888889
LEU, 10, 26.618, 0.817308, -80045.351562, 0.349325925926
LYS, 6, 27.850, 0.839099, -81146.085938, 0.242707407407
MET, 7, 26.590, 0.833372, -79948.234375, 0.221622222222
PHE, 12, 25.561, 0.801088, -80485.382812, 0.339081481481
PRO, 4, 26.013, 0.830256, -79775.718750, 0.268974074074
SER, 8, 26.427, 0.816142, -80511.187500, 0.234703703704
THR, 8, 27.297, 0.832524, -79555.625000, 0.375159259259
TRP, 4, 28.716, 0.854294, -79492.242188, 0.314955555556
TYR, 11, 28.619, 0.865593, -80679.062500, 0.270355555556
VAL, 6, 25.455, 0.821631, -80488.484375, 0.221659259259
