AMINO ACID, DSSP, SASA, GYRATE, ENERGY, RMSF
ALA, 8, 27.495, 0.841206, -80520.468750, 0.251659259259
ARG, 8, 28.217, 0.84317, -81173.531250, 0.298462962963
ASN, 6, 28.039, 0.827255, -80711.734375, 0.210481481481
ASP, 11, 25.488, 0.806498, -80319.796875, 0.207903703704
CYS, 4, 28.624, 0.845777, -80082.281250, 0.307162962963
GLN, 6, 24.950, 0.824656, -80282.226562, 0.290562962963
GLU, 6, 27.184, 0.840254, -80288.609375, 0.207940740741
GLY, 6, 27.071, 0.848058, -79751.265625, 0.230159259259
HIS, 8, 28.618, 0.850075, -80720.617188, 0.336788888889
ILE, 8, 27.112, 0.83206, -80453.234375, 0.278788888889
LEU, 6, 25.610, 0.810973, -79391.765625, 0.349325925926
LYS, 11, 28.612, 0.836886, -80631.882812, 0.242707407407
MET, 7, 26.495, 0.838665, -80237.695312, 0.221622222222
PHE, 7, 25.655, 0.799706, -80019.242188, 0.339081481481
PRO, 6, 25.713, 0.828652, -79897.546875, 0.268974074074
SER, 13, 25.633, 0.806555, -80397.125000, 0.234703703704
THR, 8, 27.073, 0.827744, -80504.195312, 0.375159259259
TRP, 6, 27.663, 0.853181, -79414.187500, 0.314955555556
TYR, 9, 28.497, 0.859896, -79851.664062, 0.270355555556
VAL, 8, 25.448, 0.825657, -79984.437500, 0.221659259259
