AMINO ACID, DSSP, SASA, GYRATE, ENERGY, RMSF
ALA, 2, 27.479, 0.855813, -79903.085938, 0.251659259259
ARG, 5, 27.852, 0.857158, -81284.093750, 0.298462962963
ASN, 8, 25.612, 0.817916, -80445.578125, 0.210481481481
ASP, 10, 26.050, 0.819771, -80239.531250, 0.207903703704
CYS, 9, 26.155, 0.812663, -81004.500000, 0.307162962963
GLN, 7, 27.827, 0.870586, -80397.531250, 0.290562962963
GLU, 4, 25.788, 0.822245, -80929.093750, 0.207940740741
GLY, 9, 24.926, 0.805952, -79840.593750, 0.230159259259
HIS, 6, 28.795, 0.856525, -80516.421875, 0.336788888889
ILE, 6, 27.873, 0.845656, -80069.390625, 0.278788888889
LEU, 8, 28.065, 0.851252, -80060.968750, 0.349325925926
LYS, 15, 26.559, 0.810466, -80441.406250, 0.242707407407
MET, 8, 26.553, 0.833242, -79980.906250, 0.221622222222
PHE, 6, 24.989, 0.806123, -79789.710938, 0.339081481481
PRO, 12, 25.927, 0.804402, -80279.843750, 0.268974074074
SER, 6, 26.113, 0.832707, -80049.281250, 0.234703703704
THR, 6, 26.492, 0.852606, -80783.289062, 0.375159259259
TRP, 7, 26.744, 0.846862, -79901.625000, 0.314955555556
TYR, 8, 26.889, 0.821514, -79532.921875, 0.270355555556
VAL, 8, 27.524, 0.852454, -80315.820312, 0.221659259259
