AMINO ACID, DSSP, SASA, GYRATE, ENERGY, RMSF
ALA, 4, 28.446, 0.845824, -79928.593750, 0.251659259259
ARG, 9, 26.567, 0.839763, -81444.359375, 0.298462962963
ASN, 8, 26.934, 0.832695, -79995.210938, 0.210481481481
ASP, 10, 24.551, 0.799695, -80004.398438, 0.207903703704
CYS, 5, 26.365, 0.804178, -79509.507812, 0.307162962963
GLN, 6, 24.982, 0.861577, -80908.914062, 0.290562962963
GLU, 4, 25.122, 0.816624, -80233.101562, 0.207940740741
GLY, 6, 26.487, 0.809862, -80628.921875, 0.230159259259
HIS, 6, 27.900, 0.83265, -79469.921875, 0.336788888889
ILE, 4, 29.806, 0.862649, -79381.921875, 0.278788888889
LEU, 8, 28.791, 0.842562, -79585.625000, 0.349325925926
LYS, 13, 27.164, 0.825379, -80249.656250, 0.242707407407
MET, 8, 25.886, 0.810148, -80185.281250, 0.221622222222
PHE, 4, 25.654, 0.816818, -79834.062500, 0.339081481481
PRO, 11, 25.752, 0.817968, -79675.656250, 0.268974074074
SER, 6, 27.078, 0.831944, -80185.523438, 0.234703703704
THR, 4, 26.615, 0.823172, -79891.070312, 0.375159259259
TRP, 6, 27.276, 0.871742, -80016.718750, 0.314955555556
TYR, 6, 27.067, 0.823683, -80140.953125, 0.270355555556
VAL, 10, 25.824, 0.839403, -80189.390625, 0.221659259259
