AMINO ACID, DSSP, SASA, GYRATE, ENERGY, RMSF
ALA, 6, 27.275, 0.848419, -80361.414062, 0.251659259259
ARG, 9, 26.378, 0.844295, -81712.132812, 0.298462962963
ASN, 12, 25.889, 0.817757, -80888.398438, 0.210481481481
ASP, 10, 25.030, 0.804294, -80448.125000, 0.207903703704
CYS, 7, 26.399, 0.820061, -80771.328125, 0.307162962963
GLN, 5, 27.361, 0.878263, -79876.726562, 0.290562962963
GLU, 4, 25.468, 0.820222, -79920.734375, 0.207940740741
GLY, 6, 26.147, 0.821048, -80329.859375, 0.230159259259
HIS, 0, 28.018, 0.82345, -80240.085938, 0.336788888889
ILE, 6, 30.098, 0.865134, -79805.265625, 0.278788888889
LEU, 2, 28.187, 0.850349, -79724.265625, 0.349325925926
LYS, 11, 26.338, 0.826925, -80810.515625, 0.242707407407
MET, 8, 24.397, 0.797895, -81159.484375, 0.221622222222
PHE, 2, 25.851, 0.827678, -79590.015625, 0.339081481481
PRO, 4, 26.192, 0.811254, -79994.632812, 0.268974074074
SER, 6, 24.769, 0.81726, -80117.453125, 0.234703703704
THR, 10, 26.683, 0.833887, -80290.875000, 0.375159259259
TRP, 5, 28.534, 0.891178, -80464.734375, 0.314955555556
TYR, 10, 28.205, 0.842191, -79826.742188, 0.270355555556
VAL, 10, 25.410, 0.835988, -80522.679688, 0.221659259259
