AMINO ACID, DSSP, SASA, GYRATE, ENERGY, RMSF
ALA, 4, 27.743, 0.848553, -80326.890625, 0.251659259259
ARG, 9, 27.704, 0.838526, -80608.937500, 0.298462962963
ASN, 10, 26.181, 0.812323, -80092.531250, 0.210481481481
ASP, 10, 26.917, 0.822524, -79574.187500, 0.207903703704
CYS, 9, 25.388, 0.805247, -81216.750000, 0.307162962963
GLN, 9, 26.358, 0.853212, -80665.906250, 0.290562962963
GLU, 2, 27.831, 0.8304, -80372.382812, 0.207940740741
GLY, 4, 29.211, 0.840972, -80256.765625, 0.230159259259
HIS, 10, 27.676, 0.819371, -80880.007812, 0.336788888889
ILE, 6, 28.779, 0.855193, -79744.382812, 0.278788888889
LEU, 10, 28.766, 0.863585, -79709.226562, 0.349325925926
LYS, 15, 26.149, 0.818573, -81203.093750, 0.242707407407
MET, 8, 25.308, 0.812745, -80106.828125, 0.221622222222
PHE, 0, 25.335, 0.816885, -80072.257812, 0.339081481481
PRO, 14, 26.395, 0.810497, -80439.437500, 0.268974074074
SER, 8, 25.543, 0.818463, -81018.281250, 0.234703703704
THR, 4, 25.004, 0.829214, -80322.625000, 0.375159259259
TRP, 5, 24.812, 0.837547, -80000.390625, 0.314955555556
TYR, 6, 26.663, 0.819036, -80096.140625, 0.270355555556
VAL, 10, 27.023, 0.840656, -80462.226562, 0.221659259259
