AMINO ACID, DSSP, SASA, GYRATE, ENERGY, RMSF
ALA, 2, 27.833, 0.855078, -79608.015625, 0.251659259259
ARG, 7, 26.653, 0.834964, -80876.375000, 0.298462962963
ASN, 8, 25.878, 0.81294, -80111.015625, 0.210481481481
ASP, 10, 26.253, 0.813861, -79098.453125, 0.207903703704
CYS, 10, 26.791, 0.814112, -79074.812500, 0.307162962963
GLN, 5, 28.565, 0.899145, -80266.335938, 0.290562962963
GLU, 4, 28.137, 0.83908, -79695.218750, 0.207940740741
GLY, 6, 27.495, 0.824885, -79540.960938, 0.230159259259
HIS, 8, 28.471, 0.858729, -79997.914062, 0.336788888889
ILE, 6, 28.358, 0.853868, -80233.320312, 0.278788888889
LEU, 8, 27.527, 0.845511, -79969.625000, 0.349325925926
LYS, 11, 26.931, 0.821437, -80783.289062, 0.242707407407
MET, 6, 26.535, 0.842928, -80305.765625, 0.221622222222
PHE, 6, 25.842, 0.814208, -80502.804688, 0.339081481481
PRO, 12, 24.319, 0.810633, -79743.640625, 0.268974074074
SER, 8, 25.532, 0.827148, -80730.640625, 0.234703703704
THR, 10, 25.951, 0.838397, -80530.875000, 0.375159259259
TRP, 4, 29.205, 0.86439, -79395.859375, 0.314955555556
TYR, 8, 26.833, 0.833017, -79495.242188, 0.270355555556
VAL, 8, 24.928, 0.830726, -80370.429688, 0.221659259259
