AMINO ACID, DSSP, SASA, GYRATE, ENERGY, RMSF
ALA, 4, 25.479, 0.83363, -80785.710938, 0.251659259259
ARG, 7, 27.245, 0.833105, -80323.765625, 0.298462962963
ASN, 8, 25.910, 0.818265, -80354.531250, 0.210481481481
ASP, 6, 27.356, 0.823151, -81662.453125, 0.207903703704
CYS, 5, 25.002, 0.801087, -80810.796875, 0.307162962963
GLN, 3, 28.091, 0.890233, -80395.335938, 0.290562962963
GLU, 6, 26.580, 0.821279, -80489.328125, 0.207940740741
GLY, 8, 26.573, 0.83249, -80330.140625, 0.230159259259
HIS, 8, 29.108, 0.860466, -80282.968750, 0.336788888889
ILE, 8, 29.084, 0.850635, -79823.359375, 0.278788888889
LEU, 12, 27.732, 0.854368, -79736.203125, 0.349325925926
LYS, 11, 26.450, 0.825156, -79848.515625, 0.242707407407
MET, 4, 26.056, 0.844222, -80309.773438, 0.221622222222
PHE, 2, 26.045, 0.8127, -80347.328125, 0.339081481481
PRO, 18, 25.761, 0.822983, -80549.960938, 0.268974074074
SER, 8, 25.190, 0.81143, -80225.062500, 0.234703703704
THR, 6, 26.902, 0.837546, -80235.179688, 0.375159259259
TRP, 4, 29.497, 0.880002, -79773.265625, 0.314955555556
TYR, 10, 26.861, 0.840267, -80630.882812, 0.270355555556
VAL, 10, 25.912, 0.838419, -80320.546875, 0.221659259259
