AMINO ACID, DSSP, SASA, GYRATE, ENERGY, RMSF
ALA, 4, 26.589, 0.828251, -80853.234375, 0.251659259259
ARG, 9, 27.314, 0.832978, -81160.851562, 0.298462962963
ASN, 10, 26.153, 0.818658, -80692.531250, 0.210481481481
ASP, 9, 27.367, 0.817751, -79898.382812, 0.207903703704
CYS, 7, 25.673, 0.80942, -80427.390625, 0.307162962963
GLN, 2, 26.385, 0.863475, -80425.718750, 0.290562962963
GLU, 4, 28.290, 0.841731, -80233.765625, 0.207940740741
GLY, 6, 27.973, 0.843969, -80081.453125, 0.230159259259
HIS, 8, 28.118, 0.850332, -81449.515625, 0.336788888889
ILE, 4, 28.935, 0.851299, -79968.046875, 0.278788888889
LEU, 10, 26.722, 0.838943, -80340.578125, 0.349325925926
LYS, 9, 27.233, 0.835696, -79887.546875, 0.242707407407
MET, 10, 26.448, 0.835174, -80850.906250, 0.221622222222
PHE, 4, 23.802, 0.802606, -80545.187500, 0.339081481481
PRO, 16, 24.749, 0.815342, -79722.296875, 0.268974074074
SER, 6, 25.993, 0.81842, -79758.851562, 0.234703703704
THR, 10, 26.085, 0.836073, -79975.304688, 0.375159259259
TRP, 4, 29.687, 0.879628, -79839.929688, 0.314955555556
TYR, 10, 26.520, 0.837036, -80525.250000, 0.270355555556
VAL, 10, 27.507, 0.848402, -79665.039062, 0.221659259259
