AMINO ACID, DSSP, SASA, GYRATE, ENERGY, RMSF
ALA, 4, 27.458, 0.830785, -80435.031250, 0.251659259259
ARG, 6, 27.615, 0.829267, -81200.656250, 0.298462962963
ASN, 8, 28.349, 0.838111, -79935.140625, 0.210481481481
ASP, 9, 25.115, 0.804594, -79361.601562, 0.207903703704
CYS, 6, 28.486, 0.858502, -80816.945312, 0.307162962963
GLN, 4, 26.510, 0.83137, -80423.718750, 0.290562962963
GLU, 6, 28.686, 0.854903, -79490.734375, 0.207940740741
GLY, 6, 27.867, 0.837417, -80212.757812, 0.230159259259
HIS, 10, 27.779, 0.851415, -79509.921875, 0.336788888889
ILE, 12, 28.984, 0.831428, -80657.812500, 0.278788888889
LEU, 4, 29.179, 0.827304, -79473.609375, 0.349325925926
LYS, 6, 28.020, 0.843308, -80269.546875, 0.242707407407
MET, 7, 26.566, 0.828455, -80545.046875, 0.221622222222
PHE, 7, 26.088, 0.807249, -79482.875000, 0.339081481481
PRO, 6, 25.982, 0.82571, -80644.609375, 0.268974074074
SER, 12, 26.942, 0.80937, -78806.187500, 0.234703703704
THR, 8, 26.497, 0.839672, -80400.953125, 0.375159259259
TRP, 6, 28.422, 0.836012, -80434.453125, 0.314955555556
TYR, 16, 27.004, 0.840072, -79450.718750, 0.270355555556
VAL, 10, 27.618, 0.830376, -81101.820312, 0.221659259259
