AMINO ACID, DSSP, SASA, GYRATE, ENERGY, RMSF
ALA, 8, 28.901, 0.839707, -80153.820312, 0.251659259259
ARG, 6, 26.799, 0.826318, -80830.039062, 0.298462962963
ASN, 8, 28.372, 0.836354, -80480.031250, 0.210481481481
ASP, 9, 26.150, 0.812188, -79767.765625, 0.207903703704
CYS, 8, 28.307, 0.847011, -80632.781250, 0.307162962963
GLN, 2, 26.157, 0.82971, -80590.750000, 0.290562962963
GLU, 8, 27.557, 0.837534, -79574.148438, 0.207940740741
GLY, 8, 27.775, 0.837147, -80980.359375, 0.230159259259
HIS, 15, 26.895, 0.838968, -80688.203125, 0.336788888889
ILE, 8, 28.758, 0.846209, -80294.468750, 0.278788888889
LEU, 8, 27.678, 0.818964, -80701.437500, 0.349325925926
LYS, 6, 29.319, 0.849127, -80781.046875, 0.242707407407
MET, 7, 27.588, 0.836306, -80600.898438, 0.221622222222
PHE, 10, 26.132, 0.811789, -80327.648438, 0.339081481481
PRO, 6, 26.965, 0.829602, -80777.250000, 0.268974074074
SER, 12, 25.864, 0.801731, -80924.078125, 0.234703703704
THR, 4, 27.652, 0.838187, -78701.375000, 0.375159259259
TRP, 6, 29.152, 0.839747, -79128.343750, 0.314955555556
TYR, 9, 27.341, 0.84282, -80231.109375, 0.270355555556
VAL, 8, 27.395, 0.830097, -81178.671875, 0.221659259259
