AMINO ACID, DSSP, SASA, GYRATE, ENERGY, RMSF
ALA, 4, 29.043, 0.850854, -80849.148438, 0.251659259259
ARG, 9, 26.699, 0.83527, -79806.398438, 0.298462962963
ASN, 12, 25.071, 0.81041, -80255.773438, 0.210481481481
ASP, 10, 25.680, 0.817332, -79187.046875, 0.207903703704
CYS, 6, 25.447, 0.803057, -81208.484375, 0.307162962963
GLN, 6, 26.948, 0.860794, -80051.460938, 0.290562962963
GLU, 6, 27.627, 0.823095, -80112.953125, 0.207940740741
GLY, 6, 26.766, 0.843084, -79681.960938, 0.230159259259
HIS, 12, 29.295, 0.84772, -80827.515625, 0.336788888889
ILE, 4, 29.131, 0.861571, -80274.781250, 0.278788888889
LEU, 8, 28.348, 0.864352, -79291.617188, 0.349325925926
LYS, 11, 27.460, 0.821319, -80190.062500, 0.242707407407
MET, 8, 25.227, 0.803924, -79662.242188, 0.221622222222
PHE, 6, 26.033, 0.815942, -79579.117188, 0.339081481481
PRO, 12, 25.069, 0.814952, -79660.476562, 0.268974074074
SER, 6, 25.294, 0.810885, -80149.742188, 0.234703703704
THR, 8, 26.794, 0.819499, -80376.328125, 0.375159259259
TRP, 3, 27.604, 0.879806, -79616.046875, 0.314955555556
TYR, 6, 28.234, 0.852591, -79879.062500, 0.270355555556
VAL, 10, 25.661, 0.841829, -79586.781250, 0.221659259259
