AMINO ACID, DSSP, SASA, GYRATE, ENERGY, RMSF
ALA, 4, 27.589, 0.846329, -79903.351562, 0.251659259259
ARG, 6, 26.648, 0.833857, -80744.625000, 0.298462962963
ASN, 6, 27.230, 0.831043, -81039.046875, 0.210481481481
ASP, 9, 26.064, 0.817708, -79868.921875, 0.207903703704
CYS, 6, 27.443, 0.851816, -78935.046875, 0.307162962963
GLN, 5, 25.999, 0.816174, -81102.718750, 0.290562962963
GLU, 8, 27.473, 0.841274, -80419.492188, 0.207940740741
GLY, 6, 28.765, 0.849849, -80852.617188, 0.230159259259
HIS, 9, 27.352, 0.850416, -80091.296875, 0.336788888889
ILE, 12, 29.298, 0.84268, -80881.421875, 0.278788888889
LEU, 8, 27.615, 0.809152, -79293.937500, 0.349325925926
LYS, 9, 27.625, 0.838331, -80382.406250, 0.242707407407
MET, 9, 27.174, 0.836735, -79870.703125, 0.221622222222
PHE, 8, 25.269, 0.797832, -79529.210938, 0.339081481481
PRO, 9, 25.530, 0.831246, -80231.085938, 0.268974074074
SER, 12, 26.015, 0.805208, -79662.773438, 0.234703703704
THR, 6, 25.938, 0.830256, -79143.914062, 0.375159259259
TRP, 4, 28.369, 0.838999, -79879.125000, 0.314955555556
TYR, 9, 26.702, 0.859, -80141.734375, 0.270355555556
VAL, 8, 26.310, 0.830464, -80231.554688, 0.221659259259
