AMINO ACID, DSSP, SASA, GYRATE, ENERGY, RMSF
ALA, 4, 25.400, 0.840512, -80806.265625, 0.251659259259
ARG, 9, 27.794, 0.844114, -80673.460938, 0.298462962963
ASN, 8, 23.573, 0.8028, -80131.093750, 0.210481481481
ASP, 4, 26.881, 0.828124, -80789.257812, 0.207903703704
CYS, 10, 25.735, 0.800959, -79987.835938, 0.307162962963
GLN, 7, 26.087, 0.853211, -80138.703125, 0.290562962963
GLU, 4, 26.248, 0.822831, -79740.187500, 0.207940740741
GLY, 6, 26.667, 0.842972, -80245.789062, 0.230159259259
HIS, 6, 27.236, 0.828537, -79690.015625, 0.336788888889
ILE, 6, 30.176, 0.85456, -80171.546875, 0.278788888889
LEU, 6, 27.949, 0.864531, -80813.343750, 0.349325925926
LYS, 12, 28.561, 0.832823, -80586.226562, 0.242707407407
MET, 8, 25.882, 0.824717, -80460.218750, 0.221622222222
PHE, 7, 24.131, 0.828732, -79840.171875, 0.339081481481
PRO, 12, 25.539, 0.813774, -80638.000000, 0.268974074074
SER, 6, 25.145, 0.818054, -80373.343750, 0.234703703704
THR, 10, 26.385, 0.832026, -80178.890625, 0.375159259259
TRP, 7, 28.169, 0.882566, -80464.390625, 0.314955555556
TYR, 6, 28.304, 0.858086, -79674.265625, 0.270355555556
VAL, 10, 26.391, 0.841888, -79548.226562, 0.221659259259
