AMINO ACID, DSSP, SASA, GYRATE, ENERGY, RMSF
ALA, 4, 25.859, 0.841829, -79895.054688, 0.251659259259
ARG, 7, 28.792, 0.853824, -81165.578125, 0.298462962963
ASN, 6, 25.855, 0.814546, -80022.804688, 0.210481481481
ASP, 6, 26.843, 0.828555, -80150.562500, 0.207903703704
CYS, 10, 27.384, 0.810706, -79856.460938, 0.307162962963
GLN, 9, 26.255, 0.853382, -81126.843750, 0.290562962963
GLU, 4, 25.186, 0.807347, -80648.437500, 0.207940740741
GLY, 8, 27.448, 0.833747, -79828.140625, 0.230159259259
HIS, 8, 28.118, 0.848231, -80302.890625, 0.336788888889
ILE, 4, 27.899, 0.849402, -81237.250000, 0.278788888889
LEU, 6, 28.369, 0.870152, -79954.328125, 0.349325925926
LYS, 10, 27.819, 0.808842, -80924.828125, 0.242707407407
MET, 8, 26.055, 0.817707, -80008.054688, 0.221622222222
PHE, 11, 25.655, 0.824623, -79952.437500, 0.339081481481
PRO, 12, 26.403, 0.81782, -80134.953125, 0.268974074074
SER, 6, 27.226, 0.823644, -80338.531250, 0.234703703704
THR, 10, 27.546, 0.839432, -80450.445312, 0.375159259259
TRP, 5, 28.978, 0.89692, -80097.242188, 0.314955555556
TYR, 6, 28.244, 0.860509, -80080.406250, 0.270355555556
VAL, 10, 26.508, 0.834015, -80148.796875, 0.221659259259
