AMINO ACID, DSSP, SASA, GYRATE, ENERGY, RMSF
ALA, 4, 27.200, 0.848174, -79547.039062, 0.251659259259
ARG, 6, 27.341, 0.845638, -80432.554688, 0.298462962963
ASN, 6, 28.554, 0.846675, -80905.726562, 0.210481481481
ASP, 9, 26.274, 0.81601, -79676.664062, 0.207903703704
CYS, 6, 26.293, 0.828452, -79696.015625, 0.307162962963
GLN, 7, 27.161, 0.832171, -80811.492188, 0.290562962963
GLU, 8, 27.970, 0.837179, -80658.929688, 0.207940740741
GLY, 6, 26.998, 0.844382, -80560.648438, 0.230159259259
HIS, 6, 26.741, 0.852128, -80397.734375, 0.336788888889
ILE, 6, 29.443, 0.848009, -80426.968750, 0.278788888889
LEU, 8, 26.441, 0.819073, -79503.937500, 0.349325925926
LYS, 9, 27.864, 0.843986, -80770.390625, 0.242707407407
MET, 7, 26.966, 0.841403, -80770.273438, 0.221622222222
PHE, 10, 26.026, 0.808943, -80122.718750, 0.339081481481
PRO, 8, 27.025, 0.838664, -81273.789062, 0.268974074074
SER, 12, 24.314, 0.800608, -80538.125000, 0.234703703704
THR, 6, 26.915, 0.839031, -80130.757812, 0.375159259259
TRP, 6, 28.484, 0.843881, -79873.171875, 0.314955555556
TYR, 9, 26.842, 0.862458, -80147.414062, 0.270355555556
VAL, 8, 25.957, 0.828081, -80390.343750, 0.221659259259
