AMINO ACID, DSSP, SASA, GYRATE, ENERGY, RMSF
ALA, 9, 27.705, 0.860865, -80521.421875, 0.251659259259
ARG, 9, 26.331, 0.834823, -80753.437500, 0.298462962963
ASN, 8, 25.245, 0.811934, -79766.804688, 0.210481481481
ASP, 8, 26.322, 0.825036, -80093.585938, 0.207903703704
CYS, 7, 27.923, 0.81977, -80104.570312, 0.307162962963
GLN, 7, 27.272, 0.858646, -80228.984375, 0.290562962963
GLU, 7, 26.285, 0.817717, -80658.453125, 0.207940740741
GLY, 8, 26.395, 0.830103, -80163.343750, 0.230159259259
HIS, 6, 27.695, 0.849057, -80057.484375, 0.336788888889
ILE, 4, 28.523, 0.843378, -79169.000000, 0.278788888889
LEU, 6, 27.460, 0.847437, -80113.007812, 0.349325925926
LYS, 10, 26.426, 0.800897, -80637.734375, 0.242707407407
MET, 8, 26.963, 0.832869, -79800.914062, 0.221622222222
PHE, 9, 26.083, 0.822622, -80256.710938, 0.339081481481
PRO, 10, 27.147, 0.823514, -80193.515625, 0.268974074074
SER, 6, 25.264, 0.824021, -79979.812500, 0.234703703704
THR, 12, 26.720, 0.861165, -79683.304688, 0.375159259259
TRP, 7, 28.561, 0.895433, -80240.625000, 0.314955555556
TYR, 6, 30.325, 0.874943, -79558.984375, 0.270355555556
VAL, 8, 26.287, 0.825973, -80281.562500, 0.221659259259
