AMINO ACID, DSSP, SASA, GYRATE, ENERGY, RMSF
ALA, 5, 26.308, 0.852008, -79570.398438, 0.251659259259
ARG, 7, 26.182, 0.832248, -81013.273438, 0.298462962963
ASN, 6, 25.187, 0.802703, -80664.390625, 0.210481481481
ASP, 8, 27.126, 0.833979, -80023.296875, 0.207903703704
CYS, 9, 26.201, 0.805073, -80731.421875, 0.307162962963
GLN, 9, 27.427, 0.833695, -81055.796875, 0.290562962963
GLU, 7, 25.579, 0.816632, -81279.656250, 0.207940740741
GLY, 8, 25.461, 0.821884, -80451.820312, 0.230159259259
HIS, 8, 26.933, 0.862587, -79774.156250, 0.336788888889
ILE, 6, 27.198, 0.837602, -79980.718750, 0.278788888889
LEU, 6, 27.919, 0.841182, -79598.281250, 0.349325925926
LYS, 10, 28.955, 0.827569, -80930.335938, 0.242707407407
MET, 8, 25.894, 0.824597, -79648.281250, 0.221622222222
PHE, 7, 26.801, 0.835911, -80097.156250, 0.339081481481
PRO, 8, 27.277, 0.830988, -80448.632812, 0.268974074074
SER, 8, 25.799, 0.816612, -79858.109375, 0.234703703704
THR, 8, 25.841, 0.837008, -79969.171875, 0.375159259259
TRP, 4, 27.151, 0.862879, -80844.359375, 0.314955555556
TYR, 6, 28.765, 0.861812, -80122.234375, 0.270355555556
VAL, 4, 24.658, 0.813694, -79957.875000, 0.221659259259
