AMINO ACID, DSSP, SASA, GYRATE, ENERGY, RMSF
ALA, 5, 28.053, 0.845093, -80662.000000, 0.251659259259
ARG, 7, 25.749, 0.829938, -80760.031250, 0.298462962963
ASN, 8, 25.943, 0.823934, -79684.343750, 0.210481481481
ASP, 8, 24.899, 0.822441, -80348.421875, 0.207903703704
CYS, 7, 28.103, 0.824357, -79532.984375, 0.307162962963
GLN, 9, 28.317, 0.853141, -80790.601562, 0.290562962963
GLU, 7, 25.297, 0.813503, -80332.687500, 0.207940740741
GLY, 6, 25.546, 0.833084, -80194.156250, 0.230159259259
HIS, 8, 27.525, 0.839894, -81321.375000, 0.336788888889
ILE, 4, 27.715, 0.835722, -80115.960938, 0.278788888889
LEU, 5, 26.911, 0.839525, -80148.234375, 0.349325925926
LYS, 8, 28.320, 0.840915, -79803.796875, 0.242707407407
MET, 8, 25.808, 0.813034, -80610.828125, 0.221622222222
PHE, 6, 26.960, 0.83021, -78549.742188, 0.339081481481
PRO, 6, 27.016, 0.825514, -79799.820312, 0.268974074074
SER, 6, 28.257, 0.831462, -80088.437500, 0.234703703704
THR, 13, 26.069, 0.851231, -79521.906250, 0.375159259259
TRP, 7, 28.296, 0.896663, -80390.398438, 0.314955555556
TYR, 4, 28.461, 0.847833, -79838.781250, 0.270355555556
VAL, 6, 26.825, 0.848242, -80726.281250, 0.221659259259
