AMINO ACID, DSSP, SASA, GYRATE, ENERGY, RMSF
ALA, 9, 27.226, 0.850187, -79993.812500, 0.251659259259
ARG, 9, 25.527, 0.827632, -80820.593750, 0.298462962963
ASN, 10, 26.563, 0.817451, -80250.343750, 0.210481481481
ASP, 10, 27.271, 0.835648, -79519.484375, 0.207903703704
CYS, 8, 25.949, 0.791967, -79872.234375, 0.307162962963
GLN, 6, 27.986, 0.836739, -80209.898438, 0.290562962963
GLU, 4, 26.091, 0.81831, -80456.679688, 0.207940740741
GLY, 6, 25.740, 0.842026, -80376.085938, 0.230159259259
HIS, 12, 28.151, 0.840964, -79891.796875, 0.336788888889
ILE, 7, 28.362, 0.833639, -80440.609375, 0.278788888889
LEU, 12, 26.507, 0.84102, -79726.562500, 0.349325925926
LYS, 6, 29.529, 0.847934, -80379.531250, 0.242707407407
MET, 8, 25.055, 0.822483, -80341.117188, 0.221622222222
PHE, 4, 26.086, 0.812148, -78909.968750, 0.339081481481
PRO, 6, 26.803, 0.830128, -79890.289062, 0.268974074074
SER, 6, 25.879, 0.810426, -80852.585938, 0.234703703704
THR, 12, 26.391, 0.845622, -80773.765625, 0.375159259259
TRP, 7, 27.988, 0.909656, -79902.773438, 0.314955555556
TYR, 9, 30.135, 0.857389, -78348.093750, 0.270355555556
VAL, 6, 25.223, 0.839221, -79553.125000, 0.221659259259
