AMINO ACID, DSSP, SASA, GYRATE, ENERGY, RMSF
ALA, 5, 26.977, 0.857913, -80450.984375, 0.251659259259
ARG, 9, 26.133, 0.825831, -81156.359375, 0.298462962963
ASN, 6, 28.442, 0.821843, -80651.695312, 0.210481481481
ASP, 8, 25.617, 0.801781, -80480.234375, 0.207903703704
CYS, 7, 25.965, 0.808116, -80885.835938, 0.307162962963
GLN, 8, 27.827, 0.8592, -80589.031250, 0.290562962963
GLU, 7, 25.331, 0.805806, -79880.632812, 0.207940740741
GLY, 9, 26.714, 0.832608, -80809.570312, 0.230159259259
HIS, 6, 24.974, 0.814503, -80480.906250, 0.336788888889
ILE, 8, 26.132, 0.815166, -79949.171875, 0.278788888889
LEU, 10, 28.921, 0.843518, -79262.351562, 0.349325925926
LYS, 6, 28.205, 0.839527, -80977.382812, 0.242707407407
MET, 8, 25.173, 0.81314, -80222.203125, 0.221622222222
PHE, 7, 23.377, 0.816435, -79177.265625, 0.339081481481
PRO, 8, 25.060, 0.805303, -80734.460938, 0.268974074074
SER, 8, 26.426, 0.82275, -80822.203125, 0.234703703704
THR, 10, 26.672, 0.858023, -79567.820312, 0.375159259259
TRP, 9, 30.407, 0.889963, -80081.968750, 0.314955555556
TYR, 6, 27.516, 0.834102, -79721.515625, 0.270355555556
VAL, 6, 25.902, 0.829473, -80303.171875, 0.221659259259
