AMINO ACID, DSSP, SASA, GYRATE, ENERGY, RMSF
ALA, 11, 26.112, 0.838145, -80303.875000, 0.251659259259
ARG, 7, 25.689, 0.817255, -81469.492188, 0.298462962963
ASN, 10, 27.061, 0.823421, -81049.007812, 0.210481481481
ASP, 8, 26.005, 0.811415, -81025.875000, 0.207903703704
CYS, 7, 26.309, 0.829529, -80117.101562, 0.307162962963
GLN, 6, 28.384, 0.878884, -79811.421875, 0.290562962963
GLU, 9, 25.273, 0.81837, -80478.140625, 0.207940740741
GLY, 7, 26.628, 0.81521, -80166.109375, 0.230159259259
HIS, 12, 27.308, 0.830451, -80188.070312, 0.336788888889
ILE, 9, 24.990, 0.805417, -80436.804688, 0.278788888889
LEU, 10, 28.760, 0.849735, -80170.250000, 0.349325925926
LYS, 6, 29.611, 0.855129, -80561.203125, 0.242707407407
MET, 8, 25.579, 0.815729, -79974.734375, 0.221622222222
PHE, 3, 24.972, 0.816388, -80973.250000, 0.339081481481
PRO, 6, 26.323, 0.822621, -80809.703125, 0.268974074074
SER, 6, 26.302, 0.824529, -80639.421875, 0.234703703704
THR, 10, 27.779, 0.870587, -80835.523438, 0.375159259259
TRP, 9, 28.356, 0.884553, -78833.335938, 0.314955555556
TYR, 6, 27.314, 0.819515, -79623.289062, 0.270355555556
VAL, 10, 25.912, 0.831584, -80738.804688, 0.221659259259
