AMINO ACID, DSSP, SASA, GYRATE, ENERGY, RMSF
ALA, 8, 27.907, 0.848935, -79398.664062, 0.251659259259
ARG, 12, 24.782, 0.813554, -81348.953125, 0.298462962963
ASN, 10, 26.588, 0.821182, -80207.453125, 0.210481481481
ASP, 8, 25.508, 0.807045, -79853.218750, 0.207903703704
CYS, 9, 26.230, 0.82826, -80761.367188, 0.307162962963
GLN, 9, 27.790, 0.863724, -79940.250000, 0.290562962963
GLU, 2, 26.231, 0.823069, -80050.539062, 0.207940740741
GLY, 8, 25.345, 0.810773, -80361.218750, 0.230159259259
HIS, 10, 26.867, 0.821591, -80562.296875, 0.336788888889
ILE, 11, 26.608, 0.806606, -80285.203125, 0.278788888889
LEU, 10, 28.006, 0.855513, -80044.453125, 0.349325925926
LYS, 6, 28.729, 0.832628, -80549.898438, 0.242707407407
MET, 8, 26.430, 0.81834, -79129.968750, 0.221622222222
PHE, 7, 24.487, 0.815489, -80109.390625, 0.339081481481
PRO, 6, 26.992, 0.821001, -79896.250000, 0.268974074074
SER, 8, 25.814, 0.81768, -80430.828125, 0.234703703704
THR, 12, 26.416, 0.850749, -80528.296875, 0.375159259259
TRP, 9, 28.156, 0.899127, -79601.437500, 0.314955555556
TYR, 8, 25.025, 0.808319, -79670.726562, 0.270355555556
VAL, 8, 25.276, 0.836462, -79324.500000, 0.221659259259
