AMINO ACID, DSSP, SASA, GYRATE, ENERGY, RMSF
ALA, 7, 27.168, 0.842662, -81252.062500, 0.251659259259
ARG, 11, 24.615, 0.81767, -80642.625000, 0.298462962963
ASN, 8, 26.214, 0.808327, -80802.453125, 0.210481481481
ASP, 11, 25.975, 0.818241, -79494.281250, 0.207903703704
CYS, 9, 27.346, 0.828658, -79388.062500, 0.307162962963
GLN, 9, 28.365, 0.865246, -79999.093750, 0.290562962963
GLU, 2, 26.766, 0.818806, -80797.187500, 0.207940740741
GLY, 8, 25.364, 0.815902, -80509.710938, 0.230159259259
HIS, 8, 25.898, 0.823043, -79807.796875, 0.336788888889
ILE, 11, 26.092, 0.808793, -80283.679688, 0.278788888889
LEU, 7, 26.683, 0.847025, -80269.039062, 0.349325925926
LYS, 6, 28.409, 0.84124, -79947.960938, 0.242707407407
MET, 8, 26.649, 0.817342, -79784.164062, 0.221622222222
PHE, 4, 25.204, 0.833572, -79480.734375, 0.339081481481
PRO, 6, 26.273, 0.815136, -80704.953125, 0.268974074074
SER, 8, 25.293, 0.81658, -80777.093750, 0.234703703704
THR, 10, 25.678, 0.84914, -80818.773438, 0.375159259259
TRP, 9, 28.486, 0.900146, -80637.460938, 0.314955555556
TYR, 8, 25.360, 0.809031, -79890.351562, 0.270355555556
VAL, 8, 26.041, 0.834222, -80768.859375, 0.221659259259
