AMINO ACID, DSSP, SASA, GYRATE, ENERGY, RMSF
ALA, 4, 26.239, 0.85708, -80474.601562, 0.251659259259
ARG, 6, 27.670, 0.837273, -80647.687500, 0.298462962963
ASN, 6, 27.660, 0.851217, -80611.437500, 0.210481481481
ASP, 9, 26.118, 0.820858, -80163.625000, 0.207903703704
CYS, 8, 26.466, 0.839058, -79989.484375, 0.307162962963
GLN, 2, 26.738, 0.828307, -79535.914062, 0.290562962963
GLU, 6, 26.523, 0.840431, -80782.156250, 0.207940740741
GLY, 10, 25.777, 0.814113, -80345.250000, 0.230159259259
HIS, 11, 25.328, 0.833035, -79140.500000, 0.336788888889
ILE, 12, 29.261, 0.856274, -80485.656250, 0.278788888889
LEU, 10, 25.607, 0.800163, -80958.750000, 0.349325925926
LYS, 11, 27.524, 0.828514, -80731.531250, 0.242707407407
MET, 7, 26.507, 0.833731, -79433.953125, 0.221622222222
PHE, 12, 24.529, 0.784044, -79967.585938, 0.339081481481
PRO, 4, 26.319, 0.837315, -80151.140625, 0.268974074074
SER, 12, 25.013, 0.805109, -80298.406250, 0.234703703704
THR, 4, 26.636, 0.843953, -80390.140625, 0.375159259259
TRP, 8, 26.852, 0.841667, -79075.750000, 0.314955555556
TYR, 9, 26.363, 0.861248, -80523.421875, 0.270355555556
VAL, 8, 25.930, 0.828239, -80706.906250, 0.221659259259
