AMINO ACID, DSSP, SASA, GYRATE, ENERGY, RMSF
ALA, 8, 26.506, 0.857995, -80018.703125, 0.251659259259
ARG, 6, 28.373, 0.844433, -80733.421875, 0.298462962963
ASN, 6, 28.183, 0.853833, -80297.359375, 0.210481481481
ASP, 9, 26.668, 0.823138, -80281.890625, 0.207903703704
CYS, 6, 27.455, 0.844848, -79535.437500, 0.307162962963
GLN, 4, 25.767, 0.830155, -79902.875000, 0.290562962963
GLU, 10, 27.124, 0.842024, -80161.484375, 0.207940740741
GLY, 8, 25.741, 0.820612, -80764.140625, 0.230159259259
HIS, 10, 25.709, 0.832384, -80920.015625, 0.336788888889
ILE, 12, 28.752, 0.85133, -81139.718750, 0.278788888889
LEU, 10, 25.037, 0.795946, -80345.906250, 0.349325925926
LYS, 8, 28.417, 0.837373, -79958.375000, 0.242707407407
MET, 10, 26.198, 0.827419, -80222.843750, 0.221622222222
PHE, 11, 24.546, 0.790632, -80586.390625, 0.339081481481
PRO, 6, 25.200, 0.842038, -80982.289062, 0.268974074074
SER, 12, 26.397, 0.822663, -81213.078125, 0.234703703704
THR, 8, 27.147, 0.848658, -79788.625000, 0.375159259259
TRP, 6, 26.882, 0.832968, -78711.390625, 0.314955555556
TYR, 7, 27.500, 0.865649, -80588.515625, 0.270355555556
VAL, 10, 25.691, 0.817943, -79357.054688, 0.221659259259
