AMINO ACID, DSSP, SASA, GYRATE, ENERGY, RMSF
ALA, 2, 26.729, 0.84906, -79936.179688, 0.251659259259
ARG, 9, 26.139, 0.82379, -80439.078125, 0.298462962963
ASN, 7, 28.070, 0.834018, -80314.625000, 0.210481481481
ASP, 14, 26.403, 0.815567, -79851.562500, 0.207903703704
CYS, 11, 25.243, 0.789482, -80099.414062, 0.307162962963
GLN, 10, 28.220, 0.847263, -80019.117188, 0.290562962963
GLU, 6, 27.112, 0.824727, -80504.757812, 0.207940740741
GLY, 11, 24.693, 0.809297, -80242.679688, 0.230159259259
HIS, 8, 27.606, 0.837064, -79839.296875, 0.336788888889
ILE, 8, 26.142, 0.812917, -80117.187500, 0.278788888889
LEU, 10, 26.083, 0.843884, -80358.929688, 0.349325925926
LYS, 6, 27.857, 0.841328, -80933.085938, 0.242707407407
MET, 10, 25.468, 0.808926, -78958.695312, 0.221622222222
PHE, 4, 25.384, 0.812695, -80900.656250, 0.339081481481
PRO, 12, 26.325, 0.796908, -79428.640625, 0.268974074074
SER, 6, 25.403, 0.820854, -79279.562500, 0.234703703704
THR, 8, 28.355, 0.861867, -80330.218750, 0.375159259259
TRP, 7, 29.879, 0.895376, -80079.546875, 0.314955555556
TYR, 2, 26.687, 0.82958, -79973.898438, 0.270355555556
VAL, 10, 25.998, 0.842374, -80736.890625, 0.221659259259
