AMINO ACID, DSSP, SASA, GYRATE, ENERGY, RMSF
ALA, 2, 26.904, 0.85846, -80631.054688, 0.251659259259
ARG, 11, 26.196, 0.829186, -80762.132812, 0.298462962963
ASN, 8, 28.330, 0.843715, -80294.195312, 0.210481481481
ASP, 8, 25.545, 0.818775, -81273.578125, 0.207903703704
CYS, 8, 26.647, 0.810877, -79481.328125, 0.307162962963
GLN, 9, 28.881, 0.870323, -80198.625000, 0.290562962963
GLU, 9, 26.536, 0.820678, -79365.890625, 0.207940740741
GLY, 8, 27.168, 0.824132, -80791.203125, 0.230159259259
HIS, 8, 27.357, 0.833912, -80204.109375, 0.336788888889
ILE, 8, 27.218, 0.81214, -79857.945312, 0.278788888889
LEU, 10, 27.449, 0.846675, -80289.046875, 0.349325925926
LYS, 8, 27.606, 0.835086, -80671.750000, 0.242707407407
MET, 6, 25.852, 0.829945, -79968.406250, 0.221622222222
PHE, 7, 25.216, 0.821979, -80543.687500, 0.339081481481
PRO, 12, 25.557, 0.807617, -79727.875000, 0.268974074074
SER, 8, 25.234, 0.804207, -81170.632812, 0.234703703704
THR, 8, 26.358, 0.855339, -79682.312500, 0.375159259259
TRP, 5, 30.096, 0.910142, -80132.031250, 0.314955555556
TYR, 6, 26.588, 0.826013, -80397.460938, 0.270355555556
VAL, 8, 25.249, 0.829536, -80887.312500, 0.221659259259
