AMINO ACID, DSSP, SASA, GYRATE, ENERGY, RMSF
ALA, 4, 26.472, 0.848519, -81053.937500, 0.251659259259
ARG, 6, 27.264, 0.82508, -80737.140625, 0.298462962963
ASN, 6, 28.556, 0.858285, -80007.218750, 0.210481481481
ASP, 13, 24.381, 0.809382, -79602.906250, 0.207903703704
CYS, 11, 27.728, 0.845054, -79977.265625, 0.307162962963
GLN, 6, 26.251, 0.816285, -80436.906250, 0.290562962963
GLU, 8, 27.761, 0.842079, -80856.203125, 0.207940740741
GLY, 8, 25.841, 0.825724, -79894.062500, 0.230159259259
HIS, 10, 26.680, 0.832566, -79333.585938, 0.336788888889
ILE, 6, 29.447, 0.860952, -80457.398438, 0.278788888889
LEU, 10, 24.827, 0.796528, -80849.812500, 0.349325925926
LYS, 8, 27.166, 0.829936, -80826.429688, 0.242707407407
MET, 5, 28.018, 0.837739, -79608.890625, 0.221622222222
PHE, 12, 25.520, 0.802593, -80164.335938, 0.339081481481
PRO, 4, 24.899, 0.837038, -80935.851562, 0.268974074074
SER, 12, 26.516, 0.808622, -79827.625000, 0.234703703704
THR, 4, 28.147, 0.852493, -80398.343750, 0.375159259259
TRP, 10, 26.688, 0.826556, -79394.468750, 0.314955555556
TYR, 9, 27.570, 0.854711, -80473.242188, 0.270355555556
VAL, 10, 25.014, 0.812686, -79752.976562, 0.221659259259
