AMINO ACID, DSSP, SASA, GYRATE, ENERGY, RMSF
ALA, 6, 26.136, 0.837735, -80153.742188, 0.251659259259
ARG, 9, 25.667, 0.823818, -79849.460938, 0.298462962963
ASN, 10, 27.526, 0.824465, -80869.890625, 0.210481481481
ASP, 10, 24.898, 0.826517, -80517.968750, 0.207903703704
CYS, 10, 25.215, 0.792698, -80831.156250, 0.307162962963
GLN, 9, 27.444, 0.863961, -81120.796875, 0.290562962963
GLU, 8, 26.411, 0.813426, -80853.015625, 0.207940740741
GLY, 6, 25.416, 0.813806, -80043.460938, 0.230159259259
HIS, 12, 27.619, 0.842441, -79436.867188, 0.336788888889
ILE, 8, 25.665, 0.823283, -80652.828125, 0.278788888889
LEU, 13, 26.974, 0.833071, -79650.656250, 0.349325925926
LYS, 10, 26.929, 0.824825, -80640.226562, 0.242707407407
MET, 6, 25.657, 0.837185, -79754.414062, 0.221622222222
PHE, 0, 25.420, 0.821759, -79312.414062, 0.339081481481
PRO, 10, 26.515, 0.806726, -80331.406250, 0.268974074074
SER, 8, 25.059, 0.80257, -79998.992188, 0.234703703704
THR, 6, 26.156, 0.875018, -79842.843750, 0.375159259259
TRP, 7, 30.077, 0.919651, -80281.632812, 0.314955555556
TYR, 8, 26.624, 0.84384, -79871.531250, 0.270355555556
VAL, 8, 25.039, 0.832188, -79596.609375, 0.221659259259
