AMINO ACID, DSSP, SASA, GYRATE, ENERGY, RMSF
ALA, 4, 25.886, 0.833318, -80543.734375, 0.251659259259
ARG, 11, 26.365, 0.824193, -81175.265625, 0.298462962963
ASN, 6, 24.747, 0.814255, -79494.976562, 0.210481481481
ASP, 12, 25.015, 0.820263, -80033.648438, 0.207903703704
CYS, 10, 24.946, 0.800796, -80773.640625, 0.307162962963
GLN, 8, 27.796, 0.853245, -80278.953125, 0.290562962963
GLU, 4, 27.198, 0.827546, -80130.843750, 0.207940740741
GLY, 6, 25.086, 0.826082, -79601.359375, 0.230159259259
HIS, 4, 26.126, 0.831492, -79588.992188, 0.336788888889
ILE, 6, 26.387, 0.822542, -80743.554688, 0.278788888889
LEU, 10, 28.937, 0.861233, -79968.421875, 0.349325925926
LYS, 8, 26.906, 0.814774, -80937.218750, 0.242707407407
MET, 6, 25.516, 0.835491, -80493.585938, 0.221622222222
PHE, 5, 26.055, 0.84426, -80482.210938, 0.339081481481
PRO, 8, 26.710, 0.82144, -80505.203125, 0.268974074074
SER, 8, 24.925, 0.815717, -80255.539062, 0.234703703704
THR, 6, 27.159, 0.870989, -80195.765625, 0.375159259259
TRP, 7, 28.853, 0.900504, -79233.968750, 0.314955555556
TYR, 4, 26.800, 0.831157, -80927.789062, 0.270355555556
VAL, 8, 24.832, 0.8263, -80376.015625, 0.221659259259
