AMINO ACID, DSSP, SASA, GYRATE, ENERGY, RMSF
ALA, 7, 25.416, 0.84742, -81223.875000, 0.251659259259
ARG, 6, 27.940, 0.831038, -79320.007812, 0.298462962963
ASN, 6, 27.515, 0.844442, -80158.312500, 0.210481481481
ASP, 9, 25.537, 0.813351, -79338.007812, 0.207903703704
CYS, 8, 27.497, 0.855632, -79940.609375, 0.307162962963
GLN, 8, 26.804, 0.821175, -80389.046875, 0.290562962963
GLU, 2, 27.683, 0.859048, -79444.898438, 0.207940740741
GLY, 8, 26.062, 0.822038, -79945.640625, 0.230159259259
HIS, 10, 26.315, 0.840883, -80074.679688, 0.336788888889
ILE, 10, 28.406, 0.856927, -79981.046875, 0.278788888889
LEU, 10, 25.201, 0.805919, -80254.671875, 0.349325925926
LYS, 8, 28.473, 0.835186, -79445.953125, 0.242707407407
MET, 7, 27.510, 0.838213, -79839.273438, 0.221622222222
PHE, 12, 24.615, 0.797622, -79655.078125, 0.339081481481
PRO, 5, 25.385, 0.837396, -79801.101562, 0.268974074074
SER, 12, 26.241, 0.809595, -80774.734375, 0.234703703704
THR, 8, 28.427, 0.848091, -80303.859375, 0.375159259259
TRP, 8, 28.098, 0.847851, -80277.968750, 0.314955555556
TYR, 9, 28.081, 0.859677, -79353.835938, 0.270355555556
VAL, 8, 25.865, 0.823814, -79741.054688, 0.221659259259
