AMINO ACID, DSSP, SASA, GYRATE, ENERGY, RMSF
ALA, 4, 26.834, 0.84697, -79489.031250, 0.251659259259
ARG, 11, 25.139, 0.819745, -81521.750000, 0.298462962963
ASN, 6, 25.519, 0.817276, -80613.703125, 0.210481481481
ASP, 8, 25.523, 0.80937, -80149.453125, 0.207903703704
CYS, 10, 24.230, 0.79289, -80408.304688, 0.307162962963
GLN, 8, 26.923, 0.856869, -79791.257812, 0.290562962963
GLU, 0, 27.411, 0.842159, -79967.546875, 0.207940740741
GLY, 6, 25.196, 0.796911, -80614.437500, 0.230159259259
HIS, 10, 27.638, 0.843513, -80191.500000, 0.336788888889
ILE, 6, 26.355, 0.820005, -80446.398438, 0.278788888889
LEU, 10, 27.491, 0.854287, -80069.562500, 0.349325925926
LYS, 8, 26.838, 0.832702, -80129.335938, 0.242707407407
MET, 8, 25.765, 0.81629, -81121.234375, 0.221622222222
PHE, 4, 25.709, 0.824434, -79438.601562, 0.339081481481
PRO, 12, 26.868, 0.829728, -80174.679688, 0.268974074074
SER, 6, 24.755, 0.818927, -81178.210938, 0.234703703704
THR, 4, 26.052, 0.850743, -79556.718750, 0.375159259259
TRP, 7, 29.272, 0.89188, -79485.781250, 0.314955555556
TYR, 6, 25.626, 0.810963, -79698.609375, 0.270355555556
VAL, 10, 26.767, 0.857412, -79130.593750, 0.221659259259
