AMINO ACID, DSSP, SASA, GYRATE, ENERGY, RMSF
ALA, 4, 28.029, 0.855872, -79501.101562, 0.251659259259
ARG, 11, 25.952, 0.82858, -81239.242188, 0.298462962963
ASN, 8, 25.580, 0.813281, -80313.640625, 0.210481481481
ASP, 9, 23.963, 0.799285, -79791.187500, 0.207903703704
CYS, 10, 24.958, 0.791793, -81192.273438, 0.307162962963
GLN, 7, 29.254, 0.870669, -79830.781250, 0.290562962963
GLU, 0, 28.813, 0.850871, -80054.390625, 0.207940740741
GLY, 6, 25.081, 0.808401, -80455.570312, 0.230159259259
HIS, 12, 28.860, 0.836655, -79273.148438, 0.336788888889
ILE, 4, 26.372, 0.813928, -81039.757812, 0.278788888889
LEU, 8, 27.778, 0.863162, -80845.812500, 0.349325925926
LYS, 8, 26.296, 0.833221, -80779.757812, 0.242707407407
MET, 8, 25.333, 0.811848, -80144.945312, 0.221622222222
PHE, 4, 25.006, 0.818424, -79376.140625, 0.339081481481
PRO, 11, 25.415, 0.812388, -80720.500000, 0.268974074074
SER, 6, 25.220, 0.815614, -81232.929688, 0.234703703704
THR, 6, 27.371, 0.868778, -80065.429688, 0.375159259259
TRP, 7, 30.362, 0.892439, -80512.273438, 0.314955555556
TYR, 8, 25.856, 0.805991, -80764.375000, 0.270355555556
VAL, 8, 27.053, 0.858498, -80563.359375, 0.221659259259
