AMINO ACID, DSSP, SASA, GYRATE, ENERGY, RMSF
ALA, 6, 26.883, 0.844261, -81263.703125, 0.251659259259
ARG, 11, 25.906, 0.824281, -80691.203125, 0.298462962963
ASN, 8, 25.233, 0.817338, -79899.554688, 0.210481481481
ASP, 10, 24.631, 0.813747, -80432.007812, 0.207903703704
CYS, 10, 24.640, 0.786582, -80189.398438, 0.307162962963
GLN, 4, 28.071, 0.886064, -80221.390625, 0.290562962963
GLU, 0, 28.823, 0.85338, -80279.000000, 0.207940740741
GLY, 6, 26.608, 0.814937, -80048.718750, 0.230159259259
HIS, 8, 26.180, 0.830469, -80108.015625, 0.336788888889
ILE, 6, 26.046, 0.815841, -80035.046875, 0.278788888889
LEU, 8, 27.867, 0.854289, -80246.218750, 0.349325925926
LYS, 10, 27.167, 0.835696, -80525.203125, 0.242707407407
MET, 6, 26.586, 0.842089, -80069.632812, 0.221622222222
PHE, 2, 25.332, 0.815997, -79680.296875, 0.339081481481
PRO, 12, 25.086, 0.813135, -79802.812500, 0.268974074074
SER, 6, 24.499, 0.804704, -79859.812500, 0.234703703704
THR, 4, 28.558, 0.854835, -80340.742188, 0.375159259259
TRP, 7, 30.042, 0.881312, -79814.718750, 0.314955555556
TYR, 2, 26.049, 0.818094, -80304.859375, 0.270355555556
VAL, 10, 27.592, 0.863347, -79952.335938, 0.221659259259
