AMINO ACID, DSSP, SASA, GYRATE, ENERGY, RMSF
ALA, 4, 26.191, 0.84293, -80503.781250, 0.251659259259
ARG, 9, 25.954, 0.813338, -80699.507812, 0.298462962963
ASN, 13, 25.584, 0.806551, -80687.421875, 0.210481481481
ASP, 6, 25.430, 0.829232, -79681.796875, 0.207903703704
CYS, 10, 23.757, 0.787699, -80805.453125, 0.307162962963
GLN, 6, 28.790, 0.876763, -80803.125000, 0.290562962963
GLU, 0, 30.590, 0.850213, -80122.343750, 0.207940740741
GLY, 6, 26.590, 0.819882, -80781.296875, 0.230159259259
HIS, 10, 27.310, 0.842205, -79856.734375, 0.336788888889
ILE, 6, 25.012, 0.810183, -80146.812500, 0.278788888889
LEU, 8, 28.861, 0.861266, -80455.617188, 0.349325925926
LYS, 10, 25.964, 0.815695, -81462.390625, 0.242707407407
MET, 6, 25.840, 0.829191, -80068.312500, 0.221622222222
PHE, 6, 25.019, 0.821602, -80044.257812, 0.339081481481
PRO, 12, 26.771, 0.812714, -80301.164062, 0.268974074074
SER, 8, 26.288, 0.825294, -80899.640625, 0.234703703704
THR, 2, 26.807, 0.847254, -80458.718750, 0.375159259259
TRP, 7, 30.055, 0.89724, -79356.781250, 0.314955555556
TYR, 6, 25.750, 0.813937, -79636.687500, 0.270355555556
VAL, 10, 28.733, 0.873162, -79309.500000, 0.221659259259
