AMINO ACID, DSSP, SASA, GYRATE, ENERGY, RMSF
ALA, 7, 25.163, 0.844119, -79913.335938, 0.251659259259
ARG, 8, 28.093, 0.831506, -80860.703125, 0.298462962963
ASN, 4, 29.158, 0.857065, -80902.078125, 0.210481481481
ASP, 11, 24.970, 0.809131, -79655.742188, 0.207903703704
CYS, 9, 26.102, 0.848341, -80551.750000, 0.307162962963
GLN, 4, 25.712, 0.818417, -80811.960938, 0.290562962963
GLU, 6, 28.272, 0.847359, -80364.359375, 0.207940740741
GLY, 10, 26.919, 0.823096, -79061.656250, 0.230159259259
HIS, 8, 26.563, 0.825337, -80347.765625, 0.336788888889
ILE, 6, 28.149, 0.848597, -79301.476562, 0.278788888889
LEU, 12, 24.330, 0.795498, -80073.781250, 0.349325925926
LYS, 7, 28.367, 0.845393, -80167.687500, 0.242707407407
MET, 7, 26.665, 0.832195, -80065.109375, 0.221622222222
PHE, 9, 24.286, 0.785452, -80587.171875, 0.339081481481
PRO, 6, 24.780, 0.827316, -80547.445312, 0.268974074074
SER, 10, 26.271, 0.811711, -80645.304688, 0.234703703704
THR, 8, 29.463, 0.850092, -80037.312500, 0.375159259259
TRP, 8, 27.931, 0.838464, -79712.031250, 0.314955555556
TYR, 9, 26.433, 0.848392, -80356.796875, 0.270355555556
VAL, 10, 24.448, 0.814661, -80504.265625, 0.221659259259
