AMINO ACID, DSSP, SASA, GYRATE, ENERGY, RMSF
ALA, 6, 27.149, 0.837586, -80148.000000, 0.251659259259
ARG, 9, 25.882, 0.821194, -80974.382812, 0.298462962963
ASN, 6, 26.096, 0.81159, -80384.132812, 0.210481481481
ASP, 11, 26.250, 0.833633, -80613.515625, 0.207903703704
CYS, 8, 24.779, 0.791296, -80391.875000, 0.307162962963
GLN, 7, 27.458, 0.86501, -79904.570312, 0.290562962963
GLU, 4, 27.542, 0.831968, -80163.773438, 0.207940740741
GLY, 6, 27.226, 0.830147, -79656.531250, 0.230159259259
HIS, 10, 28.286, 0.839195, -80478.882812, 0.336788888889
ILE, 6, 24.689, 0.804776, -79921.671875, 0.278788888889
LEU, 10, 29.181, 0.87255, -79737.781250, 0.349325925926
LYS, 10, 27.241, 0.827833, -80398.015625, 0.242707407407
MET, 6, 26.956, 0.840194, -80216.250000, 0.221622222222
PHE, 2, 26.010, 0.840431, -79514.734375, 0.339081481481
PRO, 10, 26.012, 0.819929, -80360.671875, 0.268974074074
SER, 6, 27.070, 0.830323, -80493.421875, 0.234703703704
THR, 4, 27.976, 0.84966, -80328.257812, 0.375159259259
TRP, 5, 29.462, 0.913549, -79882.031250, 0.314955555556
TYR, 6, 27.623, 0.831225, -79684.445312, 0.270355555556
VAL, 10, 26.180, 0.839155, -79264.093750, 0.221659259259
