AMINO ACID, DSSP, SASA, GYRATE, ENERGY, RMSF
ALA, 4, 27.078, 0.837491, -80277.515625, 0.251659259259
ARG, 11, 24.898, 0.817901, -80048.890625, 0.298462962963
ASN, 6, 24.953, 0.80873, -80449.218750, 0.210481481481
ASP, 10, 26.118, 0.830229, -80007.414062, 0.207903703704
CYS, 10, 25.070, 0.792523, -80675.328125, 0.307162962963
GLN, 5, 29.374, 0.873625, -80234.859375, 0.290562962963
GLU, 0, 28.680, 0.845953, -80219.453125, 0.207940740741
GLY, 9, 26.579, 0.818991, -79112.281250, 0.230159259259
HIS, 6, 27.595, 0.847418, -80133.867188, 0.336788888889
ILE, 8, 25.912, 0.80972, -80110.015625, 0.278788888889
LEU, 4, 27.705, 0.858227, -80516.695312, 0.349325925926
LYS, 2, 27.402, 0.82619, -81365.468750, 0.242707407407
MET, 6, 26.212, 0.837541, -80314.265625, 0.221622222222
PHE, 6, 27.225, 0.830648, -81082.250000, 0.339081481481
PRO, 10, 26.716, 0.843893, -79849.312500, 0.268974074074
SER, 6, 24.879, 0.811946, -80157.718750, 0.234703703704
THR, 2, 27.247, 0.873906, -81367.187500, 0.375159259259
TRP, 5, 32.289, 0.916625, -79755.843750, 0.314955555556
TYR, 2, 26.875, 0.820964, -79743.750000, 0.270355555556
VAL, 10, 24.749, 0.834264, -79847.695312, 0.221659259259
