AMINO ACID, DSSP, SASA, GYRATE, ENERGY, RMSF
ALA, 4, 27.326, 0.845164, -80549.664062, 0.251659259259
ARG, 9, 24.996, 0.817864, -81149.265625, 0.298462962963
ASN, 10, 27.384, 0.830097, -80970.796875, 0.210481481481
ASP, 10, 26.134, 0.814257, -80418.164062, 0.207903703704
CYS, 12, 25.759, 0.786469, -80235.507812, 0.307162962963
GLN, 6, 28.918, 0.880406, -80427.070312, 0.290562962963
GLU, 2, 27.377, 0.830876, -79801.906250, 0.207940740741
GLY, 8, 25.147, 0.804404, -80504.843750, 0.230159259259
HIS, 13, 26.948, 0.843685, -80809.875000, 0.336788888889
ILE, 4, 26.787, 0.813067, -80134.328125, 0.278788888889
LEU, 10, 28.928, 0.852676, -79770.781250, 0.349325925926
LYS, 4, 28.233, 0.840898, -80718.000000, 0.242707407407
MET, 6, 25.282, 0.82583, -80144.187500, 0.221622222222
PHE, 4, 25.539, 0.825892, -80198.695312, 0.339081481481
PRO, 6, 27.464, 0.833918, -80186.281250, 0.268974074074
SER, 10, 26.370, 0.817008, -79587.640625, 0.234703703704
THR, 2, 26.920, 0.864189, -81255.507812, 0.375159259259
TRP, 5, 28.469, 0.876745, -80708.062500, 0.314955555556
TYR, 6, 26.923, 0.813859, -79591.976562, 0.270355555556
VAL, 10, 25.297, 0.827911, -80301.968750, 0.221659259259
