AMINO ACID, DSSP, SASA, GYRATE, ENERGY, RMSF
ALA, 5, 27.645, 0.848146, -79623.929688, 0.251659259259
ARG, 11, 27.433, 0.833685, -80479.648438, 0.298462962963
ASN, 8, 27.234, 0.832565, -80719.343750, 0.210481481481
ASP, 8, 26.157, 0.822336, -79925.148438, 0.207903703704
CYS, 10, 25.880, 0.80027, -79858.500000, 0.307162962963
GLN, 6, 27.496, 0.880328, -80537.812500, 0.290562962963
GLU, 2, 26.955, 0.841103, -79722.781250, 0.207940740741
GLY, 6, 24.850, 0.817642, -80239.468750, 0.230159259259
HIS, 8, 26.318, 0.843108, -80610.062500, 0.336788888889
ILE, 8, 26.843, 0.820328, -79241.625000, 0.278788888889
LEU, 10, 29.430, 0.880332, -79783.382812, 0.349325925926
LYS, 4, 26.851, 0.821459, -80375.968750, 0.242707407407
MET, 6, 24.998, 0.82854, -79847.937500, 0.221622222222
PHE, 2, 26.538, 0.826082, -80699.718750, 0.339081481481
PRO, 10, 26.508, 0.83663, -80908.484375, 0.268974074074
SER, 11, 25.931, 0.815024, -79199.859375, 0.234703703704
THR, 2, 28.203, 0.875327, -80927.031250, 0.375159259259
TRP, 7, 28.448, 0.863699, -79980.757812, 0.314955555556
TYR, 4, 26.848, 0.822351, -79492.781250, 0.270355555556
VAL, 10, 26.138, 0.840865, -80338.414062, 0.221659259259
