AMINO ACID, DSSP, SASA, GYRATE, ENERGY, RMSF
ALA, 9, 26.644, 0.844071, -79985.078125, 0.251659259259
ARG, 7, 26.431, 0.818563, -80983.210938, 0.298462962963
ASN, 6, 27.211, 0.833823, -80036.250000, 0.210481481481
ASP, 6, 24.659, 0.814004, -79917.679688, 0.207903703704
CYS, 11, 26.610, 0.813936, -80169.031250, 0.307162962963
GLN, 11, 29.002, 0.883586, -79803.765625, 0.290562962963
GLU, 2, 26.875, 0.828571, -80305.523438, 0.207940740741
GLY, 4, 25.549, 0.820386, -80035.257812, 0.230159259259
HIS, 8, 26.352, 0.839911, -80754.445312, 0.336788888889
ILE, 8, 26.553, 0.822991, -80077.203125, 0.278788888889
LEU, 4, 28.802, 0.877979, -80678.375000, 0.349325925926
LYS, 8, 27.549, 0.842615, -79645.765625, 0.242707407407
MET, 6, 26.849, 0.830197, -79326.781250, 0.221622222222
PHE, 7, 25.725, 0.832939, -79890.414062, 0.339081481481
PRO, 6, 27.066, 0.838266, -79289.273438, 0.268974074074
SER, 8, 26.908, 0.823394, -79196.171875, 0.234703703704
THR, 2, 26.281, 0.864175, -80734.718750, 0.375159259259
TRP, 5, 29.269, 0.857003, -80864.312500, 0.314955555556
TYR, 4, 26.037, 0.80779, -79522.859375, 0.270355555556
VAL, 10, 25.677, 0.8377, -79191.156250, 0.221659259259
