AMINO ACID, DSSP, SASA, GYRATE, ENERGY, RMSF
ALA, 7, 26.628, 0.84114, -80223.593750, 0.251659259259
ARG, 9, 26.555, 0.826898, -80956.023438, 0.298462962963
ASN, 8, 27.163, 0.831843, -81066.039062, 0.210481481481
ASP, 11, 27.387, 0.831485, -81360.609375, 0.207903703704
CYS, 10, 24.686, 0.804965, -80117.281250, 0.307162962963
GLN, 9, 29.157, 0.881615, -79440.906250, 0.290562962963
GLU, 2, 26.654, 0.815993, -80442.453125, 0.207940740741
GLY, 6, 25.392, 0.799404, -80854.468750, 0.230159259259
HIS, 6, 27.676, 0.856645, -80316.039062, 0.336788888889
ILE, 6, 26.628, 0.821149, -80733.750000, 0.278788888889
LEU, 8, 29.266, 0.866613, -80164.476562, 0.349325925926
LYS, 4, 27.571, 0.830165, -80979.867188, 0.242707407407
MET, 4, 26.751, 0.841792, -80998.562500, 0.221622222222
PHE, 4, 27.049, 0.836024, -80098.820312, 0.339081481481
PRO, 11, 25.371, 0.817381, -79741.375000, 0.268974074074
SER, 8, 25.148, 0.820418, -79949.312500, 0.234703703704
THR, 2, 27.971, 0.87891, -80333.265625, 0.375159259259
TRP, 5, 27.964, 0.848581, -79566.000000, 0.314955555556
TYR, 4, 27.718, 0.828213, -78798.492188, 0.270355555556
VAL, 6, 26.287, 0.851106, -80663.593750, 0.221659259259
