AMINO ACID, DSSP, SASA, GYRATE, ENERGY, RMSF
ALA, 8, 27.332, 0.846025, -79429.390625, 0.251659259259
ARG, 10, 29.254, 0.845445, -80846.203125, 0.298462962963
ASN, 8, 26.664, 0.820996, -80813.343750, 0.210481481481
ASP, 8, 25.157, 0.804859, -80192.578125, 0.207903703704
CYS, 12, 28.299, 0.833175, -79520.609375, 0.307162962963
GLN, 12, 26.934, 0.819549, -80193.406250, 0.290562962963
GLU, 6, 27.356, 0.856503, -79696.968750, 0.207940740741
GLY, 7, 28.133, 0.831198, -79745.851562, 0.230159259259
HIS, 12, 27.010, 0.818589, -79613.984375, 0.336788888889
ILE, 8, 26.505, 0.831684, -80172.765625, 0.278788888889
LEU, 10, 25.526, 0.805987, -80368.429688, 0.349325925926
LYS, 10, 28.171, 0.83342, -80561.867188, 0.242707407407
MET, 6, 27.357, 0.838319, -81144.476562, 0.221622222222
PHE, 2, 28.931, 0.818647, -80516.085938, 0.339081481481
PRO, 7, 26.911, 0.849728, -80287.218750, 0.268974074074
SER, 6, 28.191, 0.829634, -81160.140625, 0.234703703704
THR, 8, 26.713, 0.810322, -80127.250000, 0.375159259259
TRP, 8, 30.529, 0.87032, -80161.296875, 0.314955555556
TYR, 8, 25.716, 0.829819, -79690.101562, 0.270355555556
VAL, 6, 25.631, 0.80758, -80263.914062, 0.221659259259
