AMINO ACID, DSSP, SASA, GYRATE, ENERGY, RMSF
ALA, 4, 29.058, 0.857791, -80586.750000, 0.251659259259
ARG, 9, 28.506, 0.8299, -79788.375000, 0.298462962963
ASN, 6, 25.957, 0.828521, -80749.796875, 0.210481481481
ASP, 10, 25.815, 0.820474, -80792.750000, 0.207903703704
CYS, 9, 24.703, 0.794175, -79652.914062, 0.307162962963
GLN, 8, 26.682, 0.863688, -79631.531250, 0.290562962963
GLU, 2, 25.532, 0.818898, -79939.734375, 0.207940740741
GLY, 9, 26.121, 0.816735, -79764.328125, 0.230159259259
HIS, 6, 26.168, 0.806461, -79925.328125, 0.336788888889
ILE, 6, 26.819, 0.808349, -80109.593750, 0.278788888889
LEU, 4, 30.615, 0.873401, -80569.242188, 0.349325925926
LYS, 6, 27.945, 0.831257, -80710.640625, 0.242707407407
MET, 6, 25.639, 0.823965, -80984.937500, 0.221622222222
PHE, 6, 26.125, 0.813589, -80140.906250, 0.339081481481
PRO, 6, 27.224, 0.837941, -80498.820312, 0.268974074074
SER, 8, 24.922, 0.81016, -80839.585938, 0.234703703704
THR, 4, 27.432, 0.847258, -79850.203125, 0.375159259259
TRP, 5, 27.065, 0.851485, -78299.265625, 0.314955555556
TYR, 6, 26.529, 0.810524, -80574.226562, 0.270355555556
VAL, 8, 25.391, 0.825593, -79421.960938, 0.221659259259
