AMINO ACID, DSSP, SASA, GYRATE, ENERGY, RMSF
ALA, 6, 28.641, 0.861604, -80193.125000, 0.251659259259
ARG, 9, 27.677, 0.844838, -80696.859375, 0.298462962963
ASN, 4, 26.188, 0.824354, -80699.796875, 0.210481481481
ASP, 10, 25.585, 0.815623, -80540.773438, 0.207903703704
CYS, 11, 24.663, 0.793866, -79728.148438, 0.307162962963
GLN, 11, 27.444, 0.852446, -80934.007812, 0.290562962963
GLU, 2, 26.302, 0.82129, -80327.195312, 0.207940740741
GLY, 9, 25.818, 0.808238, -80298.281250, 0.230159259259
HIS, 4, 26.391, 0.80046, -80177.257812, 0.336788888889
ILE, 6, 25.116, 0.817294, -80964.625000, 0.278788888889
LEU, 6, 29.899, 0.855701, -80273.109375, 0.349325925926
LYS, 8, 28.620, 0.828854, -80950.898438, 0.242707407407
MET, 6, 26.219, 0.852092, -79946.859375, 0.221622222222
PHE, 7, 26.448, 0.834674, -80947.078125, 0.339081481481
PRO, 6, 26.715, 0.82726, -79915.937500, 0.268974074074
SER, 10, 26.347, 0.829967, -80199.015625, 0.234703703704
THR, 2, 27.002, 0.85363, -79723.312500, 0.375159259259
TRP, 0, 27.613, 0.86714, -78907.328125, 0.314955555556
TYR, 6, 26.357, 0.817305, -80496.296875, 0.270355555556
VAL, 8, 25.100, 0.831527, -81078.789062, 0.221659259259
