AMINO ACID, DSSP, SASA, GYRATE, ENERGY, RMSF
ALA, 8, 27.200, 0.84237, -80500.726562, 0.251659259259
ARG, 9, 25.361, 0.835375, -81048.765625, 0.298462962963
ASN, 6, 27.008, 0.847534, -80447.953125, 0.210481481481
ASP, 12, 24.952, 0.812031, -80360.250000, 0.207903703704
CYS, 7, 25.438, 0.812667, -79352.390625, 0.307162962963
GLN, 6, 27.312, 0.860787, -80642.335938, 0.290562962963
GLU, 4, 26.586, 0.826941, -79951.843750, 0.207940740741
GLY, 7, 24.856, 0.813465, -79734.773438, 0.230159259259
HIS, 8, 24.737, 0.809184, -81097.375000, 0.336788888889
ILE, 4, 26.156, 0.821568, -79502.085938, 0.278788888889
LEU, 8, 27.342, 0.83766, -80308.078125, 0.349325925926
LYS, 4, 28.600, 0.846321, -81608.921875, 0.242707407407
MET, 6, 25.711, 0.832334, -79801.281250, 0.221622222222
PHE, 9, 25.334, 0.807274, -80271.187500, 0.339081481481
PRO, 8, 26.192, 0.832673, -79736.179688, 0.268974074074
SER, 12, 26.352, 0.828178, -80297.648438, 0.234703703704
THR, 6, 24.789, 0.832578, -80510.812500, 0.375159259259
TRP, 2, 26.536, 0.852398, -79466.109375, 0.314955555556
TYR, 4, 28.333, 0.82517, -79708.531250, 0.270355555556
VAL, 10, 25.981, 0.837087, -80068.000000, 0.221659259259
