AMINO ACID, DSSP, SASA, GYRATE, ENERGY, RMSF
ALA, 4, 26.770, 0.846613, -80201.015625, 0.251659259259
ARG, 8, 28.636, 0.843892, -81308.984375, 0.298462962963
ASN, 8, 27.153, 0.82457, -80264.109375, 0.210481481481
ASP, 7, 26.055, 0.818053, -79875.226562, 0.207903703704
CYS, 10, 27.419, 0.858177, -81136.171875, 0.307162962963
GLN, 4, 26.560, 0.825753, -80498.156250, 0.290562962963
GLU, 4, 27.190, 0.841425, -80307.367188, 0.207940740741
GLY, 8, 24.712, 0.815824, -80460.218750, 0.230159259259
HIS, 14, 26.223, 0.843307, -80919.445312, 0.336788888889
ILE, 10, 27.611, 0.829613, -79125.367188, 0.278788888889
LEU, 6, 25.088, 0.800211, -79819.039062, 0.349325925926
LYS, 7, 28.347, 0.845999, -81325.242188, 0.242707407407
MET, 7, 27.984, 0.849346, -79414.609375, 0.221622222222
PHE, 10, 24.196, 0.793489, -80536.250000, 0.339081481481
PRO, 8, 26.267, 0.827268, -79808.226562, 0.268974074074
SER, 12, 24.953, 0.802657, -80765.171875, 0.234703703704
THR, 2, 27.602, 0.843288, -80617.015625, 0.375159259259
TRP, 8, 27.981, 0.854607, -79960.851562, 0.314955555556
TYR, 10, 28.316, 0.871951, -80217.687500, 0.270355555556
VAL, 6, 24.485, 0.813809, -80819.710938, 0.221659259259
