AMINO ACID, DSSP, SASA, GYRATE, ENERGY, RMSF
ALA, 6, 27.157, 0.863331, -80735.312500, 0.251659259259
ARG, 9, 25.734, 0.835867, -80588.109375, 0.298462962963
ASN, 4, 25.630, 0.818601, -79782.484375, 0.210481481481
ASP, 8, 25.744, 0.803832, -81102.070312, 0.207903703704
CYS, 8, 25.416, 0.812282, -80541.796875, 0.307162962963
GLN, 2, 27.921, 0.868619, -79948.570312, 0.290562962963
GLU, 4, 24.469, 0.811856, -79873.890625, 0.207940740741
GLY, 7, 25.966, 0.812632, -80297.875000, 0.230159259259
HIS, 8, 27.033, 0.818277, -80862.812500, 0.336788888889
ILE, 6, 26.363, 0.824601, -80457.703125, 0.278788888889
LEU, 6, 28.187, 0.859938, -79545.656250, 0.349325925926
LYS, 8, 28.306, 0.841732, -80235.640625, 0.242707407407
MET, 6, 25.645, 0.833955, -81034.164062, 0.221622222222
PHE, 5, 25.633, 0.827526, -79874.390625, 0.339081481481
PRO, 4, 27.848, 0.849601, -79660.742188, 0.268974074074
SER, 10, 26.586, 0.821088, -79613.007812, 0.234703703704
THR, 6, 26.663, 0.853592, -80475.125000, 0.375159259259
TRP, 7, 27.563, 0.853641, -80035.906250, 0.314955555556
TYR, 6, 24.785, 0.806446, -79552.531250, 0.270355555556
VAL, 10, 26.096, 0.83823, -80940.093750, 0.221659259259
