AMINO ACID, DSSP, SASA, GYRATE, ENERGY, RMSF
ALA, 10, 26.749, 0.841481, -79824.812500, 0.251659259259
ARG, 10, 27.580, 0.830213, -80677.000000, 0.298462962963
ASN, 4, 27.435, 0.827285, -80010.195312, 0.210481481481
ASP, 12, 23.919, 0.803901, -79739.625000, 0.207903703704
CYS, 10, 27.710, 0.823846, -80613.703125, 0.307162962963
GLN, 8, 25.959, 0.820958, -79269.695312, 0.290562962963
GLU, 8, 27.471, 0.857007, -80280.609375, 0.207940740741
GLY, 8, 26.409, 0.82747, -80670.773438, 0.230159259259
HIS, 8, 26.661, 0.835023, -80717.296875, 0.336788888889
ILE, 6, 27.625, 0.840485, -80994.687500, 0.278788888889
LEU, 12, 25.803, 0.803503, -80400.390625, 0.349325925926
LYS, 10, 26.477, 0.809335, -80612.406250, 0.242707407407
MET, 10, 26.979, 0.848771, -79515.937500, 0.221622222222
PHE, 6, 26.841, 0.819917, -80382.765625, 0.339081481481
PRO, 9, 27.368, 0.850428, -80982.656250, 0.268974074074
SER, 6, 26.299, 0.81667, -80197.421875, 0.234703703704
THR, 6, 26.273, 0.805913, -80360.843750, 0.375159259259
TRP, 8, 29.359, 0.863587, -80336.750000, 0.314955555556
TYR, 12, 26.445, 0.827239, -79908.281250, 0.270355555556
VAL, 8, 26.792, 0.82025, -80254.296875, 0.221659259259
