AMINO ACID, DSSP, SASA, GYRATE, ENERGY, RMSF
ALA, 6, 27.722, 0.850029, -79385.835938, 0.251659259259
ARG, 7, 26.774, 0.838246, -80348.718750, 0.298462962963
ASN, 4, 26.025, 0.813812, -80798.539062, 0.210481481481
ASP, 6, 25.872, 0.812778, -80472.718750, 0.207903703704
CYS, 9, 25.203, 0.811152, -80530.976562, 0.307162962963
GLN, 6, 28.129, 0.877852, -79814.164062, 0.290562962963
GLU, 2, 26.570, 0.827926, -79596.476562, 0.207940740741
GLY, 7, 26.741, 0.820024, -80245.390625, 0.230159259259
HIS, 6, 26.380, 0.831115, -80392.000000, 0.336788888889
ILE, 6, 25.681, 0.825391, -80435.109375, 0.278788888889
LEU, 6, 28.903, 0.866695, -79967.953125, 0.349325925926
LYS, 8, 28.052, 0.836838, -80107.601562, 0.242707407407
MET, 6, 26.239, 0.830042, -79351.601562, 0.221622222222
PHE, 4, 26.033, 0.822119, -79911.062500, 0.339081481481
PRO, 4, 26.240, 0.843927, -80140.031250, 0.268974074074
SER, 10, 25.710, 0.8146, -81707.750000, 0.234703703704
THR, 6, 26.769, 0.871935, -79529.601562, 0.375159259259
TRP, 5, 27.141, 0.860195, -80536.820312, 0.314955555556
TYR, 8, 25.406, 0.805981, -79954.265625, 0.270355555556
VAL, 8, 25.643, 0.821706, -79945.078125, 0.221659259259
