AMINO ACID, DSSP, SASA, GYRATE, ENERGY, RMSF
ALA, 6, 27.929, 0.84901, -80218.320312, 0.251659259259
ARG, 9, 25.064, 0.835122, -80770.820312, 0.298462962963
ASN, 2, 26.352, 0.831387, -80429.656250, 0.210481481481
ASP, 12, 25.801, 0.79888, -79449.312500, 0.207903703704
CYS, 8, 26.256, 0.811884, -79564.679688, 0.307162962963
GLN, 6, 27.362, 0.874876, -80370.515625, 0.290562962963
GLU, 6, 25.024, 0.816394, -79590.398438, 0.207940740741
GLY, 7, 24.589, 0.810996, -79443.625000, 0.230159259259
HIS, 10, 27.570, 0.825555, -80518.015625, 0.336788888889
ILE, 6, 26.494, 0.815193, -80495.789062, 0.278788888889
LEU, 8, 28.405, 0.873969, -79772.234375, 0.349325925926
LYS, 8, 26.804, 0.84443, -80669.062500, 0.242707407407
MET, 6, 26.520, 0.830682, -80767.984375, 0.221622222222
PHE, 2, 25.863, 0.823709, -80372.031250, 0.339081481481
PRO, 4, 26.766, 0.847916, -79743.906250, 0.268974074074
SER, 10, 27.245, 0.820607, -79848.109375, 0.234703703704
THR, 8, 26.923, 0.85588, -80054.437500, 0.375159259259
TRP, 5, 27.231, 0.854267, -79882.335938, 0.314955555556
TYR, 6, 24.916, 0.796472, -80721.695312, 0.270355555556
VAL, 8, 25.258, 0.823146, -80011.859375, 0.221659259259
