AMINO ACID, DSSP, SASA, GYRATE, ENERGY, RMSF
ALA, 2, 27.490, 0.866406, -80230.593750, 0.251659259259
ARG, 7, 26.970, 0.838202, -80194.328125, 0.298462962963
ASN, 4, 26.685, 0.830953, -79934.335938, 0.210481481481
ASP, 12, 25.821, 0.823973, -80364.023438, 0.207903703704
CYS, 7, 26.697, 0.80244, -80206.890625, 0.307162962963
GLN, 7, 27.652, 0.850229, -80785.171875, 0.290562962963
GLU, 2, 25.651, 0.813403, -80589.984375, 0.207940740741
GLY, 7, 27.393, 0.826623, -80520.515625, 0.230159259259
HIS, 8, 27.752, 0.816746, -80134.898438, 0.336788888889
ILE, 4, 27.346, 0.824947, -79631.460938, 0.278788888889
LEU, 6, 29.655, 0.875351, -80582.000000, 0.349325925926
LYS, 8, 28.095, 0.841594, -81129.445312, 0.242707407407
MET, 6, 27.321, 0.838353, -79458.023438, 0.221622222222
PHE, 0, 26.296, 0.813598, -79801.734375, 0.339081481481
PRO, 12, 25.363, 0.832876, -80694.546875, 0.268974074074
SER, 8, 25.283, 0.821913, -80599.906250, 0.234703703704
THR, 6, 27.640, 0.888538, -80464.976562, 0.375159259259
TRP, 5, 27.438, 0.867152, -81077.765625, 0.314955555556
TYR, 6, 27.970, 0.828734, -80951.265625, 0.270355555556
VAL, 8, 24.717, 0.828731, -80593.273438, 0.221659259259
