AMINO ACID, DSSP, SASA, GYRATE, ENERGY, RMSF
ALA, 4, 26.573, 0.875746, -80168.554688, 0.251659259259
ARG, 9, 26.228, 0.83653, -81660.968750, 0.298462962963
ASN, 8, 25.809, 0.817289, -80551.671875, 0.210481481481
ASP, 10, 24.588, 0.814001, -79585.257812, 0.207903703704
CYS, 9, 26.204, 0.808928, -80322.765625, 0.307162962963
GLN, 5, 27.700, 0.872242, -79717.210938, 0.290562962963
GLU, 6, 25.944, 0.8152, -79674.273438, 0.207940740741
GLY, 9, 25.545, 0.807968, -79937.593750, 0.230159259259
HIS, 7, 28.753, 0.831191, -80500.546875, 0.336788888889
ILE, 9, 26.180, 0.824741, -80344.625000, 0.278788888889
LEU, 4, 29.402, 0.861874, -80621.843750, 0.349325925926
LYS, 8, 28.331, 0.837709, -80485.234375, 0.242707407407
MET, 6, 26.836, 0.831297, -80117.953125, 0.221622222222
PHE, 4, 24.942, 0.824326, -79648.125000, 0.339081481481
PRO, 4, 26.392, 0.845086, -80562.390625, 0.268974074074
SER, 8, 27.296, 0.835128, -79654.312500, 0.234703703704
THR, 6, 28.808, 0.902592, -79831.085938, 0.375159259259
TRP, 7, 26.634, 0.868543, -79722.679688, 0.314955555556
TYR, 6, 25.748, 0.805682, -80195.390625, 0.270355555556
VAL, 8, 25.420, 0.839089, -79792.007812, 0.221659259259
