AMINO ACID, DSSP, SASA, GYRATE, ENERGY, RMSF
ALA, 6, 27.125, 0.875128, -79997.445312, 0.251659259259
ARG, 9, 27.330, 0.842726, -80651.500000, 0.298462962963
ASN, 10, 25.542, 0.807165, -79230.609375, 0.210481481481
ASP, 8, 25.583, 0.815062, -80125.937500, 0.207903703704
CYS, 8, 25.363, 0.802911, -80337.796875, 0.307162962963
GLN, 5, 27.119, 0.876728, -81024.203125, 0.290562962963
GLU, 2, 28.173, 0.844076, -79617.078125, 0.207940740741
GLY, 7, 25.152, 0.818511, -79557.265625, 0.230159259259
HIS, 9, 27.804, 0.822812, -79780.078125, 0.336788888889
ILE, 6, 25.738, 0.816163, -79136.453125, 0.278788888889
LEU, 8, 30.357, 0.858062, -80099.796875, 0.349325925926
LYS, 8, 29.128, 0.845569, -81098.898438, 0.242707407407
MET, 6, 26.742, 0.84166, -81570.125000, 0.221622222222
PHE, 6, 24.832, 0.822171, -79593.781250, 0.339081481481
PRO, 6, 28.097, 0.849681, -80085.359375, 0.268974074074
SER, 10, 25.983, 0.84415, -80790.281250, 0.234703703704
THR, 6, 27.241, 0.887372, -80108.953125, 0.375159259259
TRP, 5, 27.637, 0.876951, -79546.750000, 0.314955555556
TYR, 2, 27.144, 0.819659, -80411.953125, 0.270355555556
VAL, 8, 26.043, 0.83129, -80599.062500, 0.221659259259
