AMINO ACID, DSSP, SASA, GYRATE, ENERGY, RMSF
ALA, 8, 29.251, 0.883841, -80558.789062, 0.251659259259
ARG, 9, 25.767, 0.823048, -81029.750000, 0.298462962963
ASN, 12, 26.523, 0.814227, -79872.460938, 0.210481481481
ASP, 12, 24.690, 0.817332, -79981.734375, 0.207903703704
CYS, 7, 25.600, 0.812716, -80282.289062, 0.307162962963
GLN, 5, 26.846, 0.866979, -79578.015625, 0.290562962963
GLU, 4, 25.818, 0.819598, -80049.781250, 0.207940740741
GLY, 7, 25.304, 0.810503, -80361.671875, 0.230159259259
HIS, 5, 26.952, 0.820531, -80684.835938, 0.336788888889
ILE, 6, 26.557, 0.820471, -79630.492188, 0.278788888889
LEU, 6, 29.789, 0.876504, -79844.234375, 0.349325925926
LYS, 6, 28.133, 0.845747, -80651.500000, 0.242707407407
MET, 6, 25.804, 0.82139, -81166.062500, 0.221622222222
PHE, 0, 26.725, 0.820573, -80484.468750, 0.339081481481
PRO, 4, 26.456, 0.843909, -80658.882812, 0.268974074074
SER, 12, 27.192, 0.839656, -80028.992188, 0.234703703704
THR, 6, 27.073, 0.888872, -80276.203125, 0.375159259259
TRP, 7, 27.202, 0.864321, -79736.843750, 0.314955555556
TYR, 6, 27.807, 0.822879, -80407.835938, 0.270355555556
VAL, 10, 25.957, 0.841136, -80702.976562, 0.221659259259
