AMINO ACID, DSSP, SASA, GYRATE, ENERGY, RMSF
ALA, 9, 28.426, 0.875191, -80583.523438, 0.251659259259
ARG, 11, 26.898, 0.830029, -81449.390625, 0.298462962963
ASN, 12, 27.410, 0.824965, -80133.250000, 0.210481481481
ASP, 10, 25.520, 0.827498, -79335.679688, 0.207903703704
CYS, 6, 26.939, 0.824415, -79241.109375, 0.307162962963
GLN, 7, 27.114, 0.868678, -80525.992188, 0.290562962963
GLU, 6, 26.578, 0.816158, -79836.421875, 0.207940740741
GLY, 9, 23.930, 0.803784, -80212.382812, 0.230159259259
HIS, 6, 28.056, 0.839267, -79767.937500, 0.336788888889
ILE, 4, 24.842, 0.79906, -80816.406250, 0.278788888889
LEU, 8, 29.707, 0.882199, -80004.406250, 0.349325925926
LYS, 6, 28.103, 0.855652, -81439.031250, 0.242707407407
MET, 6, 26.568, 0.844705, -80370.179688, 0.221622222222
PHE, 4, 25.735, 0.812459, -79750.460938, 0.339081481481
PRO, 2, 27.242, 0.84252, -81162.140625, 0.268974074074
SER, 8, 26.042, 0.821524, -80382.234375, 0.234703703704
THR, 6, 26.555, 0.897701, -80393.382812, 0.375159259259
TRP, 7, 27.380, 0.86818, -80887.445312, 0.314955555556
TYR, 6, 28.102, 0.828685, -79606.750000, 0.270355555556
VAL, 10, 26.240, 0.841174, -80751.453125, 0.221659259259
