AMINO ACID, DSSP, SASA, GYRATE, ENERGY, RMSF
ALA, 7, 26.801, 0.848894, -79204.468750, 0.251659259259
ARG, 7, 27.125, 0.83955, -81044.265625, 0.298462962963
ASN, 10, 25.756, 0.83531, -80412.898438, 0.210481481481
ASP, 10, 26.845, 0.826388, -80688.859375, 0.207903703704
CYS, 10, 25.104, 0.811537, -81111.726562, 0.307162962963
GLN, 7, 28.768, 0.885611, -80551.187500, 0.290562962963
GLU, 6, 26.727, 0.826571, -79888.578125, 0.207940740741
GLY, 7, 26.010, 0.823681, -80315.117188, 0.230159259259
HIS, 8, 28.728, 0.822463, -80254.195312, 0.336788888889
ILE, 6, 25.225, 0.794226, -79794.179688, 0.278788888889
LEU, 8, 30.109, 0.865644, -80366.937500, 0.349325925926
LYS, 4, 29.573, 0.860333, -79916.203125, 0.242707407407
MET, 8, 26.213, 0.830775, -79820.867188, 0.221622222222
PHE, 4, 26.137, 0.816141, -79415.812500, 0.339081481481
PRO, 6, 26.539, 0.851355, -80121.773438, 0.268974074074
SER, 8, 26.907, 0.824259, -80636.296875, 0.234703703704
THR, 6, 26.004, 0.895902, -80230.562500, 0.375159259259
TRP, 7, 28.634, 0.87435, -80002.843750, 0.314955555556
TYR, 6, 27.184, 0.830025, -80823.031250, 0.270355555556
VAL, 8, 25.589, 0.830198, -80289.085938, 0.221659259259
