AMINO ACID, DSSP, SASA, GYRATE, ENERGY, RMSF
ALA, 7, 26.939, 0.847953, -79461.789062, 0.251659259259
ARG, 7, 25.717, 0.826678, -81032.554688, 0.298462962963
ASN, 6, 26.923, 0.825525, -80863.953125, 0.210481481481
ASP, 10, 24.888, 0.816127, -80689.828125, 0.207903703704
CYS, 9, 25.217, 0.814549, -79447.421875, 0.307162962963
GLN, 5, 28.507, 0.863791, -80287.281250, 0.290562962963
GLU, 4, 25.521, 0.821209, -80285.945312, 0.207940740741
GLY, 9, 25.608, 0.801053, -80399.609375, 0.230159259259
HIS, 9, 28.588, 0.829633, -80076.609375, 0.336788888889
ILE, 6, 24.558, 0.803281, -80537.812500, 0.278788888889
LEU, 4, 28.217, 0.850742, -79000.914062, 0.349325925926
LYS, 8, 26.986, 0.834295, -81195.609375, 0.242707407407
MET, 6, 23.439, 0.816878, -80429.843750, 0.221622222222
PHE, 2, 26.370, 0.808292, -80105.507812, 0.339081481481
PRO, 8, 26.787, 0.826831, -80246.640625, 0.268974074074
SER, 8, 25.178, 0.8334, -80241.859375, 0.234703703704
THR, 6, 28.316, 0.894742, -80513.375000, 0.375159259259
TRP, 6, 28.726, 0.890008, -79333.203125, 0.314955555556
TYR, 6, 27.572, 0.828515, -78851.820312, 0.270355555556
VAL, 8, 26.968, 0.838843, -80556.250000, 0.221659259259
