AMINO ACID, DSSP, SASA, GYRATE, ENERGY, RMSF
ALA, 5, 26.680, 0.845542, -79795.656250, 0.251659259259
ARG, 11, 27.558, 0.835006, -80473.132812, 0.298462962963
ASN, 10, 28.806, 0.848871, -80704.570312, 0.210481481481
ASP, 10, 24.416, 0.806505, -80756.828125, 0.207903703704
CYS, 9, 25.248, 0.802221, -80088.609375, 0.307162962963
GLN, 5, 27.140, 0.864141, -79978.546875, 0.290562962963
GLU, 4, 27.022, 0.824178, -80023.437500, 0.207940740741
GLY, 8, 24.769, 0.811891, -81313.765625, 0.230159259259
HIS, 4, 26.426, 0.820698, -81061.765625, 0.336788888889
ILE, 6, 26.770, 0.810628, -79712.843750, 0.278788888889
LEU, 6, 30.320, 0.872155, -80256.125000, 0.349325925926
LYS, 8, 28.474, 0.835151, -80843.664062, 0.242707407407
MET, 7, 24.998, 0.837514, -79838.375000, 0.221622222222
PHE, 6, 26.588, 0.816362, -79991.390625, 0.339081481481
PRO, 6, 26.344, 0.829181, -80192.710938, 0.268974074074
SER, 8, 25.900, 0.826681, -80298.476562, 0.234703703704
THR, 7, 28.671, 0.894534, -80869.921875, 0.375159259259
TRP, 7, 27.544, 0.860538, -79963.906250, 0.314955555556
TYR, 4, 26.894, 0.814656, -79837.234375, 0.270355555556
VAL, 10, 26.246, 0.843065, -81260.484375, 0.221659259259
