AMINO ACID, DSSP, SASA, GYRATE, ENERGY, RMSF
ALA, 5, 26.365, 0.850508, -80681.546875, 0.251659259259
ARG, 5, 26.250, 0.829325, -80993.343750, 0.298462962963
ASN, 8, 28.060, 0.841427, -79935.968750, 0.210481481481
ASP, 10, 24.419, 0.82114, -79936.796875, 0.207903703704
CYS, 10, 25.671, 0.804735, -80678.625000, 0.307162962963
GLN, 5, 27.462, 0.868905, -79486.015625, 0.290562962963
GLU, 4, 26.164, 0.819323, -79677.546875, 0.207940740741
GLY, 9, 25.610, 0.825274, -81162.914062, 0.230159259259
HIS, 6, 27.277, 0.829677, -80553.710938, 0.336788888889
ILE, 4, 26.594, 0.804709, -79491.335938, 0.278788888889
LEU, 8, 28.864, 0.871262, -79556.289062, 0.349325925926
LYS, 8, 27.655, 0.835271, -80894.468750, 0.242707407407
MET, 7, 24.740, 0.820638, -80396.218750, 0.221622222222
PHE, 2, 26.492, 0.812608, -79696.156250, 0.339081481481
PRO, 5, 27.652, 0.854307, -79840.320312, 0.268974074074
SER, 6, 23.947, 0.802801, -80525.625000, 0.234703703704
THR, 4, 26.438, 0.899265, -80374.492188, 0.375159259259
TRP, 5, 27.299, 0.881226, -79757.187500, 0.314955555556
TYR, 4, 26.353, 0.821993, -79457.664062, 0.270355555556
VAL, 10, 25.139, 0.84251, -80632.976562, 0.221659259259
