AMINO ACID, DSSP, SASA, GYRATE, ENERGY, RMSF
ALA, 10, 28.595, 0.84873, -80951.554688, 0.251659259259
ARG, 6, 28.064, 0.845879, -80795.976562, 0.298462962963
ASN, 8, 26.482, 0.82348, -80272.406250, 0.210481481481
ASP, 11, 25.897, 0.820993, -79748.531250, 0.207903703704
CYS, 10, 27.328, 0.849842, -80382.421875, 0.307162962963
GLN, 8, 26.191, 0.818173, -80275.796875, 0.290562962963
GLU, 2, 27.745, 0.844739, -79850.546875, 0.207940740741
GLY, 12, 24.462, 0.827282, -81018.875000, 0.230159259259
HIS, 6, 26.441, 0.84662, -80111.890625, 0.336788888889
ILE, 14, 26.842, 0.828788, -80643.507812, 0.278788888889
LEU, 8, 27.285, 0.815994, -80177.000000, 0.349325925926
LYS, 13, 28.028, 0.855414, -80355.218750, 0.242707407407
MET, 2, 26.830, 0.837629, -80538.156250, 0.221622222222
PHE, 12, 25.062, 0.795364, -79962.617188, 0.339081481481
PRO, 6, 27.151, 0.823381, -79956.062500, 0.268974074074
SER, 16, 25.443, 0.801848, -79866.109375, 0.234703703704
THR, 2, 26.833, 0.845851, -80324.203125, 0.375159259259
TRP, 8, 29.472, 0.845444, -80094.289062, 0.314955555556
TYR, 9, 28.080, 0.868206, -79733.078125, 0.270355555556
VAL, 6, 27.584, 0.829054, -79950.500000, 0.221659259259
