AMINO ACID, DSSP, SASA, GYRATE, ENERGY, RMSF
ALA, 9, 26.003, 0.843597, -79712.148438, 0.251659259259
ARG, 7, 26.763, 0.835799, -80603.210938, 0.298462962963
ASN, 10, 27.900, 0.839391, -80244.414062, 0.210481481481
ASP, 10, 25.198, 0.814633, -79802.250000, 0.207903703704
CYS, 7, 25.689, 0.804865, -80544.734375, 0.307162962963
GLN, 5, 28.126, 0.866346, -79314.640625, 0.290562962963
GLU, 2, 28.124, 0.835695, -79879.710938, 0.207940740741
GLY, 9, 26.314, 0.814645, -79855.148438, 0.230159259259
HIS, 9, 25.058, 0.789935, -80822.773438, 0.336788888889
ILE, 6, 24.214, 0.797518, -80631.437500, 0.278788888889
LEU, 2, 29.361, 0.866474, -80652.757812, 0.349325925926
LYS, 12, 27.030, 0.832674, -80368.796875, 0.242707407407
MET, 7, 26.122, 0.83811, -80661.937500, 0.221622222222
PHE, 2, 26.054, 0.818924, -80305.703125, 0.339081481481
PRO, 4, 27.211, 0.842861, -79397.054688, 0.268974074074
SER, 10, 25.327, 0.823928, -80458.953125, 0.234703703704
THR, 4, 27.613, 0.898024, -79639.406250, 0.375159259259
TRP, 4, 27.445, 0.877208, -79941.476562, 0.314955555556
TYR, 4, 26.427, 0.813299, -79685.687500, 0.270355555556
VAL, 10, 25.848, 0.843449, -80494.414062, 0.221659259259
