AMINO ACID, DSSP, SASA, GYRATE, ENERGY, RMSF
ALA, 7, 26.805, 0.851982, -80617.609375, 0.251659259259
ARG, 7, 25.252, 0.818845, -81104.679688, 0.298462962963
ASN, 8, 26.956, 0.828304, -80786.140625, 0.210481481481
ASP, 10, 25.095, 0.824537, -80723.140625, 0.207903703704
CYS, 10, 26.096, 0.799513, -81048.062500, 0.307162962963
GLN, 7, 27.142, 0.860449, -80442.031250, 0.290562962963
GLU, 2, 25.851, 0.814975, -79156.984375, 0.207940740741
GLY, 10, 26.336, 0.80819, -80840.921875, 0.230159259259
HIS, 9, 26.189, 0.805215, -80163.093750, 0.336788888889
ILE, 8, 24.593, 0.813007, -80792.312500, 0.278788888889
LEU, 4, 28.802, 0.846795, -80268.164062, 0.349325925926
LYS, 6, 28.965, 0.835222, -80009.656250, 0.242707407407
MET, 7, 24.885, 0.824138, -80449.273438, 0.221622222222
PHE, 6, 27.113, 0.818748, -80160.031250, 0.339081481481
PRO, 0, 27.118, 0.838808, -79755.429688, 0.268974074074
SER, 6, 25.639, 0.824168, -80442.046875, 0.234703703704
THR, 6, 25.727, 0.910188, -79968.546875, 0.375159259259
TRP, 5, 27.672, 0.887254, -80282.015625, 0.314955555556
TYR, 4, 27.616, 0.822633, -80111.234375, 0.270355555556
VAL, 10, 26.290, 0.831278, -80245.750000, 0.221659259259
