AMINO ACID, DSSP, SASA, GYRATE, ENERGY, RMSF
ALA, 9, 27.666, 0.857878, -79993.171875, 0.251659259259
ARG, 7, 27.358, 0.83596, -80651.757812, 0.298462962963
ASN, 8, 26.894, 0.820554, -80242.265625, 0.210481481481
ASP, 10, 24.984, 0.822342, -80090.812500, 0.207903703704
CYS, 8, 26.323, 0.814328, -80863.164062, 0.307162962963
GLN, 7, 27.529, 0.860057, -80746.281250, 0.290562962963
GLU, 4, 25.696, 0.819958, -79795.148438, 0.207940740741
GLY, 10, 23.808, 0.799589, -80457.585938, 0.230159259259
HIS, 6, 26.552, 0.804724, -80481.312500, 0.336788888889
ILE, 4, 25.138, 0.811434, -79845.070312, 0.278788888889
LEU, 4, 30.793, 0.857329, -79864.531250, 0.349325925926
LYS, 8, 26.920, 0.836645, -80694.359375, 0.242707407407
MET, 7, 25.612, 0.819725, -79829.445312, 0.221622222222
PHE, 0, 27.587, 0.830016, -79496.671875, 0.339081481481
PRO, 2, 27.946, 0.838186, -79569.453125, 0.268974074074
SER, 8, 25.716, 0.823238, -80475.953125, 0.234703703704
THR, 8, 27.319, 0.899797, -80005.890625, 0.375159259259
TRP, 5, 28.654, 0.893348, -80876.562500, 0.314955555556
TYR, 4, 26.952, 0.825133, -80991.812500, 0.270355555556
VAL, 8, 27.049, 0.834776, -79866.046875, 0.221659259259
