AMINO ACID, DSSP, SASA, GYRATE, ENERGY, RMSF
ALA, 4, 27.139, 0.86003, -79884.992188, 0.251659259259
ARG, 10, 27.112, 0.831494, -81144.515625, 0.298462962963
ASN, 8, 28.109, 0.857386, -80788.179688, 0.210481481481
ASP, 10, 25.924, 0.810806, -80391.312500, 0.207903703704
CYS, 9, 26.443, 0.809177, -80812.890625, 0.307162962963
GLN, 6, 27.913, 0.873519, -80338.593750, 0.290562962963
GLU, 2, 27.403, 0.836044, -80659.875000, 0.207940740741
GLY, 5, 25.157, 0.816099, -80111.203125, 0.230159259259
HIS, 8, 25.538, 0.792379, -79916.234375, 0.336788888889
ILE, 4, 25.322, 0.818573, -80651.421875, 0.278788888889
LEU, 9, 29.316, 0.860573, -80161.929688, 0.349325925926
LYS, 8, 27.678, 0.825491, -80228.109375, 0.242707407407
MET, 7, 25.261, 0.833832, -79294.468750, 0.221622222222
PHE, 0, 28.634, 0.843301, -79743.812500, 0.339081481481
PRO, 0, 27.325, 0.843531, -79811.367188, 0.268974074074
SER, 8, 24.789, 0.836554, -80413.382812, 0.234703703704
THR, 4, 27.976, 0.923423, -80601.375000, 0.375159259259
TRP, 2, 29.256, 0.877019, -79793.101562, 0.314955555556
TYR, 2, 27.231, 0.829026, -79379.218750, 0.270355555556
VAL, 8, 25.611, 0.833829, -80628.375000, 0.221659259259
