AMINO ACID, DSSP, SASA, GYRATE, ENERGY, RMSF
ALA, 2, 27.729, 0.840895, -79608.914062, 0.251659259259
ARG, 6, 28.406, 0.858104, -79949.625000, 0.298462962963
ASN, 12, 25.947, 0.811838, -80516.640625, 0.210481481481
ASP, 9, 27.328, 0.818748, -79492.468750, 0.207903703704
CYS, 8, 27.222, 0.854939, -79902.773438, 0.307162962963
GLN, 6, 26.685, 0.827047, -79507.250000, 0.290562962963
GLU, 4, 27.225, 0.839408, -81030.546875, 0.207940740741
GLY, 10, 23.865, 0.830448, -81084.421875, 0.230159259259
HIS, 12, 27.129, 0.852566, -80331.109375, 0.336788888889
ILE, 10, 27.977, 0.843719, -79888.640625, 0.278788888889
LEU, 8, 25.961, 0.810391, -79810.078125, 0.349325925926
LYS, 8, 27.820, 0.851939, -81709.515625, 0.242707407407
MET, 9, 26.241, 0.831288, -80491.523438, 0.221622222222
PHE, 10, 25.254, 0.791314, -80174.492188, 0.339081481481
PRO, 6, 27.126, 0.840535, -80251.796875, 0.268974074074
SER, 14, 25.516, 0.806253, -80656.843750, 0.234703703704
THR, 4, 26.948, 0.848787, -80001.203125, 0.375159259259
TRP, 6, 28.358, 0.836991, -79695.851562, 0.314955555556
TYR, 7, 26.769, 0.855398, -80253.718750, 0.270355555556
VAL, 11, 26.017, 0.817592, -81242.257812, 0.221659259259
