AMINO ACID, DSSP, SASA, GYRATE, ENERGY, RMSF
ALA, 6, 25.792, 0.849042, -80580.968750, 0.251659259259
ARG, 6, 27.044, 0.833532, -80362.078125, 0.298462962963
ASN, 8, 29.420, 0.855697, -80724.312500, 0.210481481481
ASP, 11, 25.549, 0.816531, -80259.656250, 0.207903703704
CYS, 11, 25.408, 0.800237, -80172.171875, 0.307162962963
GLN, 7, 28.229, 0.847531, -79688.296875, 0.290562962963
GLU, 4, 27.621, 0.835597, -79969.234375, 0.207940740741
GLY, 7, 25.223, 0.808282, -79469.031250, 0.230159259259
HIS, 11, 26.384, 0.800221, -79656.554688, 0.336788888889
ILE, 4, 24.710, 0.803108, -80184.429688, 0.278788888889
LEU, 4, 29.996, 0.867946, -79138.210938, 0.349325925926
LYS, 4, 28.442, 0.845334, -80619.679688, 0.242707407407
MET, 7, 24.770, 0.820888, -80789.242188, 0.221622222222
PHE, 6, 26.257, 0.822752, -79995.812500, 0.339081481481
PRO, 0, 27.143, 0.850214, -80113.101562, 0.268974074074
SER, 8, 26.602, 0.834481, -80764.312500, 0.234703703704
THR, 2, 27.582, 0.898429, -80946.171875, 0.375159259259
TRP, 4, 28.381, 0.861094, -80332.406250, 0.314955555556
TYR, 4, 27.718, 0.829457, -79782.632812, 0.270355555556
VAL, 12, 25.720, 0.822407, -80211.570312, 0.221659259259
