AMINO ACID, DSSP, SASA, GYRATE, ENERGY, RMSF
ALA, 4, 27.043, 0.852918, -80109.398438, 0.251659259259
ARG, 5, 28.659, 0.843282, -80629.062500, 0.298462962963
ASN, 8, 27.543, 0.855642, -80005.828125, 0.210481481481
ASP, 10, 24.303, 0.813701, -79204.890625, 0.207903703704
CYS, 8, 26.562, 0.819904, -81285.289062, 0.307162962963
GLN, 5, 27.363, 0.866784, -80260.265625, 0.290562962963
GLU, 4, 27.129, 0.837811, -80312.765625, 0.207940740741
GLY, 7, 25.165, 0.810194, -80122.953125, 0.230159259259
HIS, 13, 27.704, 0.81576, -78896.109375, 0.336788888889
ILE, 4, 26.299, 0.809394, -79862.140625, 0.278788888889
LEU, 8, 30.096, 0.862561, -80200.218750, 0.349325925926
LYS, 4, 26.035, 0.840841, -80856.414062, 0.242707407407
MET, 7, 24.629, 0.817145, -79972.804688, 0.221622222222
PHE, 4, 26.397, 0.833948, -80589.617188, 0.339081481481
PRO, 0, 27.257, 0.836581, -80295.773438, 0.268974074074
SER, 8, 25.730, 0.826775, -81144.851562, 0.234703703704
THR, 2, 27.985, 0.924711, -80789.914062, 0.375159259259
TRP, 5, 27.705, 0.86737, -80462.500000, 0.314955555556
TYR, 6, 25.814, 0.817499, -80106.367188, 0.270355555556
VAL, 8, 25.188, 0.821253, -80459.460938, 0.221659259259
