AMINO ACID, DSSP, SASA, GYRATE, ENERGY, RMSF
ALA, 4, 26.801, 0.861816, -79387.656250, 0.251659259259
ARG, 8, 27.843, 0.847444, -79998.351562, 0.298462962963
ASN, 8, 27.094, 0.839813, -80217.296875, 0.210481481481
ASP, 8, 25.565, 0.826023, -79946.906250, 0.207903703704
CYS, 10, 26.435, 0.804385, -79300.429688, 0.307162962963
GLN, 5, 28.196, 0.870705, -79374.757812, 0.290562962963
GLU, 4, 26.949, 0.829719, -80566.109375, 0.207940740741
GLY, 9, 24.416, 0.796863, -81715.242188, 0.230159259259
HIS, 9, 28.535, 0.835262, -80263.359375, 0.336788888889
ILE, 6, 25.169, 0.809537, -79891.320312, 0.278788888889
LEU, 8, 28.402, 0.850944, -79939.296875, 0.349325925926
LYS, 8, 25.925, 0.82487, -80584.023438, 0.242707407407
MET, 7, 24.339, 0.822149, -80308.210938, 0.221622222222
PHE, 0, 26.199, 0.826484, -79865.703125, 0.339081481481
PRO, 2, 27.724, 0.845009, -79733.718750, 0.268974074074
SER, 8, 24.894, 0.814046, -80162.328125, 0.234703703704
THR, 7, 27.275, 0.889077, -80610.484375, 0.375159259259
TRP, 5, 29.275, 0.870727, -80382.351562, 0.314955555556
TYR, 4, 26.164, 0.832632, -80743.500000, 0.270355555556
VAL, 10, 26.454, 0.829956, -79909.734375, 0.221659259259
