AMINO ACID, DSSP, SASA, GYRATE, ENERGY, RMSF
ALA, 6, 30.217, 0.882693, -79743.539062, 0.251659259259
ARG, 7, 27.535, 0.836074, -80996.843750, 0.298462962963
ASN, 10, 28.430, 0.833244, -81036.851562, 0.210481481481
ASP, 8, 25.933, 0.818856, -81163.562500, 0.207903703704
CYS, 10, 26.139, 0.82577, -80553.937500, 0.307162962963
GLN, 5, 27.569, 0.888275, -79656.546875, 0.290562962963
GLU, 2, 26.749, 0.826999, -80486.585938, 0.207940740741
GLY, 7, 25.419, 0.806241, -80579.953125, 0.230159259259
HIS, 6, 26.976, 0.812657, -80423.796875, 0.336788888889
ILE, 4, 28.246, 0.836646, -81129.726562, 0.278788888889
LEU, 4, 29.391, 0.849214, -80842.078125, 0.349325925926
LYS, 6, 27.786, 0.829213, -80430.359375, 0.242707407407
MET, 7, 25.361, 0.818431, -80248.281250, 0.221622222222
PHE, 2, 26.582, 0.819443, -80846.859375, 0.339081481481
PRO, 2, 27.291, 0.844626, -80545.859375, 0.268974074074
SER, 8, 25.497, 0.816663, -80161.765625, 0.234703703704
THR, 5, 29.377, 0.924289, -80195.890625, 0.375159259259
TRP, 5, 28.058, 0.88517, -79833.976562, 0.314955555556
TYR, 4, 26.066, 0.82705, -80485.679688, 0.270355555556
VAL, 11, 25.666, 0.829305, -80085.507812, 0.221659259259
