AMINO ACID, DSSP, SASA, GYRATE, ENERGY, RMSF
ALA, 4, 29.436, 0.855072, -80112.984375, 0.251659259259
ARG, 12, 27.936, 0.843214, -80925.703125, 0.298462962963
ASN, 10, 27.731, 0.83877, -80689.117188, 0.210481481481
ASP, 12, 24.975, 0.814121, -80251.101562, 0.207903703704
CYS, 10, 26.385, 0.816978, -81440.726562, 0.307162962963
GLN, 5, 27.227, 0.882623, -79858.500000, 0.290562962963
GLU, 2, 27.095, 0.829816, -79904.750000, 0.207940740741
GLY, 3, 25.642, 0.809616, -81167.218750, 0.230159259259
HIS, 6, 27.364, 0.811408, -80857.343750, 0.336788888889
ILE, 4, 26.176, 0.817592, -80029.023438, 0.278788888889
LEU, 2, 29.217, 0.851842, -80102.640625, 0.349325925926
LYS, 10, 28.128, 0.831434, -80327.593750, 0.242707407407
MET, 7, 26.793, 0.819456, -80002.453125, 0.221622222222
PHE, 2, 25.878, 0.820982, -78418.046875, 0.339081481481
PRO, 0, 27.890, 0.840882, -79923.343750, 0.268974074074
SER, 8, 24.671, 0.809087, -80880.390625, 0.234703703704
THR, 7, 27.661, 0.892755, -80270.429688, 0.375159259259
TRP, 5, 27.881, 0.883985, -79934.445312, 0.314955555556
TYR, 4, 28.671, 0.84536, -79568.312500, 0.270355555556
VAL, 8, 26.450, 0.839454, -79278.304688, 0.221659259259
