AMINO ACID, DSSP, SASA, GYRATE, ENERGY, RMSF
ALA, 4, 27.771, 0.856772, -80065.132812, 0.251659259259
ARG, 5, 28.880, 0.849526, -80397.140625, 0.298462962963
ASN, 8, 26.194, 0.847308, -79950.625000, 0.210481481481
ASP, 10, 25.771, 0.81275, -79439.617188, 0.207903703704
CYS, 8, 26.169, 0.81386, -80880.453125, 0.307162962963
GLN, 5, 27.755, 0.888159, -80587.062500, 0.290562962963
GLU, 2, 24.829, 0.814919, -80725.015625, 0.207940740741
GLY, 7, 26.114, 0.810121, -80027.046875, 0.230159259259
HIS, 6, 26.873, 0.807836, -80341.406250, 0.336788888889
ILE, 4, 25.476, 0.817462, -80612.593750, 0.278788888889
LEU, 8, 28.520, 0.838521, -79671.734375, 0.349325925926
LYS, 8, 27.264, 0.823039, -80229.562500, 0.242707407407
MET, 7, 25.304, 0.8326, -80235.375000, 0.221622222222
PHE, 3, 25.296, 0.817844, -79726.421875, 0.339081481481
PRO, 11, 27.828, 0.847355, -80818.773438, 0.268974074074
SER, 8, 26.187, 0.819192, -79978.187500, 0.234703703704
THR, 0, 25.962, 0.898529, -80064.281250, 0.375159259259
TRP, 5, 28.421, 0.88131, -80147.703125, 0.314955555556
TYR, 6, 27.811, 0.844002, -80126.929688, 0.270355555556
VAL, 12, 25.324, 0.834665, -80751.289062, 0.221659259259
