AMINO ACID, DSSP, SASA, GYRATE, ENERGY, RMSF
ALA, 6, 27.957, 0.84864, -81003.015625, 0.251659259259
ARG, 5, 27.853, 0.857489, -81399.062500, 0.298462962963
ASN, 12, 27.447, 0.843415, -80437.546875, 0.210481481481
ASP, 12, 25.226, 0.806579, -80971.234375, 0.207903703704
CYS, 11, 24.761, 0.816329, -80512.742188, 0.307162962963
GLN, 6, 27.082, 0.883894, -80014.109375, 0.290562962963
GLU, 4, 26.539, 0.830814, -80827.125000, 0.207940740741
GLY, 5, 26.371, 0.823747, -79495.484375, 0.230159259259
HIS, 8, 25.400, 0.806801, -80273.046875, 0.336788888889
ILE, 6, 24.775, 0.823293, -80099.554688, 0.278788888889
LEU, 8, 29.649, 0.845723, -81102.937500, 0.349325925926
LYS, 6, 27.325, 0.831896, -81002.703125, 0.242707407407
MET, 7, 25.317, 0.838361, -79654.765625, 0.221622222222
PHE, 2, 25.538, 0.81386, -79495.640625, 0.339081481481
PRO, 6, 26.911, 0.822886, -79391.000000, 0.268974074074
SER, 8, 24.248, 0.806988, -80779.445312, 0.234703703704
THR, 0, 27.878, 0.905264, -79714.617188, 0.375159259259
TRP, 5, 27.853, 0.865656, -80343.734375, 0.314955555556
TYR, 4, 26.780, 0.82346, -80125.531250, 0.270355555556
VAL, 12, 25.349, 0.840962, -80187.906250, 0.221659259259
