AMINO ACID, DSSP, SASA, GYRATE, ENERGY, RMSF
ALA, 6, 27.489, 0.854833, -81289.171875, 0.251659259259
ARG, 7, 27.254, 0.835968, -81048.296875, 0.298462962963
ASN, 10, 26.592, 0.84185, -80003.250000, 0.210481481481
ASP, 12, 25.395, 0.812916, -80174.937500, 0.207903703704
CYS, 9, 25.551, 0.814017, -80281.859375, 0.307162962963
GLN, 6, 27.024, 0.875525, -80315.523438, 0.290562962963
GLU, 2, 26.804, 0.82895, -80959.445312, 0.207940740741
GLY, 6, 26.906, 0.840508, -80945.679688, 0.230159259259
HIS, 6, 27.313, 0.820471, -79853.171875, 0.336788888889
ILE, 4, 25.793, 0.809325, -79322.085938, 0.278788888889
LEU, 4, 29.887, 0.849719, -80050.710938, 0.349325925926
LYS, 10, 27.673, 0.816044, -79879.250000, 0.242707407407
MET, 7, 24.609, 0.814599, -79996.578125, 0.221622222222
PHE, 2, 25.673, 0.812055, -80082.046875, 0.339081481481
PRO, 8, 27.183, 0.842353, -80678.921875, 0.268974074074
SER, 8, 25.053, 0.810985, -80311.484375, 0.234703703704
THR, 0, 26.920, 0.901696, -80615.835938, 0.375159259259
TRP, 5, 28.824, 0.878479, -79637.093750, 0.314955555556
TYR, 2, 26.539, 0.829396, -80305.367188, 0.270355555556
VAL, 10, 24.795, 0.828426, -79162.312500, 0.221659259259
