AMINO ACID, DSSP, SASA, GYRATE, ENERGY, RMSF
ALA, 6, 27.736, 0.856804, -79918.625000, 0.251659259259
ARG, 7, 28.651, 0.827677, -80922.843750, 0.298462962963
ASN, 10, 27.745, 0.837271, -80424.851562, 0.210481481481
ASP, 12, 25.505, 0.823648, -80595.789062, 0.207903703704
CYS, 7, 27.016, 0.821489, -79910.914062, 0.307162962963
GLN, 7, 28.274, 0.889536, -80883.429688, 0.290562962963
GLU, 4, 26.236, 0.816677, -79706.234375, 0.207940740741
GLY, 9, 27.145, 0.829046, -80602.453125, 0.230159259259
HIS, 8, 25.449, 0.80211, -79948.554688, 0.336788888889
ILE, 6, 26.534, 0.822195, -79328.664062, 0.278788888889
LEU, 2, 28.808, 0.857944, -81134.578125, 0.349325925926
LYS, 6, 27.630, 0.82442, -81175.398438, 0.242707407407
MET, 7, 25.526, 0.836123, -80174.406250, 0.221622222222
PHE, 5, 23.458, 0.798965, -80938.304688, 0.339081481481
PRO, 6, 27.960, 0.851385, -80603.734375, 0.268974074074
SER, 6, 26.787, 0.831968, -79971.031250, 0.234703703704
THR, 0, 26.929, 0.890953, -79331.531250, 0.375159259259
TRP, 5, 28.498, 0.880403, -80051.343750, 0.314955555556
TYR, 6, 25.411, 0.817035, -80444.625000, 0.270355555556
VAL, 12, 25.328, 0.824925, -80476.296875, 0.221659259259
