AMINO ACID, DSSP, SASA, GYRATE, ENERGY, RMSF
ALA, 6, 26.310, 0.849961, -79919.375000, 0.251659259259
ARG, 7, 27.245, 0.819987, -79944.695312, 0.298462962963
ASN, 12, 26.946, 0.83472, -79415.609375, 0.210481481481
ASP, 11, 26.542, 0.820743, -79410.375000, 0.207903703704
CYS, 11, 26.574, 0.833839, -81128.859375, 0.307162962963
GLN, 5, 28.541, 0.895314, -79792.234375, 0.290562962963
GLU, 6, 27.187, 0.818394, -80102.757812, 0.207940740741
GLY, 9, 25.892, 0.824594, -80022.687500, 0.230159259259
HIS, 6, 25.820, 0.815335, -80668.953125, 0.336788888889
ILE, 4, 26.112, 0.813833, -79254.296875, 0.278788888889
LEU, 4, 29.366, 0.864814, -79772.664062, 0.349325925926
LYS, 8, 28.894, 0.843585, -80041.921875, 0.242707407407
MET, 7, 24.625, 0.824521, -79912.468750, 0.221622222222
PHE, 0, 24.959, 0.806643, -80273.914062, 0.339081481481
PRO, 4, 28.627, 0.877178, -79946.757812, 0.268974074074
SER, 6, 25.475, 0.808525, -80179.375000, 0.234703703704
THR, 2, 27.103, 0.904711, -80456.171875, 0.375159259259
TRP, 2, 28.460, 0.860261, -80146.984375, 0.314955555556
TYR, 6, 26.723, 0.833853, -79447.078125, 0.270355555556
VAL, 10, 25.943, 0.833486, -81570.796875, 0.221659259259
