AMINO ACID, DSSP, SASA, GYRATE, ENERGY, RMSF
ALA, 6, 27.478, 0.837292, -80294.906250, 0.251659259259
ARG, 7, 28.164, 0.840365, -81343.734375, 0.298462962963
ASN, 10, 25.867, 0.834109, -80030.367188, 0.210481481481
ASP, 12, 24.552, 0.808935, -80317.703125, 0.207903703704
CYS, 10, 25.325, 0.808027, -79814.375000, 0.307162962963
GLN, 5, 29.100, 0.924737, -80172.062500, 0.290562962963
GLU, 4, 27.402, 0.82846, -81493.601562, 0.207940740741
GLY, 7, 27.890, 0.836715, -79854.835938, 0.230159259259
HIS, 6, 25.132, 0.81634, -80566.382812, 0.336788888889
ILE, 4, 25.977, 0.825744, -80327.531250, 0.278788888889
LEU, 2, 30.006, 0.867371, -79783.484375, 0.349325925926
LYS, 8, 27.941, 0.834868, -81620.820312, 0.242707407407
MET, 7, 24.591, 0.826333, -79600.562500, 0.221622222222
PHE, 5, 26.604, 0.81805, -79693.390625, 0.339081481481
PRO, 8, 28.442, 0.855933, -80695.843750, 0.268974074074
SER, 8, 24.545, 0.800434, -79491.070312, 0.234703703704
THR, 0, 28.103, 0.890097, -79696.359375, 0.375159259259
TRP, 4, 28.291, 0.882683, -80325.320312, 0.314955555556
TYR, 6, 25.632, 0.817064, -79472.585938, 0.270355555556
VAL, 8, 24.760, 0.819335, -79241.578125, 0.221659259259
