AMINO ACID, DSSP, SASA, GYRATE, ENERGY, RMSF
ALA, 8, 26.710, 0.82313, -80585.171875, 0.251659259259
ARG, 9, 27.387, 0.835219, -81431.648438, 0.298462962963
ASN, 10, 26.017, 0.825769, -80863.703125, 0.210481481481
ASP, 10, 25.840, 0.824475, -79860.796875, 0.207903703704
CYS, 9, 24.824, 0.80039, -81125.875000, 0.307162962963
GLN, 8, 26.588, 0.877417, -81432.562500, 0.290562962963
GLU, 4, 27.072, 0.833663, -79525.281250, 0.207940740741
GLY, 8, 29.270, 0.857677, -80026.906250, 0.230159259259
HIS, 6, 25.236, 0.813504, -79365.125000, 0.336788888889
ILE, 4, 25.634, 0.813543, -80091.296875, 0.278788888889
LEU, 2, 28.820, 0.863227, -80155.812500, 0.349325925926
LYS, 8, 28.159, 0.832206, -80627.242188, 0.242707407407
MET, 7, 26.331, 0.821946, -79656.296875, 0.221622222222
PHE, 4, 24.406, 0.81512, -79642.453125, 0.339081481481
PRO, 4, 28.589, 0.846734, -79831.703125, 0.268974074074
SER, 8, 24.899, 0.808501, -80709.187500, 0.234703703704
THR, 2, 28.121, 0.908346, -79595.359375, 0.375159259259
TRP, 5, 28.770, 0.894689, -80014.890625, 0.314955555556
TYR, 8, 26.453, 0.821309, -80752.406250, 0.270355555556
VAL, 10, 26.590, 0.830251, -79737.078125, 0.221659259259
