AMINO ACID, DSSP, SASA, GYRATE, ENERGY, RMSF
ALA, 6, 27.607, 0.833441, -80070.546875, 0.251659259259
ARG, 8, 28.178, 0.840931, -80598.773438, 0.298462962963
ASN, 12, 26.734, 0.841355, -79741.484375, 0.210481481481
ASP, 10, 26.181, 0.814274, -79609.000000, 0.207903703704
CYS, 12, 26.195, 0.799824, -80545.117188, 0.307162962963
GLN, 4, 26.680, 0.87614, -80863.382812, 0.290562962963
GLU, 6, 27.315, 0.832694, -80309.218750, 0.207940740741
GLY, 3, 29.093, 0.848096, -80488.335938, 0.230159259259
HIS, 4, 25.322, 0.812907, -80153.937500, 0.336788888889
ILE, 6, 25.292, 0.801373, -80794.437500, 0.278788888889
LEU, 2, 29.966, 0.863139, -80277.390625, 0.349325925926
LYS, 6, 28.784, 0.842057, -80831.710938, 0.242707407407
MET, 7, 25.661, 0.826683, -80227.054688, 0.221622222222
PHE, 6, 24.671, 0.814537, -80307.203125, 0.339081481481
PRO, 4, 27.799, 0.838368, -79835.156250, 0.268974074074
SER, 8, 24.075, 0.801834, -79918.695312, 0.234703703704
THR, 2, 27.753, 0.916261, -79500.312500, 0.375159259259
TRP, 5, 29.409, 0.90578, -80160.976562, 0.314955555556
TYR, 4, 27.157, 0.832482, -80083.312500, 0.270355555556
VAL, 12, 26.294, 0.819441, -79909.984375, 0.221659259259
