AMINO ACID, DSSP, SASA, GYRATE, ENERGY, RMSF
ALA, 6, 28.776, 0.839505, -80707.515625, 0.251659259259
ARG, 7, 28.668, 0.852824, -80941.390625, 0.298462962963
ASN, 10, 25.431, 0.833665, -80766.531250, 0.210481481481
ASP, 10, 24.837, 0.804873, -80378.007812, 0.207903703704
CYS, 6, 25.845, 0.801333, -80313.468750, 0.307162962963
GLN, 2, 26.977, 0.886425, -80048.968750, 0.290562962963
GLU, 4, 26.098, 0.813325, -81268.656250, 0.207940740741
GLY, 5, 28.968, 0.858006, -80839.984375, 0.230159259259
HIS, 4, 26.057, 0.810787, -81682.890625, 0.336788888889
ILE, 6, 26.279, 0.811629, -80577.984375, 0.278788888889
LEU, 6, 28.235, 0.856939, -80231.281250, 0.349325925926
LYS, 6, 29.225, 0.847729, -79967.007812, 0.242707407407
MET, 7, 25.247, 0.828439, -79487.179688, 0.221622222222
PHE, 7, 25.229, 0.817568, -79900.718750, 0.339081481481
PRO, 6, 28.187, 0.845599, -80368.492188, 0.268974074074
SER, 8, 24.661, 0.80066, -80749.117188, 0.234703703704
THR, 0, 28.232, 0.921508, -80740.929688, 0.375159259259
TRP, 2, 29.703, 0.900876, -80340.578125, 0.314955555556
TYR, 4, 27.086, 0.834856, -80035.562500, 0.270355555556
VAL, 10, 25.994, 0.82186, -79934.734375, 0.221659259259
