AMINO ACID, DSSP, SASA, GYRATE, ENERGY, RMSF
ALA, 6, 27.042, 0.855247, -79714.234375, 0.251659259259
ARG, 7, 28.812, 0.864944, -81179.031250, 0.298462962963
ASN, 10, 26.248, 0.83518, -80464.210938, 0.210481481481
ASP, 14, 24.606, 0.804127, -80522.687500, 0.207903703704
CYS, 12, 26.445, 0.798124, -80681.921875, 0.307162962963
GLN, 8, 29.507, 0.904913, -81327.015625, 0.290562962963
GLU, 4, 26.398, 0.81353, -80734.539062, 0.207940740741
GLY, 5, 26.662, 0.841239, -79924.679688, 0.230159259259
HIS, 8, 26.862, 0.83068, -79642.812500, 0.336788888889
ILE, 8, 26.079, 0.822608, -80001.609375, 0.278788888889
LEU, 6, 28.181, 0.84126, -80942.718750, 0.349325925926
LYS, 8, 26.437, 0.821349, -81099.429688, 0.242707407407
MET, 7, 25.564, 0.821134, -81496.273438, 0.221622222222
PHE, 4, 25.434, 0.821087, -81292.265625, 0.339081481481
PRO, 10, 27.891, 0.837338, -79431.117188, 0.268974074074
SER, 10, 26.719, 0.81357, -80137.593750, 0.234703703704
THR, 0, 27.539, 0.905418, -81324.859375, 0.375159259259
TRP, 5, 26.882, 0.863973, -80345.117188, 0.314955555556
TYR, 6, 28.174, 0.81924, -80147.328125, 0.270355555556
VAL, 8, 25.652, 0.836196, -79975.835938, 0.221659259259
