AMINO ACID, DSSP, SASA, GYRATE, ENERGY, RMSF
ALA, 8, 28.377, 0.867821, -80572.992188, 0.251659259259
ARG, 5, 28.648, 0.847999, -80993.656250, 0.298462962963
ASN, 8, 26.237, 0.824053, -80273.773438, 0.210481481481
ASP, 12, 25.385, 0.814875, -79969.093750, 0.207903703704
CYS, 9, 25.947, 0.809205, -80732.398438, 0.307162962963
GLN, 12, 26.978, 0.88322, -80071.234375, 0.290562962963
GLU, 2, 24.196, 0.805838, -80548.718750, 0.207940740741
GLY, 6, 27.051, 0.859693, -80068.031250, 0.230159259259
HIS, 10, 25.860, 0.831382, -80018.328125, 0.336788888889
ILE, 4, 25.336, 0.813452, -79894.984375, 0.278788888889
LEU, 6, 28.657, 0.866712, -79934.781250, 0.349325925926
LYS, 8, 26.670, 0.822277, -80649.585938, 0.242707407407
MET, 7, 25.032, 0.819842, -81308.156250, 0.221622222222
PHE, 2, 26.583, 0.828426, -80761.953125, 0.339081481481
PRO, 6, 27.922, 0.839867, -80240.359375, 0.268974074074
SER, 7, 25.496, 0.808744, -80188.312500, 0.234703703704
THR, 0, 26.353, 0.890756, -79696.171875, 0.375159259259
TRP, 5, 27.083, 0.896301, -80084.492188, 0.314955555556
TYR, 6, 27.010, 0.821316, -80697.671875, 0.270355555556
VAL, 10, 26.660, 0.835086, -80559.921875, 0.221659259259
