AMINO ACID, DSSP, SASA, GYRATE, ENERGY, RMSF
ALA, 8, 27.159, 0.829559, -80308.570312, 0.251659259259
ARG, 7, 28.794, 0.86392, -80432.851562, 0.298462962963
ASN, 8, 26.246, 0.831213, -79977.140625, 0.210481481481
ASP, 11, 24.588, 0.814676, -80170.039062, 0.207903703704
CYS, 9, 24.622, 0.800592, -80507.437500, 0.307162962963
GLN, 8, 27.313, 0.880799, -80638.750000, 0.290562962963
GLU, 2, 27.370, 0.823282, -80002.398438, 0.207940740741
GLY, 5, 26.245, 0.849862, -80395.140625, 0.230159259259
HIS, 8, 26.554, 0.819155, -80287.125000, 0.336788888889
ILE, 6, 23.336, 0.797925, -80741.718750, 0.278788888889
LEU, 2, 28.120, 0.864069, -81189.367188, 0.349325925926
LYS, 8, 26.904, 0.832562, -80227.625000, 0.242707407407
MET, 7, 25.121, 0.825579, -80099.109375, 0.221622222222
PHE, 2, 26.048, 0.839915, -79944.367188, 0.339081481481
PRO, 6, 28.649, 0.850515, -80238.031250, 0.268974074074
SER, 10, 25.391, 0.821887, -80468.757812, 0.234703703704
THR, 0, 25.566, 0.899049, -80669.234375, 0.375159259259
TRP, 5, 27.511, 0.894314, -79717.093750, 0.314955555556
TYR, 4, 27.388, 0.830608, -79842.265625, 0.270355555556
VAL, 10, 25.292, 0.832012, -80070.328125, 0.221659259259
