AMINO ACID, DSSP, SASA, GYRATE, ENERGY, RMSF
ALA, 6, 28.105, 0.829446, -80942.109375, 0.251659259259
ARG, 7, 27.130, 0.839631, -80997.851562, 0.298462962963
ASN, 12, 26.771, 0.825062, -79999.945312, 0.210481481481
ASP, 8, 25.286, 0.817429, -80217.164062, 0.207903703704
CYS, 8, 25.437, 0.797585, -80641.304688, 0.307162962963
GLN, 8, 28.392, 0.892898, -80148.171875, 0.290562962963
GLU, 4, 26.234, 0.820597, -79877.242188, 0.207940740741
GLY, 4, 27.305, 0.832824, -81591.078125, 0.230159259259
HIS, 8, 25.548, 0.821833, -80461.531250, 0.336788888889
ILE, 6, 26.738, 0.820965, -79292.687500, 0.278788888889
LEU, 4, 28.841, 0.865495, -80576.867188, 0.349325925926
LYS, 8, 28.192, 0.847442, -80054.718750, 0.242707407407
MET, 7, 26.463, 0.82448, -80443.359375, 0.221622222222
PHE, 2, 25.005, 0.823871, -80108.789062, 0.339081481481
PRO, 6, 29.179, 0.853862, -79610.953125, 0.268974074074
SER, 8, 27.592, 0.819201, -79915.234375, 0.234703703704
THR, 0, 27.398, 0.906882, -80363.039062, 0.375159259259
TRP, 5, 27.275, 0.898897, -80232.093750, 0.314955555556
TYR, 6, 26.153, 0.809395, -80534.835938, 0.270355555556
VAL, 12, 26.246, 0.831111, -81091.109375, 0.221659259259
