AMINO ACID, DSSP, SASA, GYRATE, ENERGY, RMSF
ALA, 6, 28.029, 0.84375, -79832.218750, 0.251659259259
ARG, 4, 29.694, 0.851178, -81179.195312, 0.298462962963
ASN, 6, 26.244, 0.825389, -80667.296875, 0.210481481481
ASP, 7, 26.681, 0.816631, -80867.046875, 0.207903703704
CYS, 8, 28.529, 0.889628, -80567.031250, 0.307162962963
GLN, 6, 26.323, 0.811565, -80595.140625, 0.290562962963
GLU, 8, 25.776, 0.82859, -79769.000000, 0.207940740741
GLY, 8, 25.308, 0.823781, -80141.875000, 0.230159259259
HIS, 10, 26.968, 0.841206, -81404.421875, 0.336788888889
ILE, 8, 27.166, 0.837793, -79966.218750, 0.278788888889
LEU, 6, 27.214, 0.827437, -80059.093750, 0.349325925926
LYS, 6, 27.243, 0.83505, -81026.304688, 0.242707407407
MET, 9, 27.815, 0.834033, -80220.468750, 0.221622222222
PHE, 10, 25.187, 0.809142, -80738.867188, 0.339081481481
PRO, 7, 25.104, 0.822237, -79028.421875, 0.268974074074
SER, 12, 26.143, 0.817228, -80805.296875, 0.234703703704
THR, 6, 25.614, 0.818938, -80865.031250, 0.375159259259
TRP, 8, 29.185, 0.850465, -79667.156250, 0.314955555556
TYR, 8, 27.632, 0.846556, -79890.289062, 0.270355555556
VAL, 8, 25.741, 0.824514, -80569.445312, 0.221659259259
