AMINO ACID, DSSP, SASA, GYRATE, ENERGY, RMSF
ALA, 4, 28.875, 0.84874, -80283.421875, 0.251659259259
ARG, 7, 28.051, 0.862703, -80878.140625, 0.298462962963
ASN, 10, 26.237, 0.839083, -79915.984375, 0.210481481481
ASP, 12, 25.545, 0.821346, -79952.343750, 0.207903703704
CYS, 10, 24.846, 0.798979, -80293.281250, 0.307162962963
GLN, 8, 29.103, 0.899456, -80154.718750, 0.290562962963
GLU, 4, 26.692, 0.817775, -80594.984375, 0.207940740741
GLY, 3, 25.694, 0.829316, -79672.570312, 0.230159259259
HIS, 6, 25.771, 0.811527, -80416.585938, 0.336788888889
ILE, 8, 25.843, 0.821681, -80506.664062, 0.278788888889
LEU, 2, 29.536, 0.885302, -80971.914062, 0.349325925926
LYS, 10, 27.737, 0.829144, -80289.429688, 0.242707407407
MET, 7, 24.600, 0.815849, -80926.187500, 0.221622222222
PHE, 4, 26.829, 0.839366, -79573.078125, 0.339081481481
PRO, 8, 27.738, 0.863197, -80681.679688, 0.268974074074
SER, 6, 25.994, 0.813707, -79958.468750, 0.234703703704
THR, 4, 27.404, 0.92233, -80246.851562, 0.375159259259
TRP, 5, 27.233, 0.87992, -80116.976562, 0.314955555556
TYR, 4, 27.922, 0.826115, -79934.539062, 0.270355555556
VAL, 10, 25.149, 0.826246, -79847.117188, 0.221659259259
