AMINO ACID, DSSP, SASA, GYRATE, ENERGY, RMSF
ALA, 4, 26.929, 0.837242, -81274.359375, 0.251659259259
ARG, 7, 29.091, 0.861746, -80321.171875, 0.298462962963
ASN, 10, 25.580, 0.834033, -81428.593750, 0.210481481481
ASP, 10, 26.212, 0.815732, -80307.328125, 0.207903703704
CYS, 8, 25.175, 0.806538, -81082.859375, 0.307162962963
GLN, 4, 29.591, 0.876061, -79671.695312, 0.290562962963
GLU, 4, 27.186, 0.824782, -78941.437500, 0.207940740741
GLY, 5, 26.119, 0.835271, -79393.429688, 0.230159259259
HIS, 8, 25.856, 0.816028, -81115.031250, 0.336788888889
ILE, 10, 24.755, 0.820154, -79962.445312, 0.278788888889
LEU, 2, 28.423, 0.867488, -80647.789062, 0.349325925926
LYS, 2, 28.454, 0.850971, -80174.093750, 0.242707407407
MET, 7, 24.190, 0.812623, -80287.085938, 0.221622222222
PHE, 4, 25.042, 0.808276, -79690.500000, 0.339081481481
PRO, 8, 27.427, 0.840727, -80629.195312, 0.268974074074
SER, 8, 25.589, 0.818929, -80130.289062, 0.234703703704
THR, 4, 26.027, 0.929029, -80208.742188, 0.375159259259
TRP, 5, 27.192, 0.873226, -79546.460938, 0.314955555556
TYR, 6, 27.909, 0.825217, -80208.421875, 0.270355555556
VAL, 12, 25.744, 0.827999, -79643.343750, 0.221659259259
