AMINO ACID, DSSP, SASA, GYRATE, ENERGY, RMSF
ALA, 9, 28.338, 0.863438, -79904.531250, 0.251659259259
ARG, 7, 28.323, 0.861023, -81308.781250, 0.298462962963
ASN, 10, 27.030, 0.833491, -80523.507812, 0.210481481481
ASP, 10, 25.165, 0.815031, -80201.429688, 0.207903703704
CYS, 6, 24.978, 0.803284, -80968.625000, 0.307162962963
GLN, 8, 29.859, 0.903313, -79949.375000, 0.290562962963
GLU, 2, 24.782, 0.815454, -80373.554688, 0.207940740741
GLY, 2, 26.389, 0.837415, -80568.546875, 0.230159259259
HIS, 6, 24.809, 0.812233, -79062.523438, 0.336788888889
ILE, 6, 24.978, 0.815852, -80328.570312, 0.278788888889
LEU, 6, 26.866, 0.864394, -80599.734375, 0.349325925926
LYS, 6, 28.803, 0.845887, -80670.343750, 0.242707407407
MET, 7, 24.743, 0.811664, -81007.203125, 0.221622222222
PHE, 2, 24.552, 0.801816, -79704.617188, 0.339081481481
PRO, 6, 28.175, 0.847983, -80429.562500, 0.268974074074
SER, 6, 26.080, 0.822444, -80358.359375, 0.234703703704
THR, 2, 26.890, 0.929379, -79679.507812, 0.375159259259
TRP, 5, 26.994, 0.88953, -80391.476562, 0.314955555556
TYR, 6, 27.027, 0.825237, -80129.156250, 0.270355555556
VAL, 12, 26.185, 0.838706, -80118.218750, 0.221659259259
