AMINO ACID, DSSP, SASA, GYRATE, ENERGY, RMSF
ALA, 6, 27.703, 0.852853, -79149.695312, 0.251659259259
ARG, 7, 30.286, 0.870625, -80256.234375, 0.298462962963
ASN, 13, 26.898, 0.822048, -80363.945312, 0.210481481481
ASP, 12, 25.631, 0.816871, -81415.273438, 0.207903703704
CYS, 7, 25.471, 0.796972, -80207.664062, 0.307162962963
GLN, 8, 28.273, 0.898108, -81161.031250, 0.290562962963
GLU, 6, 24.645, 0.810702, -79116.906250, 0.207940740741
GLY, 5, 26.139, 0.830157, -79912.726562, 0.230159259259
HIS, 4, 25.145, 0.80036, -80753.281250, 0.336788888889
ILE, 6, 24.090, 0.811292, -80797.015625, 0.278788888889
LEU, 6, 27.912, 0.852103, -80292.265625, 0.349325925926
LYS, 6, 27.475, 0.830936, -80198.843750, 0.242707407407
MET, 7, 25.011, 0.811997, -80154.218750, 0.221622222222
PHE, 2, 26.396, 0.817542, -79940.625000, 0.339081481481
PRO, 8, 26.325, 0.834702, -80578.000000, 0.268974074074
SER, 8, 25.834, 0.812425, -79908.976562, 0.234703703704
THR, 4, 28.223, 0.931308, -81240.148438, 0.375159259259
TRP, 5, 26.610, 0.878397, -80233.703125, 0.314955555556
TYR, 4, 26.256, 0.818486, -80507.593750, 0.270355555556
VAL, 10, 26.257, 0.834135, -80238.531250, 0.221659259259
