AMINO ACID, DSSP, SASA, GYRATE, ENERGY, RMSF
ALA, 6, 29.724, 0.852415, -80485.078125, 0.251659259259
ARG, 6, 27.472, 0.844293, -80982.937500, 0.298462962963
ASN, 8, 28.294, 0.83635, -80059.750000, 0.210481481481
ASP, 11, 27.547, 0.821036, -79694.554688, 0.207903703704
CYS, 8, 29.517, 0.860616, -80377.390625, 0.307162962963
GLN, 6, 26.255, 0.81569, -80706.171875, 0.290562962963
GLU, 2, 28.001, 0.842171, -79996.468750, 0.207940740741
GLY, 9, 24.453, 0.818652, -79713.421875, 0.230159259259
HIS, 12, 28.607, 0.851666, -79942.781250, 0.336788888889
ILE, 8, 26.477, 0.848118, -79877.882812, 0.278788888889
LEU, 6, 26.618, 0.819048, -80480.406250, 0.349325925926
LYS, 11, 26.306, 0.825266, -80548.781250, 0.242707407407
MET, 5, 27.935, 0.846096, -79548.148438, 0.221622222222
PHE, 10, 23.658, 0.798814, -80454.687500, 0.339081481481
PRO, 6, 25.174, 0.833081, -80466.789062, 0.268974074074
SER, 6, 24.978, 0.818378, -80310.437500, 0.234703703704
THR, 6, 26.866, 0.833102, -81574.937500, 0.375159259259
TRP, 9, 28.295, 0.857664, -80221.578125, 0.314955555556
TYR, 7, 27.792, 0.842525, -81261.593750, 0.270355555556
VAL, 8, 25.327, 0.80766, -80581.890625, 0.221659259259
