AMINO ACID, DSSP, SASA, GYRATE, ENERGY, RMSF
ALA, 6, 27.246, 0.839621, -81234.640625, 0.251659259259
ARG, 7, 27.882, 0.851484, -79728.234375, 0.298462962963
ASN, 10, 26.816, 0.834959, -80749.593750, 0.210481481481
ASP, 11, 24.353, 0.824841, -80538.007812, 0.207903703704
CYS, 7, 27.158, 0.80699, -79959.289062, 0.307162962963
GLN, 10, 27.706, 0.902869, -79983.359375, 0.290562962963
GLU, 4, 25.951, 0.818463, -80673.406250, 0.207940740741
GLY, 5, 24.024, 0.812948, -81197.367188, 0.230159259259
HIS, 6, 27.049, 0.834472, -80206.265625, 0.336788888889
ILE, 8, 24.565, 0.817995, -79949.789062, 0.278788888889
LEU, 6, 27.918, 0.869527, -79702.890625, 0.349325925926
LYS, 6, 28.950, 0.836768, -81009.804688, 0.242707407407
MET, 7, 26.288, 0.829871, -80984.117188, 0.221622222222
PHE, 2, 26.048, 0.820149, -80182.578125, 0.339081481481
PRO, 6, 27.048, 0.849274, -79345.742188, 0.268974074074
SER, 6, 24.477, 0.804464, -80963.609375, 0.234703703704
THR, 2, 28.468, 0.921705, -81853.632812, 0.375159259259
TRP, 5, 27.546, 0.889045, -80124.539062, 0.314955555556
TYR, 6, 25.799, 0.81403, -80313.593750, 0.270355555556
VAL, 10, 25.838, 0.826447, -80002.421875, 0.221659259259
