AMINO ACID, DSSP, SASA, GYRATE, ENERGY, RMSF
ALA, 6, 27.924, 0.866479, -80497.132812, 0.251659259259
ARG, 7, 26.703, 0.84277, -79875.343750, 0.298462962963
ASN, 8, 27.057, 0.841466, -81330.250000, 0.210481481481
ASP, 10, 25.919, 0.824454, -80285.757812, 0.207903703704
CYS, 10, 25.115, 0.803736, -80252.523438, 0.307162962963
GLN, 10, 29.492, 0.910818, -81387.632812, 0.290562962963
GLU, 2, 26.462, 0.81757, -80366.414062, 0.207940740741
GLY, 2, 24.818, 0.820967, -80627.687500, 0.230159259259
HIS, 6, 26.587, 0.828622, -80950.757812, 0.336788888889
ILE, 6, 26.754, 0.83052, -79603.453125, 0.278788888889
LEU, 7, 27.509, 0.86641, -81119.070312, 0.349325925926
LYS, 8, 27.943, 0.815427, -81189.507812, 0.242707407407
MET, 9, 26.656, 0.821465, -79874.515625, 0.221622222222
PHE, 4, 24.731, 0.815068, -79520.312500, 0.339081481481
PRO, 6, 27.572, 0.843707, -80847.609375, 0.268974074074
SER, 8, 26.299, 0.837978, -81496.867188, 0.234703703704
THR, 4, 27.930, 0.902642, -80263.976562, 0.375159259259
TRP, 5, 25.928, 0.872826, -80114.312500, 0.314955555556
TYR, 4, 24.497, 0.813246, -80297.609375, 0.270355555556
VAL, 10, 26.586, 0.827085, -79962.742188, 0.221659259259
