AMINO ACID, DSSP, SASA, GYRATE, ENERGY, RMSF
ALA, 6, 29.432, 0.864792, -80735.765625, 0.251659259259
ARG, 5, 28.303, 0.846587, -79520.687500, 0.298462962963
ASN, 12, 27.030, 0.832759, -80589.320312, 0.210481481481
ASP, 11, 27.010, 0.83071, -80041.257812, 0.207903703704
CYS, 6, 26.017, 0.807193, -79992.414062, 0.307162962963
GLN, 8, 28.960, 0.904597, -80616.539062, 0.290562962963
GLU, 4, 26.371, 0.815584, -79512.398438, 0.207940740741
GLY, 2, 27.387, 0.847951, -80132.257812, 0.230159259259
HIS, 4, 26.130, 0.823979, -79796.187500, 0.336788888889
ILE, 6, 26.079, 0.825835, -79978.250000, 0.278788888889
LEU, 7, 26.729, 0.87308, -79047.781250, 0.349325925926
LYS, 4, 27.571, 0.842037, -81080.554688, 0.242707407407
MET, 7, 25.198, 0.823938, -80780.218750, 0.221622222222
PHE, 4, 25.182, 0.812797, -80713.984375, 0.339081481481
PRO, 6, 27.782, 0.851421, -80746.750000, 0.268974074074
SER, 6, 25.404, 0.816568, -80041.718750, 0.234703703704
THR, 4, 28.170, 0.906913, -80882.281250, 0.375159259259
TRP, 5, 26.754, 0.881883, -79687.937500, 0.314955555556
TYR, 6, 25.566, 0.815628, -79932.328125, 0.270355555556
VAL, 10, 25.156, 0.805806, -80455.867188, 0.221659259259
