AMINO ACID, DSSP, SASA, GYRATE, ENERGY, RMSF
ALA, 6, 29.033, 0.853466, -80219.789062, 0.251659259259
ARG, 10, 27.175, 0.847668, -80570.171875, 0.298462962963
ASN, 8, 27.211, 0.826387, -80243.718750, 0.210481481481
ASP, 9, 26.247, 0.828979, -80324.484375, 0.207903703704
CYS, 12, 25.516, 0.796512, -79496.289062, 0.307162962963
GLN, 10, 27.262, 0.895981, -80854.125000, 0.290562962963
GLU, 2, 26.485, 0.812618, -80024.781250, 0.207940740741
GLY, 2, 25.297, 0.82924, -79964.828125, 0.230159259259
HIS, 6, 25.783, 0.824879, -80128.562500, 0.336788888889
ILE, 6, 25.402, 0.812159, -80501.945312, 0.278788888889
LEU, 4, 28.026, 0.866153, -79891.781250, 0.349325925926
LYS, 10, 27.953, 0.834969, -79967.921875, 0.242707407407
MET, 7, 25.398, 0.83487, -81061.304688, 0.221622222222
PHE, 4, 25.379, 0.820202, -80444.468750, 0.339081481481
PRO, 6, 26.440, 0.837833, -79722.929688, 0.268974074074
SER, 8, 26.328, 0.823495, -80816.421875, 0.234703703704
THR, 2, 29.535, 0.93552, -80049.648438, 0.375159259259
TRP, 2, 26.133, 0.8662, -80052.773438, 0.314955555556
TYR, 2, 24.687, 0.801784, -80113.734375, 0.270355555556
VAL, 12, 26.099, 0.829396, -79992.671875, 0.221659259259
