AMINO ACID, DSSP, SASA, GYRATE, ENERGY, RMSF
ALA, 10, 26.383, 0.839384, -81495.750000, 0.251659259259
ARG, 7, 26.339, 0.842572, -81241.093750, 0.298462962963
ASN, 10, 26.623, 0.817421, -80147.664062, 0.210481481481
ASP, 10, 27.638, 0.827986, -79351.890625, 0.207903703704
CYS, 6, 24.450, 0.802469, -80078.703125, 0.307162962963
GLN, 10, 27.430, 0.887264, -80665.609375, 0.290562962963
GLU, 4, 25.160, 0.816272, -79678.656250, 0.207940740741
GLY, 2, 27.033, 0.843661, -79407.937500, 0.230159259259
HIS, 4, 26.154, 0.818516, -80402.867188, 0.336788888889
ILE, 8, 26.049, 0.822016, -80142.656250, 0.278788888889
LEU, 4, 28.089, 0.866608, -80222.523438, 0.349325925926
LYS, 4, 27.556, 0.824445, -81234.679688, 0.242707407407
MET, 9, 27.294, 0.841669, -80621.031250, 0.221622222222
PHE, 4, 25.240, 0.82043, -80097.218750, 0.339081481481
PRO, 10, 26.455, 0.843296, -78860.992188, 0.268974074074
SER, 8, 26.679, 0.82563, -79935.132812, 0.234703703704
THR, 2, 26.530, 0.91092, -80266.976562, 0.375159259259
TRP, 5, 27.000, 0.87353, -80432.171875, 0.314955555556
TYR, 4, 25.666, 0.807296, -80164.421875, 0.270355555556
VAL, 10, 25.030, 0.818111, -79937.234375, 0.221659259259
