AMINO ACID, DSSP, SASA, GYRATE, ENERGY, RMSF
ALA, 10, 27.109, 0.83946, -80184.062500, 0.251659259259
ARG, 10, 26.775, 0.842004, -80356.828125, 0.298462962963
ASN, 12, 26.170, 0.81947, -80935.906250, 0.210481481481
ASP, 10, 27.944, 0.837649, -80588.109375, 0.207903703704
CYS, 8, 23.881, 0.783287, -79922.671875, 0.307162962963
GLN, 8, 27.259, 0.905532, -79495.671875, 0.290562962963
GLU, 2, 25.489, 0.817057, -80231.429688, 0.207940740741
GLY, 4, 26.126, 0.841218, -79940.500000, 0.230159259259
HIS, 6, 26.808, 0.829414, -80798.171875, 0.336788888889
ILE, 6, 25.684, 0.81495, -79572.054688, 0.278788888889
LEU, 4, 27.785, 0.860993, -79794.039062, 0.349325925926
LYS, 6, 26.950, 0.829027, -80739.789062, 0.242707407407
MET, 7, 26.379, 0.835293, -79947.000000, 0.221622222222
PHE, 4, 25.194, 0.816873, -80683.640625, 0.339081481481
PRO, 6, 25.971, 0.83289, -79419.039062, 0.268974074074
SER, 6, 25.629, 0.817792, -79734.398438, 0.234703703704
THR, 2, 26.735, 0.885888, -80505.640625, 0.375159259259
TRP, 5, 27.214, 0.862249, -80461.906250, 0.314955555556
TYR, 4, 24.983, 0.806352, -78881.156250, 0.270355555556
VAL, 12, 25.142, 0.835725, -81029.679688, 0.221659259259
