AMINO ACID, DSSP, SASA, GYRATE, ENERGY, RMSF
ALA, 6, 27.214, 0.836878, -80573.953125, 0.251659259259
ARG, 7, 27.304, 0.84737, -80575.296875, 0.298462962963
ASN, 12, 26.773, 0.815896, -80902.703125, 0.210481481481
ASP, 12, 27.672, 0.849747, -80559.109375, 0.207903703704
CYS, 8, 23.888, 0.802531, -80001.453125, 0.307162962963
GLN, 8, 27.035, 0.902293, -80243.304688, 0.290562962963
GLU, 4, 26.879, 0.822165, -79598.125000, 0.207940740741
GLY, 5, 26.918, 0.838587, -79697.898438, 0.230159259259
HIS, 6, 27.057, 0.82334, -80705.921875, 0.336788888889
ILE, 8, 25.695, 0.832457, -79005.500000, 0.278788888889
LEU, 4, 27.443, 0.864107, -80013.023438, 0.349325925926
LYS, 10, 26.229, 0.823059, -80128.156250, 0.242707407407
MET, 7, 26.456, 0.842592, -80348.937500, 0.221622222222
PHE, 4, 24.905, 0.813419, -79882.546875, 0.339081481481
PRO, 6, 26.248, 0.850828, -80453.164062, 0.268974074074
SER, 8, 27.001, 0.830635, -81680.835938, 0.234703703704
THR, 6, 27.334, 0.895234, -80052.937500, 0.375159259259
TRP, 5, 28.393, 0.868691, -79693.671875, 0.314955555556
TYR, 4, 25.963, 0.807944, -79384.734375, 0.270355555556
VAL, 8, 26.306, 0.835016, -80933.890625, 0.221659259259
