AMINO ACID, DSSP, SASA, GYRATE, ENERGY, RMSF
ALA, 6, 26.091, 0.833989, -80495.453125, 0.251659259259
ARG, 10, 27.026, 0.84197, -80741.382812, 0.298462962963
ASN, 10, 26.730, 0.818993, -79795.070312, 0.210481481481
ASP, 10, 27.677, 0.836756, -80328.406250, 0.207903703704
CYS, 8, 24.258, 0.804491, -80116.265625, 0.307162962963
GLN, 7, 28.904, 0.893905, -80171.664062, 0.290562962963
GLU, 4, 25.692, 0.817869, -80365.890625, 0.207940740741
GLY, 2, 27.464, 0.848053, -80187.109375, 0.230159259259
HIS, 6, 25.283, 0.829237, -80683.398438, 0.336788888889
ILE, 6, 25.599, 0.817295, -80661.390625, 0.278788888889
LEU, 8, 27.963, 0.867243, -80257.062500, 0.349325925926
LYS, 7, 25.618, 0.819543, -80945.976562, 0.242707407407
MET, 7, 26.283, 0.834257, -80336.984375, 0.221622222222
PHE, 4, 24.781, 0.816664, -80682.953125, 0.339081481481
PRO, 10, 25.817, 0.846337, -79136.570312, 0.268974074074
SER, 6, 26.837, 0.839424, -80687.734375, 0.234703703704
THR, 4, 28.559, 0.893895, -80478.890625, 0.375159259259
TRP, 5, 28.246, 0.882231, -79720.265625, 0.314955555556
TYR, 4, 26.787, 0.810653, -80091.562500, 0.270355555556
VAL, 8, 25.890, 0.836783, -80722.656250, 0.221659259259
