AMINO ACID, DSSP, SASA, GYRATE, ENERGY, RMSF
ALA, 4, 28.360, 0.845557, -80334.085938, 0.251659259259
ARG, 7, 26.966, 0.843744, -81517.140625, 0.298462962963
ASN, 11, 26.209, 0.813695, -80057.945312, 0.210481481481
ASP, 12, 26.905, 0.819463, -80585.281250, 0.207903703704
CYS, 10, 25.763, 0.807691, -79897.562500, 0.307162962963
GLN, 12, 27.133, 0.866186, -79669.570312, 0.290562962963
GLU, 2, 27.189, 0.822511, -79745.828125, 0.207940740741
GLY, 2, 26.234, 0.85274, -80301.671875, 0.230159259259
HIS, 6, 26.318, 0.817971, -80023.335938, 0.336788888889
ILE, 6, 24.386, 0.804071, -80144.125000, 0.278788888889
LEU, 14, 27.014, 0.879772, -80706.562500, 0.349325925926
LYS, 6, 26.742, 0.824359, -80859.109375, 0.242707407407
MET, 7, 26.745, 0.844917, -80425.328125, 0.221622222222
PHE, 6, 25.576, 0.820889, -79627.953125, 0.339081481481
PRO, 10, 27.380, 0.841521, -79592.007812, 0.268974074074
SER, 8, 25.207, 0.816095, -81298.328125, 0.234703703704
THR, 0, 29.416, 0.918805, -80644.726562, 0.375159259259
TRP, 3, 29.823, 0.877676, -79571.695312, 0.314955555556
TYR, 8, 26.707, 0.812328, -79613.953125, 0.270355555556
VAL, 8, 26.345, 0.841357, -80326.406250, 0.221659259259
