AMINO ACID, DSSP, SASA, GYRATE, ENERGY, RMSF
ALA, 4, 27.097, 0.845638, -80578.203125, 0.251659259259
ARG, 7, 26.499, 0.829113, -81340.054688, 0.298462962963
ASN, 10, 26.724, 0.83099, -80555.992188, 0.210481481481
ASP, 10, 25.222, 0.80972, -79212.101562, 0.207903703704
CYS, 10, 25.261, 0.797505, -79790.656250, 0.307162962963
GLN, 8, 27.031, 0.869826, -79788.562500, 0.290562962963
GLU, 4, 25.157, 0.808824, -80837.546875, 0.207940740741
GLY, 2, 26.390, 0.829877, -80656.679688, 0.230159259259
HIS, 8, 25.347, 0.816421, -80641.968750, 0.336788888889
ILE, 6, 25.945, 0.831427, -80470.648438, 0.278788888889
LEU, 12, 27.396, 0.880455, -79957.570312, 0.349325925926
LYS, 11, 28.189, 0.831924, -81035.742188, 0.242707407407
MET, 7, 23.959, 0.82126, -80024.312500, 0.221622222222
PHE, 4, 25.019, 0.824555, -80703.125000, 0.339081481481
PRO, 6, 27.048, 0.839672, -80491.031250, 0.268974074074
SER, 6, 24.643, 0.809203, -81054.820312, 0.234703703704
THR, 4, 28.428, 0.898358, -80261.375000, 0.375159259259
TRP, 4, 30.033, 0.888452, -80800.765625, 0.314955555556
TYR, 6, 25.790, 0.806693, -80199.679688, 0.270355555556
VAL, 8, 25.627, 0.827737, -80062.617188, 0.221659259259
