AMINO ACID, DSSP, SASA, GYRATE, ENERGY, RMSF
ALA, 6, 27.809, 0.847362, -80309.617188, 0.251659259259
ARG, 9, 26.698, 0.847403, -81160.375000, 0.298462962963
ASN, 10, 26.543, 0.811395, -80519.281250, 0.210481481481
ASP, 14, 24.599, 0.795219, -80482.265625, 0.207903703704
CYS, 8, 24.951, 0.809519, -79989.296875, 0.307162962963
GLN, 12, 26.740, 0.858605, -80389.117188, 0.290562962963
GLU, 2, 25.634, 0.815767, -80042.843750, 0.207940740741
GLY, 4, 26.546, 0.842556, -80840.671875, 0.230159259259
HIS, 6, 27.036, 0.841708, -80070.437500, 0.336788888889
ILE, 8, 26.122, 0.830075, -80580.453125, 0.278788888889
LEU, 8, 27.220, 0.881266, -79586.000000, 0.349325925926
LYS, 8, 25.610, 0.820816, -80456.703125, 0.242707407407
MET, 7, 25.918, 0.828544, -80569.812500, 0.221622222222
PHE, 2, 24.965, 0.81665, -79101.218750, 0.339081481481
PRO, 8, 27.400, 0.836803, -80551.031250, 0.268974074074
SER, 8, 24.932, 0.809744, -80188.156250, 0.234703703704
THR, 4, 28.518, 0.910217, -80249.046875, 0.375159259259
TRP, 9, 30.345, 0.903847, -80011.109375, 0.314955555556
TYR, 2, 25.309, 0.805427, -79801.562500, 0.270355555556
VAL, 10, 26.448, 0.841995, -80340.382812, 0.221659259259
