AMINO ACID, DSSP, SASA, GYRATE, ENERGY, RMSF
ALA, 5, 28.225, 0.833652, -80473.937500, 0.251659259259
ARG, 7, 28.024, 0.85325, -81018.078125, 0.298462962963
ASN, 10, 25.367, 0.822477, -79673.312500, 0.210481481481
ASP, 12, 25.563, 0.811866, -79787.546875, 0.207903703704
CYS, 6, 23.677, 0.807251, -79654.671875, 0.307162962963
GLN, 8, 27.248, 0.863968, -80321.328125, 0.290562962963
GLU, 2, 27.825, 0.834364, -79971.140625, 0.207940740741
GLY, 2, 25.808, 0.823651, -80198.796875, 0.230159259259
HIS, 8, 28.160, 0.850736, -79703.125000, 0.336788888889
ILE, 6, 26.062, 0.820179, -79762.242188, 0.278788888889
LEU, 6, 28.479, 0.893564, -79714.828125, 0.349325925926
LYS, 10, 26.729, 0.83834, -80886.015625, 0.242707407407
MET, 7, 25.422, 0.821574, -80813.250000, 0.221622222222
PHE, 4, 24.745, 0.82041, -80214.195312, 0.339081481481
PRO, 8, 26.888, 0.832154, -80023.070312, 0.268974074074
SER, 6, 26.550, 0.826123, -80237.593750, 0.234703703704
THR, 2, 27.764, 0.911692, -80493.328125, 0.375159259259
TRP, 5, 30.153, 0.888399, -79193.531250, 0.314955555556
TYR, 6, 25.262, 0.813643, -80095.937500, 0.270355555556
VAL, 12, 27.511, 0.837391, -80290.718750, 0.221659259259
