AMINO ACID, DSSP, SASA, GYRATE, ENERGY, RMSF
ALA, 8, 27.713, 0.821397, -79786.312500, 0.251659259259
ARG, 7, 28.104, 0.843809, -80349.164062, 0.298462962963
ASN, 10, 26.673, 0.828665, -79760.406250, 0.210481481481
ASP, 11, 25.422, 0.810721, -80225.156250, 0.207903703704
CYS, 8, 25.577, 0.807081, -80674.390625, 0.307162962963
GLN, 8, 28.728, 0.890971, -79605.585938, 0.290562962963
GLU, 6, 25.619, 0.807652, -80855.234375, 0.207940740741
GLY, 2, 26.045, 0.825002, -81267.914062, 0.230159259259
HIS, 6, 27.839, 0.837267, -79790.843750, 0.336788888889
ILE, 7, 26.379, 0.82871, -79836.578125, 0.278788888889
LEU, 10, 26.922, 0.902106, -79860.015625, 0.349325925926
LYS, 7, 28.018, 0.829619, -80170.117188, 0.242707407407
MET, 9, 25.465, 0.817015, -80397.656250, 0.221622222222
PHE, 4, 24.196, 0.796481, -80426.640625, 0.339081481481
PRO, 10, 27.874, 0.840286, -80397.445312, 0.268974074074
SER, 8, 27.297, 0.841971, -80227.625000, 0.234703703704
THR, 4, 30.005, 0.905381, -80981.171875, 0.375159259259
TRP, 7, 27.472, 0.859202, -79943.773438, 0.314955555556
TYR, 4, 26.483, 0.812927, -80693.265625, 0.270355555556
VAL, 12, 26.382, 0.842641, -79734.109375, 0.221659259259
