AMINO ACID, DSSP, SASA, GYRATE, ENERGY, RMSF
ALA, 5, 26.490, 0.829678, -80908.734375, 0.251659259259
ARG, 7, 26.989, 0.841081, -81069.445312, 0.298462962963
ASN, 10, 26.488, 0.825488, -80730.757812, 0.210481481481
ASP, 8, 25.433, 0.816609, -80369.414062, 0.207903703704
CYS, 12, 24.175, 0.785422, -80397.437500, 0.307162962963
GLN, 6, 28.518, 0.88851, -79999.375000, 0.290562962963
GLU, 2, 27.039, 0.819797, -79824.937500, 0.207940740741
GLY, 2, 24.623, 0.80128, -80820.750000, 0.230159259259
HIS, 6, 27.157, 0.837767, -80565.851562, 0.336788888889
ILE, 9, 25.594, 0.831968, -80415.375000, 0.278788888889
LEU, 12, 28.495, 0.903682, -80789.546875, 0.349325925926
LYS, 10, 27.593, 0.831133, -81228.796875, 0.242707407407
MET, 7, 26.253, 0.825545, -80490.359375, 0.221622222222
PHE, 4, 24.927, 0.806858, -80885.984375, 0.339081481481
PRO, 12, 27.838, 0.84177, -79863.375000, 0.268974074074
SER, 8, 27.369, 0.846253, -80741.023438, 0.234703703704
THR, 0, 28.442, 0.881726, -80059.148438, 0.375159259259
TRP, 5, 28.386, 0.891034, -80012.484375, 0.314955555556
TYR, 4, 25.582, 0.804155, -81066.015625, 0.270355555556
VAL, 12, 27.166, 0.829455, -77706.890625, 0.221659259259
