AMINO ACID, DSSP, SASA, GYRATE, ENERGY, RMSF
ALA, 5, 27.672, 0.833926, -79516.710938, 0.251659259259
ARG, 10, 25.711, 0.845773, -80833.945312, 0.298462962963
ASN, 16, 26.190, 0.815109, -80525.656250, 0.210481481481
ASP, 10, 25.610, 0.813865, -80088.125000, 0.207903703704
CYS, 10, 24.924, 0.797089, -80291.984375, 0.307162962963
GLN, 11, 28.124, 0.873049, -80268.406250, 0.290562962963
GLU, 4, 27.336, 0.817283, -80783.507812, 0.207940740741
GLY, 2, 25.857, 0.822774, -80947.812500, 0.230159259259
HIS, 8, 26.132, 0.829685, -80908.640625, 0.336788888889
ILE, 9, 24.042, 0.807391, -80126.179688, 0.278788888889
LEU, 10, 27.493, 0.893493, -80488.609375, 0.349325925926
LYS, 8, 27.659, 0.840104, -80953.414062, 0.242707407407
MET, 7, 25.375, 0.814286, -79934.789062, 0.221622222222
PHE, 11, 24.596, 0.809502, -80104.992188, 0.339081481481
PRO, 8, 27.133, 0.836028, -80164.234375, 0.268974074074
SER, 10, 26.964, 0.827655, -80697.218750, 0.234703703704
THR, 4, 27.737, 0.891904, -80157.546875, 0.375159259259
TRP, 2, 28.257, 0.872868, -79725.453125, 0.314955555556
TYR, 6, 26.022, 0.812078, -79629.296875, 0.270355555556
VAL, 12, 26.916, 0.82669, -80695.929688, 0.221659259259
