AMINO ACID, DSSP, SASA, GYRATE, ENERGY, RMSF
ALA, 7, 28.714, 0.848512, -78982.820312, 0.251659259259
ARG, 9, 27.177, 0.848332, -80514.234375, 0.298462962963
ASN, 10, 25.183, 0.820288, -80425.851562, 0.210481481481
ASP, 10, 25.952, 0.815185, -80908.773438, 0.207903703704
CYS, 6, 23.909, 0.779246, -80583.062500, 0.307162962963
GLN, 12, 28.748, 0.891762, -80132.406250, 0.290562962963
GLU, 4, 26.848, 0.822604, -81016.000000, 0.207940740741
GLY, 4, 24.849, 0.815329, -79451.312500, 0.230159259259
HIS, 6, 25.960, 0.83813, -79108.656250, 0.336788888889
ILE, 7, 24.908, 0.809667, -80328.531250, 0.278788888889
LEU, 8, 27.864, 0.903094, -80232.546875, 0.349325925926
LYS, 8, 28.720, 0.833006, -80660.062500, 0.242707407407
MET, 9, 28.156, 0.834792, -80497.578125, 0.221622222222
PHE, 5, 26.181, 0.81927, -80095.500000, 0.339081481481
PRO, 10, 26.961, 0.836463, -80589.921875, 0.268974074074
SER, 8, 27.510, 0.837379, -81797.234375, 0.234703703704
THR, 0, 26.198, 0.885877, -80553.812500, 0.375159259259
TRP, 5, 29.236, 0.880191, -80486.546875, 0.314955555556
TYR, 6, 25.488, 0.822155, -80435.093750, 0.270355555556
VAL, 13, 26.468, 0.834464, -80135.421875, 0.221659259259
