AMINO ACID, DSSP, SASA, GYRATE, ENERGY, RMSF
ALA, 9, 26.930, 0.830877, -80843.859375, 0.251659259259
ARG, 12, 26.649, 0.847109, -79892.414062, 0.298462962963
ASN, 6, 26.889, 0.8202, -80309.984375, 0.210481481481
ASP, 8, 25.503, 0.809239, -80080.500000, 0.207903703704
CYS, 12, 25.034, 0.796201, -80215.671875, 0.307162962963
GLN, 6, 29.689, 0.915399, -79743.835938, 0.290562962963
GLU, 6, 26.326, 0.822177, -79200.718750, 0.207940740741
GLY, 4, 25.486, 0.819164, -80860.343750, 0.230159259259
HIS, 6, 26.473, 0.818222, -79702.195312, 0.336788888889
ILE, 9, 25.849, 0.819084, -79821.437500, 0.278788888889
LEU, 12, 27.582, 0.900972, -79936.281250, 0.349325925926
LYS, 8, 28.153, 0.841125, -80755.828125, 0.242707407407
MET, 10, 24.745, 0.81665, -81130.039062, 0.221622222222
PHE, 6, 24.378, 0.803552, -79918.101562, 0.339081481481
PRO, 8, 27.098, 0.833892, -80173.562500, 0.268974074074
SER, 8, 26.517, 0.835292, -80732.890625, 0.234703703704
THR, 6, 27.695, 0.887829, -80208.734375, 0.375159259259
TRP, 5, 29.181, 0.887019, -79883.023438, 0.314955555556
TYR, 6, 26.731, 0.819812, -79850.992188, 0.270355555556
VAL, 12, 28.538, 0.847956, -79701.382812, 0.221659259259
