AMINO ACID, DSSP, SASA, GYRATE, ENERGY, RMSF
ALA, 9, 25.459, 0.805211, -80391.367188, 0.251659259259
ARG, 7, 28.979, 0.850746, -80335.843750, 0.298462962963
ASN, 12, 25.421, 0.827632, -80526.562500, 0.210481481481
ASP, 10, 26.810, 0.818179, -80541.328125, 0.207903703704
CYS, 6, 25.241, 0.81091, -79402.421875, 0.307162962963
GLN, 6, 27.626, 0.886305, -80227.296875, 0.290562962963
GLU, 2, 26.288, 0.812895, -80114.398438, 0.207940740741
GLY, 5, 25.897, 0.846813, -79809.125000, 0.230159259259
HIS, 10, 25.828, 0.816846, -80353.765625, 0.336788888889
ILE, 9, 25.539, 0.813, -80254.835938, 0.278788888889
LEU, 6, 28.591, 0.891301, -79664.390625, 0.349325925926
LYS, 4, 29.987, 0.847892, -80486.015625, 0.242707407407
MET, 7, 27.532, 0.850785, -79369.101562, 0.221622222222
PHE, 4, 25.459, 0.819765, -79564.906250, 0.339081481481
PRO, 5, 27.040, 0.837615, -80342.656250, 0.268974074074
SER, 8, 28.034, 0.854164, -80024.500000, 0.234703703704
THR, 6, 25.967, 0.869715, -80434.812500, 0.375159259259
TRP, 7, 28.717, 0.857968, -79458.765625, 0.314955555556
TYR, 6, 25.443, 0.820218, -80020.687500, 0.270355555556
VAL, 8, 26.883, 0.848285, -79866.718750, 0.221659259259
