AMINO ACID, DSSP, SASA, GYRATE, ENERGY, RMSF
ALA, 9, 24.295, 0.803052, -80244.015625, 0.251659259259
ARG, 7, 29.245, 0.858712, -80275.914062, 0.298462962963
ASN, 8, 26.984, 0.844804, -80533.898438, 0.210481481481
ASP, 10, 25.822, 0.817581, -80351.695312, 0.207903703704
CYS, 8, 26.637, 0.806978, -79997.515625, 0.307162962963
GLN, 6, 29.321, 0.884102, -80286.945312, 0.290562962963
GLU, 2, 27.034, 0.81953, -80455.671875, 0.207940740741
GLY, 5, 26.300, 0.841923, -79804.484375, 0.230159259259
HIS, 6, 26.415, 0.809506, -80307.359375, 0.336788888889
ILE, 9, 24.886, 0.793068, -79603.484375, 0.278788888889
LEU, 8, 27.323, 0.875642, -80486.796875, 0.349325925926
LYS, 4, 29.375, 0.850109, -80967.046875, 0.242707407407
MET, 8, 28.748, 0.855291, -80626.203125, 0.221622222222
PHE, 11, 24.475, 0.812662, -80291.656250, 0.339081481481
PRO, 7, 27.068, 0.829889, -80307.390625, 0.268974074074
SER, 6, 27.500, 0.85243, -80538.015625, 0.234703703704
THR, 4, 26.450, 0.880831, -80055.726562, 0.375159259259
TRP, 2, 30.416, 0.883023, -79990.960938, 0.314955555556
TYR, 4, 26.707, 0.821465, -80021.687500, 0.270355555556
VAL, 8, 26.772, 0.852085, -79806.078125, 0.221659259259
