AMINO ACID, DSSP, SASA, GYRATE, ENERGY, RMSF
ALA, 7, 25.127, 0.798593, -79525.343750, 0.251659259259
ARG, 10, 28.333, 0.845359, -79938.070312, 0.298462962963
ASN, 6, 28.187, 0.850646, -80089.742188, 0.210481481481
ASP, 10, 25.707, 0.817722, -80303.546875, 0.207903703704
CYS, 10, 24.966, 0.787129, -80367.421875, 0.307162962963
GLN, 8, 27.669, 0.871634, -80148.421875, 0.290562962963
GLU, 2, 27.096, 0.821682, -80111.078125, 0.207940740741
GLY, 7, 25.459, 0.836462, -80654.687500, 0.230159259259
HIS, 8, 25.964, 0.808283, -79285.601562, 0.336788888889
ILE, 9, 24.892, 0.804276, -80345.242188, 0.278788888889
LEU, 8, 27.612, 0.878135, -80215.406250, 0.349325925926
LYS, 6, 28.897, 0.835943, -81131.773438, 0.242707407407
MET, 7, 26.608, 0.848152, -80006.882812, 0.221622222222
PHE, 13, 24.799, 0.811492, -80790.000000, 0.339081481481
PRO, 5, 27.033, 0.832627, -79761.828125, 0.268974074074
SER, 8, 28.842, 0.863342, -80710.843750, 0.234703703704
THR, 4, 25.701, 0.88081, -80879.000000, 0.375159259259
TRP, 5, 28.429, 0.860561, -80758.359375, 0.314955555556
TYR, 4, 26.940, 0.821323, -79693.234375, 0.270355555556
VAL, 6, 27.769, 0.859581, -79996.671875, 0.221659259259
