AMINO ACID, DSSP, SASA, GYRATE, ENERGY, RMSF
ALA, 7, 23.771, 0.798232, -80366.000000, 0.251659259259
ARG, 7, 24.815, 0.811276, -81432.851562, 0.298462962963
ASN, 14, 26.374, 0.829976, -80613.695312, 0.210481481481
ASP, 12, 25.446, 0.805792, -80628.359375, 0.207903703704
CYS, 8, 25.221, 0.797396, -80549.671875, 0.307162962963
GLN, 6, 28.056, 0.88319, -81268.265625, 0.290562962963
GLU, 4, 26.286, 0.805786, -80927.203125, 0.207940740741
GLY, 4, 25.913, 0.82627, -80249.734375, 0.230159259259
HIS, 10, 25.058, 0.80618, -79542.921875, 0.336788888889
ILE, 9, 26.364, 0.826458, -80453.046875, 0.278788888889
LEU, 4, 28.160, 0.875923, -80224.796875, 0.349325925926
LYS, 6, 27.293, 0.838342, -80492.531250, 0.242707407407
MET, 7, 25.478, 0.816275, -80562.250000, 0.221622222222
PHE, 6, 25.811, 0.817925, -79967.617188, 0.339081481481
PRO, 10, 27.952, 0.855072, -80145.695312, 0.268974074074
SER, 6, 26.506, 0.841942, -80865.531250, 0.234703703704
THR, 6, 27.981, 0.912548, -80097.132812, 0.375159259259
TRP, 5, 27.314, 0.920836, -79063.218750, 0.314955555556
TYR, 4, 27.254, 0.824295, -79934.578125, 0.270355555556
VAL, 5, 26.661, 0.840523, -80014.125000, 0.221659259259
