AMINO ACID, DSSP, SASA, GYRATE, ENERGY, RMSF
ALA, 10, 26.241, 0.81837, -79662.734375, 0.251659259259
ARG, 9, 25.385, 0.825484, -80330.710938, 0.298462962963
ASN, 13, 27.209, 0.836749, -79529.945312, 0.210481481481
ASP, 8, 23.859, 0.803942, -80106.718750, 0.207903703704
CYS, 10, 26.388, 0.798608, -79953.460938, 0.307162962963
GLN, 6, 27.455, 0.896305, -80095.585938, 0.290562962963
GLU, 4, 26.528, 0.82125, -79472.460938, 0.207940740741
GLY, 6, 24.317, 0.818579, -80047.734375, 0.230159259259
HIS, 10, 26.457, 0.820402, -80576.109375, 0.336788888889
ILE, 9, 26.097, 0.827611, -80240.484375, 0.278788888889
LEU, 6, 28.540, 0.862167, -79638.640625, 0.349325925926
LYS, 8, 28.962, 0.831891, -81623.875000, 0.242707407407
MET, 7, 27.104, 0.83253, -79320.218750, 0.221622222222
PHE, 6, 25.888, 0.813499, -79251.156250, 0.339081481481
PRO, 12, 26.069, 0.849193, -80654.937500, 0.268974074074
SER, 12, 26.452, 0.83631, -80198.140625, 0.234703703704
THR, 4, 29.072, 0.927473, -80904.390625, 0.375159259259
TRP, 5, 28.977, 0.934265, -80450.867188, 0.314955555556
TYR, 8, 26.344, 0.827507, -80489.179688, 0.270355555556
VAL, 5, 27.810, 0.848261, -79964.617188, 0.221659259259
