AMINO ACID, DSSP, SASA, GYRATE, ENERGY, RMSF
ALA, 4, 29.832, 0.881352, -79699.187500, 0.251659259259
ARG, 0, 27.470, 0.852998, -80978.507812, 0.298462962963
ASN, 6, 27.206, 0.831996, -79982.132812, 0.210481481481
ASP, 9, 26.142, 0.816276, -79386.617188, 0.207903703704
CYS, 8, 28.034, 0.871273, -80017.812500, 0.307162962963
GLN, 6, 25.517, 0.809954, -80232.812500, 0.290562962963
GLU, 6, 27.146, 0.835791, -80544.664062, 0.207940740741
GLY, 11, 24.675, 0.818782, -80371.000000, 0.230159259259
HIS, 8, 25.855, 0.831846, -80522.140625, 0.336788888889
ILE, 8, 27.434, 0.825122, -80318.570312, 0.278788888889
LEU, 8, 25.045, 0.808137, -80363.687500, 0.349325925926
LYS, 7, 26.606, 0.833611, -79833.804688, 0.242707407407
MET, 7, 26.423, 0.823676, -81133.609375, 0.221622222222
PHE, 10, 25.383, 0.815377, -79542.078125, 0.339081481481
PRO, 4, 25.855, 0.833716, -79708.218750, 0.268974074074
SER, 8, 26.858, 0.821463, -80208.296875, 0.234703703704
THR, 8, 27.565, 0.841995, -79907.773438, 0.375159259259
TRP, 6, 26.936, 0.841234, -80848.632812, 0.314955555556
TYR, 9, 27.626, 0.86259, -79799.515625, 0.270355555556
VAL, 10, 25.903, 0.818843, -80472.703125, 0.221659259259
