AMINO ACID, DSSP, SASA, GYRATE, ENERGY, RMSF
ALA, 8, 24.468, 0.80588, -80875.710938, 0.251659259259
ARG, 5, 25.884, 0.83227, -81129.460938, 0.298462962963
ASN, 10, 28.567, 0.851527, -81002.492188, 0.210481481481
ASP, 10, 23.964, 0.8, -80883.531250, 0.207903703704
CYS, 8, 24.217, 0.792724, -80066.445312, 0.307162962963
GLN, 6, 27.777, 0.889974, -80586.257812, 0.290562962963
GLU, 4, 25.472, 0.809682, -80214.875000, 0.207940740741
GLY, 5, 24.822, 0.831457, -80527.742188, 0.230159259259
HIS, 8, 26.311, 0.819001, -79696.390625, 0.336788888889
ILE, 7, 26.550, 0.826631, -80514.593750, 0.278788888889
LEU, 8, 26.566, 0.851957, -79589.906250, 0.349325925926
LYS, 6, 27.863, 0.842064, -80704.984375, 0.242707407407
MET, 7, 25.771, 0.842685, -79494.593750, 0.221622222222
PHE, 6, 24.663, 0.814059, -79937.898438, 0.339081481481
PRO, 5, 26.298, 0.841059, -79192.398438, 0.268974074074
SER, 10, 28.192, 0.836484, -81070.468750, 0.234703703704
THR, 4, 28.019, 0.906622, -80294.640625, 0.375159259259
TRP, 5, 29.346, 0.931921, -80476.531250, 0.314955555556
TYR, 2, 28.553, 0.850189, -80274.476562, 0.270355555556
VAL, 4, 28.619, 0.873777, -79846.718750, 0.221659259259
