AMINO ACID, DSSP, SASA, GYRATE, ENERGY, RMSF
ALA, 9, 25.827, 0.820309, -80270.460938, 0.251659259259
ARG, 4, 25.574, 0.828754, -79719.437500, 0.298462962963
ASN, 10, 28.061, 0.856383, -80304.281250, 0.210481481481
ASP, 8, 25.442, 0.816253, -79403.070312, 0.207903703704
CYS, 8, 25.329, 0.798279, -80708.968750, 0.307162962963
GLN, 6, 27.333, 0.887406, -80092.031250, 0.290562962963
GLU, 2, 26.021, 0.816621, -79666.187500, 0.207940740741
GLY, 7, 25.663, 0.826185, -80059.054688, 0.230159259259
HIS, 10, 26.267, 0.821781, -81027.890625, 0.336788888889
ILE, 9, 26.973, 0.829777, -80371.843750, 0.278788888889
LEU, 6, 27.002, 0.848792, -80352.093750, 0.349325925926
LYS, 6, 27.630, 0.824904, -81353.703125, 0.242707407407
MET, 9, 27.158, 0.839783, -81165.687500, 0.221622222222
PHE, 6, 25.146, 0.811382, -80109.078125, 0.339081481481
PRO, 7, 26.311, 0.83402, -78616.734375, 0.268974074074
SER, 8, 28.636, 0.865295, -80368.312500, 0.234703703704
THR, 6, 28.311, 0.9154, -80350.570312, 0.375159259259
TRP, 5, 30.094, 0.949376, -80050.789062, 0.314955555556
TYR, 6, 27.911, 0.831288, -80229.921875, 0.270355555556
VAL, 2, 28.848, 0.856023, -80113.187500, 0.221659259259
