AMINO ACID, DSSP, SASA, GYRATE, ENERGY, RMSF
ALA, 8, 26.403, 0.83741, -80883.968750, 0.251659259259
ARG, 7, 25.169, 0.823467, -80828.914062, 0.298462962963
ASN, 10, 26.664, 0.831196, -81166.976562, 0.210481481481
ASP, 8, 27.419, 0.834165, -80063.992188, 0.207903703704
CYS, 10, 27.127, 0.815586, -79979.234375, 0.307162962963
GLN, 8, 29.367, 0.8887, -80713.437500, 0.290562962963
GLU, 4, 28.213, 0.824648, -80057.734375, 0.207940740741
GLY, 4, 24.855, 0.808272, -79838.945312, 0.230159259259
HIS, 4, 27.411, 0.840494, -80646.375000, 0.336788888889
ILE, 9, 25.642, 0.80514, -80278.843750, 0.278788888889
LEU, 8, 29.322, 0.88016, -80339.125000, 0.349325925926
LYS, 8, 28.783, 0.831745, -81110.289062, 0.242707407407
MET, 7, 26.484, 0.832451, -80231.929688, 0.221622222222
PHE, 4, 25.561, 0.82181, -79273.992188, 0.339081481481
PRO, 7, 26.716, 0.847159, -80496.554688, 0.268974074074
SER, 6, 28.949, 0.859599, -79928.820312, 0.234703703704
THR, 2, 26.888, 0.920647, -80329.109375, 0.375159259259
TRP, 7, 30.621, 0.97022, -80239.820312, 0.314955555556
TYR, 6, 27.790, 0.829047, -79438.453125, 0.270355555556
VAL, 2, 29.683, 0.885123, -80465.968750, 0.221659259259
