AMINO ACID, DSSP, SASA, GYRATE, ENERGY, RMSF
ALA, 7, 26.027, 0.824659, -80636.406250, 0.251659259259
ARG, 9, 24.917, 0.817268, -80971.992188, 0.298462962963
ASN, 10, 27.137, 0.840742, -80306.234375, 0.210481481481
ASP, 8, 26.931, 0.824254, -80451.859375, 0.207903703704
CYS, 10, 26.442, 0.807023, -80408.453125, 0.307162962963
GLN, 10, 28.539, 0.883596, -79926.109375, 0.290562962963
GLU, 2, 28.992, 0.837386, -80920.671875, 0.207940740741
GLY, 4, 25.453, 0.819773, -80082.765625, 0.230159259259
HIS, 8, 28.581, 0.830241, -79931.140625, 0.336788888889
ILE, 7, 25.905, 0.81403, -80199.570312, 0.278788888889
LEU, 4, 28.835, 0.875754, -79923.570312, 0.349325925926
LYS, 6, 27.979, 0.838356, -80346.671875, 0.242707407407
MET, 7, 27.070, 0.838358, -80575.953125, 0.221622222222
PHE, 6, 26.330, 0.845849, -80106.398438, 0.339081481481
PRO, 7, 27.700, 0.84754, -80382.023438, 0.268974074074
SER, 6, 27.816, 0.837435, -80322.906250, 0.234703703704
THR, 2, 27.858, 0.921527, -80497.898438, 0.375159259259
TRP, 5, 30.858, 0.984483, -79784.398438, 0.314955555556
TYR, 6, 28.954, 0.835121, -80126.148438, 0.270355555556
VAL, 2, 29.555, 0.889933, -80635.468750, 0.221659259259
