AMINO ACID, DSSP, SASA, GYRATE, ENERGY, RMSF
ALA, 11, 25.676, 0.821602, -80398.906250, 0.251659259259
ARG, 9, 25.011, 0.813384, -81119.875000, 0.298462962963
ASN, 12, 27.557, 0.83584, -80609.671875, 0.210481481481
ASP, 10, 27.055, 0.835616, -80344.078125, 0.207903703704
CYS, 9, 25.672, 0.806237, -80662.171875, 0.307162962963
GLN, 6, 28.498, 0.894885, -80186.414062, 0.290562962963
GLU, 4, 26.542, 0.81899, -80642.218750, 0.207940740741
GLY, 4, 25.099, 0.82795, -79965.984375, 0.230159259259
HIS, 10, 26.456, 0.812335, -80517.984375, 0.336788888889
ILE, 9, 26.066, 0.812285, -79642.093750, 0.278788888889
LEU, 2, 27.887, 0.881972, -79974.265625, 0.349325925926
LYS, 6, 28.159, 0.843375, -81000.320312, 0.242707407407
MET, 7, 27.381, 0.851309, -80054.906250, 0.221622222222
PHE, 9, 25.968, 0.828419, -79137.546875, 0.339081481481
PRO, 5, 27.862, 0.845571, -80250.125000, 0.268974074074
SER, 4, 29.070, 0.85088, -79633.023438, 0.234703703704
THR, 4, 28.441, 0.927529, -79886.796875, 0.375159259259
TRP, 7, 30.320, 0.963856, -79692.250000, 0.314955555556
TYR, 4, 28.222, 0.833382, -79954.625000, 0.270355555556
VAL, 2, 28.133, 0.856396, -79933.359375, 0.221659259259
