AMINO ACID, DSSP, SASA, GYRATE, ENERGY, RMSF
ALA, 6, 27.068, 0.835457, -80390.851562, 0.251659259259
ARG, 8, 28.018, 0.834039, -81028.992188, 0.298462962963
ASN, 8, 26.792, 0.827666, -81123.578125, 0.210481481481
ASP, 10, 23.898, 0.792691, -80180.031250, 0.207903703704
CYS, 10, 27.116, 0.853824, -80296.507812, 0.307162962963
GLN, 14, 26.104, 0.826025, -81758.171875, 0.290562962963
GLU, 8, 26.968, 0.858692, -80762.492188, 0.207940740741
GLY, 7, 26.402, 0.832801, -81249.265625, 0.230159259259
HIS, 10, 28.447, 0.850647, -80538.234375, 0.336788888889
ILE, 8, 27.733, 0.839586, -80673.484375, 0.278788888889
LEU, 12, 24.940, 0.792476, -80487.906250, 0.349325925926
LYS, 12, 26.784, 0.818107, -81149.015625, 0.242707407407
MET, 11, 26.897, 0.846584, -80243.500000, 0.221622222222
PHE, 6, 25.740, 0.820733, -80562.593750, 0.339081481481
PRO, 7, 27.679, 0.854975, -80024.343750, 0.268974074074
SER, 8, 25.297, 0.810137, -80572.156250, 0.234703703704
THR, 6, 25.886, 0.80521, -79543.046875, 0.375159259259
TRP, 12, 29.274, 0.855075, -80065.718750, 0.314955555556
TYR, 8, 26.384, 0.828542, -80660.718750, 0.270355555556
VAL, 8, 27.756, 0.827645, -79857.664062, 0.221659259259
