AMINO ACID, DSSP, SASA, GYRATE, ENERGY, RMSF
ALA, 9, 27.859, 0.84056, -79486.718750, 0.251659259259
ARG, 7, 25.374, 0.823881, -80558.546875, 0.298462962963
ASN, 14, 27.455, 0.840447, -80813.671875, 0.210481481481
ASP, 8, 25.936, 0.837759, -79885.765625, 0.207903703704
CYS, 8, 26.086, 0.801548, -79226.523438, 0.307162962963
GLN, 8, 29.013, 0.888237, -80084.328125, 0.290562962963
GLU, 2, 24.543, 0.81244, -80333.804688, 0.207940740741
GLY, 4, 25.758, 0.825724, -79960.640625, 0.230159259259
HIS, 6, 26.164, 0.811103, -79823.437500, 0.336788888889
ILE, 7, 24.180, 0.799878, -80731.031250, 0.278788888889
LEU, 2, 27.004, 0.867405, -80132.367188, 0.349325925926
LYS, 6, 27.494, 0.83185, -80998.968750, 0.242707407407
MET, 7, 26.375, 0.835659, -80101.578125, 0.221622222222
PHE, 8, 24.463, 0.819162, -80369.171875, 0.339081481481
PRO, 6, 27.028, 0.852404, -80217.093750, 0.268974074074
SER, 4, 25.970, 0.833992, -80651.882812, 0.234703703704
THR, 6, 29.956, 0.970653, -80291.765625, 0.375159259259
TRP, 5, 30.410, 0.967682, -79474.078125, 0.314955555556
TYR, 4, 29.741, 0.845039, -79429.203125, 0.270355555556
VAL, 2, 26.955, 0.863469, -80314.484375, 0.221659259259
