AMINO ACID, DSSP, SASA, GYRATE, ENERGY, RMSF
ALA, 9, 27.660, 0.826538, -80435.250000, 0.251659259259
ARG, 7, 25.863, 0.827997, -80378.000000, 0.298462962963
ASN, 8, 27.959, 0.835201, -80521.781250, 0.210481481481
ASP, 10, 26.408, 0.829304, -80565.390625, 0.207903703704
CYS, 6, 27.073, 0.813899, -80045.187500, 0.307162962963
GLN, 8, 28.493, 0.886017, -80661.281250, 0.290562962963
GLU, 2, 25.525, 0.808591, -80573.843750, 0.207940740741
GLY, 4, 25.450, 0.822919, -80721.687500, 0.230159259259
HIS, 8, 26.653, 0.823855, -80398.281250, 0.336788888889
ILE, 7, 24.004, 0.806066, -79578.234375, 0.278788888889
LEU, 0, 26.090, 0.862136, -79905.710938, 0.349325925926
LYS, 6, 27.589, 0.845787, -80356.328125, 0.242707407407
MET, 7, 25.610, 0.836057, -79168.140625, 0.221622222222
PHE, 14, 25.540, 0.822124, -80089.023438, 0.339081481481
PRO, 5, 26.556, 0.837358, -79533.218750, 0.268974074074
SER, 4, 26.408, 0.830873, -80111.859375, 0.234703703704
THR, 4, 29.595, 0.962643, -79902.687500, 0.375159259259
TRP, 5, 31.300, 0.976361, -79707.656250, 0.314955555556
TYR, 6, 29.055, 0.839083, -80873.125000, 0.270355555556
VAL, 4, 27.015, 0.851915, -80889.328125, 0.221659259259
