AMINO ACID, DSSP, SASA, GYRATE, ENERGY, RMSF
ALA, 4, 27.471, 0.860254, -79797.453125, 0.251659259259
ARG, 2, 27.678, 0.849707, -81185.929688, 0.298462962963
ASN, 6, 27.208, 0.83471, -81044.171875, 0.210481481481
ASP, 5, 25.367, 0.822127, -80334.812500, 0.207903703704
CYS, 10, 28.789, 0.88811, -80231.226562, 0.307162962963
GLN, 4, 26.288, 0.806893, -79608.835938, 0.290562962963
GLU, 4, 27.275, 0.846113, -80380.453125, 0.207940740741
GLY, 9, 24.981, 0.827674, -80580.656250, 0.230159259259
HIS, 12, 27.766, 0.867927, -80839.062500, 0.336788888889
ILE, 8, 28.090, 0.843598, -80196.710938, 0.278788888889
LEU, 8, 27.631, 0.820803, -80683.859375, 0.349325925926
LYS, 9, 29.356, 0.834564, -79953.265625, 0.242707407407
MET, 7, 26.385, 0.82226, -80127.281250, 0.221622222222
PHE, 8, 27.028, 0.829229, -79132.812500, 0.339081481481
PRO, 6, 25.978, 0.834633, -79826.093750, 0.268974074074
SER, 8, 25.321, 0.807926, -81410.687500, 0.234703703704
THR, 8, 27.448, 0.847444, -80766.859375, 0.375159259259
TRP, 6, 27.635, 0.85994, -80372.531250, 0.314955555556
TYR, 8, 28.561, 0.87544, -80332.132812, 0.270355555556
VAL, 8, 26.241, 0.823652, -80299.703125, 0.221659259259
