AMINO ACID, DSSP, SASA, GYRATE, ENERGY, RMSF
ALA, 5, 28.614, 0.830718, -79984.078125, 0.251659259259
ARG, 7, 25.078, 0.80985, -80383.296875, 0.298462962963
ASN, 12, 25.056, 0.809174, -80138.765625, 0.210481481481
ASP, 8, 25.337, 0.825178, -80427.789062, 0.207903703704
CYS, 7, 26.251, 0.809157, -80450.562500, 0.307162962963
GLN, 6, 27.639, 0.874121, -80234.437500, 0.290562962963
GLU, 2, 25.571, 0.810691, -80230.898438, 0.207940740741
GLY, 4, 26.628, 0.840415, -80789.242188, 0.230159259259
HIS, 8, 27.405, 0.818452, -80771.398438, 0.336788888889
ILE, 9, 26.144, 0.809926, -80682.343750, 0.278788888889
LEU, 2, 26.436, 0.872289, -79871.546875, 0.349325925926
LYS, 2, 29.254, 0.857394, -79826.953125, 0.242707407407
MET, 7, 25.684, 0.834608, -79644.296875, 0.221622222222
PHE, 9, 25.653, 0.816872, -79843.296875, 0.339081481481
PRO, 6, 27.125, 0.842233, -80560.078125, 0.268974074074
SER, 6, 26.519, 0.82787, -79787.179688, 0.234703703704
THR, 6, 28.931, 0.910268, -81387.382812, 0.375159259259
TRP, 7, 32.145, 0.977361, -80716.484375, 0.314955555556
TYR, 6, 28.059, 0.842998, -79287.234375, 0.270355555556
VAL, 2, 29.943, 0.888981, -80414.453125, 0.221659259259
