AMINO ACID, DSSP, SASA, GYRATE, ENERGY, RMSF
ALA, 5, 26.740, 0.833769, -80590.234375, 0.251659259259
ARG, 7, 26.078, 0.818645, -80421.500000, 0.298462962963
ASN, 12, 25.218, 0.804917, -80641.203125, 0.210481481481
ASP, 8, 25.733, 0.816967, -81402.117188, 0.207903703704
CYS, 7, 26.081, 0.817661, -81001.195312, 0.307162962963
GLN, 10, 26.420, 0.875332, -80485.289062, 0.290562962963
GLU, 2, 25.210, 0.8064, -80555.250000, 0.207940740741
GLY, 6, 27.489, 0.85355, -80634.835938, 0.230159259259
HIS, 8, 27.909, 0.832987, -80442.078125, 0.336788888889
ILE, 9, 25.407, 0.816921, -79777.843750, 0.278788888889
LEU, 2, 27.280, 0.886269, -79800.812500, 0.349325925926
LYS, 6, 26.733, 0.840282, -80284.046875, 0.242707407407
MET, 7, 25.992, 0.829328, -79494.156250, 0.221622222222
PHE, 4, 25.262, 0.830837, -79610.656250, 0.339081481481
PRO, 3, 27.571, 0.861762, -79986.765625, 0.268974074074
SER, 4, 26.207, 0.828772, -80437.546875, 0.234703703704
THR, 6, 27.374, 0.899734, -79583.515625, 0.375159259259
TRP, 7, 30.540, 0.962374, -80939.328125, 0.314955555556
TYR, 4, 28.846, 0.835587, -79408.375000, 0.270355555556
VAL, 2, 29.825, 0.887869, -79886.171875, 0.221659259259
