AMINO ACID, DSSP, SASA, GYRATE, ENERGY, RMSF
ALA, 11, 27.221, 0.834978, -80278.382812, 0.251659259259
ARG, 7, 25.370, 0.815924, -80123.625000, 0.298462962963
ASN, 11, 25.921, 0.824787, -79559.242188, 0.210481481481
ASP, 10, 24.914, 0.813425, -80189.828125, 0.207903703704
CYS, 6, 25.830, 0.809769, -80232.757812, 0.307162962963
GLN, 10, 27.938, 0.883627, -80603.945312, 0.290562962963
GLU, 4, 25.633, 0.813027, -79724.375000, 0.207940740741
GLY, 5, 26.728, 0.84989, -80809.390625, 0.230159259259
HIS, 8, 25.958, 0.828004, -80259.257812, 0.336788888889
ILE, 5, 26.209, 0.823374, -80401.539062, 0.278788888889
LEU, 6, 28.283, 0.884305, -79078.226562, 0.349325925926
LYS, 6, 28.824, 0.842002, -80695.359375, 0.242707407407
MET, 8, 25.747, 0.82579, -80823.593750, 0.221622222222
PHE, 4, 26.191, 0.833618, -80305.007812, 0.339081481481
PRO, 0, 26.339, 0.821847, -79688.195312, 0.268974074074
SER, 4, 27.013, 0.829892, -80008.203125, 0.234703703704
THR, 4, 28.218, 0.936118, -79705.734375, 0.375159259259
TRP, 7, 30.444, 0.983805, -80582.390625, 0.314955555556
TYR, 6, 28.509, 0.84238, -79848.468750, 0.270355555556
VAL, 2, 28.191, 0.864595, -79705.906250, 0.221659259259
