AMINO ACID, DSSP, SASA, GYRATE, ENERGY, RMSF
ALA, 7, 28.255, 0.833302, -80477.406250, 0.251659259259
ARG, 7, 25.647, 0.815769, -81003.101562, 0.298462962963
ASN, 12, 25.995, 0.826506, -80960.406250, 0.210481481481
ASP, 10, 26.605, 0.815516, -79663.695312, 0.207903703704
CYS, 10, 25.351, 0.812878, -80911.265625, 0.307162962963
GLN, 10, 27.529, 0.883238, -80591.757812, 0.290562962963
GLU, 2, 27.285, 0.822856, -79228.453125, 0.207940740741
GLY, 6, 25.972, 0.836748, -79766.093750, 0.230159259259
HIS, 6, 26.850, 0.827644, -79638.890625, 0.336788888889
ILE, 9, 27.358, 0.830284, -80669.203125, 0.278788888889
LEU, 4, 26.928, 0.866363, -80731.867188, 0.349325925926
LYS, 6, 27.940, 0.846624, -79942.171875, 0.242707407407
MET, 0, 26.068, 0.834478, -80304.921875, 0.221622222222
PHE, 9, 26.604, 0.825942, -79746.742188, 0.339081481481
PRO, 2, 25.679, 0.821581, -79790.359375, 0.268974074074
SER, 6, 27.192, 0.837831, -80628.937500, 0.234703703704
THR, 4, 28.017, 0.928622, -80187.703125, 0.375159259259
TRP, 7, 31.182, 0.980976, -79862.835938, 0.314955555556
TYR, 6, 28.344, 0.842662, -80054.539062, 0.270355555556
VAL, 6, 26.384, 0.85673, -80042.875000, 0.221659259259
