AMINO ACID, DSSP, SASA, GYRATE, ENERGY, RMSF
ALA, 6, 27.831, 0.870641, -80463.859375, 0.251659259259
ARG, 7, 27.724, 0.838312, -80660.484375, 0.298462962963
ASN, 10, 28.292, 0.83236, -80380.046875, 0.210481481481
ASP, 11, 27.007, 0.820788, -80299.796875, 0.207903703704
CYS, 8, 27.818, 0.871839, -80717.421875, 0.307162962963
GLN, 4, 27.330, 0.820922, -80113.085938, 0.290562962963
GLU, 6, 28.382, 0.842511, -80486.625000, 0.207940740741
GLY, 8, 25.123, 0.822883, -80186.750000, 0.230159259259
HIS, 4, 27.150, 0.873697, -79251.617188, 0.336788888889
ILE, 10, 28.493, 0.835781, -79505.179688, 0.278788888889
LEU, 10, 28.011, 0.809834, -79186.523438, 0.349325925926
LYS, 7, 30.342, 0.84856, -80092.531250, 0.242707407407
MET, 5, 27.372, 0.829233, -80330.414062, 0.221622222222
PHE, 7, 26.019, 0.806923, -80699.078125, 0.339081481481
PRO, 6, 25.986, 0.840941, -80646.281250, 0.268974074074
SER, 12, 24.476, 0.806334, -80181.429688, 0.234703703704
THR, 8, 26.368, 0.830982, -81330.250000, 0.375159259259
TRP, 6, 27.208, 0.842217, -80411.835938, 0.314955555556
TYR, 8, 27.923, 0.867187, -80208.648438, 0.270355555556
VAL, 10, 24.695, 0.815095, -78917.875000, 0.221659259259
