AMINO ACID, DSSP, SASA, GYRATE, ENERGY, RMSF
ALA, 9, 27.658, 0.843061, -81231.640625, 0.251659259259
ARG, 9, 24.862, 0.811233, -81082.007812, 0.298462962963
ASN, 15, 25.423, 0.812117, -80081.273438, 0.210481481481
ASP, 8, 24.761, 0.812718, -80330.976562, 0.207903703704
CYS, 6, 25.786, 0.817906, -80809.937500, 0.307162962963
GLN, 8, 28.893, 0.907809, -79792.343750, 0.290562962963
GLU, 2, 27.520, 0.825388, -79900.234375, 0.207940740741
GLY, 6, 24.950, 0.826396, -80029.781250, 0.230159259259
HIS, 6, 27.096, 0.840479, -79807.164062, 0.336788888889
ILE, 5, 26.463, 0.830136, -79885.562500, 0.278788888889
LEU, 2, 27.257, 0.858267, -80218.625000, 0.349325925926
LYS, 8, 27.499, 0.84545, -80493.828125, 0.242707407407
MET, 14, 25.958, 0.832495, -79826.031250, 0.221622222222
PHE, 6, 26.300, 0.821102, -79977.281250, 0.339081481481
PRO, 0, 27.101, 0.827321, -80111.781250, 0.268974074074
SER, 6, 27.772, 0.849097, -78671.164062, 0.234703703704
THR, 4, 28.483, 0.913993, -80479.226562, 0.375159259259
TRP, 5, 30.720, 0.946831, -79735.765625, 0.314955555556
TYR, 6, 27.639, 0.835298, -80287.875000, 0.270355555556
VAL, 4, 27.593, 0.853712, -80803.804688, 0.221659259259
