AMINO ACID, DSSP, SASA, GYRATE, ENERGY, RMSF
ALA, 6, 27.332, 0.840691, -80931.976562, 0.251659259259
ARG, 7, 25.755, 0.808941, -80391.593750, 0.298462962963
ASN, 12, 25.604, 0.812896, -80599.312500, 0.210481481481
ASP, 10, 24.434, 0.80852, -80820.031250, 0.207903703704
CYS, 10, 25.569, 0.815982, -81113.023438, 0.307162962963
GLN, 10, 26.704, 0.893706, -79768.570312, 0.290562962963
GLU, 4, 26.624, 0.826951, -79839.781250, 0.207940740741
GLY, 6, 26.009, 0.822675, -80109.039062, 0.230159259259
HIS, 4, 26.945, 0.829354, -79982.484375, 0.336788888889
ILE, 9, 24.557, 0.810555, -80531.632812, 0.278788888889
LEU, 2, 27.081, 0.876021, -80249.062500, 0.349325925926
LYS, 5, 28.473, 0.850083, -80569.046875, 0.242707407407
MET, 7, 24.463, 0.827786, -80416.367188, 0.221622222222
PHE, 4, 24.227, 0.815178, -78848.093750, 0.339081481481
PRO, 2, 26.830, 0.825418, -80608.390625, 0.268974074074
SER, 6, 27.340, 0.835858, -80682.179688, 0.234703703704
THR, 4, 29.367, 0.923402, -80561.203125, 0.375159259259
TRP, 5, 30.013, 0.933806, -80529.562500, 0.314955555556
TYR, 6, 29.239, 0.831776, -79915.156250, 0.270355555556
VAL, 4, 27.851, 0.862132, -81049.015625, 0.221659259259
