AMINO ACID, DSSP, SASA, GYRATE, ENERGY, RMSF
ALA, 6, 28.168, 0.834076, -80909.765625, 0.251659259259
ARG, 7, 26.795, 0.826621, -81187.968750, 0.298462962963
ASN, 11, 25.004, 0.820034, -80140.156250, 0.210481481481
ASP, 10, 23.897, 0.800733, -80374.242188, 0.207903703704
CYS, 9, 23.764, 0.794965, -81451.140625, 0.307162962963
GLN, 10, 28.144, 0.888115, -79566.953125, 0.290562962963
GLU, 4, 25.894, 0.825455, -80529.367188, 0.207940740741
GLY, 6, 25.487, 0.837388, -79917.250000, 0.230159259259
HIS, 6, 28.365, 0.841116, -80125.632812, 0.336788888889
ILE, 9, 25.220, 0.807087, -80374.187500, 0.278788888889
LEU, 0, 26.775, 0.869283, -79346.828125, 0.349325925926
LYS, 8, 28.238, 0.839275, -81208.710938, 0.242707407407
MET, 8, 24.697, 0.825248, -80074.703125, 0.221622222222
PHE, 7, 23.236, 0.814124, -80458.617188, 0.339081481481
PRO, 6, 26.061, 0.813771, -79895.921875, 0.268974074074
SER, 6, 26.789, 0.841212, -79844.070312, 0.234703703704
THR, 2, 29.318, 0.930248, -80537.226562, 0.375159259259
TRP, 5, 29.943, 0.924239, -79748.984375, 0.314955555556
TYR, 2, 28.679, 0.834226, -79921.828125, 0.270355555556
VAL, 2, 29.013, 0.876589, -80039.359375, 0.221659259259
