AMINO ACID, DSSP, SASA, GYRATE, ENERGY, RMSF
ALA, 7, 28.097, 0.863911, -80109.015625, 0.251659259259
ARG, 4, 27.578, 0.850049, -80974.562500, 0.298462962963
ASN, 6, 27.802, 0.832981, -80816.171875, 0.210481481481
ASP, 9, 26.315, 0.809508, -80127.312500, 0.207903703704
CYS, 4, 27.382, 0.872581, -79798.375000, 0.307162962963
GLN, 4, 25.145, 0.803596, -79926.421875, 0.290562962963
GLU, 2, 30.183, 0.852738, -79832.460938, 0.207940740741
GLY, 11, 25.297, 0.821308, -80274.609375, 0.230159259259
HIS, 7, 28.157, 0.854702, -80869.289062, 0.336788888889
ILE, 8, 28.850, 0.853636, -80253.312500, 0.278788888889
LEU, 10, 26.248, 0.82376, -80632.226562, 0.349325925926
LYS, 5, 28.790, 0.84396, -80484.304688, 0.242707407407
MET, 7, 27.887, 0.836613, -80359.328125, 0.221622222222
PHE, 10, 23.815, 0.799041, -80050.546875, 0.339081481481
PRO, 6, 26.300, 0.831106, -79430.843750, 0.268974074074
SER, 9, 24.969, 0.80078, -80519.796875, 0.234703703704
THR, 4, 25.629, 0.848948, -80415.156250, 0.375159259259
TRP, 6, 26.825, 0.845996, -81206.523438, 0.314955555556
TYR, 8, 28.727, 0.870241, -78811.484375, 0.270355555556
VAL, 8, 25.038, 0.804109, -79729.343750, 0.221659259259
