AMINO ACID, DSSP, SASA, GYRATE, ENERGY, RMSF
ALA, 4, 27.461, 0.837817, -80919.851562, 0.251659259259
ARG, 7, 27.409, 0.83241, -80569.335938, 0.298462962963
ASN, 12, 25.710, 0.828036, -80318.046875, 0.210481481481
ASP, 8, 26.503, 0.827726, -79706.164062, 0.207903703704
CYS, 14, 26.325, 0.80678, -80205.257812, 0.307162962963
GLN, 8, 25.952, 0.8754, -80282.796875, 0.290562962963
GLU, 2, 27.138, 0.826486, -80078.414062, 0.207940740741
GLY, 4, 24.616, 0.806466, -80650.734375, 0.230159259259
HIS, 4, 28.346, 0.841634, -80142.109375, 0.336788888889
ILE, 7, 26.209, 0.819365, -79987.101562, 0.278788888889
LEU, 2, 28.454, 0.88534, -79822.554688, 0.349325925926
LYS, 7, 31.161, 0.862028, -80508.687500, 0.242707407407
MET, 10, 25.464, 0.832891, -80460.562500, 0.221622222222
PHE, 6, 25.014, 0.820763, -80018.843750, 0.339081481481
PRO, 0, 25.632, 0.817575, -81021.703125, 0.268974074074
SER, 4, 27.663, 0.83219, -81237.921875, 0.234703703704
THR, 4, 27.578, 0.917392, -79661.914062, 0.375159259259
TRP, 5, 31.170, 0.952273, -79384.140625, 0.314955555556
TYR, 2, 29.232, 0.839234, -80137.656250, 0.270355555556
VAL, 4, 28.418, 0.854826, -80582.796875, 0.221659259259
