AMINO ACID, DSSP, SASA, GYRATE, ENERGY, RMSF
ALA, 2, 29.049, 0.858868, -79984.781250, 0.251659259259
ARG, 7, 28.026, 0.827162, -80580.421875, 0.298462962963
ASN, 12, 26.182, 0.810984, -80353.718750, 0.210481481481
ASP, 10, 24.616, 0.805991, -80311.671875, 0.207903703704
CYS, 8, 26.206, 0.809031, -80683.617188, 0.307162962963
GLN, 8, 27.781, 0.883601, -80257.843750, 0.290562962963
GLU, 2, 25.894, 0.802272, -80058.468750, 0.207940740741
GLY, 5, 26.225, 0.833763, -80069.937500, 0.230159259259
HIS, 10, 29.273, 0.854459, -79412.562500, 0.336788888889
ILE, 7, 24.601, 0.798065, -80279.500000, 0.278788888889
LEU, 2, 26.364, 0.850107, -79770.882812, 0.349325925926
LYS, 4, 31.263, 0.870524, -80506.984375, 0.242707407407
MET, 10, 27.363, 0.854819, -80125.000000, 0.221622222222
PHE, 2, 24.132, 0.80455, -79782.968750, 0.339081481481
PRO, 2, 26.012, 0.825021, -79864.234375, 0.268974074074
SER, 6, 26.129, 0.833296, -79873.843750, 0.234703703704
THR, 2, 27.459, 0.894212, -79791.742188, 0.375159259259
TRP, 8, 28.321, 0.862944, -79790.093750, 0.314955555556
TYR, 6, 27.637, 0.820899, -80528.968750, 0.270355555556
VAL, 2, 29.237, 0.866708, -80790.890625, 0.221659259259
