AMINO ACID, DSSP, SASA, GYRATE, ENERGY, RMSF
ALA, 4, 29.156, 0.863714, -80327.335938, 0.251659259259
ARG, 7, 26.698, 0.83218, -81238.578125, 0.298462962963
ASN, 10, 26.103, 0.819953, -80889.164062, 0.210481481481
ASP, 10, 25.104, 0.81404, -80405.718750, 0.207903703704
CYS, 10, 25.087, 0.810456, -79949.429688, 0.307162962963
GLN, 12, 27.337, 0.872653, -79845.109375, 0.290562962963
GLU, 2, 27.286, 0.817339, -79969.023438, 0.207940740741
GLY, 5, 25.442, 0.813931, -80764.007812, 0.230159259259
HIS, 6, 26.807, 0.83611, -80222.546875, 0.336788888889
ILE, 7, 24.494, 0.797501, -80408.203125, 0.278788888889
LEU, 0, 27.829, 0.871547, -79817.015625, 0.349325925926
LYS, 2, 30.061, 0.866201, -80330.960938, 0.242707407407
MET, 10, 26.353, 0.84022, -81154.476562, 0.221622222222
PHE, 2, 25.300, 0.818708, -80972.203125, 0.339081481481
PRO, 6, 25.060, 0.824893, -79964.546875, 0.268974074074
SER, 8, 26.111, 0.827475, -80495.710938, 0.234703703704
THR, 2, 26.777, 0.893028, -80794.851562, 0.375159259259
TRP, 8, 28.002, 0.868043, -80632.718750, 0.314955555556
TYR, 8, 27.518, 0.816371, -80427.562500, 0.270355555556
VAL, 2, 29.705, 0.865899, -80374.500000, 0.221659259259
