AMINO ACID, DSSP, SASA, GYRATE, ENERGY, RMSF
ALA, 8, 27.831, 0.83884, -79674.968750, 0.251659259259
ARG, 9, 25.221, 0.813765, -79690.351562, 0.298462962963
ASN, 12, 25.420, 0.814966, -80104.734375, 0.210481481481
ASP, 10, 25.448, 0.813908, -79673.593750, 0.207903703704
CYS, 11, 25.250, 0.807519, -79454.445312, 0.307162962963
GLN, 12, 29.102, 0.873944, -80486.609375, 0.290562962963
GLU, 4, 26.177, 0.814714, -79133.390625, 0.207940740741
GLY, 6, 26.647, 0.84053, -81266.375000, 0.230159259259
HIS, 6, 27.716, 0.838115, -79874.351562, 0.336788888889
ILE, 7, 25.966, 0.813312, -80975.195312, 0.278788888889
LEU, 0, 27.461, 0.863394, -79590.765625, 0.349325925926
LYS, 8, 29.060, 0.843485, -80723.382812, 0.242707407407
MET, 10, 26.134, 0.834123, -79360.914062, 0.221622222222
PHE, 2, 27.090, 0.835475, -80385.390625, 0.339081481481
PRO, 0, 27.225, 0.823305, -79995.968750, 0.268974074074
SER, 4, 26.671, 0.834767, -80629.984375, 0.234703703704
THR, 0, 27.837, 0.905529, -80142.796875, 0.375159259259
TRP, 8, 28.370, 0.860096, -80901.390625, 0.314955555556
TYR, 6, 26.945, 0.81386, -80245.265625, 0.270355555556
VAL, 2, 27.056, 0.864185, -79860.617188, 0.221659259259
