AMINO ACID, DSSP, SASA, GYRATE, ENERGY, RMSF
ALA, 6, 27.827, 0.842304, -80082.671875, 0.251659259259
ARG, 7, 25.585, 0.824462, -80468.375000, 0.298462962963
ASN, 8, 24.754, 0.816111, -80305.156250, 0.210481481481
ASP, 10, 25.538, 0.809744, -80046.085938, 0.207903703704
CYS, 10, 24.925, 0.792247, -79448.343750, 0.307162962963
GLN, 12, 27.904, 0.878387, -80485.906250, 0.290562962963
GLU, 2, 25.202, 0.804638, -80436.109375, 0.207940740741
GLY, 8, 26.007, 0.833833, -79631.062500, 0.230159259259
HIS, 6, 28.601, 0.835866, -80279.000000, 0.336788888889
ILE, 7, 25.707, 0.807828, -80951.968750, 0.278788888889
LEU, 2, 27.691, 0.860698, -78787.078125, 0.349325925926
LYS, 8, 27.197, 0.84099, -80543.390625, 0.242707407407
MET, 10, 26.799, 0.82576, -80576.960938, 0.221622222222
PHE, 5, 26.083, 0.833139, -80533.507812, 0.339081481481
PRO, 2, 26.265, 0.81159, -79942.421875, 0.268974074074
SER, 6, 26.085, 0.845387, -79966.656250, 0.234703703704
THR, 4, 27.949, 0.884229, -79203.421875, 0.375159259259
TRP, 6, 28.342, 0.874978, -80206.968750, 0.314955555556
TYR, 8, 28.273, 0.83174, -79644.554688, 0.270355555556
VAL, 2, 26.192, 0.851806, -80518.343750, 0.221659259259
