AMINO ACID, DSSP, SASA, GYRATE, ENERGY, RMSF
ALA, 8, 27.833, 0.827762, -80075.046875, 0.251659259259
ARG, 7, 26.291, 0.82867, -80952.617188, 0.298462962963
ASN, 4, 26.949, 0.825878, -80511.585938, 0.210481481481
ASP, 12, 26.203, 0.814357, -79899.109375, 0.207903703704
CYS, 9, 25.068, 0.798092, -81184.234375, 0.307162962963
GLN, 8, 27.324, 0.868261, -80860.328125, 0.290562962963
GLU, 2, 26.911, 0.818834, -79853.187500, 0.207940740741
GLY, 7, 26.419, 0.831498, -80942.531250, 0.230159259259
HIS, 4, 29.882, 0.850923, -81603.562500, 0.336788888889
ILE, 7, 25.550, 0.79877, -80469.851562, 0.278788888889
LEU, 2, 24.699, 0.83822, -80648.585938, 0.349325925926
LYS, 4, 28.523, 0.842591, -78834.593750, 0.242707407407
MET, 10, 25.244, 0.824496, -80771.281250, 0.221622222222
PHE, 7, 26.226, 0.836979, -79752.000000, 0.339081481481
PRO, 4, 27.318, 0.838947, -80695.515625, 0.268974074074
SER, 6, 26.738, 0.844813, -80831.796875, 0.234703703704
THR, 4, 25.480, 0.858684, -80018.164062, 0.375159259259
TRP, 7, 27.898, 0.849137, -79870.937500, 0.314955555556
TYR, 10, 24.143, 0.804115, -79462.414062, 0.270355555556
VAL, 6, 26.076, 0.871942, -80191.281250, 0.221659259259
