AMINO ACID, DSSP, SASA, GYRATE, ENERGY, RMSF
ALA, 6, 26.413, 0.817802, -79649.578125, 0.251659259259
ARG, 7, 26.570, 0.834385, -80650.500000, 0.298462962963
ASN, 11, 27.840, 0.828544, -80292.671875, 0.210481481481
ASP, 10, 27.028, 0.822438, -80183.765625, 0.207903703704
CYS, 11, 24.862, 0.796106, -79234.859375, 0.307162962963
GLN, 8, 28.256, 0.85426, -79956.875000, 0.290562962963
GLU, 2, 26.905, 0.822958, -80471.992188, 0.207940740741
GLY, 7, 27.034, 0.831418, -81180.828125, 0.230159259259
HIS, 6, 28.851, 0.834329, -80191.679688, 0.336788888889
ILE, 7, 24.529, 0.803219, -80289.617188, 0.278788888889
LEU, 4, 26.120, 0.854488, -81001.921875, 0.349325925926
LYS, 6, 29.382, 0.858241, -80002.171875, 0.242707407407
MET, 10, 26.062, 0.833699, -80324.671875, 0.221622222222
PHE, 4, 25.041, 0.823922, -79358.804688, 0.339081481481
PRO, 2, 26.876, 0.840939, -80313.750000, 0.268974074074
SER, 4, 26.616, 0.845435, -79030.304688, 0.234703703704
THR, 6, 24.031, 0.861339, -80345.437500, 0.375159259259
TRP, 5, 26.508, 0.837403, -80782.500000, 0.314955555556
TYR, 8, 24.644, 0.797265, -80908.250000, 0.270355555556
VAL, 4, 28.310, 0.866496, -79596.929688, 0.221659259259
