AMINO ACID, DSSP, SASA, GYRATE, ENERGY, RMSF
ALA, 11, 27.532, 0.852161, -80405.835938, 0.251659259259
ARG, 8, 27.440, 0.829326, -80150.968750, 0.298462962963
ASN, 4, 26.900, 0.847433, -80775.125000, 0.210481481481
ASP, 9, 26.419, 0.818022, -79316.242188, 0.207903703704
CYS, 9, 30.560, 0.912243, -80650.156250, 0.307162962963
GLN, 4, 26.308, 0.809629, -80285.617188, 0.290562962963
GLU, 4, 28.261, 0.843666, -79385.203125, 0.207940740741
GLY, 12, 24.656, 0.821564, -80644.203125, 0.230159259259
HIS, 14, 28.887, 0.874305, -80388.265625, 0.336788888889
ILE, 10, 28.396, 0.827037, -80381.242188, 0.278788888889
LEU, 6, 26.439, 0.816777, -79343.640625, 0.349325925926
LYS, 7, 27.076, 0.835007, -79715.921875, 0.242707407407
MET, 9, 25.318, 0.815755, -80544.843750, 0.221622222222
PHE, 10, 25.237, 0.800155, -80439.882812, 0.339081481481
PRO, 6, 25.285, 0.829127, -80520.187500, 0.268974074074
SER, 6, 24.896, 0.80099, -80370.148438, 0.234703703704
THR, 4, 26.554, 0.831587, -79687.148438, 0.375159259259
TRP, 6, 26.537, 0.83418, -79918.156250, 0.314955555556
TYR, 9, 27.665, 0.863337, -79807.453125, 0.270355555556
VAL, 10, 25.671, 0.798159, -80538.171875, 0.221659259259
