AMINO ACID, DSSP, SASA, GYRATE, ENERGY, RMSF
ALA, 9, 24.917, 0.817135, -80543.500000, 0.251659259259
ARG, 7, 26.975, 0.841632, -80785.687500, 0.298462962963
ASN, 8, 25.973, 0.813892, -80347.062500, 0.210481481481
ASP, 12, 25.673, 0.813305, -80559.890625, 0.207903703704
CYS, 9, 26.091, 0.813731, -79607.304688, 0.307162962963
GLN, 6, 28.862, 0.86612, -80063.585938, 0.290562962963
GLU, 2, 26.342, 0.831571, -80720.500000, 0.207940740741
GLY, 6, 26.007, 0.824483, -80388.890625, 0.230159259259
HIS, 8, 28.469, 0.847964, -79646.218750, 0.336788888889
ILE, 7, 25.260, 0.810018, -80190.921875, 0.278788888889
LEU, 0, 27.528, 0.860768, -80401.937500, 0.349325925926
LYS, 8, 28.840, 0.845384, -80069.281250, 0.242707407407
MET, 10, 25.657, 0.819726, -80009.140625, 0.221622222222
PHE, 6, 25.354, 0.823826, -80340.921875, 0.339081481481
PRO, 6, 26.425, 0.845779, -78154.570312, 0.268974074074
SER, 8, 27.419, 0.836657, -80541.734375, 0.234703703704
THR, 4, 27.448, 0.904054, -79942.757812, 0.375159259259
TRP, 7, 28.058, 0.853978, -79999.960938, 0.314955555556
TYR, 6, 26.772, 0.815553, -80570.437500, 0.270355555556
VAL, 2, 27.702, 0.86421, -79949.234375, 0.221659259259
