AMINO ACID, DSSP, SASA, GYRATE, ENERGY, RMSF
ALA, 8, 26.248, 0.817437, -80314.968750, 0.251659259259
ARG, 7, 26.425, 0.833568, -80583.578125, 0.298462962963
ASN, 10, 25.697, 0.820813, -80159.210938, 0.210481481481
ASP, 8, 25.419, 0.818258, -80547.921875, 0.207903703704
CYS, 7, 25.318, 0.808967, -80558.796875, 0.307162962963
GLN, 8, 28.471, 0.886634, -81472.382812, 0.290562962963
GLU, 4, 26.971, 0.824189, -80966.562500, 0.207940740741
GLY, 6, 25.149, 0.813229, -80610.031250, 0.230159259259
HIS, 8, 27.150, 0.828898, -79839.031250, 0.336788888889
ILE, 9, 25.153, 0.802978, -80470.148438, 0.278788888889
LEU, 0, 26.426, 0.847467, -80059.117188, 0.349325925926
LYS, 6, 28.160, 0.842185, -80859.187500, 0.242707407407
MET, 10, 25.346, 0.817589, -80346.835938, 0.221622222222
PHE, 2, 25.064, 0.830399, -79275.898438, 0.339081481481
PRO, 2, 26.847, 0.846997, -79320.843750, 0.268974074074
SER, 6, 26.818, 0.831854, -79769.812500, 0.234703703704
THR, 7, 27.079, 0.89058, -80146.718750, 0.375159259259
TRP, 7, 27.233, 0.84487, -79392.500000, 0.314955555556
TYR, 6, 25.690, 0.810988, -80030.593750, 0.270355555556
VAL, 2, 26.627, 0.857507, -80907.148438, 0.221659259259
