AMINO ACID, DSSP, SASA, GYRATE, ENERGY, RMSF
ALA, 6, 26.051, 0.824358, -80654.921875, 0.251659259259
ARG, 7, 26.197, 0.829894, -79933.039062, 0.298462962963
ASN, 8, 25.591, 0.817422, -80748.742188, 0.210481481481
ASP, 12, 26.076, 0.813517, -80652.289062, 0.207903703704
CYS, 7, 25.443, 0.80466, -80626.671875, 0.307162962963
GLN, 6, 28.168, 0.867109, -80760.781250, 0.290562962963
GLU, 2, 27.246, 0.819335, -79955.171875, 0.207940740741
GLY, 8, 25.882, 0.819353, -80100.515625, 0.230159259259
HIS, 6, 27.813, 0.847184, -80219.679688, 0.336788888889
ILE, 9, 24.853, 0.798012, -80170.242188, 0.278788888889
LEU, 0, 25.854, 0.834341, -80227.585938, 0.349325925926
LYS, 4, 28.017, 0.841428, -81345.140625, 0.242707407407
MET, 10, 25.124, 0.824583, -80553.843750, 0.221622222222
PHE, 4, 26.111, 0.823223, -81348.273438, 0.339081481481
PRO, 2, 27.300, 0.847952, -80183.750000, 0.268974074074
SER, 4, 28.940, 0.849004, -80662.882812, 0.234703703704
THR, 6, 26.659, 0.873691, -80768.046875, 0.375159259259
TRP, 5, 28.778, 0.856385, -79515.218750, 0.314955555556
TYR, 6, 26.453, 0.819984, -80075.250000, 0.270355555556
VAL, 2, 26.789, 0.856052, -79922.078125, 0.221659259259
