AMINO ACID, DSSP, SASA, GYRATE, ENERGY, RMSF
ALA, 6, 26.764, 0.818933, -80785.421875, 0.251659259259
ARG, 7, 27.353, 0.837654, -81350.445312, 0.298462962963
ASN, 8, 25.642, 0.834719, -80601.000000, 0.210481481481
ASP, 12, 25.987, 0.809714, -79821.843750, 0.207903703704
CYS, 11, 25.067, 0.815542, -79879.359375, 0.307162962963
GLN, 8, 29.127, 0.860614, -80338.500000, 0.290562962963
GLU, 2, 28.662, 0.836635, -79634.187500, 0.207940740741
GLY, 5, 27.066, 0.831471, -80674.781250, 0.230159259259
HIS, 6, 27.649, 0.823713, -79777.960938, 0.336788888889
ILE, 7, 27.495, 0.821518, -80931.328125, 0.278788888889
LEU, 0, 27.156, 0.860816, -80455.015625, 0.349325925926
LYS, 4, 30.122, 0.847783, -80435.132812, 0.242707407407
MET, 10, 26.046, 0.825725, -81524.078125, 0.221622222222
PHE, 7, 26.797, 0.823655, -79496.375000, 0.339081481481
PRO, 0, 28.244, 0.868335, -79241.375000, 0.268974074074
SER, 4, 27.972, 0.843204, -79707.726562, 0.234703703704
THR, 8, 26.852, 0.870009, -80220.304688, 0.375159259259
TRP, 7, 27.854, 0.854321, -79788.945312, 0.314955555556
TYR, 9, 26.334, 0.809113, -80042.734375, 0.270355555556
VAL, 4, 26.906, 0.849291, -80590.835938, 0.221659259259
