AMINO ACID, DSSP, SASA, GYRATE, ENERGY, RMSF
ALA, 4, 25.996, 0.817127, -80472.820312, 0.251659259259
ARG, 7, 27.744, 0.84479, -80156.585938, 0.298462962963
ASN, 10, 25.312, 0.820581, -81055.406250, 0.210481481481
ASP, 10, 25.667, 0.819768, -80734.250000, 0.207903703704
CYS, 10, 26.186, 0.798449, -80367.023438, 0.307162962963
GLN, 8, 28.262, 0.852229, -79980.656250, 0.290562962963
GLU, 2, 26.567, 0.815906, -80154.703125, 0.207940740741
GLY, 5, 25.340, 0.820998, -80083.898438, 0.230159259259
HIS, 6, 26.221, 0.818367, -80575.265625, 0.336788888889
ILE, 9, 24.694, 0.809066, -79915.429688, 0.278788888889
LEU, 0, 28.758, 0.869513, -79497.812500, 0.349325925926
LYS, 6, 27.663, 0.832399, -79885.976562, 0.242707407407
MET, 10, 25.582, 0.824767, -79578.460938, 0.221622222222
PHE, 7, 25.939, 0.829754, -79895.921875, 0.339081481481
PRO, 2, 25.950, 0.852181, -81109.070312, 0.268974074074
SER, 7, 28.282, 0.840937, -80346.757812, 0.234703703704
THR, 8, 26.541, 0.863202, -79303.328125, 0.375159259259
TRP, 7, 28.571, 0.867875, -80120.437500, 0.314955555556
TYR, 4, 26.428, 0.819477, -79520.328125, 0.270355555556
VAL, 4, 26.851, 0.868255, -79642.539062, 0.221659259259
