AMINO ACID, DSSP, SASA, GYRATE, ENERGY, RMSF
ALA, 4, 24.193, 0.78995, -81252.054688, 0.251659259259
ARG, 6, 27.226, 0.844916, -80167.585938, 0.298462962963
ASN, 12, 25.874, 0.832043, -81504.671875, 0.210481481481
ASP, 8, 25.354, 0.813456, -81183.664062, 0.207903703704
CYS, 7, 25.609, 0.804486, -79592.593750, 0.307162962963
GLN, 8, 28.520, 0.861286, -80662.234375, 0.290562962963
GLU, 2, 26.293, 0.812912, -79580.570312, 0.207940740741
GLY, 5, 27.108, 0.835197, -80119.242188, 0.230159259259
HIS, 8, 26.477, 0.818577, -80010.343750, 0.336788888889
ILE, 7, 25.433, 0.80773, -79805.328125, 0.278788888889
LEU, 0, 27.205, 0.856242, -80206.320312, 0.349325925926
LYS, 12, 28.667, 0.840273, -80561.640625, 0.242707407407
MET, 7, 26.371, 0.84081, -79731.359375, 0.221622222222
PHE, 3, 24.845, 0.817429, -80627.789062, 0.339081481481
PRO, 0, 27.442, 0.870738, -80436.406250, 0.268974074074
SER, 4, 26.126, 0.823475, -80104.148438, 0.234703703704
THR, 6, 26.222, 0.865948, -80162.507812, 0.375159259259
TRP, 7, 28.884, 0.865504, -79830.140625, 0.314955555556
TYR, 6, 26.626, 0.805286, -80347.328125, 0.270355555556
VAL, 2, 27.288, 0.850888, -80272.023438, 0.221659259259
