AMINO ACID, DSSP, SASA, GYRATE, ENERGY, RMSF
ALA, 4, 25.428, 0.794345, -80275.671875, 0.251659259259
ARG, 7, 26.310, 0.832804, -80891.328125, 0.298462962963
ASN, 10, 25.570, 0.820399, -79760.359375, 0.210481481481
ASP, 10, 24.238, 0.807795, -80169.796875, 0.207903703704
CYS, 9, 25.741, 0.805312, -80263.031250, 0.307162962963
GLN, 10, 26.867, 0.853694, -81117.492188, 0.290562962963
GLU, 2, 26.950, 0.824619, -79909.656250, 0.207940740741
GLY, 5, 26.082, 0.824338, -80123.000000, 0.230159259259
HIS, 6, 26.387, 0.821197, -79680.953125, 0.336788888889
ILE, 9, 25.555, 0.808605, -79825.382812, 0.278788888889
LEU, 2, 27.706, 0.866956, -80528.781250, 0.349325925926
LYS, 2, 28.704, 0.836788, -80732.187500, 0.242707407407
MET, 10, 26.331, 0.827619, -80127.781250, 0.221622222222
PHE, 5, 25.906, 0.819534, -78917.601562, 0.339081481481
PRO, 0, 28.457, 0.843626, -80297.062500, 0.268974074074
SER, 6, 29.720, 0.869997, -81375.968750, 0.234703703704
THR, 8, 27.548, 0.857177, -80309.617188, 0.375159259259
TRP, 6, 28.984, 0.862703, -80055.960938, 0.314955555556
TYR, 9, 26.650, 0.809483, -80487.078125, 0.270355555556
VAL, 2, 26.989, 0.84839, -80830.164062, 0.221659259259
