AMINO ACID, DSSP, SASA, GYRATE, ENERGY, RMSF
ALA, 6, 25.516, 0.794082, -80490.484375, 0.251659259259
ARG, 7, 26.148, 0.827597, -81403.070312, 0.298462962963
ASN, 8, 27.858, 0.851288, -80239.007812, 0.210481481481
ASP, 10, 23.880, 0.799446, -80473.765625, 0.207903703704
CYS, 9, 24.533, 0.808857, -80139.539062, 0.307162962963
GLN, 8, 27.310, 0.865806, -80711.125000, 0.290562962963
GLU, 2, 26.678, 0.812314, -79473.421875, 0.207940740741
GLY, 7, 26.632, 0.830096, -79696.468750, 0.230159259259
HIS, 6, 27.658, 0.836636, -80035.203125, 0.336788888889
ILE, 9, 23.840, 0.79586, -80256.335938, 0.278788888889
LEU, 0, 27.673, 0.868093, -79672.328125, 0.349325925926
LYS, 4, 29.618, 0.857941, -80866.898438, 0.242707407407
MET, 10, 26.713, 0.833609, -80291.562500, 0.221622222222
PHE, 5, 25.324, 0.826571, -79880.031250, 0.339081481481
PRO, 6, 27.466, 0.864517, -81450.101562, 0.268974074074
SER, 6, 27.110, 0.831567, -80365.296875, 0.234703703704
THR, 4, 27.283, 0.861869, -80748.414062, 0.375159259259
TRP, 2, 27.368, 0.863099, -80228.953125, 0.314955555556
TYR, 8, 26.370, 0.807392, -79449.914062, 0.270355555556
VAL, 2, 28.560, 0.865162, -80031.414062, 0.221659259259
