AMINO ACID, DSSP, SASA, GYRATE, ENERGY, RMSF
ALA, 4, 26.132, 0.804713, -80049.078125, 0.251659259259
ARG, 5, 26.615, 0.833262, -80811.171875, 0.298462962963
ASN, 8, 28.423, 0.857692, -81474.765625, 0.210481481481
ASP, 10, 25.898, 0.821554, -80160.234375, 0.207903703704
CYS, 9, 25.252, 0.803302, -80362.703125, 0.307162962963
GLN, 10, 26.385, 0.861078, -80154.890625, 0.290562962963
GLU, 2, 26.455, 0.806328, -80624.859375, 0.207940740741
GLY, 7, 26.275, 0.807335, -80663.765625, 0.230159259259
HIS, 6, 28.371, 0.847341, -80535.453125, 0.336788888889
ILE, 9, 24.228, 0.809504, -80945.804688, 0.278788888889
LEU, 2, 28.697, 0.873168, -80448.031250, 0.349325925926
LYS, 6, 28.870, 0.852915, -80432.703125, 0.242707407407
MET, 10, 26.286, 0.830803, -79323.867188, 0.221622222222
PHE, 2, 25.867, 0.838304, -80387.468750, 0.339081481481
PRO, 2, 27.300, 0.864508, -79997.609375, 0.268974074074
SER, 7, 25.286, 0.824428, -79907.335938, 0.234703703704
THR, 4, 27.013, 0.884259, -80537.820312, 0.375159259259
TRP, 2, 30.826, 0.903896, -80241.375000, 0.314955555556
TYR, 4, 24.746, 0.796328, -80171.539062, 0.270355555556
VAL, 6, 28.726, 0.863695, -80474.671875, 0.221659259259
