AMINO ACID, DSSP, SASA, GYRATE, ENERGY, RMSF
ALA, 6, 26.080, 0.803053, -80139.968750, 0.251659259259
ARG, 7, 26.110, 0.826123, -80812.718750, 0.298462962963
ASN, 8, 26.736, 0.840371, -80150.593750, 0.210481481481
ASP, 10, 24.000, 0.801136, -80407.375000, 0.207903703704
CYS, 9, 24.146, 0.798807, -80465.515625, 0.307162962963
GLN, 8, 26.775, 0.874766, -80714.585938, 0.290562962963
GLU, 2, 25.088, 0.816146, -80529.562500, 0.207940740741
GLY, 9, 25.261, 0.816526, -80833.992188, 0.230159259259
HIS, 8, 29.564, 0.848829, -80550.335938, 0.336788888889
ILE, 9, 26.504, 0.818295, -80142.304688, 0.278788888889
LEU, 0, 29.661, 0.893058, -79349.312500, 0.349325925926
LYS, 6, 27.073, 0.832403, -81321.671875, 0.242707407407
MET, 10, 26.680, 0.835403, -80215.421875, 0.221622222222
PHE, 2, 24.837, 0.841696, -80204.429688, 0.339081481481
PRO, 0, 27.058, 0.860224, -79343.234375, 0.268974074074
SER, 6, 25.890, 0.827312, -80356.531250, 0.234703703704
THR, 6, 27.285, 0.874382, -80663.953125, 0.375159259259
TRP, 4, 30.241, 0.879132, -79730.523438, 0.314955555556
TYR, 6, 25.895, 0.808279, -79572.742188, 0.270355555556
VAL, 4, 28.636, 0.852229, -79980.851562, 0.221659259259
