AMINO ACID, DSSP, SASA, GYRATE, ENERGY, RMSF
ALA, 4, 25.548, 0.804029, -80268.250000, 0.251659259259
ARG, 7, 26.190, 0.840011, -80612.414062, 0.298462962963
ASN, 10, 27.978, 0.85254, -79732.531250, 0.210481481481
ASP, 10, 25.813, 0.813273, -80638.750000, 0.207903703704
CYS, 9, 24.669, 0.795081, -80295.484375, 0.307162962963
GLN, 10, 27.582, 0.856882, -79516.312500, 0.290562962963
GLU, 4, 27.063, 0.818238, -80854.039062, 0.207940740741
GLY, 7, 26.590, 0.816154, -80372.562500, 0.230159259259
HIS, 8, 25.894, 0.814052, -81146.562500, 0.336788888889
ILE, 7, 26.828, 0.813828, -79904.125000, 0.278788888889
LEU, 0, 27.796, 0.875243, -79923.101562, 0.349325925926
LYS, 8, 29.903, 0.839143, -79808.171875, 0.242707407407
MET, 10, 25.897, 0.841421, -80351.078125, 0.221622222222
PHE, 7, 25.038, 0.820027, -79313.906250, 0.339081481481
PRO, 4, 26.656, 0.858334, -80334.312500, 0.268974074074
SER, 6, 26.919, 0.843648, -80665.671875, 0.234703703704
THR, 6, 29.030, 0.886614, -80513.859375, 0.375159259259
TRP, 7, 28.573, 0.861155, -79858.031250, 0.314955555556
TYR, 6, 25.443, 0.800609, -80076.937500, 0.270355555556
VAL, 2, 27.327, 0.843055, -80611.031250, 0.221659259259
