AMINO ACID, DSSP, SASA, GYRATE, ENERGY, RMSF
ALA, 6, 26.057, 0.81414, -80528.578125, 0.251659259259
ARG, 7, 26.447, 0.831361, -80832.210938, 0.298462962963
ASN, 10, 28.665, 0.849478, -79823.343750, 0.210481481481
ASP, 10, 25.683, 0.822484, -80302.734375, 0.207903703704
CYS, 9, 23.703, 0.79277, -80266.968750, 0.307162962963
GLN, 10, 25.961, 0.855928, -80398.000000, 0.290562962963
GLU, 2, 25.369, 0.817294, -80484.171875, 0.207940740741
GLY, 7, 27.451, 0.830303, -81517.859375, 0.230159259259
HIS, 8, 27.120, 0.831729, -79780.046875, 0.336788888889
ILE, 7, 23.978, 0.797629, -79608.812500, 0.278788888889
LEU, 0, 28.265, 0.901884, -80130.281250, 0.349325925926
LYS, 12, 28.950, 0.837055, -80772.117188, 0.242707407407
MET, 5, 26.155, 0.83686, -80885.484375, 0.221622222222
PHE, 2, 25.676, 0.830553, -80034.664062, 0.339081481481
PRO, 2, 27.031, 0.850541, -80039.890625, 0.268974074074
SER, 2, 27.519, 0.846072, -80918.367188, 0.234703703704
THR, 8, 26.637, 0.870629, -79826.585938, 0.375159259259
TRP, 7, 30.028, 0.873366, -80038.468750, 0.314955555556
TYR, 8, 27.011, 0.820968, -80265.984375, 0.270355555556
VAL, 8, 27.865, 0.858812, -80968.515625, 0.221659259259
