AMINO ACID, DSSP, SASA, GYRATE, ENERGY, RMSF
ALA, 6, 26.653, 0.803338, -80619.750000, 0.251659259259
ARG, 7, 26.822, 0.836062, -80048.445312, 0.298462962963
ASN, 10, 28.700, 0.856751, -79960.296875, 0.210481481481
ASP, 10, 25.415, 0.810134, -79900.406250, 0.207903703704
CYS, 7, 24.991, 0.8046, -79355.421875, 0.307162962963
GLN, 10, 25.639, 0.85547, -80440.359375, 0.290562962963
GLU, 2, 26.221, 0.808837, -79728.140625, 0.207940740741
GLY, 7, 26.136, 0.825321, -80066.070312, 0.230159259259
HIS, 8, 27.126, 0.834628, -80312.054688, 0.336788888889
ILE, 9, 24.680, 0.795991, -80158.046875, 0.278788888889
LEU, 0, 26.740, 0.884737, -79539.171875, 0.349325925926
LYS, 8, 28.226, 0.838854, -80905.796875, 0.242707407407
MET, 10, 26.073, 0.836395, -80036.476562, 0.221622222222
PHE, 2, 25.215, 0.818218, -80434.250000, 0.339081481481
PRO, 0, 27.460, 0.869056, -80502.750000, 0.268974074074
SER, 4, 27.823, 0.827973, -80376.265625, 0.234703703704
THR, 8, 27.448, 0.867463, -80006.265625, 0.375159259259
TRP, 6, 30.506, 0.88266, -79874.640625, 0.314955555556
TYR, 4, 26.591, 0.820782, -80233.375000, 0.270355555556
VAL, 4, 27.959, 0.863521, -80061.531250, 0.221659259259
