AMINO ACID, DSSP, SASA, GYRATE, ENERGY, RMSF
ALA, 4, 25.266, 0.802134, -81012.593750, 0.251659259259
ARG, 7, 26.137, 0.832072, -81124.804688, 0.298462962963
ASN, 10, 28.493, 0.849744, -80231.515625, 0.210481481481
ASP, 8, 25.354, 0.816387, -80052.117188, 0.207903703704
CYS, 8, 25.496, 0.796951, -80189.906250, 0.307162962963
GLN, 12, 26.172, 0.850752, -80120.867188, 0.290562962963
GLU, 2, 25.675, 0.81919, -80679.617188, 0.207940740741
GLY, 7, 26.067, 0.809892, -81185.453125, 0.230159259259
HIS, 8, 26.402, 0.831049, -79983.000000, 0.336788888889
ILE, 9, 24.771, 0.805141, -81132.390625, 0.278788888889
LEU, 4, 26.077, 0.867961, -80425.617188, 0.349325925926
LYS, 8, 28.592, 0.838811, -81183.804688, 0.242707407407
MET, 10, 26.329, 0.832221, -79940.171875, 0.221622222222
PHE, 2, 23.935, 0.806239, -78765.773438, 0.339081481481
PRO, 0, 26.989, 0.850957, -80359.617188, 0.268974074074
SER, 6, 29.105, 0.851053, -79932.718750, 0.234703703704
THR, 7, 26.954, 0.871525, -80857.859375, 0.375159259259
TRP, 4, 29.500, 0.864712, -79619.500000, 0.314955555556
TYR, 6, 27.232, 0.820063, -79695.281250, 0.270355555556
VAL, 2, 28.032, 0.869076, -79557.062500, 0.221659259259
