AMINO ACID, DSSP, SASA, GYRATE, ENERGY, RMSF
ALA, 4, 26.214, 0.800031, -79639.609375, 0.251659259259
ARG, 7, 27.376, 0.8362, -80115.968750, 0.298462962963
ASN, 10, 28.963, 0.851667, -80255.609375, 0.210481481481
ASP, 10, 25.083, 0.821607, -79214.968750, 0.207903703704
CYS, 11, 26.040, 0.810561, -80315.867188, 0.307162962963
GLN, 10, 26.777, 0.858072, -79308.734375, 0.290562962963
GLU, 2, 25.770, 0.811124, -79908.429688, 0.207940740741
GLY, 7, 27.008, 0.82315, -79960.703125, 0.230159259259
HIS, 8, 26.756, 0.830133, -80401.781250, 0.336788888889
ILE, 9, 25.167, 0.806921, -79296.406250, 0.278788888889
LEU, 2, 26.282, 0.877599, -80318.695312, 0.349325925926
LYS, 10, 28.235, 0.82877, -80216.257812, 0.242707407407
MET, 8, 28.326, 0.842162, -79847.007812, 0.221622222222
PHE, 5, 23.657, 0.80524, -80032.429688, 0.339081481481
PRO, 0, 26.261, 0.861705, -80524.265625, 0.268974074074
SER, 6, 28.125, 0.84978, -80866.117188, 0.234703703704
THR, 6, 27.812, 0.862384, -79729.945312, 0.375159259259
TRP, 8, 27.268, 0.851351, -79381.570312, 0.314955555556
TYR, 8, 27.392, 0.830078, -80508.703125, 0.270355555556
VAL, 4, 28.374, 0.865211, -80582.640625, 0.221659259259
