AMINO ACID, DSSP, SASA, GYRATE, ENERGY, RMSF
ALA, 8, 25.550, 0.799803, -80904.984375, 0.251659259259
ARG, 8, 26.799, 0.834947, -80802.125000, 0.298462962963
ASN, 8, 27.462, 0.846448, -79802.265625, 0.210481481481
ASP, 8, 25.973, 0.826223, -80276.187500, 0.207903703704
CYS, 10, 25.120, 0.796764, -80214.390625, 0.307162962963
GLN, 10, 25.115, 0.854206, -80551.953125, 0.290562962963
GLU, 2, 26.712, 0.824073, -79867.375000, 0.207940740741
GLY, 8, 26.648, 0.815041, -81162.421875, 0.230159259259
HIS, 8, 26.946, 0.832259, -81173.570312, 0.336788888889
ILE, 9, 24.256, 0.811968, -80847.664062, 0.278788888889
LEU, 0, 26.863, 0.879728, -80013.859375, 0.349325925926
LYS, 8, 29.536, 0.850977, -80988.031250, 0.242707407407
MET, 8, 27.354, 0.833335, -80452.875000, 0.221622222222
PHE, 5, 24.936, 0.807128, -80448.585938, 0.339081481481
PRO, 6, 27.258, 0.853646, -81224.453125, 0.268974074074
SER, 8, 28.278, 0.837457, -80439.398438, 0.234703703704
THR, 6, 28.350, 0.883853, -80232.367188, 0.375159259259
TRP, 2, 27.688, 0.841343, -80292.804688, 0.314955555556
TYR, 6, 26.341, 0.825053, -80773.070312, 0.270355555556
VAL, 4, 28.157, 0.863608, -79523.437500, 0.221659259259
