AMINO ACID, DSSP, SASA, GYRATE, ENERGY, RMSF
ALA, 6, 26.817, 0.808195, -79885.562500, 0.251659259259
ARG, 9, 28.913, 0.850231, -80987.304688, 0.298462962963
ASN, 8, 28.683, 0.853848, -80831.804688, 0.210481481481
ASP, 10, 25.457, 0.814887, -80387.757812, 0.207903703704
CYS, 10, 24.032, 0.803789, -80478.429688, 0.307162962963
GLN, 12, 25.734, 0.858048, -80378.812500, 0.290562962963
GLU, 2, 26.774, 0.825257, -80691.765625, 0.207940740741
GLY, 7, 25.614, 0.817868, -80023.140625, 0.230159259259
HIS, 8, 26.857, 0.827046, -80849.273438, 0.336788888889
ILE, 11, 24.800, 0.804301, -79944.679688, 0.278788888889
LEU, 2, 26.397, 0.857628, -80871.437500, 0.349325925926
LYS, 6, 28.701, 0.84033, -81621.015625, 0.242707407407
MET, 10, 27.131, 0.835939, -80928.921875, 0.221622222222
PHE, 2, 23.807, 0.804972, -79915.687500, 0.339081481481
PRO, 2, 27.614, 0.857609, -80245.804688, 0.268974074074
SER, 6, 27.898, 0.834621, -79870.937500, 0.234703703704
THR, 6, 28.874, 0.876557, -79614.523438, 0.375159259259
TRP, 5, 27.582, 0.862032, -79343.648438, 0.314955555556
TYR, 8, 28.161, 0.830736, -79465.726562, 0.270355555556
VAL, 6, 27.151, 0.865186, -80209.710938, 0.221659259259
