AMINO ACID, DSSP, SASA, GYRATE, ENERGY, RMSF
ALA, 6, 24.592, 0.793145, -80318.992188, 0.251659259259
ARG, 7, 27.045, 0.834189, -80646.921875, 0.298462962963
ASN, 8, 29.338, 0.856307, -80399.453125, 0.210481481481
ASP, 8, 24.858, 0.807488, -79314.796875, 0.207903703704
CYS, 13, 24.644, 0.790708, -80470.007812, 0.307162962963
GLN, 10, 26.544, 0.866807, -79933.281250, 0.290562962963
GLU, 5, 28.131, 0.841705, -80344.328125, 0.207940740741
GLY, 9, 24.593, 0.80532, -79925.734375, 0.230159259259
HIS, 8, 27.391, 0.8349, -80435.007812, 0.336788888889
ILE, 9, 25.621, 0.818478, -80377.312500, 0.278788888889
LEU, 0, 27.720, 0.872677, -79910.062500, 0.349325925926
LYS, 6, 27.699, 0.833772, -80762.875000, 0.242707407407
MET, 10, 25.486, 0.820773, -80536.078125, 0.221622222222
PHE, 4, 24.465, 0.829431, -79006.054688, 0.339081481481
PRO, 2, 27.771, 0.863, -80105.421875, 0.268974074074
SER, 4, 26.329, 0.828636, -80011.437500, 0.234703703704
THR, 8, 27.863, 0.896013, -80378.734375, 0.375159259259
TRP, 5, 29.464, 0.86496, -80184.968750, 0.314955555556
TYR, 9, 26.538, 0.828404, -79792.539062, 0.270355555556
VAL, 4, 26.973, 0.832454, -79569.046875, 0.221659259259
