AMINO ACID, DSSP, SASA, GYRATE, ENERGY, RMSF
ALA, 4, 24.742, 0.806809, -80297.320312, 0.251659259259
ARG, 7, 27.804, 0.854689, -80120.382812, 0.298462962963
ASN, 8, 28.363, 0.839408, -80618.992188, 0.210481481481
ASP, 10, 26.749, 0.822833, -79764.125000, 0.207903703704
CYS, 10, 24.036, 0.793655, -79485.703125, 0.307162962963
GLN, 8, 26.957, 0.87683, -80624.218750, 0.290562962963
GLU, 2, 26.457, 0.813963, -79997.171875, 0.207940740741
GLY, 8, 24.783, 0.80367, -79835.421875, 0.230159259259
HIS, 10, 28.513, 0.839, -79820.406250, 0.336788888889
ILE, 9, 25.680, 0.810527, -79156.796875, 0.278788888889
LEU, 7, 26.650, 0.866591, -79990.828125, 0.349325925926
LYS, 8, 27.083, 0.823825, -80033.421875, 0.242707407407
MET, 8, 25.879, 0.824966, -81030.210938, 0.221622222222
PHE, 2, 26.963, 0.839647, -80668.148438, 0.339081481481
PRO, 0, 28.422, 0.847803, -79304.625000, 0.268974074074
SER, 4, 26.839, 0.82443, -79844.812500, 0.234703703704
THR, 6, 27.445, 0.889878, -80107.945312, 0.375159259259
TRP, 5, 29.454, 0.872968, -80733.632812, 0.314955555556
TYR, 7, 27.465, 0.82826, -79874.945312, 0.270355555556
VAL, 2, 27.218, 0.853725, -80359.242188, 0.221659259259
