AMINO ACID, DSSP, SASA, GYRATE, ENERGY, RMSF
ALA, 8, 24.907, 0.798308, -79318.765625, 0.251659259259
ARG, 7, 27.498, 0.834639, -80482.062500, 0.298462962963
ASN, 6, 26.858, 0.855053, -80473.500000, 0.210481481481
ASP, 10, 26.668, 0.824836, -80139.710938, 0.207903703704
CYS, 9, 25.259, 0.798264, -79859.539062, 0.307162962963
GLN, 6, 28.577, 0.867773, -80791.687500, 0.290562962963
GLU, 4, 25.402, 0.795247, -80720.203125, 0.207940740741
GLY, 7, 23.843, 0.801815, -80165.875000, 0.230159259259
HIS, 8, 28.016, 0.838768, -79550.046875, 0.336788888889
ILE, 9, 25.864, 0.817772, -80887.921875, 0.278788888889
LEU, 6, 25.747, 0.857927, -80317.835938, 0.349325925926
LYS, 9, 28.502, 0.822181, -79546.296875, 0.242707407407
MET, 8, 26.172, 0.843754, -79900.062500, 0.221622222222
PHE, 8, 25.422, 0.823545, -80239.156250, 0.339081481481
PRO, 4, 29.557, 0.879464, -79036.203125, 0.268974074074
SER, 6, 26.247, 0.824425, -79713.656250, 0.234703703704
THR, 8, 27.572, 0.886115, -80072.265625, 0.375159259259
TRP, 8, 28.147, 0.85001, -80529.359375, 0.314955555556
TYR, 8, 26.243, 0.824057, -80682.765625, 0.270355555556
VAL, 2, 28.436, 0.864542, -80860.843750, 0.221659259259
