AMINO ACID, DSSP, SASA, GYRATE, ENERGY, RMSF
ALA, 6, 25.798, 0.80545, -80163.039062, 0.251659259259
ARG, 11, 27.817, 0.856631, -80644.929688, 0.298462962963
ASN, 9, 26.491, 0.838416, -81225.960938, 0.210481481481
ASP, 10, 24.996, 0.805363, -80835.570312, 0.207903703704
CYS, 11, 25.528, 0.800523, -80114.656250, 0.307162962963
GLN, 10, 29.161, 0.883937, -80243.429688, 0.290562962963
GLU, 2, 25.663, 0.815205, -80296.703125, 0.207940740741
GLY, 7, 24.323, 0.801703, -80805.718750, 0.230159259259
HIS, 4, 28.605, 0.853909, -79902.093750, 0.336788888889
ILE, 9, 25.420, 0.816978, -80085.445312, 0.278788888889
LEU, 6, 27.522, 0.879336, -80017.906250, 0.349325925926
LYS, 9, 27.291, 0.822125, -80674.468750, 0.242707407407
MET, 10, 26.505, 0.833744, -79904.203125, 0.221622222222
PHE, 7, 25.887, 0.821387, -80326.734375, 0.339081481481
PRO, 0, 27.749, 0.835747, -79681.164062, 0.268974074074
SER, 6, 26.446, 0.823678, -80976.328125, 0.234703703704
THR, 8, 25.705, 0.865099, -79835.343750, 0.375159259259
TRP, 10, 27.633, 0.840426, -80239.523438, 0.314955555556
TYR, 9, 25.598, 0.817262, -80076.812500, 0.270355555556
VAL, 4, 28.059, 0.86982, -80236.960938, 0.221659259259
