AMINO ACID, DSSP, SASA, GYRATE, ENERGY, RMSF
ALA, 4, 24.584, 0.799223, -80513.156250, 0.251659259259
ARG, 9, 28.135, 0.851003, -80487.750000, 0.298462962963
ASN, 8, 25.939, 0.839567, -79731.789062, 0.210481481481
ASP, 10, 25.572, 0.810545, -80448.171875, 0.207903703704
CYS, 9, 23.436, 0.791415, -80864.312500, 0.307162962963
GLN, 6, 28.233, 0.88005, -81337.437500, 0.290562962963
GLU, 2, 27.932, 0.821843, -79880.382812, 0.207940740741
GLY, 7, 25.792, 0.818386, -80537.351562, 0.230159259259
HIS, 8, 29.542, 0.868219, -80355.664062, 0.336788888889
ILE, 7, 26.463, 0.820061, -80937.125000, 0.278788888889
LEU, 4, 28.175, 0.899074, -80088.460938, 0.349325925926
LYS, 11, 27.984, 0.816869, -80482.937500, 0.242707407407
MET, 8, 27.467, 0.833817, -80232.429688, 0.221622222222
PHE, 2, 26.798, 0.823211, -79454.031250, 0.339081481481
PRO, 0, 27.541, 0.851774, -80162.781250, 0.268974074074
SER, 6, 25.800, 0.831058, -79763.750000, 0.234703703704
THR, 6, 27.631, 0.90433, -80394.828125, 0.375159259259
TRP, 8, 28.371, 0.855869, -79986.031250, 0.314955555556
TYR, 7, 25.920, 0.819779, -80111.585938, 0.270355555556
VAL, 2, 28.071, 0.864734, -80687.742188, 0.221659259259
