AMINO ACID, DSSP, SASA, GYRATE, ENERGY, RMSF
ALA, 4, 24.828, 0.793787, -80399.257812, 0.251659259259
ARG, 7, 28.867, 0.87622, -80133.023438, 0.298462962963
ASN, 9, 26.977, 0.844086, -80822.539062, 0.210481481481
ASP, 10, 26.054, 0.819917, -80277.500000, 0.207903703704
CYS, 7, 24.672, 0.804042, -79953.281250, 0.307162962963
GLN, 6, 28.114, 0.864381, -80628.312500, 0.290562962963
GLU, 4, 26.187, 0.820392, -80005.218750, 0.207940740741
GLY, 7, 25.696, 0.819755, -80001.812500, 0.230159259259
HIS, 4, 28.436, 0.845395, -79670.148438, 0.336788888889
ILE, 9, 25.821, 0.821812, -80010.687500, 0.278788888889
LEU, 4, 27.261, 0.875106, -80224.718750, 0.349325925926
LYS, 13, 26.097, 0.817606, -81524.296875, 0.242707407407
MET, 8, 26.759, 0.83625, -80035.250000, 0.221622222222
PHE, 4, 25.223, 0.812213, -79425.875000, 0.339081481481
PRO, 0, 27.368, 0.847994, -79574.585938, 0.268974074074
SER, 6, 27.149, 0.818643, -80977.460938, 0.234703703704
THR, 12, 26.846, 0.879297, -79468.968750, 0.375159259259
TRP, 6, 30.162, 0.864053, -80737.109375, 0.314955555556
TYR, 8, 26.483, 0.817613, -79609.671875, 0.270355555556
VAL, 4, 28.693, 0.875023, -79888.734375, 0.221659259259
