AMINO ACID, DSSP, SASA, GYRATE, ENERGY, RMSF
ALA, 6, 24.833, 0.792291, -80242.804688, 0.251659259259
ARG, 10, 26.856, 0.845917, -80415.898438, 0.298462962963
ASN, 8, 26.425, 0.839417, -80848.500000, 0.210481481481
ASP, 8, 24.498, 0.810482, -80401.414062, 0.207903703704
CYS, 7, 24.800, 0.806836, -80713.671875, 0.307162962963
GLN, 6, 27.605, 0.876909, -80382.703125, 0.290562962963
GLU, 4, 25.740, 0.817944, -79575.234375, 0.207940740741
GLY, 7, 26.127, 0.814692, -79397.609375, 0.230159259259
HIS, 9, 28.198, 0.838596, -79428.320312, 0.336788888889
ILE, 9, 25.970, 0.818694, -80887.171875, 0.278788888889
LEU, 7, 28.152, 0.882025, -80118.046875, 0.349325925926
LYS, 11, 28.330, 0.817067, -80569.656250, 0.242707407407
MET, 5, 26.882, 0.839393, -79905.453125, 0.221622222222
PHE, 5, 25.228, 0.820038, -80901.695312, 0.339081481481
PRO, 2, 29.245, 0.85393, -80630.531250, 0.268974074074
SER, 6, 26.754, 0.825746, -80578.375000, 0.234703703704
THR, 12, 26.276, 0.873047, -80487.289062, 0.375159259259
TRP, 4, 27.214, 0.853073, -80347.476562, 0.314955555556
TYR, 9, 26.261, 0.822588, -79580.445312, 0.270355555556
VAL, 4, 27.985, 0.866438, -80512.070312, 0.221659259259
