AMINO ACID, DSSP, SASA, GYRATE, ENERGY, RMSF
ALA, 4, 25.026, 0.79886, -80597.343750, 0.251659259259
ARG, 7, 28.164, 0.849003, -80764.476562, 0.298462962963
ASN, 10, 26.085, 0.844512, -79925.078125, 0.210481481481
ASP, 10, 26.003, 0.806775, -80055.218750, 0.207903703704
CYS, 7, 26.796, 0.808152, -80247.320312, 0.307162962963
GLN, 8, 27.695, 0.856335, -79780.218750, 0.290562962963
GLU, 2, 26.268, 0.819546, -80526.218750, 0.207940740741
GLY, 7, 25.860, 0.816645, -80148.531250, 0.230159259259
HIS, 8, 27.393, 0.82682, -80443.992188, 0.336788888889
ILE, 9, 25.140, 0.813975, -81042.000000, 0.278788888889
LEU, 4, 29.334, 0.912019, -80116.921875, 0.349325925926
LYS, 13, 27.766, 0.817939, -80359.710938, 0.242707407407
MET, 9, 26.969, 0.833282, -79585.007812, 0.221622222222
PHE, 7, 26.633, 0.822423, -79340.101562, 0.339081481481
PRO, 2, 27.850, 0.848846, -81114.609375, 0.268974074074
SER, 6, 25.846, 0.818165, -80807.625000, 0.234703703704
THR, 8, 27.145, 0.87968, -79666.367188, 0.375159259259
TRP, 5, 26.085, 0.846686, -79684.562500, 0.314955555556
TYR, 10, 26.783, 0.823634, -80030.820312, 0.270355555556
VAL, 2, 28.677, 0.878733, -80079.281250, 0.221659259259
