AMINO ACID, DSSP, SASA, GYRATE, ENERGY, RMSF
ALA, 6, 25.714, 0.806956, -79448.421875, 0.251659259259
ARG, 9, 29.162, 0.858607, -80273.281250, 0.298462962963
ASN, 12, 26.853, 0.835669, -80940.164062, 0.210481481481
ASP, 10, 24.324, 0.807476, -79847.789062, 0.207903703704
CYS, 12, 26.361, 0.812196, -80233.367188, 0.307162962963
GLN, 10, 28.582, 0.8705, -79944.632812, 0.290562962963
GLU, 2, 25.595, 0.818043, -80280.828125, 0.207940740741
GLY, 9, 25.398, 0.810038, -79879.328125, 0.230159259259
HIS, 6, 28.093, 0.845274, -80855.968750, 0.336788888889
ILE, 6, 25.427, 0.812453, -79699.382812, 0.278788888889
LEU, 2, 28.461, 0.872898, -79788.453125, 0.349325925926
LYS, 13, 26.245, 0.811028, -80806.789062, 0.242707407407
MET, 5, 25.809, 0.829005, -81180.546875, 0.221622222222
PHE, 8, 26.105, 0.825671, -79045.718750, 0.339081481481
PRO, 5, 26.723, 0.854664, -80253.875000, 0.268974074074
SER, 4, 25.766, 0.824705, -80481.554688, 0.234703703704
THR, 12, 27.351, 0.897542, -79333.179688, 0.375159259259
TRP, 4, 27.744, 0.863083, -81150.250000, 0.314955555556
TYR, 7, 27.838, 0.834345, -80022.515625, 0.270355555556
VAL, 4, 28.085, 0.877053, -79006.453125, 0.221659259259
