AMINO ACID, DSSP, SASA, GYRATE, ENERGY, RMSF
ALA, 4, 24.746, 0.808242, -80062.039062, 0.251659259259
ARG, 6, 27.734, 0.8568, -81095.203125, 0.298462962963
ASN, 6, 26.582, 0.821782, -79678.000000, 0.210481481481
ASP, 10, 27.669, 0.822115, -80330.593750, 0.207903703704
CYS, 10, 26.104, 0.802953, -80429.218750, 0.307162962963
GLN, 12, 28.067, 0.869776, -80041.234375, 0.290562962963
GLU, 2, 26.751, 0.832454, -80350.609375, 0.207940740741
GLY, 7, 24.997, 0.799595, -80112.867188, 0.230159259259
HIS, 8, 29.070, 0.828449, -80390.210938, 0.336788888889
ILE, 11, 25.279, 0.816211, -80822.859375, 0.278788888889
LEU, 4, 26.961, 0.874531, -80375.046875, 0.349325925926
LYS, 11, 28.075, 0.819288, -80818.546875, 0.242707407407
MET, 10, 26.297, 0.816915, -80206.320312, 0.221622222222
PHE, 11, 26.076, 0.828066, -79876.695312, 0.339081481481
PRO, 0, 28.036, 0.849825, -80845.460938, 0.268974074074
SER, 4, 25.872, 0.820126, -79909.609375, 0.234703703704
THR, 6, 28.529, 0.894303, -80718.828125, 0.375159259259
TRP, 4, 28.006, 0.847276, -80358.203125, 0.314955555556
TYR, 10, 26.482, 0.824121, -78806.390625, 0.270355555556
VAL, 4, 29.514, 0.879998, -80458.046875, 0.221659259259
