AMINO ACID, DSSP, SASA, GYRATE, ENERGY, RMSF
ALA, 4, 24.286, 0.799146, -80421.601562, 0.251659259259
ARG, 4, 28.360, 0.852105, -80422.000000, 0.298462962963
ASN, 10, 25.868, 0.822108, -79677.226562, 0.210481481481
ASP, 8, 24.655, 0.811634, -79762.062500, 0.207903703704
CYS, 10, 25.992, 0.789069, -80501.687500, 0.307162962963
GLN, 10, 26.664, 0.85491, -80664.531250, 0.290562962963
GLU, 4, 25.579, 0.816712, -79818.257812, 0.207940740741
GLY, 7, 25.461, 0.808035, -80234.390625, 0.230159259259
HIS, 6, 28.432, 0.83649, -80069.468750, 0.336788888889
ILE, 9, 26.137, 0.827381, -80186.609375, 0.278788888889
LEU, 4, 26.556, 0.887113, -80502.968750, 0.349325925926
LYS, 11, 27.908, 0.830229, -80152.750000, 0.242707407407
MET, 8, 27.519, 0.831564, -79867.718750, 0.221622222222
PHE, 10, 25.284, 0.824477, -80567.312500, 0.339081481481
PRO, 0, 28.770, 0.852567, -79476.789062, 0.268974074074
SER, 4, 26.604, 0.820606, -80442.992188, 0.234703703704
THR, 4, 27.827, 0.889478, -80364.593750, 0.375159259259
TRP, 6, 29.097, 0.842903, -80394.437500, 0.314955555556
TYR, 9, 28.053, 0.834565, -79735.476562, 0.270355555556
VAL, 4, 28.846, 0.882723, -80230.437500, 0.221659259259
