AMINO ACID, DSSP, SASA, GYRATE, ENERGY, RMSF
ALA, 6, 24.362, 0.79507, -80716.593750, 0.251659259259
ARG, 4, 27.516, 0.857161, -80513.515625, 0.298462962963
ASN, 9, 26.269, 0.821373, -81126.078125, 0.210481481481
ASP, 10, 25.682, 0.816481, -81242.578125, 0.207903703704
CYS, 10, 24.723, 0.799438, -80187.093750, 0.307162962963
GLN, 14, 27.928, 0.856809, -79886.984375, 0.290562962963
GLU, 2, 25.437, 0.818709, -79248.609375, 0.207940740741
GLY, 7, 25.787, 0.806953, -80693.125000, 0.230159259259
HIS, 8, 29.380, 0.845983, -79710.937500, 0.336788888889
ILE, 9, 26.294, 0.832259, -80361.445312, 0.278788888889
LEU, 2, 27.667, 0.888123, -79770.515625, 0.349325925926
LYS, 11, 27.072, 0.81623, -80978.171875, 0.242707407407
MET, 8, 26.593, 0.839363, -80722.937500, 0.221622222222
PHE, 6, 24.260, 0.812281, -79310.546875, 0.339081481481
PRO, 2, 29.138, 0.860577, -80066.640625, 0.268974074074
SER, 4, 26.436, 0.830372, -80279.125000, 0.234703703704
THR, 6, 27.915, 0.888134, -80494.945312, 0.375159259259
TRP, 8, 28.202, 0.847786, -80417.312500, 0.314955555556
TYR, 11, 26.370, 0.818515, -80285.273438, 0.270355555556
VAL, 6, 27.660, 0.872466, -80506.851562, 0.221659259259
