AMINO ACID, DSSP, SASA, GYRATE, ENERGY, RMSF
ALA, 4, 26.309, 0.804715, -79980.625000, 0.251659259259
ARG, 7, 27.488, 0.847389, -80795.062500, 0.298462962963
ASN, 6, 24.606, 0.80413, -81060.218750, 0.210481481481
ASP, 8, 27.437, 0.822068, -79066.742188, 0.207903703704
CYS, 7, 25.358, 0.795974, -80550.093750, 0.307162962963
GLN, 12, 28.339, 0.86346, -79573.750000, 0.290562962963
GLU, 4, 25.083, 0.80488, -80689.593750, 0.207940740741
GLY, 7, 24.935, 0.829333, -79238.664062, 0.230159259259
HIS, 6, 28.524, 0.839313, -80094.867188, 0.336788888889
ILE, 9, 27.158, 0.837245, -80700.734375, 0.278788888889
LEU, 8, 29.046, 0.888592, -80584.867188, 0.349325925926
LYS, 13, 26.731, 0.820938, -80455.859375, 0.242707407407
MET, 8, 26.719, 0.836648, -80776.289062, 0.221622222222
PHE, 9, 25.977, 0.830882, -79873.265625, 0.339081481481
PRO, 0, 28.372, 0.845904, -80040.296875, 0.268974074074
SER, 2, 27.144, 0.828698, -79839.671875, 0.234703703704
THR, 6, 27.529, 0.904095, -80099.039062, 0.375159259259
TRP, 6, 28.500, 0.851513, -80097.046875, 0.314955555556
TYR, 11, 27.260, 0.82532, -80272.218750, 0.270355555556
VAL, 4, 28.815, 0.878313, -80270.664062, 0.221659259259
