AMINO ACID, DSSP, SASA, GYRATE, ENERGY, RMSF
ALA, 6, 26.862, 0.810284, -80780.078125, 0.251659259259
ARG, 6, 27.533, 0.851849, -81610.914062, 0.298462962963
ASN, 4, 24.234, 0.811157, -81491.109375, 0.210481481481
ASP, 8, 26.720, 0.838813, -80673.804688, 0.207903703704
CYS, 12, 25.865, 0.806439, -79935.281250, 0.307162962963
GLN, 10, 27.788, 0.847484, -80079.437500, 0.290562962963
GLU, 2, 26.282, 0.817689, -79397.281250, 0.207940740741
GLY, 9, 24.418, 0.800446, -79825.703125, 0.230159259259
HIS, 8, 27.876, 0.840407, -80319.859375, 0.336788888889
ILE, 9, 26.140, 0.821233, -79692.390625, 0.278788888889
LEU, 7, 27.297, 0.881041, -79768.093750, 0.349325925926
LYS, 7, 26.925, 0.820693, -80733.437500, 0.242707407407
MET, 7, 26.781, 0.837436, -80426.132812, 0.221622222222
PHE, 6, 24.753, 0.818909, -80694.882812, 0.339081481481
PRO, 4, 25.231, 0.832218, -79923.226562, 0.268974074074
SER, 4, 27.619, 0.844911, -80029.593750, 0.234703703704
THR, 4, 26.709, 0.883529, -79947.367188, 0.375159259259
TRP, 4, 29.266, 0.871987, -80007.750000, 0.314955555556
TYR, 12, 25.986, 0.809869, -80250.656250, 0.270355555556
VAL, 2, 28.848, 0.865569, -80575.734375, 0.221659259259
