AMINO ACID, DSSP, SASA, GYRATE, ENERGY, RMSF
ALA, 6, 26.184, 0.817495, -80079.171875, 0.251659259259
ARG, 6, 27.344, 0.844003, -80711.531250, 0.298462962963
ASN, 9, 25.950, 0.819572, -79780.562500, 0.210481481481
ASP, 8, 24.883, 0.823583, -80544.703125, 0.207903703704
CYS, 12, 24.863, 0.789192, -79678.460938, 0.307162962963
GLN, 12, 27.124, 0.837143, -79234.898438, 0.290562962963
GLU, 4, 25.967, 0.814163, -79644.492188, 0.207940740741
GLY, 9, 23.364, 0.790374, -79335.304688, 0.230159259259
HIS, 10, 25.856, 0.828352, -79563.484375, 0.336788888889
ILE, 9, 25.203, 0.8187, -81055.921875, 0.278788888889
LEU, 2, 26.637, 0.876718, -80688.421875, 0.349325925926
LYS, 11, 26.650, 0.818592, -79564.468750, 0.242707407407
MET, 10, 27.742, 0.85049, -80013.546875, 0.221622222222
PHE, 4, 26.301, 0.824932, -79871.781250, 0.339081481481
PRO, 6, 27.801, 0.845975, -80596.976562, 0.268974074074
SER, 4, 27.109, 0.826448, -79114.304688, 0.234703703704
THR, 6, 29.432, 0.875562, -79797.500000, 0.375159259259
TRP, 4, 27.896, 0.860667, -79299.640625, 0.314955555556
TYR, 7, 27.111, 0.83541, -80471.375000, 0.270355555556
VAL, 4, 27.496, 0.869302, -80037.328125, 0.221659259259
