AMINO ACID, DSSP, SASA, GYRATE, ENERGY, RMSF
ALA, 6, 27.005, 0.817636, -79751.539062, 0.251659259259
ARG, 6, 27.463, 0.858402, -80528.390625, 0.298462962963
ASN, 14, 26.552, 0.808274, -80712.164062, 0.210481481481
ASP, 10, 26.667, 0.820057, -79965.898438, 0.207903703704
CYS, 10, 26.412, 0.807423, -80930.609375, 0.307162962963
GLN, 10, 26.545, 0.846685, -80479.578125, 0.290562962963
GLU, 4, 25.762, 0.806439, -80300.609375, 0.207940740741
GLY, 9, 23.972, 0.794587, -80178.046875, 0.230159259259
HIS, 9, 28.470, 0.857609, -80007.281250, 0.336788888889
ILE, 7, 26.173, 0.8347, -79655.500000, 0.278788888889
LEU, 6, 29.142, 0.90444, -79522.015625, 0.349325925926
LYS, 11, 28.000, 0.826768, -80545.664062, 0.242707407407
MET, 8, 26.210, 0.828786, -80120.250000, 0.221622222222
PHE, 6, 25.172, 0.822249, -80096.039062, 0.339081481481
PRO, 2, 25.334, 0.847445, -80473.125000, 0.268974074074
SER, 4, 27.932, 0.840373, -80097.343750, 0.234703703704
THR, 4, 28.249, 0.898879, -79678.828125, 0.375159259259
TRP, 4, 28.375, 0.866032, -79108.406250, 0.314955555556
TYR, 9, 27.185, 0.831171, -79821.632812, 0.270355555556
VAL, 2, 27.499, 0.848304, -80233.609375, 0.221659259259
