AMINO ACID, DSSP, SASA, GYRATE, ENERGY, RMSF
ALA, 8, 26.537, 0.823042, -80550.164062, 0.251659259259
ARG, 6, 27.291, 0.856186, -81527.945312, 0.298462962963
ASN, 8, 25.815, 0.820814, -80884.914062, 0.210481481481
ASP, 10, 25.113, 0.812763, -79322.875000, 0.207903703704
CYS, 12, 25.829, 0.802132, -79918.828125, 0.307162962963
GLN, 13, 27.269, 0.847793, -79927.960938, 0.290562962963
GLU, 4, 27.020, 0.815548, -80878.773438, 0.207940740741
GLY, 9, 23.772, 0.797325, -79432.304688, 0.230159259259
HIS, 12, 29.555, 0.859634, -81054.929688, 0.336788888889
ILE, 9, 26.098, 0.834752, -79613.617188, 0.278788888889
LEU, 2, 29.285, 0.869569, -80753.375000, 0.349325925926
LYS, 9, 26.171, 0.819802, -79956.640625, 0.242707407407
MET, 8, 27.054, 0.838005, -80182.523438, 0.221622222222
PHE, 6, 26.196, 0.826847, -80213.937500, 0.339081481481
PRO, 2, 25.469, 0.823982, -79802.593750, 0.268974074074
SER, 7, 26.821, 0.831445, -80431.765625, 0.234703703704
THR, 4, 25.738, 0.863968, -79806.203125, 0.375159259259
TRP, 6, 27.928, 0.861825, -79338.000000, 0.314955555556
TYR, 7, 26.108, 0.818838, -79883.070312, 0.270355555556
VAL, 2, 28.629, 0.864247, -80353.757812, 0.221659259259
