AMINO ACID, DSSP, SASA, GYRATE, ENERGY, RMSF
ALA, 5, 30.717, 0.866231, -79831.218750, 0.251659259259
ARG, 4, 28.082, 0.863686, -80994.156250, 0.298462962963
ASN, 8, 26.199, 0.827249, -80122.156250, 0.210481481481
ASP, 7, 28.113, 0.825702, -79612.601562, 0.207903703704
CYS, 8, 29.481, 0.888645, -81058.054688, 0.307162962963
GLN, 6, 25.777, 0.819005, -80178.656250, 0.290562962963
GLU, 2, 27.249, 0.842254, -79397.804688, 0.207940740741
GLY, 9, 25.318, 0.828556, -80266.140625, 0.230159259259
HIS, 10, 25.617, 0.837822, -80380.242188, 0.336788888889
ILE, 10, 26.425, 0.81451, -80124.406250, 0.278788888889
LEU, 6, 26.268, 0.803849, -79449.109375, 0.349325925926
LYS, 6, 28.682, 0.845502, -81089.164062, 0.242707407407
MET, 5, 27.404, 0.8267, -80624.734375, 0.221622222222
PHE, 12, 24.693, 0.804221, -80474.671875, 0.339081481481
PRO, 6, 25.875, 0.843965, -80841.546875, 0.268974074074
SER, 10, 27.078, 0.813124, -80817.648438, 0.234703703704
THR, 4, 28.743, 0.839821, -80145.171875, 0.375159259259
TRP, 4, 25.981, 0.832163, -78779.539062, 0.314955555556
TYR, 11, 29.366, 0.870305, -80597.289062, 0.270355555556
VAL, 10, 24.830, 0.796252, -80169.656250, 0.221659259259
