AMINO ACID, DSSP, SASA, GYRATE, ENERGY, RMSF
ALA, 6, 24.212, 0.805598, -79670.710938, 0.251659259259
ARG, 4, 28.680, 0.845237, -80486.429688, 0.298462962963
ASN, 10, 25.955, 0.822517, -80672.804688, 0.210481481481
ASP, 10, 25.836, 0.806837, -80006.437500, 0.207903703704
CYS, 10, 25.316, 0.792904, -80224.187500, 0.307162962963
GLN, 12, 26.061, 0.845281, -81032.359375, 0.290562962963
GLU, 4, 25.657, 0.80948, -79898.867188, 0.207940740741
GLY, 9, 24.548, 0.799816, -81484.070312, 0.230159259259
HIS, 8, 28.688, 0.850232, -81030.937500, 0.336788888889
ILE, 9, 26.542, 0.824163, -80165.968750, 0.278788888889
LEU, 2, 27.954, 0.872091, -79952.007812, 0.349325925926
LYS, 14, 25.363, 0.806108, -80566.632812, 0.242707407407
MET, 10, 26.136, 0.837597, -78791.335938, 0.221622222222
PHE, 2, 25.601, 0.824689, -80291.828125, 0.339081481481
PRO, 14, 23.166, 0.817849, -79486.937500, 0.268974074074
SER, 2, 27.314, 0.822204, -79693.976562, 0.234703703704
THR, 6, 26.621, 0.843544, -79983.375000, 0.375159259259
TRP, 4, 28.409, 0.848246, -79813.539062, 0.314955555556
TYR, 11, 26.091, 0.806671, -80116.062500, 0.270355555556
VAL, 2, 27.580, 0.867018, -79825.968750, 0.221659259259
