AMINO ACID, DSSP, SASA, GYRATE, ENERGY, RMSF
ALA, 6, 24.052, 0.808176, -81050.234375, 0.251659259259
ARG, 6, 27.166, 0.846788, -79755.125000, 0.298462962963
ASN, 10, 26.381, 0.83145, -81127.125000, 0.210481481481
ASP, 10, 25.732, 0.818273, -80276.265625, 0.207903703704
CYS, 5, 25.357, 0.792687, -80750.804688, 0.307162962963
GLN, 10, 26.909, 0.855194, -80315.148438, 0.290562962963
GLU, 2, 25.238, 0.807963, -80012.695312, 0.207940740741
GLY, 7, 24.362, 0.802944, -80652.664062, 0.230159259259
HIS, 6, 28.204, 0.839733, -80690.695312, 0.336788888889
ILE, 7, 26.618, 0.832907, -80327.757812, 0.278788888889
LEU, 6, 27.582, 0.88161, -79983.429688, 0.349325925926
LYS, 13, 26.522, 0.827075, -81065.062500, 0.242707407407
MET, 8, 25.659, 0.82355, -80672.359375, 0.221622222222
PHE, 6, 26.669, 0.824182, -80168.554688, 0.339081481481
PRO, 12, 23.771, 0.826004, -80451.382812, 0.268974074074
SER, 2, 26.031, 0.818182, -80454.382812, 0.234703703704
THR, 4, 27.177, 0.87778, -79527.085938, 0.375159259259
TRP, 2, 29.543, 0.860539, -80177.101562, 0.314955555556
TYR, 7, 26.221, 0.814291, -79428.265625, 0.270355555556
VAL, 2, 27.431, 0.857393, -79491.234375, 0.221659259259
