AMINO ACID, DSSP, SASA, GYRATE, ENERGY, RMSF
ALA, 6, 24.480, 0.811518, -80003.570312, 0.251659259259
ARG, 6, 27.132, 0.83927, -81025.343750, 0.298462962963
ASN, 10, 26.465, 0.817788, -80371.984375, 0.210481481481
ASP, 10, 27.585, 0.841206, -80323.867188, 0.207903703704
CYS, 7, 25.127, 0.800815, -80970.164062, 0.307162962963
GLN, 12, 26.807, 0.854789, -80579.843750, 0.290562962963
GLU, 2, 25.658, 0.821997, -79714.421875, 0.207940740741
GLY, 9, 23.964, 0.799391, -80240.046875, 0.230159259259
HIS, 6, 28.378, 0.845651, -80477.062500, 0.336788888889
ILE, 9, 27.355, 0.834351, -80328.546875, 0.278788888889
LEU, 0, 27.601, 0.891714, -79808.859375, 0.349325925926
LYS, 11, 26.758, 0.815573, -80831.929688, 0.242707407407
MET, 8, 26.703, 0.839912, -80256.945312, 0.221622222222
PHE, 7, 26.066, 0.824047, -79673.750000, 0.339081481481
PRO, 10, 24.364, 0.823072, -80125.648438, 0.268974074074
SER, 4, 27.787, 0.830294, -80144.234375, 0.234703703704
THR, 8, 26.765, 0.846234, -80062.671875, 0.375159259259
TRP, 4, 27.093, 0.838831, -80470.929688, 0.314955555556
TYR, 9, 26.007, 0.820434, -80198.812500, 0.270355555556
VAL, 2, 25.296, 0.847924, -80775.851562, 0.221659259259
