AMINO ACID, DSSP, SASA, GYRATE, ENERGY, RMSF
ALA, 6, 26.087, 0.809076, -79738.515625, 0.251659259259
ARG, 8, 28.079, 0.848849, -80794.414062, 0.298462962963
ASN, 12, 25.952, 0.810434, -80287.687500, 0.210481481481
ASP, 10, 26.213, 0.82049, -80445.710938, 0.207903703704
CYS, 7, 24.628, 0.792763, -79452.554688, 0.307162962963
GLN, 12, 26.697, 0.854255, -80516.265625, 0.290562962963
GLU, 2, 26.253, 0.829567, -79668.414062, 0.207940740741
GLY, 7, 26.968, 0.815156, -80025.328125, 0.230159259259
HIS, 10, 28.330, 0.844979, -80497.312500, 0.336788888889
ILE, 7, 25.839, 0.820795, -80324.968750, 0.278788888889
LEU, 2, 27.719, 0.860584, -80991.898438, 0.349325925926
LYS, 11, 26.402, 0.822749, -80590.460938, 0.242707407407
MET, 8, 26.568, 0.830216, -80173.078125, 0.221622222222
PHE, 6, 26.385, 0.831007, -80160.742188, 0.339081481481
PRO, 10, 24.299, 0.823154, -80340.156250, 0.268974074074
SER, 2, 26.750, 0.837388, -79860.015625, 0.234703703704
THR, 8, 27.358, 0.861084, -79944.726562, 0.375159259259
TRP, 0, 27.311, 0.835362, -79323.289062, 0.314955555556
TYR, 9, 26.050, 0.820722, -79149.117188, 0.270355555556
VAL, 2, 25.329, 0.856178, -79635.601562, 0.221659259259
