AMINO ACID, DSSP, SASA, GYRATE, ENERGY, RMSF
ALA, 6, 25.446, 0.803323, -80393.320312, 0.251659259259
ARG, 8, 27.840, 0.846386, -80945.656250, 0.298462962963
ASN, 14, 27.397, 0.809441, -80704.218750, 0.210481481481
ASP, 10, 24.999, 0.816112, -79741.500000, 0.207903703704
CYS, 7, 24.526, 0.79343, -79462.671875, 0.307162962963
GLN, 12, 26.060, 0.857513, -80959.437500, 0.290562962963
GLU, 6, 26.903, 0.824615, -80164.437500, 0.207940740741
GLY, 7, 26.813, 0.819313, -80819.453125, 0.230159259259
HIS, 8, 27.896, 0.842861, -79661.921875, 0.336788888889
ILE, 9, 24.833, 0.80646, -81131.742188, 0.278788888889
LEU, 0, 27.914, 0.863787, -79750.750000, 0.349325925926
LYS, 13, 25.826, 0.820261, -81365.703125, 0.242707407407
MET, 7, 26.422, 0.829926, -79997.125000, 0.221622222222
PHE, 4, 26.244, 0.831989, -81056.382812, 0.339081481481
PRO, 9, 25.162, 0.81742, -80454.953125, 0.268974074074
SER, 2, 26.446, 0.822868, -81058.640625, 0.234703703704
THR, 6, 27.216, 0.843462, -80788.648438, 0.375159259259
TRP, 0, 27.574, 0.836618, -79957.906250, 0.314955555556
TYR, 8, 26.008, 0.822277, -79849.421875, 0.270355555556
VAL, 4, 26.550, 0.858457, -79830.109375, 0.221659259259
