AMINO ACID, DSSP, SASA, GYRATE, ENERGY, RMSF
ALA, 4, 26.676, 0.815673, -79897.671875, 0.251659259259
ARG, 4, 27.311, 0.841187, -81547.242188, 0.298462962963
ASN, 12, 26.008, 0.812941, -80458.085938, 0.210481481481
ASP, 10, 26.131, 0.819232, -79356.632812, 0.207903703704
CYS, 9, 24.352, 0.792824, -80754.085938, 0.307162962963
GLN, 12, 26.748, 0.843812, -81368.687500, 0.290562962963
GLU, 2, 26.738, 0.828677, -79853.734375, 0.207940740741
GLY, 7, 25.273, 0.820946, -80684.718750, 0.230159259259
HIS, 12, 27.242, 0.838503, -81072.132812, 0.336788888889
ILE, 7, 27.398, 0.826154, -80343.210938, 0.278788888889
LEU, 9, 26.597, 0.844685, -80720.156250, 0.349325925926
LYS, 11, 26.089, 0.827076, -81426.859375, 0.242707407407
MET, 10, 25.071, 0.822473, -80084.109375, 0.221622222222
PHE, 9, 24.891, 0.811879, -79665.046875, 0.339081481481
PRO, 9, 24.883, 0.83534, -79884.664062, 0.268974074074
SER, 2, 26.533, 0.831603, -79833.468750, 0.234703703704
THR, 8, 27.657, 0.845368, -79716.289062, 0.375159259259
TRP, 2, 25.489, 0.813007, -79675.742188, 0.314955555556
TYR, 7, 25.739, 0.805768, -80159.468750, 0.270355555556
VAL, 6, 29.046, 0.884781, -80741.898438, 0.221659259259
