AMINO ACID, DSSP, SASA, GYRATE, ENERGY, RMSF
ALA, 8, 25.131, 0.821753, -80447.687500, 0.251659259259
ARG, 2, 25.761, 0.827137, -80209.398438, 0.298462962963
ASN, 10, 25.675, 0.811336, -80265.804688, 0.210481481481
ASP, 12, 26.829, 0.825119, -80567.242188, 0.207903703704
CYS, 14, 24.624, 0.795358, -80897.335938, 0.307162962963
GLN, 10, 27.652, 0.856855, -80478.468750, 0.290562962963
GLU, 4, 26.114, 0.813581, -79873.992188, 0.207940740741
GLY, 7, 23.969, 0.803734, -80017.031250, 0.230159259259
HIS, 8, 27.712, 0.839913, -79857.585938, 0.336788888889
ILE, 9, 28.190, 0.811061, -80068.882812, 0.278788888889
LEU, 12, 26.652, 0.849389, -79881.437500, 0.349325925926
LYS, 11, 27.036, 0.826046, -81402.531250, 0.242707407407
MET, 10, 25.076, 0.831751, -80764.750000, 0.221622222222
PHE, 9, 25.354, 0.817137, -79835.265625, 0.339081481481
PRO, 12, 24.135, 0.826435, -80715.210938, 0.268974074074
SER, 2, 26.645, 0.828135, -80159.312500, 0.234703703704
THR, 4, 27.154, 0.862076, -79420.914062, 0.375159259259
TRP, 0, 26.741, 0.841115, -80422.062500, 0.314955555556
TYR, 7, 26.624, 0.816975, -80595.742188, 0.270355555556
VAL, 2, 28.581, 0.85983, -80091.750000, 0.221659259259
