AMINO ACID, DSSP, SASA, GYRATE, ENERGY, RMSF
ALA, 8, 28.695, 0.840531, -80556.812500, 0.251659259259
ARG, 6, 27.363, 0.846181, -80569.687500, 0.298462962963
ASN, 8, 29.466, 0.836925, -79595.640625, 0.210481481481
ASP, 9, 26.871, 0.827857, -79852.351562, 0.207903703704
CYS, 8, 28.582, 0.913785, -81038.898438, 0.307162962963
GLN, 8, 25.831, 0.810913, -80061.335938, 0.290562962963
GLU, 6, 27.935, 0.84449, -80678.054688, 0.207940740741
GLY, 8, 25.410, 0.845637, -79658.257812, 0.230159259259
HIS, 10, 25.985, 0.844793, -80449.671875, 0.336788888889
ILE, 8, 26.994, 0.818852, -80529.007812, 0.278788888889
LEU, 6, 27.595, 0.814999, -79518.914062, 0.349325925926
LYS, 4, 28.113, 0.831317, -80261.773438, 0.242707407407
MET, 7, 26.530, 0.821976, -80809.507812, 0.221622222222
PHE, 10, 25.251, 0.802271, -81289.750000, 0.339081481481
PRO, 8, 25.768, 0.831244, -79951.835938, 0.268974074074
SER, 8, 25.441, 0.808581, -80388.296875, 0.234703703704
THR, 6, 28.614, 0.839372, -80785.828125, 0.375159259259
TRP, 6, 26.922, 0.841495, -79929.234375, 0.314955555556
TYR, 9, 28.111, 0.872288, -79539.640625, 0.270355555556
VAL, 8, 24.913, 0.808999, -79878.679688, 0.221659259259
