AMINO ACID, DSSP, SASA, GYRATE, ENERGY, RMSF
ALA, 4, 26.193, 0.818823, -79891.632812, 0.251659259259
ARG, 4, 25.978, 0.829635, -81976.671875, 0.298462962963
ASN, 8, 24.458, 0.800423, -80818.375000, 0.210481481481
ASP, 10, 26.072, 0.825109, -80954.242188, 0.207903703704
CYS, 12, 24.362, 0.786687, -80840.195312, 0.307162962963
GLN, 10, 27.285, 0.841196, -80329.585938, 0.290562962963
GLU, 2, 24.505, 0.8029, -81015.148438, 0.207940740741
GLY, 7, 25.432, 0.811223, -80674.500000, 0.230159259259
HIS, 12, 27.710, 0.839582, -80477.335938, 0.336788888889
ILE, 9, 28.035, 0.836458, -79429.484375, 0.278788888889
LEU, 9, 27.398, 0.857044, -80474.851562, 0.349325925926
LYS, 11, 27.345, 0.823015, -80601.312500, 0.242707407407
MET, 5, 26.879, 0.839432, -79992.742188, 0.221622222222
PHE, 9, 25.750, 0.834415, -79827.937500, 0.339081481481
PRO, 11, 25.152, 0.815582, -80574.500000, 0.268974074074
SER, 4, 25.919, 0.822782, -79725.109375, 0.234703703704
THR, 5, 27.133, 0.872872, -79897.015625, 0.375159259259
TRP, 2, 27.781, 0.847055, -80510.578125, 0.314955555556
TYR, 9, 25.814, 0.815692, -80465.312500, 0.270355555556
VAL, 2, 28.227, 0.87845, -79971.359375, 0.221659259259
