AMINO ACID, DSSP, SASA, GYRATE, ENERGY, RMSF
ALA, 6, 27.071, 0.823238, -80533.171875, 0.251659259259
ARG, 6, 26.752, 0.833134, -80112.546875, 0.298462962963
ASN, 14, 24.872, 0.799313, -79581.554688, 0.210481481481
ASP, 8, 26.602, 0.821481, -80251.265625, 0.207903703704
CYS, 14, 25.275, 0.798466, -79797.921875, 0.307162962963
GLN, 10, 27.729, 0.839255, -81470.734375, 0.290562962963
GLU, 4, 25.354, 0.807257, -80112.515625, 0.207940740741
GLY, 8, 24.633, 0.816639, -80221.015625, 0.230159259259
HIS, 12, 26.881, 0.832195, -80807.531250, 0.336788888889
ILE, 9, 26.483, 0.824514, -80746.359375, 0.278788888889
LEU, 12, 26.817, 0.86051, -80346.539062, 0.349325925926
LYS, 9, 27.457, 0.821603, -80190.703125, 0.242707407407
MET, 8, 25.876, 0.81744, -81131.265625, 0.221622222222
PHE, 9, 25.749, 0.834737, -80522.460938, 0.339081481481
PRO, 10, 24.509, 0.824682, -79821.453125, 0.268974074074
SER, 4, 27.698, 0.839733, -80130.390625, 0.234703703704
THR, 4, 28.809, 0.889242, -79585.804688, 0.375159259259
TRP, 2, 27.146, 0.836571, -79710.843750, 0.314955555556
TYR, 7, 27.038, 0.81238, -80336.109375, 0.270355555556
VAL, 2, 29.574, 0.885202, -79664.984375, 0.221659259259
