AMINO ACID, DSSP, SASA, GYRATE, ENERGY, RMSF
ALA, 4, 27.552, 0.824586, -80411.164062, 0.251659259259
ARG, 6, 26.479, 0.845685, -80924.453125, 0.298462962963
ASN, 12, 26.326, 0.81716, -80444.828125, 0.210481481481
ASP, 10, 26.366, 0.813877, -79719.429688, 0.207903703704
CYS, 7, 24.375, 0.790558, -80055.687500, 0.307162962963
GLN, 11, 29.500, 0.87099, -80281.609375, 0.290562962963
GLU, 2, 27.722, 0.822512, -80468.914062, 0.207940740741
GLY, 10, 24.645, 0.80524, -81193.328125, 0.230159259259
HIS, 12, 26.884, 0.827432, -80224.203125, 0.336788888889
ILE, 7, 27.339, 0.835557, -80336.546875, 0.278788888889
LEU, 8, 27.742, 0.8639, -79838.687500, 0.349325925926
LYS, 11, 26.289, 0.823586, -80665.984375, 0.242707407407
MET, 8, 26.014, 0.820414, -80807.414062, 0.221622222222
PHE, 9, 26.274, 0.827916, -80149.531250, 0.339081481481
PRO, 10, 24.547, 0.814636, -80075.046875, 0.268974074074
SER, 0, 25.681, 0.815965, -81117.812500, 0.234703703704
THR, 4, 26.172, 0.873502, -80539.625000, 0.375159259259
TRP, 2, 29.188, 0.854817, -79463.687500, 0.314955555556
TYR, 9, 26.679, 0.816797, -80522.460938, 0.270355555556
VAL, 2, 28.066, 0.867376, -80418.914062, 0.221659259259
