AMINO ACID, DSSP, SASA, GYRATE, ENERGY, RMSF
ALA, 4, 26.672, 0.831603, -80256.140625, 0.251659259259
ARG, 4, 24.997, 0.834036, -81038.937500, 0.298462962963
ASN, 14, 24.725, 0.796041, -80194.148438, 0.210481481481
ASP, 8, 26.113, 0.821553, -81313.304688, 0.207903703704
CYS, 11, 24.592, 0.789545, -80380.218750, 0.307162962963
GLN, 4, 28.849, 0.886588, -79655.890625, 0.290562962963
GLU, 8, 26.341, 0.82968, -80240.945312, 0.207940740741
GLY, 7, 23.623, 0.806716, -79515.968750, 0.230159259259
HIS, 10, 26.323, 0.833285, -79758.476562, 0.336788888889
ILE, 6, 26.172, 0.818505, -80455.062500, 0.278788888889
LEU, 10, 27.932, 0.850388, -80137.039062, 0.349325925926
LYS, 10, 25.727, 0.820705, -79681.335938, 0.242707407407
MET, 8, 26.091, 0.823664, -80087.085938, 0.221622222222
PHE, 9, 25.398, 0.813706, -80276.140625, 0.339081481481
PRO, 14, 24.410, 0.83284, -79969.312500, 0.268974074074
SER, 2, 26.295, 0.830575, -79677.015625, 0.234703703704
THR, 4, 26.798, 0.868603, -80267.976562, 0.375159259259
TRP, 2, 27.090, 0.839952, -80229.234375, 0.314955555556
TYR, 7, 25.677, 0.810438, -79718.531250, 0.270355555556
VAL, 2, 28.109, 0.877915, -80126.593750, 0.221659259259
