AMINO ACID, DSSP, SASA, GYRATE, ENERGY, RMSF
ALA, 4, 26.512, 0.834044, -80906.695312, 0.251659259259
ARG, 4, 26.635, 0.84943, -79782.789062, 0.298462962963
ASN, 10, 26.320, 0.83416, -80237.796875, 0.210481481481
ASP, 12, 25.571, 0.814666, -80560.984375, 0.207903703704
CYS, 9, 26.864, 0.805219, -80073.804688, 0.307162962963
GLN, 6, 28.167, 0.897255, -80239.687500, 0.290562962963
GLU, 2, 27.004, 0.825622, -79763.523438, 0.207940740741
GLY, 10, 25.110, 0.813231, -80036.421875, 0.230159259259
HIS, 10, 26.530, 0.827988, -80067.562500, 0.336788888889
ILE, 6, 26.737, 0.813572, -79399.078125, 0.278788888889
LEU, 4, 28.998, 0.871449, -80216.281250, 0.349325925926
LYS, 11, 26.860, 0.82356, -79329.437500, 0.242707407407
MET, 10, 25.823, 0.836059, -80246.046875, 0.221622222222
PHE, 5, 25.675, 0.812949, -80113.343750, 0.339081481481
PRO, 10, 25.480, 0.817624, -79867.265625, 0.268974074074
SER, 4, 26.775, 0.82466, -79588.851562, 0.234703703704
THR, 2, 27.418, 0.889285, -80554.656250, 0.375159259259
TRP, 0, 27.054, 0.839865, -79840.273438, 0.314955555556
TYR, 9, 27.069, 0.828391, -80190.226562, 0.270355555556
VAL, 2, 30.551, 0.880155, -79895.648438, 0.221659259259
