AMINO ACID, DSSP, SASA, GYRATE, ENERGY, RMSF
ALA, 8, 25.677, 0.818389, -80834.734375, 0.251659259259
ARG, 4, 28.285, 0.845678, -80461.718750, 0.298462962963
ASN, 6, 25.184, 0.820778, -80944.921875, 0.210481481481
ASP, 12, 25.595, 0.80831, -79955.250000, 0.207903703704
CYS, 11, 25.182, 0.79987, -80063.140625, 0.307162962963
GLN, 6, 28.489, 0.894937, -80247.062500, 0.290562962963
GLU, 5, 27.454, 0.825029, -79604.796875, 0.207940740741
GLY, 7, 24.703, 0.811149, -80865.921875, 0.230159259259
HIS, 6, 27.120, 0.820105, -80444.578125, 0.336788888889
ILE, 6, 27.975, 0.819565, -79911.265625, 0.278788888889
LEU, 2, 29.509, 0.884665, -79764.640625, 0.349325925926
LYS, 8, 25.996, 0.825936, -80516.703125, 0.242707407407
MET, 7, 26.698, 0.83725, -80195.882812, 0.221622222222
PHE, 7, 25.019, 0.806446, -80258.593750, 0.339081481481
PRO, 10, 25.221, 0.814048, -80220.093750, 0.268974074074
SER, 2, 26.422, 0.818126, -79439.210938, 0.234703703704
THR, 4, 27.175, 0.877651, -80436.257812, 0.375159259259
TRP, 0, 25.668, 0.831522, -80600.343750, 0.314955555556
TYR, 9, 26.550, 0.820741, -79111.515625, 0.270355555556
VAL, 6, 28.366, 0.874191, -80511.117188, 0.221659259259
