AMINO ACID, DSSP, SASA, GYRATE, ENERGY, RMSF
ALA, 4, 25.607, 0.822944, -80554.859375, 0.251659259259
ARG, 6, 26.769, 0.834929, -80239.070312, 0.298462962963
ASN, 8, 26.520, 0.823922, -80592.062500, 0.210481481481
ASP, 11, 26.956, 0.816639, -80884.335938, 0.207903703704
CYS, 9, 25.516, 0.802047, -79718.382812, 0.307162962963
GLN, 6, 29.964, 0.901468, -80639.187500, 0.290562962963
GLU, 4, 25.729, 0.818795, -80424.546875, 0.207940740741
GLY, 9, 24.711, 0.794515, -80413.984375, 0.230159259259
HIS, 10, 27.269, 0.829539, -79554.250000, 0.336788888889
ILE, 6, 26.944, 0.818815, -79783.609375, 0.278788888889
LEU, 8, 28.675, 0.877831, -80861.500000, 0.349325925926
LYS, 6, 27.308, 0.836113, -80797.695312, 0.242707407407
MET, 8, 26.856, 0.827242, -80882.468750, 0.221622222222
PHE, 5, 26.855, 0.824499, -79298.273438, 0.339081481481
PRO, 13, 25.098, 0.818466, -80554.718750, 0.268974074074
SER, 4, 26.772, 0.828005, -80538.476562, 0.234703703704
THR, 6, 26.465, 0.871869, -80587.437500, 0.375159259259
TRP, 0, 26.978, 0.847073, -79738.890625, 0.314955555556
TYR, 9, 27.351, 0.821747, -80956.117188, 0.270355555556
VAL, 4, 28.334, 0.879551, -80182.023438, 0.221659259259
