AMINO ACID, DSSP, SASA, GYRATE, ENERGY, RMSF
ALA, 4, 25.725, 0.825804, -80525.484375, 0.251659259259
ARG, 8, 26.628, 0.844434, -80941.437500, 0.298462962963
ASN, 10, 26.401, 0.840061, -81059.742188, 0.210481481481
ASP, 12, 25.306, 0.808617, -80497.296875, 0.207903703704
CYS, 7, 25.367, 0.797743, -79885.578125, 0.307162962963
GLN, 4, 30.092, 0.9212, -79716.703125, 0.290562962963
GLU, 2, 27.186, 0.822323, -80463.820312, 0.207940740741
GLY, 7, 25.194, 0.800523, -79406.312500, 0.230159259259
HIS, 12, 26.014, 0.820269, -79815.562500, 0.336788888889
ILE, 4, 28.233, 0.816854, -80825.593750, 0.278788888889
LEU, 5, 29.298, 0.879442, -79770.015625, 0.349325925926
LYS, 8, 25.850, 0.818222, -79891.968750, 0.242707407407
MET, 8, 26.981, 0.831136, -79852.906250, 0.221622222222
PHE, 2, 26.410, 0.816858, -80503.125000, 0.339081481481
PRO, 8, 25.981, 0.819377, -80314.132812, 0.268974074074
SER, 2, 26.641, 0.828029, -81055.546875, 0.234703703704
THR, 4, 27.359, 0.88163, -79946.312500, 0.375159259259
TRP, 2, 27.603, 0.836443, -79648.585938, 0.314955555556
TYR, 9, 26.598, 0.830901, -79824.375000, 0.270355555556
VAL, 4, 27.560, 0.877506, -80810.421875, 0.221659259259
