AMINO ACID, DSSP, SASA, GYRATE, ENERGY, RMSF
ALA, 6, 25.909, 0.835203, -79696.312500, 0.251659259259
ARG, 12, 28.065, 0.830704, -80844.125000, 0.298462962963
ASN, 8, 28.196, 0.836262, -80543.523438, 0.210481481481
ASP, 10, 25.856, 0.805022, -79530.140625, 0.207903703704
CYS, 10, 27.187, 0.868722, -79950.531250, 0.307162962963
GLN, 14, 25.153, 0.80273, -79921.679688, 0.290562962963
GLU, 8, 27.490, 0.851403, -80493.804688, 0.207940740741
GLY, 6, 27.425, 0.831794, -79428.945312, 0.230159259259
HIS, 10, 27.430, 0.830918, -80918.906250, 0.336788888889
ILE, 4, 27.465, 0.841977, -79283.046875, 0.278788888889
LEU, 10, 26.332, 0.809399, -79840.093750, 0.349325925926
LYS, 14, 25.778, 0.808897, -81271.281250, 0.242707407407
MET, 11, 27.581, 0.844235, -79379.804688, 0.221622222222
PHE, 6, 27.726, 0.822184, -80450.867188, 0.339081481481
PRO, 9, 27.843, 0.867986, -80810.484375, 0.268974074074
SER, 4, 25.611, 0.82169, -80502.835938, 0.234703703704
THR, 6, 26.530, 0.817882, -80194.390625, 0.375159259259
TRP, 8, 27.591, 0.849332, -79809.359375, 0.314955555556
TYR, 8, 27.599, 0.830283, -80788.000000, 0.270355555556
VAL, 8, 26.196, 0.820719, -80183.687500, 0.221659259259
