AMINO ACID, DSSP, SASA, GYRATE, ENERGY, RMSF
ALA, 6, 26.653, 0.827536, -80220.515625, 0.251659259259
ARG, 4, 25.280, 0.825752, -79696.539062, 0.298462962963
ASN, 14, 26.451, 0.825042, -81123.000000, 0.210481481481
ASP, 10, 26.550, 0.813316, -80265.328125, 0.207903703704
CYS, 8, 25.539, 0.797701, -80740.460938, 0.307162962963
GLN, 6, 30.495, 0.903444, -81064.484375, 0.290562962963
GLU, 4, 27.653, 0.836365, -79276.906250, 0.207940740741
GLY, 10, 25.316, 0.803451, -80435.367188, 0.230159259259
HIS, 6, 27.113, 0.821216, -79771.703125, 0.336788888889
ILE, 6, 27.219, 0.810702, -81223.453125, 0.278788888889
LEU, 9, 27.191, 0.859557, -81265.500000, 0.349325925926
LYS, 6, 26.802, 0.813824, -80455.437500, 0.242707407407
MET, 8, 27.577, 0.83718, -80837.875000, 0.221622222222
PHE, 2, 25.169, 0.806956, -80166.710938, 0.339081481481
PRO, 11, 25.484, 0.817676, -79910.562500, 0.268974074074
SER, 2, 26.610, 0.825415, -80917.132812, 0.234703703704
THR, 4, 26.354, 0.851212, -80240.648438, 0.375159259259
TRP, 2, 28.172, 0.840639, -79526.179688, 0.314955555556
TYR, 7, 26.587, 0.813162, -80609.593750, 0.270355555556
VAL, 2, 27.578, 0.864822, -80085.960938, 0.221659259259
