AMINO ACID, DSSP, SASA, GYRATE, ENERGY, RMSF
ALA, 6, 25.946, 0.82268, -80463.132812, 0.251659259259
ARG, 4, 25.363, 0.830148, -80682.359375, 0.298462962963
ASN, 10, 26.563, 0.815475, -80699.250000, 0.210481481481
ASP, 10, 26.099, 0.814854, -80489.640625, 0.207903703704
CYS, 7, 27.017, 0.803209, -79894.843750, 0.307162962963
GLN, 6, 31.026, 0.907231, -79894.812500, 0.290562962963
GLU, 8, 27.703, 0.826789, -80626.664062, 0.207940740741
GLY, 9, 25.397, 0.795898, -79690.671875, 0.230159259259
HIS, 6, 25.831, 0.834709, -80522.679688, 0.336788888889
ILE, 6, 25.738, 0.810474, -80282.890625, 0.278788888889
LEU, 4, 29.750, 0.883002, -79482.343750, 0.349325925926
LYS, 8, 27.627, 0.820955, -80596.664062, 0.242707407407
MET, 10, 27.263, 0.840425, -80729.500000, 0.221622222222
PHE, 5, 25.102, 0.810045, -80484.015625, 0.339081481481
PRO, 11, 25.581, 0.820235, -79636.625000, 0.268974074074
SER, 4, 27.459, 0.834659, -80421.054688, 0.234703703704
THR, 6, 27.757, 0.86881, -80249.890625, 0.375159259259
TRP, 2, 28.647, 0.846775, -79617.992188, 0.314955555556
TYR, 5, 26.464, 0.819248, -80577.531250, 0.270355555556
VAL, 6, 25.914, 0.854085, -80843.859375, 0.221659259259
