AMINO ACID, DSSP, SASA, GYRATE, ENERGY, RMSF
ALA, 6, 28.719, 0.855703, -80080.125000, 0.251659259259
ARG, 2, 29.087, 0.856297, -80880.023438, 0.298462962963
ASN, 10, 28.939, 0.836504, -79919.968750, 0.210481481481
ASP, 6, 26.624, 0.823446, -81272.976562, 0.207903703704
CYS, 6, 28.521, 0.885407, -80170.335938, 0.307162962963
GLN, 4, 27.071, 0.819416, -79649.257812, 0.290562962963
GLU, 2, 27.035, 0.832718, -80344.984375, 0.207940740741
GLY, 10, 26.112, 0.843343, -80814.195312, 0.230159259259
HIS, 11, 26.345, 0.842568, -80267.343750, 0.336788888889
ILE, 8, 27.055, 0.816627, -80401.625000, 0.278788888889
LEU, 4, 26.150, 0.813259, -80303.304688, 0.349325925926
LYS, 9, 27.812, 0.844162, -80650.187500, 0.242707407407
MET, 2, 27.543, 0.826885, -80945.500000, 0.221622222222
PHE, 9, 24.714, 0.810622, -80111.015625, 0.339081481481
PRO, 6, 25.334, 0.834647, -80901.257812, 0.268974074074
SER, 10, 24.892, 0.806592, -80914.367188, 0.234703703704
THR, 8, 27.544, 0.82055, -80489.250000, 0.375159259259
TRP, 6, 27.794, 0.842795, -81046.406250, 0.314955555556
TYR, 5, 28.300, 0.882048, -79429.835938, 0.270355555556
VAL, 10, 23.888, 0.807955, -80251.437500, 0.221659259259
