AMINO ACID, DSSP, SASA, GYRATE, ENERGY, RMSF
ALA, 6, 26.174, 0.814817, -80169.023438, 0.251659259259
ARG, 6, 25.930, 0.829772, -80445.937500, 0.298462962963
ASN, 14, 27.079, 0.81429, -79898.265625, 0.210481481481
ASP, 12, 24.464, 0.806159, -80397.250000, 0.207903703704
CYS, 7, 26.820, 0.807648, -81422.851562, 0.307162962963
GLN, 10, 30.706, 0.907271, -80404.093750, 0.290562962963
GLU, 4, 25.241, 0.807648, -79458.343750, 0.207940740741
GLY, 7, 24.028, 0.805482, -80318.828125, 0.230159259259
HIS, 6, 28.120, 0.845153, -80787.953125, 0.336788888889
ILE, 4, 26.361, 0.816069, -80621.843750, 0.278788888889
LEU, 7, 28.924, 0.862443, -80841.171875, 0.349325925926
LYS, 8, 26.407, 0.813507, -80552.937500, 0.242707407407
MET, 10, 27.001, 0.847266, -80812.867188, 0.221622222222
PHE, 7, 26.221, 0.812912, -79753.601562, 0.339081481481
PRO, 10, 26.180, 0.821054, -80383.078125, 0.268974074074
SER, 2, 26.058, 0.829846, -80216.882812, 0.234703703704
THR, 4, 27.203, 0.870657, -79176.968750, 0.375159259259
TRP, 2, 27.309, 0.835786, -80001.562500, 0.314955555556
TYR, 7, 26.868, 0.827569, -79456.468750, 0.270355555556
VAL, 0, 28.664, 0.865154, -80266.398438, 0.221659259259
