AMINO ACID, DSSP, SASA, GYRATE, ENERGY, RMSF
ALA, 4, 24.315, 0.810415, -80103.992188, 0.251659259259
ARG, 6, 28.595, 0.851236, -80735.578125, 0.298462962963
ASN, 12, 27.230, 0.813998, -80994.460938, 0.210481481481
ASP, 8, 26.321, 0.809942, -80060.882812, 0.207903703704
CYS, 5, 27.661, 0.819981, -80080.031250, 0.307162962963
GLN, 8, 30.016, 0.904962, -80229.140625, 0.290562962963
GLU, 4, 25.952, 0.818891, -80412.359375, 0.207940740741
GLY, 8, 25.450, 0.817871, -80772.781250, 0.230159259259
HIS, 10, 27.365, 0.854358, -79949.367188, 0.336788888889
ILE, 7, 24.173, 0.811911, -80615.546875, 0.278788888889
LEU, 6, 28.937, 0.884769, -80605.773438, 0.349325925926
LYS, 12, 27.207, 0.829297, -81518.015625, 0.242707407407
MET, 10, 26.927, 0.831451, -79252.328125, 0.221622222222
PHE, 0, 26.126, 0.80263, -79873.671875, 0.339081481481
PRO, 14, 24.648, 0.817252, -79244.359375, 0.268974074074
SER, 4, 25.373, 0.805481, -79749.671875, 0.234703703704
THR, 2, 29.414, 0.90832, -80428.906250, 0.375159259259
TRP, 2, 27.789, 0.846044, -79577.718750, 0.314955555556
TYR, 9, 25.916, 0.804541, -80509.765625, 0.270355555556
VAL, 2, 26.077, 0.838557, -80394.679688, 0.221659259259
