AMINO ACID, DSSP, SASA, GYRATE, ENERGY, RMSF
ALA, 4, 25.350, 0.806291, -80389.960938, 0.251659259259
ARG, 6, 29.793, 0.875732, -81106.562500, 0.298462962963
ASN, 14, 25.954, 0.807346, -80163.281250, 0.210481481481
ASP, 8, 25.432, 0.798965, -80840.757812, 0.207903703704
CYS, 6, 27.580, 0.820006, -79982.531250, 0.307162962963
GLN, 8, 30.099, 0.909942, -80725.031250, 0.290562962963
GLU, 6, 25.969, 0.817201, -79098.445312, 0.207940740741
GLY, 7, 25.468, 0.813252, -80373.554688, 0.230159259259
HIS, 10, 28.996, 0.864874, -79595.382812, 0.336788888889
ILE, 10, 24.757, 0.809904, -79952.578125, 0.278788888889
LEU, 4, 28.576, 0.879441, -80288.898438, 0.349325925926
LYS, 6, 25.645, 0.822579, -80572.625000, 0.242707407407
MET, 8, 27.259, 0.831253, -79863.171875, 0.221622222222
PHE, 4, 26.446, 0.814843, -80505.523438, 0.339081481481
PRO, 11, 24.583, 0.814429, -79718.289062, 0.268974074074
SER, 2, 25.839, 0.815174, -80063.664062, 0.234703703704
THR, 4, 28.831, 0.887196, -79670.992188, 0.375159259259
TRP, 2, 28.949, 0.854247, -80250.609375, 0.314955555556
TYR, 9, 25.217, 0.810324, -80067.156250, 0.270355555556
VAL, 0, 26.456, 0.840699, -79489.828125, 0.221659259259
