AMINO ACID, DSSP, SASA, GYRATE, ENERGY, RMSF
ALA, 4, 25.485, 0.826598, -80752.460938, 0.251659259259
ARG, 6, 28.079, 0.856888, -80577.718750, 0.298462962963
ASN, 14, 27.117, 0.80345, -80921.242188, 0.210481481481
ASP, 10, 25.727, 0.814172, -80413.375000, 0.207903703704
CYS, 9, 27.722, 0.831038, -79935.359375, 0.307162962963
GLN, 10, 29.462, 0.907706, -79560.625000, 0.290562962963
GLU, 11, 26.305, 0.82284, -80014.289062, 0.207940740741
GLY, 8, 26.461, 0.828135, -79981.265625, 0.230159259259
HIS, 6, 27.328, 0.844276, -79560.609375, 0.336788888889
ILE, 10, 25.593, 0.820572, -80090.445312, 0.278788888889
LEU, 7, 29.220, 0.871378, -79115.125000, 0.349325925926
LYS, 7, 27.580, 0.832081, -80939.265625, 0.242707407407
MET, 10, 25.564, 0.82642, -80530.031250, 0.221622222222
PHE, 0, 26.173, 0.818239, -80026.125000, 0.339081481481
PRO, 11, 24.827, 0.819913, -80504.789062, 0.268974074074
SER, 2, 24.636, 0.811742, -81138.984375, 0.234703703704
THR, 2, 28.529, 0.9078, -80389.710938, 0.375159259259
TRP, 0, 28.633, 0.850948, -79848.375000, 0.314955555556
TYR, 9, 25.875, 0.809811, -80095.546875, 0.270355555556
VAL, 0, 25.917, 0.820035, -80481.570312, 0.221659259259
