AMINO ACID, DSSP, SASA, GYRATE, ENERGY, RMSF
ALA, 6, 25.495, 0.811811, -79010.484375, 0.251659259259
ARG, 8, 26.533, 0.851864, -81861.210938, 0.298462962963
ASN, 10, 27.631, 0.820457, -81144.164062, 0.210481481481
ASP, 2, 25.685, 0.810443, -79921.406250, 0.207903703704
CYS, 7, 27.946, 0.853663, -80692.109375, 0.307162962963
GLN, 6, 29.748, 0.901905, -80157.750000, 0.290562962963
GLU, 11, 25.963, 0.808286, -81404.632812, 0.207940740741
GLY, 7, 25.646, 0.820007, -81089.781250, 0.230159259259
HIS, 8, 29.349, 0.859145, -80015.578125, 0.336788888889
ILE, 7, 27.835, 0.830665, -79688.828125, 0.278788888889
LEU, 2, 27.176, 0.873872, -80124.742188, 0.349325925926
LYS, 6, 27.186, 0.828528, -80504.062500, 0.242707407407
MET, 10, 25.025, 0.820266, -79996.500000, 0.221622222222
PHE, 2, 25.272, 0.814343, -79397.148438, 0.339081481481
PRO, 12, 24.270, 0.814229, -80448.859375, 0.268974074074
SER, 4, 25.954, 0.824096, -81085.164062, 0.234703703704
THR, 2, 28.363, 0.885394, -79932.695312, 0.375159259259
TRP, 2, 28.324, 0.858586, -79271.234375, 0.314955555556
TYR, 9, 27.444, 0.8152, -78628.351562, 0.270355555556
VAL, 0, 29.525, 0.861761, -80056.343750, 0.221659259259
