AMINO ACID, DSSP, SASA, GYRATE, ENERGY, RMSF
ALA, 4, 24.631, 0.811053, -79721.640625, 0.251659259259
ARG, 8, 25.901, 0.847362, -81359.562500, 0.298462962963
ASN, 10, 25.694, 0.80424, -80899.031250, 0.210481481481
ASP, 8, 25.566, 0.809303, -79090.859375, 0.207903703704
CYS, 7, 27.295, 0.82773, -80869.953125, 0.307162962963
GLN, 8, 29.384, 0.910398, -80155.468750, 0.290562962963
GLU, 11, 26.426, 0.81798, -79878.515625, 0.207940740741
GLY, 9, 25.229, 0.809165, -79588.218750, 0.230159259259
HIS, 8, 27.435, 0.839528, -80075.867188, 0.336788888889
ILE, 10, 27.031, 0.827235, -79236.703125, 0.278788888889
LEU, 4, 28.715, 0.875905, -80543.781250, 0.349325925926
LYS, 8, 27.772, 0.830114, -81018.937500, 0.242707407407
MET, 10, 27.265, 0.831364, -79780.421875, 0.221622222222
PHE, 7, 25.071, 0.818037, -79943.601562, 0.339081481481
PRO, 10, 24.136, 0.834109, -79744.953125, 0.268974074074
SER, 2, 25.549, 0.831768, -80196.453125, 0.234703703704
THR, 4, 29.176, 0.897495, -80548.796875, 0.375159259259
TRP, 2, 27.948, 0.853421, -80326.843750, 0.314955555556
TYR, 8, 26.497, 0.815486, -80786.570312, 0.270355555556
VAL, 2, 28.515, 0.875338, -80380.164062, 0.221659259259
