AMINO ACID, DSSP, SASA, GYRATE, ENERGY, RMSF
ALA, 4, 24.186, 0.804653, -80853.062500, 0.251659259259
ARG, 10, 26.242, 0.838837, -81923.062500, 0.298462962963
ASN, 14, 25.660, 0.805699, -81010.773438, 0.210481481481
ASP, 4, 23.949, 0.825806, -79712.234375, 0.207903703704
CYS, 5, 27.756, 0.846694, -79987.765625, 0.307162962963
GLN, 6, 29.263, 0.894495, -79953.054688, 0.290562962963
GLU, 4, 25.666, 0.822498, -80557.445312, 0.207940740741
GLY, 8, 26.837, 0.816109, -80612.953125, 0.230159259259
HIS, 10, 27.650, 0.840147, -81269.187500, 0.336788888889
ILE, 7, 26.082, 0.808307, -79617.375000, 0.278788888889
LEU, 11, 27.298, 0.86385, -79629.414062, 0.349325925926
LYS, 12, 27.015, 0.819519, -80128.875000, 0.242707407407
MET, 8, 27.077, 0.847199, -79300.812500, 0.221622222222
PHE, 9, 25.162, 0.815424, -79834.656250, 0.339081481481
PRO, 9, 26.256, 0.814228, -80311.281250, 0.268974074074
SER, 4, 25.742, 0.8259, -80138.750000, 0.234703703704
THR, 6, 28.442, 0.903253, -80352.562500, 0.375159259259
TRP, 2, 27.889, 0.843635, -80359.289062, 0.314955555556
TYR, 7, 25.918, 0.813741, -79458.054688, 0.270355555556
VAL, 2, 28.379, 0.868128, -80023.773438, 0.221659259259
