AMINO ACID, DSSP, SASA, GYRATE, ENERGY, RMSF
ALA, 4, 24.200, 0.796401, -79759.796875, 0.251659259259
ARG, 10, 26.958, 0.847917, -81313.054688, 0.298462962963
ASN, 14, 25.880, 0.819593, -80472.585938, 0.210481481481
ASP, 11, 24.438, 0.816531, -80898.328125, 0.207903703704
CYS, 3, 27.487, 0.845666, -79304.257812, 0.307162962963
GLN, 6, 29.784, 0.898754, -80171.906250, 0.290562962963
GLU, 2, 27.242, 0.820573, -79962.156250, 0.207940740741
GLY, 7, 25.155, 0.812743, -79952.640625, 0.230159259259
HIS, 10, 26.448, 0.832269, -80704.562500, 0.336788888889
ILE, 4, 26.594, 0.820343, -80078.796875, 0.278788888889
LEU, 11, 27.827, 0.860201, -80622.148438, 0.349325925926
LYS, 10, 27.134, 0.818056, -80055.750000, 0.242707407407
MET, 8, 25.963, 0.820983, -79132.609375, 0.221622222222
PHE, 5, 24.658, 0.814, -79942.765625, 0.339081481481
PRO, 9, 24.410, 0.809473, -81246.835938, 0.268974074074
SER, 4, 25.860, 0.826774, -80834.078125, 0.234703703704
THR, 4, 27.022, 0.890702, -80793.609375, 0.375159259259
TRP, 0, 28.682, 0.841135, -80503.750000, 0.314955555556
TYR, 9, 25.719, 0.807922, -80219.242188, 0.270355555556
VAL, 4, 28.280, 0.869588, -79838.937500, 0.221659259259
