AMINO ACID, DSSP, SASA, GYRATE, ENERGY, RMSF
ALA, 4, 27.460, 0.813333, -80313.265625, 0.251659259259
ARG, 10, 25.941, 0.836666, -80993.437500, 0.298462962963
ASN, 14, 26.038, 0.822724, -80923.820312, 0.210481481481
ASP, 8, 25.784, 0.806218, -80196.804688, 0.207903703704
CYS, 6, 27.103, 0.825468, -80490.320312, 0.307162962963
GLN, 4, 29.705, 0.890453, -80144.140625, 0.290562962963
GLU, 2, 27.471, 0.828295, -79739.710938, 0.207940740741
GLY, 8, 26.045, 0.819863, -80233.281250, 0.230159259259
HIS, 8, 28.672, 0.840924, -80417.984375, 0.336788888889
ILE, 4, 25.822, 0.818061, -80546.257812, 0.278788888889
LEU, 6, 27.105, 0.870146, -80881.328125, 0.349325925926
LYS, 8, 26.862, 0.816826, -81309.226562, 0.242707407407
MET, 8, 25.544, 0.832775, -79330.218750, 0.221622222222
PHE, 2, 25.279, 0.820311, -79602.593750, 0.339081481481
PRO, 10, 26.161, 0.819782, -80704.351562, 0.268974074074
SER, 2, 26.013, 0.822914, -80763.265625, 0.234703703704
THR, 6, 27.621, 0.890153, -81006.562500, 0.375159259259
TRP, 0, 26.404, 0.8271, -80685.250000, 0.314955555556
TYR, 10, 26.404, 0.821473, -80235.617188, 0.270355555556
VAL, 0, 28.795, 0.887497, -80372.515625, 0.221659259259
