AMINO ACID, DSSP, SASA, GYRATE, ENERGY, RMSF
ALA, 4, 28.000, 0.821297, -80742.656250, 0.251659259259
ARG, 10, 25.215, 0.825851, -80662.859375, 0.298462962963
ASN, 14, 25.293, 0.819133, -79654.062500, 0.210481481481
ASP, 6, 24.455, 0.798626, -80120.539062, 0.207903703704
CYS, 6, 28.096, 0.83117, -81055.890625, 0.307162962963
GLN, 8, 29.296, 0.895807, -80047.968750, 0.290562962963
GLU, 6, 27.471, 0.842917, -79331.085938, 0.207940740741
GLY, 7, 25.601, 0.818504, -80465.359375, 0.230159259259
HIS, 8, 27.042, 0.841492, -79383.945312, 0.336788888889
ILE, 10, 26.110, 0.8165, -80864.921875, 0.278788888889
LEU, 11, 27.161, 0.862382, -79680.968750, 0.349325925926
LYS, 8, 26.382, 0.813107, -80439.796875, 0.242707407407
MET, 10, 26.094, 0.834294, -79888.226562, 0.221622222222
PHE, 7, 25.043, 0.815679, -80356.031250, 0.339081481481
PRO, 10, 25.113, 0.808825, -80405.328125, 0.268974074074
SER, 2, 26.090, 0.822883, -80071.929688, 0.234703703704
THR, 4, 27.104, 0.885369, -81383.000000, 0.375159259259
TRP, 0, 25.640, 0.824177, -79724.765625, 0.314955555556
TYR, 10, 25.562, 0.807759, -80180.531250, 0.270355555556
VAL, 0, 29.382, 0.886679, -79617.046875, 0.221659259259
