AMINO ACID, DSSP, SASA, GYRATE, ENERGY, RMSF
ALA, 4, 26.468, 0.827201, -80255.492188, 0.251659259259
ARG, 8, 26.827, 0.835521, -81489.132812, 0.298462962963
ASN, 14, 25.182, 0.814436, -81052.632812, 0.210481481481
ASP, 6, 26.353, 0.824265, -80206.531250, 0.207903703704
CYS, 5, 26.679, 0.845971, -79872.539062, 0.307162962963
GLN, 6, 31.034, 0.90868, -80135.554688, 0.290562962963
GLU, 4, 26.894, 0.838178, -80124.468750, 0.207940740741
GLY, 9, 25.405, 0.81941, -80370.312500, 0.230159259259
HIS, 8, 28.387, 0.856164, -80300.414062, 0.336788888889
ILE, 10, 25.671, 0.81414, -80361.484375, 0.278788888889
LEU, 9, 26.438, 0.85373, -80853.867188, 0.349325925926
LYS, 6, 26.251, 0.821913, -80995.765625, 0.242707407407
MET, 5, 27.087, 0.831233, -79885.898438, 0.221622222222
PHE, 2, 25.547, 0.819861, -79600.859375, 0.339081481481
PRO, 7, 27.684, 0.834581, -80116.000000, 0.268974074074
SER, 4, 25.114, 0.827475, -80656.960938, 0.234703703704
THR, 6, 27.747, 0.87864, -80208.515625, 0.375159259259
TRP, 0, 27.980, 0.843649, -79710.203125, 0.314955555556
TYR, 11, 25.274, 0.810235, -80526.828125, 0.270355555556
VAL, 0, 29.143, 0.879554, -80384.062500, 0.221659259259
