AMINO ACID, DSSP, SASA, GYRATE, ENERGY, RMSF
ALA, 6, 25.969, 0.825646, -79621.085938, 0.251659259259
ARG, 10, 25.968, 0.832953, -80625.687500, 0.298462962963
ASN, 10, 25.290, 0.813639, -80816.695312, 0.210481481481
ASP, 6, 26.472, 0.827166, -79956.531250, 0.207903703704
CYS, 5, 26.813, 0.846448, -79294.101562, 0.307162962963
GLN, 8, 29.156, 0.90153, -80118.921875, 0.290562962963
GLU, 6, 26.607, 0.825464, -80424.968750, 0.207940740741
GLY, 9, 23.512, 0.783343, -80806.234375, 0.230159259259
HIS, 4, 27.163, 0.84208, -80463.164062, 0.336788888889
ILE, 9, 26.570, 0.810225, -79470.039062, 0.278788888889
LEU, 4, 28.633, 0.860305, -80816.093750, 0.349325925926
LYS, 6, 27.114, 0.816136, -79956.609375, 0.242707407407
MET, 8, 27.100, 0.84607, -79899.000000, 0.221622222222
PHE, 9, 24.286, 0.8262, -79203.226562, 0.339081481481
PRO, 8, 25.907, 0.836553, -80113.640625, 0.268974074074
SER, 2, 24.452, 0.811189, -79803.062500, 0.234703703704
THR, 6, 27.139, 0.888581, -80151.421875, 0.375159259259
TRP, 0, 28.504, 0.839684, -80429.578125, 0.314955555556
TYR, 9, 27.877, 0.8215, -80172.820312, 0.270355555556
VAL, 0, 26.230, 0.825065, -79541.054688, 0.221659259259
