AMINO ACID, DSSP, SASA, GYRATE, ENERGY, RMSF
ALA, 6, 27.302, 0.826066, -80026.132812, 0.251659259259
ARG, 8, 25.235, 0.82098, -80514.898438, 0.298462962963
ASN, 13, 26.097, 0.814795, -80325.687500, 0.210481481481
ASP, 4, 27.912, 0.826828, -80678.265625, 0.207903703704
CYS, 4, 27.119, 0.845998, -79614.093750, 0.307162962963
GLN, 10, 28.519, 0.894711, -80558.718750, 0.290562962963
GLU, 6, 27.041, 0.828977, -80302.046875, 0.207940740741
GLY, 9, 24.081, 0.792032, -80658.328125, 0.230159259259
HIS, 6, 27.609, 0.834392, -79407.109375, 0.336788888889
ILE, 10, 24.826, 0.803618, -80468.234375, 0.278788888889
LEU, 11, 28.304, 0.851232, -79744.859375, 0.349325925926
LYS, 9, 27.826, 0.806946, -80834.250000, 0.242707407407
MET, 8, 26.184, 0.828282, -79497.062500, 0.221622222222
PHE, 10, 25.859, 0.827572, -80175.562500, 0.339081481481
PRO, 9, 25.727, 0.844948, -79872.734375, 0.268974074074
SER, 4, 25.555, 0.819872, -79059.125000, 0.234703703704
THR, 6, 27.442, 0.897898, -79747.031250, 0.375159259259
TRP, 0, 25.977, 0.831716, -79871.492188, 0.314955555556
TYR, 9, 27.179, 0.823567, -79953.445312, 0.270355555556
VAL, 0, 26.043, 0.83767, -79786.937500, 0.221659259259
