AMINO ACID, DSSP, SASA, GYRATE, ENERGY, RMSF
ALA, 6, 27.214, 0.852332, -80845.851562, 0.251659259259
ARG, 10, 26.031, 0.826905, -81363.187500, 0.298462962963
ASN, 12, 25.986, 0.828806, -79570.250000, 0.210481481481
ASP, 6, 27.158, 0.830718, -80570.382812, 0.207903703704
CYS, 3, 28.405, 0.868003, -79593.453125, 0.307162962963
GLN, 6, 29.289, 0.895777, -80737.953125, 0.290562962963
GLU, 6, 25.664, 0.810164, -80731.460938, 0.207940740741
GLY, 7, 24.716, 0.804867, -80695.328125, 0.230159259259
HIS, 4, 27.599, 0.84639, -80164.734375, 0.336788888889
ILE, 5, 24.155, 0.812445, -80111.937500, 0.278788888889
LEU, 6, 27.411, 0.860264, -79649.406250, 0.349325925926
LYS, 8, 26.310, 0.821708, -80779.250000, 0.242707407407
MET, 8, 26.526, 0.839691, -80092.968750, 0.221622222222
PHE, 7, 24.767, 0.814813, -79749.765625, 0.339081481481
PRO, 13, 26.100, 0.832973, -78603.281250, 0.268974074074
SER, 2, 26.140, 0.817685, -80245.523438, 0.234703703704
THR, 6, 26.950, 0.894567, -80789.304688, 0.375159259259
TRP, 0, 27.107, 0.84093, -80049.679688, 0.314955555556
TYR, 9, 26.803, 0.832141, -80481.562500, 0.270355555556
VAL, 2, 28.740, 0.844588, -80569.726562, 0.221659259259
