AMINO ACID, DSSP, SASA, GYRATE, ENERGY, RMSF
ALA, 4, 26.210, 0.835217, -79593.734375, 0.251659259259
ARG, 10, 25.913, 0.847468, -80178.140625, 0.298462962963
ASN, 12, 25.455, 0.838932, -79759.664062, 0.210481481481
ASP, 11, 27.128, 0.818346, -79353.976562, 0.207903703704
CYS, 3, 28.755, 0.88633, -79957.679688, 0.307162962963
GLN, 6, 27.685, 0.88882, -80501.500000, 0.290562962963
GLU, 4, 25.834, 0.815839, -80456.343750, 0.207940740741
GLY, 7, 25.973, 0.797415, -80222.093750, 0.230159259259
HIS, 6, 28.083, 0.843676, -79805.218750, 0.336788888889
ILE, 5, 25.748, 0.805573, -80810.789062, 0.278788888889
LEU, 6, 29.311, 0.870912, -80103.796875, 0.349325925926
LYS, 4, 27.005, 0.817966, -80500.890625, 0.242707407407
MET, 8, 27.476, 0.833289, -79994.531250, 0.221622222222
PHE, 7, 24.921, 0.814687, -79846.718750, 0.339081481481
PRO, 11, 26.370, 0.830658, -80335.695312, 0.268974074074
SER, 4, 25.308, 0.810148, -81489.546875, 0.234703703704
THR, 6, 27.464, 0.901447, -81378.710938, 0.375159259259
TRP, 0, 27.893, 0.855769, -79359.734375, 0.314955555556
TYR, 9, 25.708, 0.820304, -79894.859375, 0.270355555556
VAL, 0, 28.704, 0.862235, -79904.312500, 0.221659259259
