AMINO ACID, DSSP, SASA, GYRATE, ENERGY, RMSF
ALA, 4, 25.971, 0.81307, -80053.453125, 0.251659259259
ARG, 10, 26.634, 0.836949, -80159.015625, 0.298462962963
ASN, 10, 26.301, 0.836534, -80455.398438, 0.210481481481
ASP, 11, 27.521, 0.824253, -80395.078125, 0.207903703704
CYS, 5, 29.559, 0.882293, -80821.281250, 0.307162962963
GLN, 6, 27.845, 0.89033, -79827.828125, 0.290562962963
GLU, 6, 25.105, 0.835712, -80500.921875, 0.207940740741
GLY, 5, 26.612, 0.813932, -79745.835938, 0.230159259259
HIS, 6, 27.574, 0.871673, -80199.203125, 0.336788888889
ILE, 10, 25.110, 0.794769, -80384.414062, 0.278788888889
LEU, 6, 30.175, 0.884011, -80889.445312, 0.349325925926
LYS, 10, 26.616, 0.808547, -81184.453125, 0.242707407407
MET, 10, 25.245, 0.829164, -80776.046875, 0.221622222222
PHE, 6, 25.266, 0.831567, -80168.906250, 0.339081481481
PRO, 11, 25.964, 0.831991, -80470.500000, 0.268974074074
SER, 2, 25.550, 0.822786, -80557.351562, 0.234703703704
THR, 6, 26.800, 0.887108, -79478.414062, 0.375159259259
TRP, 0, 28.137, 0.861507, -80671.921875, 0.314955555556
TYR, 7, 28.324, 0.829915, -79286.593750, 0.270355555556
VAL, 2, 27.695, 0.84802, -80350.296875, 0.221659259259
