AMINO ACID, DSSP, SASA, GYRATE, ENERGY, RMSF
ALA, 4, 25.626, 0.815556, -80214.968750, 0.251659259259
ARG, 10, 27.851, 0.840042, -80261.734375, 0.298462962963
ASN, 4, 25.701, 0.838601, -80093.601562, 0.210481481481
ASP, 11, 25.838, 0.811264, -81087.765625, 0.207903703704
CYS, 8, 28.860, 0.854344, -80169.406250, 0.307162962963
GLN, 8, 29.171, 0.915791, -79510.703125, 0.290562962963
GLU, 9, 26.123, 0.819958, -81096.867188, 0.207940740741
GLY, 10, 25.548, 0.791409, -79797.703125, 0.230159259259
HIS, 4, 26.258, 0.84632, -80366.328125, 0.336788888889
ILE, 10, 24.811, 0.797799, -79965.507812, 0.278788888889
LEU, 6, 26.493, 0.838316, -79419.703125, 0.349325925926
LYS, 6, 25.382, 0.812065, -80705.953125, 0.242707407407
MET, 8, 25.413, 0.838859, -80861.148438, 0.221622222222
PHE, 9, 24.543, 0.837556, -79725.617188, 0.339081481481
PRO, 2, 27.487, 0.841114, -80523.609375, 0.268974074074
SER, 4, 24.585, 0.820203, -80848.382812, 0.234703703704
THR, 8, 27.665, 0.883389, -79981.046875, 0.375159259259
TRP, 0, 25.252, 0.840027, -79478.640625, 0.314955555556
TYR, 11, 26.674, 0.831765, -81315.226562, 0.270355555556
VAL, 4, 28.583, 0.861438, -79621.296875, 0.221659259259
