AMINO ACID, DSSP, SASA, GYRATE, ENERGY, RMSF
ALA, 4, 26.603, 0.820385, -79843.515625, 0.251659259259
ARG, 10, 28.022, 0.849374, -80501.851562, 0.298462962963
ASN, 8, 25.580, 0.819961, -80122.031250, 0.210481481481
ASP, 11, 25.386, 0.821178, -79739.578125, 0.207903703704
CYS, 8, 28.208, 0.862218, -79805.742188, 0.307162962963
GLN, 8, 28.491, 0.913982, -81088.218750, 0.290562962963
GLU, 9, 26.033, 0.816482, -80054.703125, 0.207940740741
GLY, 9, 23.898, 0.79023, -80442.476562, 0.230159259259
HIS, 4, 27.090, 0.85157, -79448.851562, 0.336788888889
ILE, 10, 25.427, 0.797737, -80569.062500, 0.278788888889
LEU, 9, 26.879, 0.858988, -79972.156250, 0.349325925926
LYS, 12, 25.822, 0.803352, -80637.718750, 0.242707407407
MET, 8, 27.145, 0.829193, -79737.296875, 0.221622222222
PHE, 6, 24.938, 0.831054, -80654.000000, 0.339081481481
PRO, 5, 26.690, 0.831903, -80335.648438, 0.268974074074
SER, 4, 25.258, 0.805827, -80525.023438, 0.234703703704
THR, 6, 27.145, 0.884456, -80181.750000, 0.375159259259
TRP, 0, 26.309, 0.830561, -80422.015625, 0.314955555556
TYR, 11, 28.275, 0.82602, -80155.023438, 0.270355555556
VAL, 2, 29.511, 0.86132, -79586.203125, 0.221659259259
