AMINO ACID, DSSP, SASA, GYRATE, ENERGY, RMSF
ALA, 4, 26.383, 0.825253, -80677.664062, 0.251659259259
ARG, 10, 25.333, 0.828923, -80554.921875, 0.298462962963
ASN, 10, 25.293, 0.814667, -80250.921875, 0.210481481481
ASP, 10, 25.026, 0.821681, -79290.695312, 0.207903703704
CYS, 9, 27.931, 0.877024, -80384.914062, 0.307162962963
GLN, 6, 30.216, 0.918998, -81387.593750, 0.290562962963
GLU, 9, 25.673, 0.818648, -80329.921875, 0.207940740741
GLY, 7, 24.408, 0.792428, -80874.703125, 0.230159259259
HIS, 4, 26.152, 0.844037, -81883.976562, 0.336788888889
ILE, 10, 24.302, 0.802374, -79377.640625, 0.278788888889
LEU, 4, 26.126, 0.8587, -79812.195312, 0.349325925926
LYS, 10, 25.854, 0.813959, -79997.960938, 0.242707407407
MET, 8, 24.865, 0.81996, -80166.031250, 0.221622222222
PHE, 9, 24.600, 0.828086, -79799.523438, 0.339081481481
PRO, 9, 26.820, 0.831721, -79894.578125, 0.268974074074
SER, 4, 25.079, 0.805469, -80566.031250, 0.234703703704
THR, 4, 26.943, 0.892878, -80817.500000, 0.375159259259
TRP, 0, 26.245, 0.84371, -79080.703125, 0.314955555556
TYR, 7, 28.850, 0.831927, -80595.960938, 0.270355555556
VAL, 0, 28.071, 0.850166, -80079.671875, 0.221659259259
