AMINO ACID, DSSP, SASA, GYRATE, ENERGY, RMSF
ALA, 4, 28.448, 0.828492, -79690.593750, 0.251659259259
ARG, 8, 25.961, 0.828047, -80391.203125, 0.298462962963
ASN, 13, 26.971, 0.82668, -80318.695312, 0.210481481481
ASP, 6, 25.082, 0.813512, -80517.390625, 0.207903703704
CYS, 8, 27.482, 0.848669, -79685.421875, 0.307162962963
GLN, 6, 30.022, 0.90089, -79923.039062, 0.290562962963
GLU, 11, 25.669, 0.810226, -79671.976562, 0.207940740741
GLY, 7, 24.171, 0.785571, -80159.054688, 0.230159259259
HIS, 4, 26.229, 0.839024, -80125.375000, 0.336788888889
ILE, 7, 25.338, 0.80106, -79861.117188, 0.278788888889
LEU, 9, 27.225, 0.850006, -79275.960938, 0.349325925926
LYS, 8, 26.730, 0.814662, -81463.843750, 0.242707407407
MET, 10, 26.502, 0.819316, -80483.359375, 0.221622222222
PHE, 8, 24.645, 0.819246, -79498.414062, 0.339081481481
PRO, 6, 25.573, 0.840706, -79966.453125, 0.268974074074
SER, 4, 25.377, 0.818305, -80347.937500, 0.234703703704
THR, 4, 27.511, 0.880658, -79654.203125, 0.375159259259
TRP, 0, 26.847, 0.847432, -80127.125000, 0.314955555556
TYR, 11, 28.436, 0.828683, -80633.156250, 0.270355555556
VAL, 0, 25.169, 0.828686, -79412.937500, 0.221659259259
