AMINO ACID, DSSP, SASA, GYRATE, ENERGY, RMSF
ALA, 2, 26.420, 0.824271, -80085.773438, 0.251659259259
ARG, 10, 26.689, 0.818999, -80829.203125, 0.298462962963
ASN, 8, 25.898, 0.817399, -79558.804688, 0.210481481481
ASP, 10, 24.069, 0.818107, -80427.171875, 0.207903703704
CYS, 8, 28.348, 0.855741, -80168.875000, 0.307162962963
GLN, 8, 29.331, 0.906197, -79947.234375, 0.290562962963
GLU, 7, 25.986, 0.823727, -80333.937500, 0.207940740741
GLY, 7, 23.154, 0.783478, -80204.718750, 0.230159259259
HIS, 2, 26.680, 0.83572, -79520.445312, 0.336788888889
ILE, 7, 25.746, 0.795748, -80931.562500, 0.278788888889
LEU, 11, 27.558, 0.865425, -79932.359375, 0.349325925926
LYS, 8, 28.354, 0.824449, -80440.507812, 0.242707407407
MET, 11, 26.093, 0.819827, -80399.460938, 0.221622222222
PHE, 8, 25.757, 0.821503, -80244.296875, 0.339081481481
PRO, 5, 26.344, 0.832488, -81685.968750, 0.268974074074
SER, 4, 26.262, 0.824779, -80894.914062, 0.234703703704
THR, 4, 27.201, 0.868029, -80079.468750, 0.375159259259
TRP, 0, 26.825, 0.838962, -80386.210938, 0.314955555556
TYR, 11, 28.574, 0.822476, -79539.546875, 0.270355555556
VAL, 4, 26.775, 0.846551, -80616.031250, 0.221659259259
