AMINO ACID, DSSP, SASA, GYRATE, ENERGY, RMSF
ALA, 4, 27.571, 0.817368, -79664.804688, 0.251659259259
ARG, 8, 25.751, 0.823237, -80226.343750, 0.298462962963
ASN, 11, 25.054, 0.810108, -80504.718750, 0.210481481481
ASP, 8, 24.824, 0.823259, -79823.125000, 0.207903703704
CYS, 8, 27.335, 0.850415, -80238.312500, 0.307162962963
GLN, 8, 29.475, 0.909173, -80225.804688, 0.290562962963
GLU, 8, 25.165, 0.829613, -79992.257812, 0.207940740741
GLY, 7, 24.396, 0.801534, -79757.937500, 0.230159259259
HIS, 6, 26.538, 0.839355, -80520.718750, 0.336788888889
ILE, 7, 25.287, 0.80077, -80313.093750, 0.278788888889
LEU, 9, 26.454, 0.857511, -79994.367188, 0.349325925926
LYS, 10, 27.288, 0.814103, -80851.000000, 0.242707407407
MET, 8, 26.643, 0.835193, -80156.687500, 0.221622222222
PHE, 6, 25.409, 0.831664, -79840.875000, 0.339081481481
PRO, 4, 25.535, 0.828507, -80445.812500, 0.268974074074
SER, 2, 25.928, 0.824345, -80423.570312, 0.234703703704
THR, 8, 26.908, 0.875721, -80724.031250, 0.375159259259
TRP, 0, 29.495, 0.866111, -80562.671875, 0.314955555556
TYR, 9, 26.280, 0.814927, -80357.203125, 0.270355555556
VAL, 4, 26.723, 0.856005, -80041.015625, 0.221659259259
