AMINO ACID, DSSP, SASA, GYRATE, ENERGY, RMSF
ALA, 10, 28.464, 0.841535, -79748.093750, 0.251659259259
ARG, 10, 27.007, 0.845048, -80201.875000, 0.298462962963
ASN, 4, 29.564, 0.845213, -80299.390625, 0.210481481481
ASP, 9, 26.994, 0.827947, -80204.921875, 0.207903703704
CYS, 6, 25.806, 0.87522, -80254.171875, 0.307162962963
GLN, 4, 28.486, 0.836127, -80805.164062, 0.290562962963
GLU, 5, 26.673, 0.829598, -79157.562500, 0.207940740741
GLY, 12, 25.069, 0.827809, -80211.359375, 0.230159259259
HIS, 14, 26.552, 0.848686, -80548.367188, 0.336788888889
ILE, 6, 27.017, 0.822018, -80158.921875, 0.278788888889
LEU, 8, 27.173, 0.818322, -79940.414062, 0.349325925926
LYS, 4, 27.905, 0.848082, -81345.671875, 0.242707407407
MET, 9, 27.044, 0.822567, -81190.085938, 0.221622222222
PHE, 7, 28.284, 0.82904, -79592.101562, 0.339081481481
PRO, 6, 26.290, 0.827365, -80945.695312, 0.268974074074
SER, 12, 25.151, 0.797953, -80382.640625, 0.234703703704
THR, 6, 27.161, 0.832093, -79625.851562, 0.375159259259
TRP, 2, 26.843, 0.834083, -79926.562500, 0.314955555556
TYR, 8, 28.440, 0.887487, -79751.789062, 0.270355555556
VAL, 8, 26.201, 0.813807, -80015.812500, 0.221659259259
