AMINO ACID, DSSP, SASA, GYRATE, ENERGY, RMSF
ALA, 6, 25.853, 0.82066, -80285.984375, 0.251659259259
ARG, 14, 25.273, 0.828659, -80538.656250, 0.298462962963
ASN, 10, 23.830, 0.799425, -79898.015625, 0.210481481481
ASP, 11, 26.167, 0.831485, -79714.625000, 0.207903703704
CYS, 5, 27.521, 0.856018, -79249.757812, 0.307162962963
GLN, 6, 27.773, 0.879079, -80410.359375, 0.290562962963
GLU, 11, 25.387, 0.828428, -80928.000000, 0.207940740741
GLY, 11, 26.329, 0.813394, -81030.039062, 0.230159259259
HIS, 6, 28.062, 0.869824, -80186.968750, 0.336788888889
ILE, 10, 24.216, 0.802754, -79072.015625, 0.278788888889
LEU, 6, 26.819, 0.85429, -80623.351562, 0.349325925926
LYS, 8, 26.674, 0.818833, -81387.687500, 0.242707407407
MET, 8, 26.272, 0.823141, -80375.687500, 0.221622222222
PHE, 9, 24.487, 0.826002, -80199.617188, 0.339081481481
PRO, 12, 25.611, 0.837323, -79750.531250, 0.268974074074
SER, 4, 25.239, 0.810086, -81041.968750, 0.234703703704
THR, 2, 27.702, 0.874862, -79350.218750, 0.375159259259
TRP, 0, 28.654, 0.848495, -80021.960938, 0.314955555556
TYR, 9, 26.280, 0.820105, -80623.578125, 0.270355555556
VAL, 6, 28.911, 0.861199, -80157.914062, 0.221659259259
