AMINO ACID, DSSP, SASA, GYRATE, ENERGY, RMSF
ALA, 4, 27.131, 0.829774, -79973.796875, 0.251659259259
ARG, 10, 25.057, 0.83561, -79756.812500, 0.298462962963
ASN, 10, 25.707, 0.816702, -80581.953125, 0.210481481481
ASP, 16, 25.024, 0.806786, -80273.765625, 0.207903703704
CYS, 2, 27.148, 0.858399, -79938.375000, 0.307162962963
GLN, 4, 28.136, 0.868996, -79844.875000, 0.290562962963
GLU, 6, 25.528, 0.838336, -80238.718750, 0.207940740741
GLY, 7, 26.275, 0.815677, -80604.851562, 0.230159259259
HIS, 6, 28.202, 0.856221, -79819.109375, 0.336788888889
ILE, 7, 25.380, 0.808776, -80729.515625, 0.278788888889
LEU, 4, 27.058, 0.854781, -80383.593750, 0.349325925926
LYS, 8, 26.792, 0.820365, -80670.062500, 0.242707407407
MET, 10, 27.440, 0.82638, -80334.210938, 0.221622222222
PHE, 6, 25.523, 0.821487, -79777.382812, 0.339081481481
PRO, 14, 25.359, 0.824165, -80667.039062, 0.268974074074
SER, 4, 24.435, 0.817431, -80129.226562, 0.234703703704
THR, 6, 27.692, 0.887278, -80982.093750, 0.375159259259
TRP, 0, 28.068, 0.849844, -80258.148438, 0.314955555556
TYR, 7, 25.045, 0.815922, -80389.195312, 0.270355555556
VAL, 6, 30.346, 0.871046, -79704.593750, 0.221659259259
