AMINO ACID, DSSP, SASA, GYRATE, ENERGY, RMSF
ALA, 6, 28.594, 0.833971, -81379.187500, 0.251659259259
ARG, 4, 28.930, 0.85386, -80091.867188, 0.298462962963
ASN, 10, 29.218, 0.84133, -80473.906250, 0.210481481481
ASP, 9, 25.959, 0.825982, -79470.921875, 0.207903703704
CYS, 6, 27.851, 0.874201, -80195.289062, 0.307162962963
GLN, 4, 27.592, 0.834543, -80298.968750, 0.290562962963
GLU, 5, 26.543, 0.837241, -80674.343750, 0.207940740741
GLY, 10, 25.021, 0.840643, -81179.265625, 0.230159259259
HIS, 10, 28.084, 0.850375, -80891.812500, 0.336788888889
ILE, 8, 26.770, 0.825045, -80227.031250, 0.278788888889
LEU, 6, 27.683, 0.816798, -79852.031250, 0.349325925926
LYS, 5, 27.337, 0.848073, -80829.515625, 0.242707407407
MET, 9, 26.998, 0.826905, -79847.437500, 0.221622222222
PHE, 10, 26.956, 0.830866, -80048.875000, 0.339081481481
PRO, 6, 25.697, 0.833811, -80261.531250, 0.268974074074
SER, 12, 24.906, 0.803522, -81037.156250, 0.234703703704
THR, 8, 27.923, 0.831296, -79975.953125, 0.375159259259
TRP, 2, 26.820, 0.833165, -80243.765625, 0.314955555556
TYR, 11, 28.343, 0.883049, -80357.328125, 0.270355555556
VAL, 15, 24.058, 0.795599, -80249.437500, 0.221659259259
