AMINO ACID, DSSP, SASA, GYRATE, ENERGY, RMSF
ALA, 6, 26.185, 0.819547, -79606.109375, 0.251659259259
ARG, 8, 26.527, 0.832169, -80367.179688, 0.298462962963
ASN, 10, 25.675, 0.814784, -79936.187500, 0.210481481481
ASP, 6, 24.858, 0.814803, -81083.937500, 0.207903703704
CYS, 9, 26.748, 0.865493, -80009.250000, 0.307162962963
GLN, 8, 29.166, 0.917888, -80203.937500, 0.290562962963
GLU, 9, 26.610, 0.818219, -80544.500000, 0.207940740741
GLY, 7, 24.828, 0.805975, -80873.054688, 0.230159259259
HIS, 6, 28.328, 0.84875, -80923.843750, 0.336788888889
ILE, 4, 25.573, 0.805365, -79658.726562, 0.278788888889
LEU, 15, 27.283, 0.865578, -80273.078125, 0.349325925926
LYS, 12, 26.574, 0.802074, -80763.335938, 0.242707407407
MET, 7, 25.816, 0.831099, -79465.828125, 0.221622222222
PHE, 4, 27.234, 0.831061, -80751.445312, 0.339081481481
PRO, 10, 24.722, 0.814947, -80228.765625, 0.268974074074
SER, 4, 25.286, 0.810333, -80541.203125, 0.234703703704
THR, 8, 27.336, 0.868391, -79441.257812, 0.375159259259
TRP, 4, 28.322, 0.849594, -80531.468750, 0.314955555556
TYR, 9, 27.151, 0.818281, -80695.218750, 0.270355555556
VAL, 4, 29.071, 0.854938, -80831.093750, 0.221659259259
