AMINO ACID, DSSP, SASA, GYRATE, ENERGY, RMSF
ALA, 8, 26.826, 0.829163, -80942.132812, 0.251659259259
ARG, 10, 25.776, 0.836693, -80431.421875, 0.298462962963
ASN, 12, 26.815, 0.815486, -80314.429688, 0.210481481481
ASP, 9, 26.005, 0.81759, -81143.937500, 0.207903703704
CYS, 6, 26.487, 0.863186, -80626.273438, 0.307162962963
GLN, 6, 29.065, 0.907484, -79228.328125, 0.290562962963
GLU, 11, 25.973, 0.812987, -79847.390625, 0.207940740741
GLY, 9, 24.638, 0.803705, -80041.750000, 0.230159259259
HIS, 6, 28.530, 0.856259, -80564.046875, 0.336788888889
ILE, 10, 25.247, 0.806365, -80467.476562, 0.278788888889
LEU, 9, 27.604, 0.851569, -80128.109375, 0.349325925926
LYS, 4, 26.516, 0.806656, -80577.476562, 0.242707407407
MET, 8, 26.790, 0.834773, -80152.796875, 0.221622222222
PHE, 4, 25.599, 0.822828, -80326.796875, 0.339081481481
PRO, 2, 25.396, 0.806742, -80032.757812, 0.268974074074
SER, 4, 25.086, 0.810731, -80150.140625, 0.234703703704
THR, 4, 27.394, 0.869381, -80083.171875, 0.375159259259
TRP, 0, 28.242, 0.84005, -80503.718750, 0.314955555556
TYR, 9, 27.250, 0.824362, -80108.242188, 0.270355555556
VAL, 6, 28.582, 0.853658, -81145.070312, 0.221659259259
