AMINO ACID, DSSP, SASA, GYRATE, ENERGY, RMSF
ALA, 6, 26.995, 0.828355, -80230.335938, 0.251659259259
ARG, 10, 25.584, 0.835789, -81128.796875, 0.298462962963
ASN, 8, 27.714, 0.820798, -80941.937500, 0.210481481481
ASP, 9, 24.583, 0.818085, -80455.976562, 0.207903703704
CYS, 9, 26.935, 0.847084, -79874.421875, 0.307162962963
GLN, 10, 28.089, 0.901694, -79834.359375, 0.290562962963
GLU, 6, 26.308, 0.82554, -80618.671875, 0.207940740741
GLY, 9, 24.907, 0.809767, -79780.554688, 0.230159259259
HIS, 4, 28.620, 0.856009, -80792.421875, 0.336788888889
ILE, 4, 25.814, 0.801168, -79853.953125, 0.278788888889
LEU, 6, 27.672, 0.856624, -79938.351562, 0.349325925926
LYS, 8, 25.492, 0.820385, -79403.929688, 0.242707407407
MET, 10, 26.593, 0.835404, -80267.468750, 0.221622222222
PHE, 0, 27.167, 0.8272, -80526.648438, 0.339081481481
PRO, 9, 25.994, 0.810239, -80093.265625, 0.268974074074
SER, 2, 25.587, 0.814606, -79146.960938, 0.234703703704
THR, 10, 27.064, 0.864848, -79226.148438, 0.375159259259
TRP, 2, 28.097, 0.837511, -79288.132812, 0.314955555556
TYR, 10, 26.569, 0.816975, -79444.023438, 0.270355555556
VAL, 2, 27.852, 0.85283, -79951.898438, 0.221659259259
