AMINO ACID, DSSP, SASA, GYRATE, ENERGY, RMSF
ALA, 6, 25.015, 0.811228, -80261.351562, 0.251659259259
ARG, 10, 28.577, 0.844165, -79986.304688, 0.298462962963
ASN, 12, 26.105, 0.833527, -80028.609375, 0.210481481481
ASP, 6, 24.888, 0.815942, -79737.531250, 0.207903703704
CYS, 8, 28.058, 0.851183, -80535.085938, 0.307162962963
GLN, 6, 28.224, 0.899428, -79854.382812, 0.290562962963
GLU, 8, 26.124, 0.822169, -80501.781250, 0.207940740741
GLY, 9, 24.537, 0.797462, -79786.109375, 0.230159259259
HIS, 6, 27.239, 0.838713, -80865.562500, 0.336788888889
ILE, 10, 23.786, 0.795526, -80151.437500, 0.278788888889
LEU, 6, 27.815, 0.868829, -79871.703125, 0.349325925926
LYS, 7, 26.602, 0.811808, -80304.421875, 0.242707407407
MET, 8, 24.431, 0.822118, -79123.789062, 0.221622222222
PHE, 2, 26.330, 0.822817, -80645.484375, 0.339081481481
PRO, 10, 25.440, 0.810692, -80397.375000, 0.268974074074
SER, 4, 26.128, 0.813309, -80332.164062, 0.234703703704
THR, 6, 27.231, 0.894455, -79760.718750, 0.375159259259
TRP, 2, 28.376, 0.826166, -79590.117188, 0.314955555556
TYR, 7, 26.652, 0.817648, -79751.460938, 0.270355555556
VAL, 4, 27.671, 0.848188, -79639.906250, 0.221659259259
