AMINO ACID, DSSP, SASA, GYRATE, ENERGY, RMSF
ALA, 6, 25.411, 0.80134, -79794.195312, 0.251659259259
ARG, 10, 27.191, 0.839952, -80422.507812, 0.298462962963
ASN, 10, 28.639, 0.849771, -79818.968750, 0.210481481481
ASP, 6, 26.017, 0.832728, -80220.609375, 0.207903703704
CYS, 9, 27.731, 0.846784, -79467.859375, 0.307162962963
GLN, 4, 30.303, 0.908387, -80389.406250, 0.290562962963
GLU, 6, 26.827, 0.823538, -80466.648438, 0.207940740741
GLY, 9, 25.475, 0.808876, -81575.281250, 0.230159259259
HIS, 8, 27.402, 0.838578, -80117.656250, 0.336788888889
ILE, 5, 25.270, 0.798145, -79581.265625, 0.278788888889
LEU, 2, 29.188, 0.871306, -80116.773438, 0.349325925926
LYS, 6, 26.010, 0.80967, -80262.656250, 0.242707407407
MET, 10, 27.029, 0.833806, -81215.015625, 0.221622222222
PHE, 4, 24.220, 0.815616, -80633.960938, 0.339081481481
PRO, 9, 24.754, 0.809218, -80360.796875, 0.268974074074
SER, 4, 24.577, 0.805017, -79850.398438, 0.234703703704
THR, 4, 27.418, 0.879371, -80095.031250, 0.375159259259
TRP, 0, 27.521, 0.834756, -80721.906250, 0.314955555556
TYR, 9, 26.602, 0.816871, -79984.468750, 0.270355555556
VAL, 6, 26.055, 0.838231, -80525.296875, 0.221659259259
