AMINO ACID, DSSP, SASA, GYRATE, ENERGY, RMSF
ALA, 8, 25.565, 0.813158, -79600.695312, 0.251659259259
ARG, 8, 28.121, 0.856031, -80390.375000, 0.298462962963
ASN, 8, 26.526, 0.827351, -80546.734375, 0.210481481481
ASP, 6, 26.115, 0.832847, -80146.976562, 0.207903703704
CYS, 6, 26.601, 0.852723, -80192.812500, 0.307162962963
GLN, 4, 30.579, 0.912535, -80663.953125, 0.290562962963
GLU, 6, 25.311, 0.826711, -80371.632812, 0.207940740741
GLY, 7, 25.798, 0.812328, -79600.953125, 0.230159259259
HIS, 8, 26.151, 0.838827, -80373.765625, 0.336788888889
ILE, 10, 24.628, 0.801382, -80341.617188, 0.278788888889
LEU, 9, 28.422, 0.871765, -79864.515625, 0.349325925926
LYS, 8, 26.813, 0.81103, -80277.750000, 0.242707407407
MET, 8, 26.366, 0.839146, -80257.812500, 0.221622222222
PHE, 7, 25.784, 0.825813, -80043.687500, 0.339081481481
PRO, 8, 23.510, 0.792715, -80711.984375, 0.268974074074
SER, 4, 24.386, 0.802801, -80288.343750, 0.234703703704
THR, 9, 26.374, 0.874181, -80536.703125, 0.375159259259
TRP, 2, 29.007, 0.832595, -79406.906250, 0.314955555556
TYR, 9, 25.947, 0.821245, -80686.960938, 0.270355555556
VAL, 6, 27.592, 0.84116, -79478.664062, 0.221659259259
