AMINO ACID, DSSP, SASA, GYRATE, ENERGY, RMSF
ALA, 10, 24.394, 0.79493, -80513.343750, 0.251659259259
ARG, 6, 26.339, 0.835711, -80653.757812, 0.298462962963
ASN, 10, 26.500, 0.840098, -79701.664062, 0.210481481481
ASP, 8, 25.723, 0.814937, -80754.265625, 0.207903703704
CYS, 7, 27.445, 0.845684, -80600.398438, 0.307162962963
GLN, 7, 28.480, 0.89031, -80533.054688, 0.290562962963
GLU, 9, 26.297, 0.837339, -80504.609375, 0.207940740741
GLY, 7, 25.836, 0.809743, -80232.734375, 0.230159259259
HIS, 8, 26.765, 0.862964, -80110.125000, 0.336788888889
ILE, 7, 25.163, 0.81033, -79896.195312, 0.278788888889
LEU, 11, 29.298, 0.872376, -79805.578125, 0.349325925926
LYS, 4, 28.830, 0.816184, -80974.109375, 0.242707407407
MET, 10, 26.067, 0.823804, -79685.000000, 0.221622222222
PHE, 6, 24.980, 0.812897, -79780.914062, 0.339081481481
PRO, 9, 23.737, 0.79728, -80655.265625, 0.268974074074
SER, 2, 26.145, 0.831867, -80559.734375, 0.234703703704
THR, 9, 26.773, 0.869955, -79383.953125, 0.375159259259
TRP, 0, 28.672, 0.84013, -80326.343750, 0.314955555556
TYR, 9, 26.890, 0.822972, -80132.507812, 0.270355555556
VAL, 4, 27.163, 0.842962, -80815.218750, 0.221659259259
