AMINO ACID, DSSP, SASA, GYRATE, ENERGY, RMSF
ALA, 10, 25.318, 0.801006, -81225.007812, 0.251659259259
ARG, 8, 26.414, 0.832843, -81630.007812, 0.298462962963
ASN, 10, 26.348, 0.835829, -80085.234375, 0.210481481481
ASP, 10, 26.231, 0.817644, -79024.062500, 0.207903703704
CYS, 7, 28.882, 0.865779, -80242.468750, 0.307162962963
GLN, 6, 28.864, 0.890271, -79774.296875, 0.290562962963
GLU, 11, 27.098, 0.850104, -80521.781250, 0.207940740741
GLY, 7, 25.151, 0.806006, -79744.007812, 0.230159259259
HIS, 8, 27.245, 0.851381, -80410.390625, 0.336788888889
ILE, 9, 24.620, 0.809799, -81030.359375, 0.278788888889
LEU, 12, 28.361, 0.874766, -80362.867188, 0.349325925926
LYS, 4, 27.031, 0.810936, -80330.906250, 0.242707407407
MET, 10, 26.615, 0.824013, -80468.601562, 0.221622222222
PHE, 4, 24.685, 0.807869, -79785.773438, 0.339081481481
PRO, 8, 22.786, 0.790691, -80405.570312, 0.268974074074
SER, 4, 25.177, 0.825715, -81265.335938, 0.234703703704
THR, 13, 26.034, 0.869887, -80691.007812, 0.375159259259
TRP, 4, 30.151, 0.852561, -79443.054688, 0.314955555556
TYR, 7, 27.776, 0.830834, -80128.601562, 0.270355555556
VAL, 4, 27.120, 0.834895, -80240.570312, 0.221659259259
