AMINO ACID, DSSP, SASA, GYRATE, ENERGY, RMSF
ALA, 8, 24.727, 0.803951, -80390.593750, 0.251659259259
ARG, 8, 26.325, 0.834773, -80904.406250, 0.298462962963
ASN, 12, 25.309, 0.826527, -80125.914062, 0.210481481481
ASP, 8, 25.094, 0.814903, -79746.101562, 0.207903703704
CYS, 6, 28.684, 0.861521, -81254.843750, 0.307162962963
GLN, 6, 29.358, 0.896416, -81213.156250, 0.290562962963
GLU, 11, 26.538, 0.834462, -80154.234375, 0.207940740741
GLY, 7, 24.382, 0.80743, -79711.203125, 0.230159259259
HIS, 6, 27.303, 0.850827, -80139.156250, 0.336788888889
ILE, 4, 23.307, 0.797025, -80570.406250, 0.278788888889
LEU, 11, 27.866, 0.876116, -80330.906250, 0.349325925926
LYS, 6, 28.116, 0.82202, -80119.101562, 0.242707407407
MET, 10, 26.187, 0.822123, -79911.187500, 0.221622222222
PHE, 8, 25.145, 0.815003, -79468.140625, 0.339081481481
PRO, 9, 24.106, 0.797106, -79508.281250, 0.268974074074
SER, 4, 25.818, 0.820095, -80338.367188, 0.234703703704
THR, 6, 25.816, 0.849923, -80278.523438, 0.375159259259
TRP, 0, 31.153, 0.858696, -79272.890625, 0.314955555556
TYR, 9, 27.612, 0.835764, -79845.703125, 0.270355555556
VAL, 4, 27.281, 0.830747, -80588.804688, 0.221659259259
