AMINO ACID, DSSP, SASA, GYRATE, ENERGY, RMSF
ALA, 8, 24.284, 0.798496, -80333.062500, 0.251659259259
ARG, 6, 26.152, 0.834852, -80977.093750, 0.298462962963
ASN, 10, 26.179, 0.824674, -79876.273438, 0.210481481481
ASP, 10, 25.777, 0.80915, -80293.054688, 0.207903703704
CYS, 7, 29.180, 0.87628, -80411.804688, 0.307162962963
GLN, 7, 29.723, 0.899452, -80020.531250, 0.290562962963
GLU, 9, 26.781, 0.837824, -80381.078125, 0.207940740741
GLY, 7, 23.895, 0.795779, -79060.562500, 0.230159259259
HIS, 6, 27.913, 0.843988, -80254.125000, 0.336788888889
ILE, 7, 24.877, 0.80717, -79955.703125, 0.278788888889
LEU, 4, 27.846, 0.876382, -80529.953125, 0.349325925926
LYS, 2, 26.419, 0.81816, -80417.062500, 0.242707407407
MET, 10, 25.084, 0.821291, -79540.328125, 0.221622222222
PHE, 8, 23.978, 0.809355, -79807.414062, 0.339081481481
PRO, 11, 24.576, 0.79974, -80392.062500, 0.268974074074
SER, 4, 24.373, 0.821809, -79958.125000, 0.234703703704
THR, 8, 26.753, 0.869178, -80169.507812, 0.375159259259
TRP, 2, 29.962, 0.858118, -80287.046875, 0.314955555556
TYR, 9, 26.361, 0.817896, -79641.437500, 0.270355555556
VAL, 6, 26.287, 0.826814, -79404.031250, 0.221659259259
