AMINO ACID, DSSP, SASA, GYRATE, ENERGY, RMSF
ALA, 8, 24.205, 0.796093, -80594.226562, 0.251659259259
ARG, 6, 25.928, 0.823657, -80694.109375, 0.298462962963
ASN, 10, 27.120, 0.834675, -80272.578125, 0.210481481481
ASP, 8, 25.300, 0.807772, -81546.625000, 0.207903703704
CYS, 5, 27.771, 0.867694, -80404.773438, 0.307162962963
GLN, 10, 29.226, 0.891566, -80441.531250, 0.290562962963
GLU, 11, 27.186, 0.847914, -79800.851562, 0.207940740741
GLY, 7, 26.157, 0.82205, -80599.390625, 0.230159259259
HIS, 4, 27.913, 0.847325, -80978.390625, 0.336788888889
ILE, 7, 25.811, 0.802419, -80411.031250, 0.278788888889
LEU, 7, 28.591, 0.860344, -79282.156250, 0.349325925926
LYS, 6, 26.249, 0.813849, -79489.890625, 0.242707407407
MET, 10, 25.703, 0.816538, -79944.781250, 0.221622222222
PHE, 2, 24.275, 0.808531, -80906.750000, 0.339081481481
PRO, 11, 23.969, 0.79774, -80360.343750, 0.268974074074
SER, 2, 25.333, 0.818544, -79921.828125, 0.234703703704
THR, 4, 28.482, 0.877477, -79589.070312, 0.375159259259
TRP, 2, 28.951, 0.850981, -81174.390625, 0.314955555556
TYR, 7, 26.341, 0.813384, -79828.054688, 0.270355555556
VAL, 2, 26.027, 0.844747, -79534.218750, 0.221659259259
