AMINO ACID, DSSP, SASA, GYRATE, ENERGY, RMSF
ALA, 8, 26.892, 0.823107, -80633.265625, 0.251659259259
ARG, 8, 27.270, 0.841772, -80002.242188, 0.298462962963
ASN, 6, 27.585, 0.828813, -80164.296875, 0.210481481481
ASP, 8, 26.203, 0.822076, -79664.156250, 0.207903703704
CYS, 5, 28.768, 0.842347, -79846.281250, 0.307162962963
GLN, 8, 27.771, 0.895346, -80594.601562, 0.290562962963
GLU, 11, 27.901, 0.84617, -79274.781250, 0.207940740741
GLY, 10, 25.040, 0.805229, -80024.656250, 0.230159259259
HIS, 6, 28.917, 0.866595, -80309.343750, 0.336788888889
ILE, 10, 26.260, 0.807107, -80786.171875, 0.278788888889
LEU, 0, 26.915, 0.850513, -79594.968750, 0.349325925926
LYS, 11, 27.333, 0.824168, -80606.796875, 0.242707407407
MET, 10, 27.245, 0.830421, -80012.140625, 0.221622222222
PHE, 4, 25.568, 0.823606, -79866.500000, 0.339081481481
PRO, 9, 25.784, 0.807739, -80099.445312, 0.268974074074
SER, 2, 24.735, 0.811318, -81266.125000, 0.234703703704
THR, 2, 26.923, 0.881589, -79922.398438, 0.375159259259
TRP, 2, 28.154, 0.857946, -78876.625000, 0.314955555556
TYR, 11, 27.150, 0.825833, -79917.015625, 0.270355555556
VAL, 4, 25.976, 0.850227, -80415.054688, 0.221659259259
