AMINO ACID, DSSP, SASA, GYRATE, ENERGY, RMSF
ALA, 6, 28.018, 0.864559, -80278.742188, 0.251659259259
ARG, 9, 26.503, 0.835154, -80036.437500, 0.298462962963
ASN, 8, 27.920, 0.837472, -80042.023438, 0.210481481481
ASP, 11, 25.677, 0.823292, -79697.640625, 0.207903703704
CYS, 8, 27.734, 0.874151, -79685.398438, 0.307162962963
GLN, 2, 25.945, 0.812808, -79806.296875, 0.290562962963
GLU, 9, 28.326, 0.831751, -80473.062500, 0.207940740741
GLY, 6, 25.235, 0.822674, -80602.390625, 0.230159259259
HIS, 12, 27.822, 0.841133, -80408.375000, 0.336788888889
ILE, 8, 24.678, 0.815217, -79077.320312, 0.278788888889
LEU, 4, 27.006, 0.824916, -80239.656250, 0.349325925926
LYS, 3, 27.297, 0.841948, -81552.976562, 0.242707407407
MET, 7, 27.029, 0.828288, -80109.820312, 0.221622222222
PHE, 14, 27.407, 0.818443, -79132.625000, 0.339081481481
PRO, 4, 25.396, 0.830589, -80459.953125, 0.268974074074
SER, 12, 23.901, 0.797776, -80492.859375, 0.234703703704
THR, 8, 29.089, 0.854187, -80584.750000, 0.375159259259
TRP, 0, 28.094, 0.846756, -80363.937500, 0.314955555556
TYR, 7, 28.129, 0.871889, -80592.812500, 0.270355555556
VAL, 8, 26.388, 0.820192, -80011.882812, 0.221659259259
