AMINO ACID, DSSP, SASA, GYRATE, ENERGY, RMSF
ALA, 6, 25.580, 0.814135, -81581.867188, 0.251659259259
ARG, 8, 26.782, 0.847933, -81218.867188, 0.298462962963
ASN, 11, 28.191, 0.827451, -81428.281250, 0.210481481481
ASP, 8, 26.139, 0.827938, -80547.101562, 0.207903703704
CYS, 7, 28.395, 0.840878, -80549.031250, 0.307162962963
GLN, 7, 28.623, 0.913257, -80713.804688, 0.290562962963
GLU, 4, 26.972, 0.832611, -79576.750000, 0.207940740741
GLY, 7, 24.823, 0.807276, -80193.687500, 0.230159259259
HIS, 6, 28.035, 0.869074, -79847.429688, 0.336788888889
ILE, 7, 25.945, 0.798147, -80121.601562, 0.278788888889
LEU, 2, 27.274, 0.850002, -79270.835938, 0.349325925926
LYS, 16, 25.957, 0.819265, -79548.492188, 0.242707407407
MET, 7, 26.769, 0.829106, -79758.234375, 0.221622222222
PHE, 6, 25.716, 0.805622, -80669.187500, 0.339081481481
PRO, 10, 26.698, 0.818389, -80031.781250, 0.268974074074
SER, 4, 24.625, 0.815459, -80475.640625, 0.234703703704
THR, 4, 27.036, 0.875518, -79999.476562, 0.375159259259
TRP, 2, 28.664, 0.846809, -79573.070312, 0.314955555556
TYR, 9, 26.667, 0.820233, -80292.500000, 0.270355555556
VAL, 4, 28.500, 0.861846, -79974.796875, 0.221659259259
