AMINO ACID, DSSP, SASA, GYRATE, ENERGY, RMSF
ALA, 10, 25.921, 0.814576, -79712.304688, 0.251659259259
ARG, 8, 26.780, 0.831417, -80667.046875, 0.298462962963
ASN, 10, 28.100, 0.830187, -80367.773438, 0.210481481481
ASP, 12, 26.356, 0.817477, -79831.125000, 0.207903703704
CYS, 8, 27.729, 0.847638, -80681.078125, 0.307162962963
GLN, 4, 30.933, 0.908966, -79269.640625, 0.290562962963
GLU, 8, 27.297, 0.839506, -80066.125000, 0.207940740741
GLY, 9, 25.113, 0.803268, -80520.234375, 0.230159259259
HIS, 8, 28.770, 0.851467, -79859.328125, 0.336788888889
ILE, 10, 26.755, 0.807599, -80254.328125, 0.278788888889
LEU, 4, 28.480, 0.870049, -79179.890625, 0.349325925926
LYS, 8, 27.285, 0.813194, -80309.210938, 0.242707407407
MET, 10, 26.388, 0.825055, -81273.812500, 0.221622222222
PHE, 4, 27.130, 0.828589, -79303.078125, 0.339081481481
PRO, 9, 25.621, 0.836163, -80372.242188, 0.268974074074
SER, 4, 25.234, 0.81655, -80799.898438, 0.234703703704
THR, 4, 27.620, 0.86704, -79359.718750, 0.375159259259
TRP, 2, 28.859, 0.860776, -79912.484375, 0.314955555556
TYR, 7, 27.776, 0.830227, -80009.179688, 0.270355555556
VAL, 6, 25.823, 0.841915, -79926.796875, 0.221659259259
