AMINO ACID, DSSP, SASA, GYRATE, ENERGY, RMSF
ALA, 10, 25.592, 0.807499, -81282.890625, 0.251659259259
ARG, 10, 26.702, 0.830021, -80885.757812, 0.298462962963
ASN, 12, 26.514, 0.818911, -80131.195312, 0.210481481481
ASP, 14, 24.920, 0.811591, -79011.968750, 0.207903703704
CYS, 7, 27.702, 0.842147, -80087.265625, 0.307162962963
GLN, 4, 29.995, 0.920081, -80647.859375, 0.290562962963
GLU, 7, 25.522, 0.819469, -79632.015625, 0.207940740741
GLY, 8, 26.056, 0.812822, -80414.414062, 0.230159259259
HIS, 8, 27.510, 0.85202, -80157.265625, 0.336788888889
ILE, 10, 25.385, 0.807082, -80353.312500, 0.278788888889
LEU, 4, 29.874, 0.88088, -80293.226562, 0.349325925926
LYS, 8, 27.181, 0.830418, -81050.234375, 0.242707407407
MET, 10, 26.510, 0.821405, -80815.781250, 0.221622222222
PHE, 6, 27.060, 0.823762, -79660.703125, 0.339081481481
PRO, 9, 25.660, 0.826681, -80028.031250, 0.268974074074
SER, 4, 25.403, 0.80782, -80460.250000, 0.234703703704
THR, 7, 26.916, 0.862843, -80230.968750, 0.375159259259
TRP, 2, 29.694, 0.853161, -79826.078125, 0.314955555556
TYR, 5, 27.393, 0.829415, -80833.898438, 0.270355555556
VAL, 4, 26.827, 0.846515, -80882.421875, 0.221659259259
