AMINO ACID, DSSP, SASA, GYRATE, ENERGY, RMSF
ALA, 10, 25.575, 0.814082, -80594.046875, 0.251659259259
ARG, 8, 26.382, 0.832859, -81286.367188, 0.298462962963
ASN, 10, 27.044, 0.831661, -79999.773438, 0.210481481481
ASP, 12, 25.883, 0.808691, -80707.421875, 0.207903703704
CYS, 7, 26.548, 0.848059, -80574.585938, 0.307162962963
GLN, 6, 29.362, 0.909901, -80385.765625, 0.290562962963
GLU, 8, 28.356, 0.845116, -80288.484375, 0.207940740741
GLY, 9, 25.457, 0.806207, -80028.406250, 0.230159259259
HIS, 8, 28.594, 0.858056, -80095.687500, 0.336788888889
ILE, 7, 27.188, 0.812511, -79846.000000, 0.278788888889
LEU, 6, 28.776, 0.867704, -80509.382812, 0.349325925926
LYS, 8, 26.489, 0.82365, -80448.890625, 0.242707407407
MET, 8, 25.983, 0.833053, -79851.937500, 0.221622222222
PHE, 4, 25.636, 0.812535, -80055.312500, 0.339081481481
PRO, 10, 25.018, 0.829052, -80412.460938, 0.268974074074
SER, 6, 24.880, 0.807424, -80825.296875, 0.234703703704
THR, 4, 26.779, 0.870602, -79971.406250, 0.375159259259
TRP, 2, 31.320, 0.859689, -80213.203125, 0.314955555556
TYR, 7, 26.608, 0.828102, -79756.781250, 0.270355555556
VAL, 4, 27.828, 0.85243, -79512.687500, 0.221659259259
