AMINO ACID, DSSP, SASA, GYRATE, ENERGY, RMSF
ALA, 8, 25.257, 0.810993, -79565.593750, 0.251659259259
ARG, 8, 27.131, 0.842855, -80481.578125, 0.298462962963
ASN, 4, 28.292, 0.833483, -80427.843750, 0.210481481481
ASP, 12, 25.598, 0.818482, -80041.203125, 0.207903703704
CYS, 6, 28.741, 0.837213, -80614.914062, 0.307162962963
GLN, 7, 29.693, 0.913803, -80294.976562, 0.290562962963
GLU, 8, 27.384, 0.839999, -80707.289062, 0.207940740741
GLY, 8, 24.952, 0.813813, -80493.710938, 0.230159259259
HIS, 6, 27.211, 0.845436, -80232.656250, 0.336788888889
ILE, 7, 26.231, 0.809422, -80020.031250, 0.278788888889
LEU, 2, 28.285, 0.863422, -79967.687500, 0.349325925926
LYS, 10, 29.157, 0.834649, -80190.835938, 0.242707407407
MET, 10, 26.677, 0.847101, -80371.406250, 0.221622222222
PHE, 4, 25.529, 0.812901, -80026.687500, 0.339081481481
PRO, 12, 25.475, 0.815196, -81018.453125, 0.268974074074
SER, 4, 25.120, 0.811706, -79086.140625, 0.234703703704
THR, 4, 26.725, 0.869846, -79884.875000, 0.375159259259
TRP, 2, 29.606, 0.861256, -79900.375000, 0.314955555556
TYR, 7, 26.131, 0.825072, -79344.734375, 0.270355555556
VAL, 2, 26.189, 0.833265, -79654.437500, 0.221659259259
