AMINO ACID, DSSP, SASA, GYRATE, ENERGY, RMSF
ALA, 4, 25.174, 0.798055, -80320.773438, 0.251659259259
ARG, 8, 27.196, 0.845542, -80649.265625, 0.298462962963
ASN, 8, 27.322, 0.842151, -80001.078125, 0.210481481481
ASP, 10, 25.946, 0.81606, -80603.023438, 0.207903703704
CYS, 8, 28.152, 0.844435, -80262.343750, 0.307162962963
GLN, 4, 28.909, 0.9245, -80881.046875, 0.290562962963
GLU, 4, 28.525, 0.85653, -80059.304688, 0.207940740741
GLY, 9, 23.681, 0.802377, -80429.218750, 0.230159259259
HIS, 10, 25.076, 0.834192, -80187.257812, 0.336788888889
ILE, 7, 25.810, 0.818563, -80326.984375, 0.278788888889
LEU, 2, 30.674, 0.904881, -80135.875000, 0.349325925926
LYS, 10, 28.305, 0.842004, -81006.031250, 0.242707407407
MET, 10, 26.388, 0.825139, -79949.710938, 0.221622222222
PHE, 4, 25.870, 0.837593, -79932.265625, 0.339081481481
PRO, 8, 24.933, 0.800769, -80271.718750, 0.268974074074
SER, 0, 26.166, 0.824353, -80688.312500, 0.234703703704
THR, 11, 27.533, 0.856614, -81096.062500, 0.375159259259
TRP, 2, 29.289, 0.864624, -80258.593750, 0.314955555556
TYR, 11, 27.316, 0.834281, -80853.000000, 0.270355555556
VAL, 4, 26.454, 0.841991, -79782.867188, 0.221659259259
