AMINO ACID, DSSP, SASA, GYRATE, ENERGY, RMSF
ALA, 9, 24.700, 0.797158, -81075.468750, 0.251659259259
ARG, 8, 27.075, 0.837654, -80395.828125, 0.298462962963
ASN, 12, 26.340, 0.820227, -80723.406250, 0.210481481481
ASP, 8, 24.935, 0.810702, -79777.140625, 0.207903703704
CYS, 6, 28.310, 0.85035, -80370.640625, 0.307162962963
GLN, 5, 28.804, 0.915102, -79947.054688, 0.290562962963
GLU, 10, 26.297, 0.844681, -80238.093750, 0.207940740741
GLY, 6, 25.670, 0.817097, -80388.414062, 0.230159259259
HIS, 10, 27.384, 0.849182, -80181.117188, 0.336788888889
ILE, 7, 24.701, 0.805063, -79378.734375, 0.278788888889
LEU, 2, 29.863, 0.888151, -80614.203125, 0.349325925926
LYS, 6, 27.350, 0.830019, -80006.625000, 0.242707407407
MET, 10, 27.153, 0.834281, -79519.500000, 0.221622222222
PHE, 8, 26.862, 0.839348, -79818.304688, 0.339081481481
PRO, 11, 24.964, 0.814086, -80698.468750, 0.268974074074
SER, 4, 24.766, 0.812829, -80520.414062, 0.234703703704
THR, 8, 27.542, 0.8882, -80264.531250, 0.375159259259
TRP, 2, 28.800, 0.846383, -79288.117188, 0.314955555556
TYR, 7, 25.648, 0.814447, -79872.351562, 0.270355555556
VAL, 4, 26.771, 0.850195, -80649.265625, 0.221659259259
