AMINO ACID, DSSP, SASA, GYRATE, ENERGY, RMSF
ALA, 4, 24.000, 0.791394, -80642.406250, 0.251659259259
ARG, 6, 26.860, 0.849722, -80892.109375, 0.298462962963
ASN, 10, 26.216, 0.827211, -79980.867188, 0.210481481481
ASP, 10, 25.197, 0.819017, -79748.757812, 0.207903703704
CYS, 6, 29.825, 0.86733, -80118.328125, 0.307162962963
GLN, 4, 30.523, 0.904897, -80766.429688, 0.290562962963
GLU, 8, 25.693, 0.829828, -80533.906250, 0.207940740741
GLY, 7, 25.574, 0.823286, -81327.515625, 0.230159259259
HIS, 8, 27.978, 0.855846, -80677.703125, 0.336788888889
ILE, 7, 26.018, 0.814258, -80274.437500, 0.278788888889
LEU, 4, 30.498, 0.909778, -80198.953125, 0.349325925926
LYS, 10, 26.306, 0.819089, -80366.765625, 0.242707407407
MET, 10, 26.162, 0.831412, -80972.359375, 0.221622222222
PHE, 6, 25.106, 0.811087, -80127.015625, 0.339081481481
PRO, 9, 26.049, 0.826686, -80082.851562, 0.268974074074
SER, 4, 24.996, 0.813231, -81045.234375, 0.234703703704
THR, 8, 28.092, 0.882361, -80728.687500, 0.375159259259
TRP, 0, 28.189, 0.843197, -80299.062500, 0.314955555556
TYR, 9, 25.644, 0.809244, -80915.031250, 0.270355555556
VAL, 4, 25.209, 0.841207, -80404.390625, 0.221659259259
