AMINO ACID, DSSP, SASA, GYRATE, ENERGY, RMSF
ALA, 6, 24.727, 0.802376, -80540.265625, 0.251659259259
ARG, 8, 28.956, 0.850468, -80436.609375, 0.298462962963
ASN, 10, 28.396, 0.852422, -80656.132812, 0.210481481481
ASP, 8, 26.598, 0.815091, -80853.851562, 0.207903703704
CYS, 8, 28.785, 0.864006, -80306.031250, 0.307162962963
GLN, 4, 29.683, 0.903631, -81030.007812, 0.290562962963
GLU, 11, 26.214, 0.823914, -79653.007812, 0.207940740741
GLY, 7, 24.282, 0.801861, -81308.187500, 0.230159259259
HIS, 6, 26.373, 0.829896, -79672.382812, 0.336788888889
ILE, 10, 24.819, 0.805385, -80342.953125, 0.278788888889
LEU, 2, 31.666, 0.931205, -81073.078125, 0.349325925926
LYS, 10, 28.725, 0.815159, -80645.585938, 0.242707407407
MET, 8, 25.928, 0.815905, -80502.953125, 0.221622222222
PHE, 9, 26.186, 0.831681, -79707.570312, 0.339081481481
PRO, 12, 22.897, 0.802537, -80453.500000, 0.268974074074
SER, 4, 25.161, 0.817662, -80727.718750, 0.234703703704
THR, 4, 28.621, 0.873848, -80676.140625, 0.375159259259
TRP, 2, 29.743, 0.862007, -80470.796875, 0.314955555556
TYR, 9, 26.991, 0.815855, -79595.656250, 0.270355555556
VAL, 4, 25.383, 0.839101, -79664.101562, 0.221659259259
