AMINO ACID, DSSP, SASA, GYRATE, ENERGY, RMSF
ALA, 6, 23.737, 0.786352, -80545.382812, 0.251659259259
ARG, 10, 26.237, 0.828961, -80511.859375, 0.298462962963
ASN, 8, 27.156, 0.829017, -80269.187500, 0.210481481481
ASP, 10, 26.961, 0.808902, -79902.664062, 0.207903703704
CYS, 7, 28.314, 0.839024, -79170.718750, 0.307162962963
GLN, 4, 29.236, 0.91677, -80172.078125, 0.290562962963
GLU, 8, 25.921, 0.822611, -80632.757812, 0.207940740741
GLY, 7, 23.789, 0.795894, -80335.937500, 0.230159259259
HIS, 6, 26.335, 0.824471, -80474.781250, 0.336788888889
ILE, 7, 25.476, 0.806794, -79395.921875, 0.278788888889
LEU, 2, 28.457, 0.927699, -79311.695312, 0.349325925926
LYS, 6, 26.400, 0.811136, -80977.390625, 0.242707407407
MET, 7, 26.459, 0.833836, -80043.132812, 0.221622222222
PHE, 8, 26.483, 0.826259, -78673.937500, 0.339081481481
PRO, 12, 24.732, 0.804088, -79374.648438, 0.268974074074
SER, 4, 25.446, 0.815244, -79533.742188, 0.234703703704
THR, 2, 27.488, 0.891005, -80595.257812, 0.375159259259
TRP, 0, 28.628, 0.854637, -79902.515625, 0.314955555556
TYR, 5, 27.593, 0.848256, -79803.851562, 0.270355555556
VAL, 4, 26.496, 0.840816, -80357.296875, 0.221659259259
