AMINO ACID, DSSP, SASA, GYRATE, ENERGY, RMSF
ALA, 4, 25.218, 0.793556, -80416.437500, 0.251659259259
ARG, 8, 27.139, 0.8316, -81227.625000, 0.298462962963
ASN, 8, 27.014, 0.831397, -80153.656250, 0.210481481481
ASP, 11, 26.394, 0.819252, -79411.414062, 0.207903703704
CYS, 6, 27.814, 0.834449, -80616.937500, 0.307162962963
GLN, 6, 28.007, 0.893127, -79916.640625, 0.290562962963
GLU, 4, 25.160, 0.812515, -79646.156250, 0.207940740741
GLY, 7, 24.989, 0.814084, -79618.562500, 0.230159259259
HIS, 6, 25.938, 0.834664, -79061.218750, 0.336788888889
ILE, 7, 25.734, 0.816419, -80350.312500, 0.278788888889
LEU, 2, 27.935, 0.940471, -80033.296875, 0.349325925926
LYS, 8, 26.051, 0.807282, -80746.984375, 0.242707407407
MET, 10, 25.916, 0.820575, -80657.984375, 0.221622222222
PHE, 7, 26.042, 0.82225, -79843.101562, 0.339081481481
PRO, 8, 25.204, 0.802005, -80802.453125, 0.268974074074
SER, 2, 25.583, 0.818403, -79847.976562, 0.234703703704
THR, 6, 27.620, 0.874048, -80874.726562, 0.375159259259
TRP, 0, 28.309, 0.856065, -79366.000000, 0.314955555556
TYR, 3, 28.433, 0.859248, -79651.812500, 0.270355555556
VAL, 4, 27.107, 0.843365, -80035.445312, 0.221659259259
