AMINO ACID, DSSP, SASA, GYRATE, ENERGY, RMSF
ALA, 4, 23.601, 0.791961, -80247.203125, 0.251659259259
ARG, 8, 26.533, 0.833141, -80027.968750, 0.298462962963
ASN, 6, 26.210, 0.816369, -79876.421875, 0.210481481481
ASP, 8, 27.546, 0.827115, -80233.750000, 0.207903703704
CYS, 6, 27.810, 0.839914, -80316.031250, 0.307162962963
GLN, 6, 29.746, 0.892911, -80213.796875, 0.290562962963
GLU, 8, 24.928, 0.827034, -80112.718750, 0.207940740741
GLY, 7, 26.112, 0.811302, -80767.820312, 0.230159259259
HIS, 7, 26.032, 0.823707, -80043.843750, 0.336788888889
ILE, 10, 25.710, 0.806759, -79753.265625, 0.278788888889
LEU, 2, 28.850, 0.953788, -80562.859375, 0.349325925926
LYS, 10, 25.350, 0.806119, -80074.312500, 0.242707407407
MET, 10, 25.584, 0.839006, -79626.648438, 0.221622222222
PHE, 5, 25.513, 0.816898, -80057.187500, 0.339081481481
PRO, 10, 24.349, 0.79628, -79875.070312, 0.268974074074
SER, 5, 25.085, 0.813887, -80763.953125, 0.234703703704
THR, 10, 28.699, 0.893892, -79786.757812, 0.375159259259
TRP, 2, 27.244, 0.843145, -79719.132812, 0.314955555556
TYR, 3, 27.761, 0.849925, -79806.125000, 0.270355555556
VAL, 6, 26.883, 0.84582, -80213.875000, 0.221659259259
