AMINO ACID, DSSP, SASA, GYRATE, ENERGY, RMSF
ALA, 4, 23.764, 0.789095, -81058.273438, 0.251659259259
ARG, 8, 27.558, 0.835241, -80945.125000, 0.298462962963
ASN, 4, 25.585, 0.814412, -80608.953125, 0.210481481481
ASP, 10, 26.366, 0.820643, -80644.468750, 0.207903703704
CYS, 7, 25.644, 0.831998, -80257.187500, 0.307162962963
GLN, 6, 29.714, 0.896686, -81030.125000, 0.290562962963
GLU, 8, 25.372, 0.809025, -79953.273438, 0.207940740741
GLY, 7, 25.735, 0.818214, -80656.578125, 0.230159259259
HIS, 6, 27.048, 0.836378, -79790.640625, 0.336788888889
ILE, 10, 25.655, 0.808304, -80847.390625, 0.278788888889
LEU, 4, 27.249, 0.936672, -80156.921875, 0.349325925926
LYS, 16, 27.489, 0.819832, -80125.984375, 0.242707407407
MET, 7, 26.203, 0.829871, -81333.093750, 0.221622222222
PHE, 5, 25.408, 0.807961, -80089.406250, 0.339081481481
PRO, 12, 24.151, 0.799894, -79804.820312, 0.268974074074
SER, 4, 26.130, 0.818802, -80803.859375, 0.234703703704
THR, 7, 27.319, 0.87535, -80957.460938, 0.375159259259
TRP, 0, 27.138, 0.848546, -79811.023438, 0.314955555556
TYR, 3, 28.359, 0.830506, -80233.640625, 0.270355555556
VAL, 4, 26.613, 0.853594, -80700.500000, 0.221659259259
