AMINO ACID, DSSP, SASA, GYRATE, ENERGY, RMSF
ALA, 6, 24.311, 0.796797, -80066.421875, 0.251659259259
ARG, 6, 26.657, 0.835266, -81476.148438, 0.298462962963
ASN, 6, 26.587, 0.816385, -80593.664062, 0.210481481481
ASP, 10, 27.450, 0.827622, -80676.976562, 0.207903703704
CYS, 7, 26.655, 0.833443, -80823.257812, 0.307162962963
GLN, 7, 28.798, 0.910255, -79815.078125, 0.290562962963
GLU, 6, 25.666, 0.827416, -80407.453125, 0.207940740741
GLY, 7, 24.147, 0.799708, -79752.625000, 0.230159259259
HIS, 9, 27.503, 0.849095, -79466.859375, 0.336788888889
ILE, 7, 23.590, 0.794579, -81516.523438, 0.278788888889
LEU, 4, 28.313, 0.914282, -80164.515625, 0.349325925926
LYS, 8, 28.788, 0.836829, -80265.718750, 0.242707407407
MET, 10, 26.098, 0.83827, -79294.328125, 0.221622222222
PHE, 7, 25.193, 0.812293, -80353.296875, 0.339081481481
PRO, 5, 25.791, 0.819144, -79751.375000, 0.268974074074
SER, 4, 25.915, 0.823074, -80610.875000, 0.234703703704
THR, 4, 27.267, 0.872055, -80164.710938, 0.375159259259
TRP, 2, 28.675, 0.855463, -79887.132812, 0.314955555556
TYR, 5, 29.824, 0.857553, -80186.085938, 0.270355555556
VAL, 4, 25.941, 0.829755, -79835.718750, 0.221659259259
