AMINO ACID, DSSP, SASA, GYRATE, ENERGY, RMSF
ALA, 6, 24.599, 0.786738, -80039.328125, 0.251659259259
ARG, 6, 27.259, 0.845132, -80597.890625, 0.298462962963
ASN, 11, 25.810, 0.811391, -79683.539062, 0.210481481481
ASP, 10, 24.793, 0.809736, -80126.296875, 0.207903703704
CYS, 9, 26.299, 0.825382, -80223.218750, 0.307162962963
GLN, 2, 26.511, 0.87712, -79852.328125, 0.290562962963
GLU, 8, 24.837, 0.824479, -80357.257812, 0.207940740741
GLY, 7, 24.248, 0.794788, -81017.218750, 0.230159259259
HIS, 9, 26.040, 0.835282, -80650.984375, 0.336788888889
ILE, 7, 25.591, 0.803156, -80393.007812, 0.278788888889
LEU, 2, 26.992, 0.8875, -80610.195312, 0.349325925926
LYS, 8, 28.673, 0.850242, -81058.968750, 0.242707407407
MET, 10, 26.471, 0.835363, -79804.859375, 0.221622222222
PHE, 7, 26.196, 0.819166, -79626.015625, 0.339081481481
PRO, 9, 25.647, 0.828302, -79710.093750, 0.268974074074
SER, 2, 24.775, 0.808479, -80379.500000, 0.234703703704
THR, 8, 27.895, 0.893659, -79915.562500, 0.375159259259
TRP, 0, 29.369, 0.854739, -79954.859375, 0.314955555556
TYR, 3, 30.164, 0.856523, -80810.953125, 0.270355555556
VAL, 4, 26.685, 0.829357, -79282.257812, 0.221659259259
