AMINO ACID, DSSP, SASA, GYRATE, ENERGY, RMSF
ALA, 6, 24.267, 0.79393, -80227.656250, 0.251659259259
ARG, 4, 26.999, 0.836212, -81159.773438, 0.298462962963
ASN, 12, 26.177, 0.811114, -79261.750000, 0.210481481481
ASP, 11, 27.164, 0.827448, -79551.578125, 0.207903703704
CYS, 7, 26.779, 0.833561, -80701.015625, 0.307162962963
GLN, 6, 26.555, 0.87603, -80241.562500, 0.290562962963
GLU, 8, 24.971, 0.823315, -80228.742188, 0.207940740741
GLY, 7, 25.028, 0.793041, -80316.585938, 0.230159259259
HIS, 6, 25.388, 0.83226, -79742.757812, 0.336788888889
ILE, 7, 24.626, 0.802881, -79763.281250, 0.278788888889
LEU, 4, 27.450, 0.905033, -79879.546875, 0.349325925926
LYS, 6, 28.042, 0.844636, -80616.218750, 0.242707407407
MET, 10, 25.284, 0.816402, -79535.078125, 0.221622222222
PHE, 5, 25.932, 0.816076, -80396.781250, 0.339081481481
PRO, 12, 23.730, 0.81731, -81048.390625, 0.268974074074
SER, 4, 26.560, 0.818327, -80317.265625, 0.234703703704
THR, 6, 27.802, 0.894455, -79854.335938, 0.375159259259
TRP, 0, 30.975, 0.848738, -78987.375000, 0.314955555556
TYR, 3, 30.147, 0.87022, -80167.609375, 0.270355555556
VAL, 6, 26.016, 0.834643, -80035.257812, 0.221659259259
