AMINO ACID, DSSP, SASA, GYRATE, ENERGY, RMSF
ALA, 6, 24.513, 0.801336, -79162.765625, 0.251659259259
ARG, 10, 27.174, 0.831985, -80432.960938, 0.298462962963
ASN, 9, 24.816, 0.803576, -79683.585938, 0.210481481481
ASP, 10, 26.203, 0.829309, -80219.187500, 0.207903703704
CYS, 8, 26.984, 0.836173, -81034.328125, 0.307162962963
GLN, 6, 28.278, 0.884236, -81007.351562, 0.290562962963
GLU, 6, 26.269, 0.832636, -80585.437500, 0.207940740741
GLY, 7, 25.154, 0.819667, -79523.898438, 0.230159259259
HIS, 4, 26.793, 0.846288, -79700.695312, 0.336788888889
ILE, 9, 25.956, 0.80875, -80461.882812, 0.278788888889
LEU, 0, 28.150, 0.89217, -80512.390625, 0.349325925926
LYS, 6, 27.196, 0.82423, -79956.609375, 0.242707407407
MET, 8, 25.972, 0.813058, -80563.015625, 0.221622222222
PHE, 7, 24.883, 0.812341, -80682.703125, 0.339081481481
PRO, 10, 24.511, 0.810069, -80826.968750, 0.268974074074
SER, 4, 24.925, 0.806781, -80445.031250, 0.234703703704
THR, 4, 26.746, 0.883401, -80009.460938, 0.375159259259
TRP, 0, 29.011, 0.852417, -79656.875000, 0.314955555556
TYR, 3, 30.890, 0.866682, -79606.750000, 0.270355555556
VAL, 6, 26.424, 0.834181, -79498.828125, 0.221659259259
