AMINO ACID, DSSP, SASA, GYRATE, ENERGY, RMSF
ALA, 4, 28.827, 0.852196, -80273.398438, 0.251659259259
ARG, 8, 28.740, 0.846689, -80468.804688, 0.298462962963
ASN, 8, 29.323, 0.851271, -80295.328125, 0.210481481481
ASP, 9, 27.004, 0.829607, -79958.070312, 0.207903703704
CYS, 10, 28.636, 0.878089, -79677.859375, 0.307162962963
GLN, 4, 26.705, 0.822618, -80121.156250, 0.290562962963
GLU, 7, 27.896, 0.829477, -80116.351562, 0.207940740741
GLY, 11, 23.096, 0.830533, -80164.531250, 0.230159259259
HIS, 4, 26.264, 0.829172, -79646.109375, 0.336788888889
ILE, 8, 26.338, 0.824988, -79638.312500, 0.278788888889
LEU, 10, 26.975, 0.819023, -79633.468750, 0.349325925926
LYS, 7, 27.320, 0.839872, -81128.351562, 0.242707407407
MET, 7, 26.817, 0.825269, -80988.031250, 0.221622222222
PHE, 7, 24.289, 0.797624, -80099.570312, 0.339081481481
PRO, 8, 26.086, 0.847374, -79591.703125, 0.268974074074
SER, 10, 24.148, 0.796131, -80200.109375, 0.234703703704
THR, 6, 26.565, 0.825831, -79836.671875, 0.375159259259
TRP, 4, 26.911, 0.845152, -81306.531250, 0.314955555556
TYR, 9, 28.151, 0.863548, -80886.718750, 0.270355555556
VAL, 8, 26.913, 0.829831, -80311.664062, 0.221659259259
