AMINO ACID, DSSP, SASA, GYRATE, ENERGY, RMSF
ALA, 6, 24.366, 0.808553, -81001.257812, 0.251659259259
ARG, 10, 26.745, 0.84363, -80405.898438, 0.298462962963
ASN, 12, 23.886, 0.793441, -80449.390625, 0.210481481481
ASP, 10, 26.862, 0.833124, -79635.031250, 0.207903703704
CYS, 8, 29.433, 0.879792, -80640.617188, 0.307162962963
GLN, 6, 27.384, 0.887639, -79294.867188, 0.290562962963
GLU, 8, 25.793, 0.823446, -79174.031250, 0.207940740741
GLY, 9, 24.699, 0.800681, -80832.656250, 0.230159259259
HIS, 8, 27.610, 0.829948, -79897.218750, 0.336788888889
ILE, 4, 25.929, 0.80832, -80272.085938, 0.278788888889
LEU, 4, 28.172, 0.898057, -81541.468750, 0.349325925926
LYS, 6, 27.141, 0.833912, -81558.390625, 0.242707407407
MET, 10, 25.764, 0.821702, -80402.789062, 0.221622222222
PHE, 5, 26.362, 0.824097, -80429.671875, 0.339081481481
PRO, 7, 25.048, 0.824602, -79498.078125, 0.268974074074
SER, 4, 25.640, 0.81842, -80750.265625, 0.234703703704
THR, 4, 28.610, 0.895541, -80744.203125, 0.375159259259
TRP, 2, 27.412, 0.832654, -80041.164062, 0.314955555556
TYR, 5, 30.370, 0.865771, -79624.609375, 0.270355555556
VAL, 4, 27.304, 0.843284, -79266.429688, 0.221659259259
