AMINO ACID, DSSP, SASA, GYRATE, ENERGY, RMSF
ALA, 6, 25.405, 0.810272, -80561.250000, 0.251659259259
ARG, 6, 28.307, 0.846216, -80297.281250, 0.298462962963
ASN, 10, 24.432, 0.787083, -81044.382812, 0.210481481481
ASP, 8, 25.818, 0.832579, -79698.828125, 0.207903703704
CYS, 8, 28.194, 0.857059, -79994.484375, 0.307162962963
GLN, 4, 26.741, 0.870484, -80733.632812, 0.290562962963
GLU, 8, 25.683, 0.82545, -79694.468750, 0.207940740741
GLY, 7, 25.389, 0.805992, -79865.007812, 0.230159259259
HIS, 6, 27.608, 0.831377, -80246.070312, 0.336788888889
ILE, 10, 26.055, 0.818009, -80182.585938, 0.278788888889
LEU, 4, 29.073, 0.919971, -79432.367188, 0.349325925926
LYS, 10, 27.904, 0.827435, -81493.453125, 0.242707407407
MET, 10, 24.898, 0.811902, -79786.562500, 0.221622222222
PHE, 7, 25.964, 0.820488, -79870.421875, 0.339081481481
PRO, 11, 24.583, 0.8249, -80160.937500, 0.268974074074
SER, 4, 25.508, 0.818435, -81046.328125, 0.234703703704
THR, 11, 28.689, 0.884873, -80633.937500, 0.375159259259
TRP, 0, 27.555, 0.842319, -80304.742188, 0.314955555556
TYR, 9, 29.638, 0.857721, -79724.453125, 0.270355555556
VAL, 4, 26.473, 0.835474, -80301.031250, 0.221659259259
