AMINO ACID, DSSP, SASA, GYRATE, ENERGY, RMSF
ALA, 4, 26.070, 0.804597, -80357.781250, 0.251659259259
ARG, 6, 27.070, 0.831966, -80851.734375, 0.298462962963
ASN, 15, 24.941, 0.800415, -80669.546875, 0.210481481481
ASP, 8, 25.845, 0.826855, -80766.773438, 0.207903703704
CYS, 8, 27.600, 0.843511, -79833.460938, 0.307162962963
GLN, 4, 27.496, 0.889136, -80873.937500, 0.290562962963
GLU, 6, 24.609, 0.812447, -80111.015625, 0.207940740741
GLY, 7, 25.425, 0.806815, -81906.101562, 0.230159259259
HIS, 11, 26.567, 0.830145, -80089.445312, 0.336788888889
ILE, 10, 25.973, 0.818236, -80004.671875, 0.278788888889
LEU, 2, 28.407, 0.89735, -79821.781250, 0.349325925926
LYS, 6, 26.161, 0.814249, -81531.164062, 0.242707407407
MET, 9, 25.292, 0.81752, -79449.195312, 0.221622222222
PHE, 5, 25.925, 0.815005, -79999.429688, 0.339081481481
PRO, 11, 25.327, 0.821656, -79801.531250, 0.268974074074
SER, 4, 26.374, 0.82631, -81005.382812, 0.234703703704
THR, 8, 27.322, 0.870676, -80837.062500, 0.375159259259
TRP, 0, 26.898, 0.841293, -80423.304688, 0.314955555556
TYR, 8, 28.548, 0.841848, -79945.687500, 0.270355555556
VAL, 4, 26.380, 0.82617, -80096.359375, 0.221659259259
