AMINO ACID, DSSP, SASA, GYRATE, ENERGY, RMSF
ALA, 6, 25.584, 0.799027, -80962.515625, 0.251659259259
ARG, 8, 26.050, 0.823395, -81326.984375, 0.298462962963
ASN, 10, 24.989, 0.796168, -80382.703125, 0.210481481481
ASP, 12, 25.831, 0.821032, -79810.351562, 0.207903703704
CYS, 6, 25.808, 0.822683, -80202.726562, 0.307162962963
GLN, 6, 25.725, 0.881136, -80319.281250, 0.290562962963
GLU, 6, 26.578, 0.832855, -78984.046875, 0.207940740741
GLY, 9, 24.782, 0.798742, -79825.476562, 0.230159259259
HIS, 9, 28.307, 0.838881, -79787.843750, 0.336788888889
ILE, 7, 25.184, 0.811114, -80435.414062, 0.278788888889
LEU, 4, 29.315, 0.90143, -80626.554688, 0.349325925926
LYS, 8, 27.224, 0.832464, -80643.484375, 0.242707407407
MET, 10, 25.290, 0.812394, -79890.812500, 0.221622222222
PHE, 7, 26.670, 0.822215, -80611.734375, 0.339081481481
PRO, 11, 25.676, 0.814401, -79542.625000, 0.268974074074
SER, 2, 25.150, 0.814345, -80925.921875, 0.234703703704
THR, 8, 27.511, 0.902638, -80188.000000, 0.375159259259
TRP, 2, 28.143, 0.833182, -79686.601562, 0.314955555556
TYR, 7, 28.530, 0.844259, -79496.109375, 0.270355555556
VAL, 4, 25.525, 0.83049, -79960.773438, 0.221659259259
