AMINO ACID, DSSP, SASA, GYRATE, ENERGY, RMSF
ALA, 6, 25.846, 0.808113, -79723.257812, 0.251659259259
ARG, 10, 27.549, 0.837964, -81352.687500, 0.298462962963
ASN, 12, 25.019, 0.792919, -80097.554688, 0.210481481481
ASP, 10, 25.508, 0.827859, -80115.015625, 0.207903703704
CYS, 6, 29.376, 0.860835, -79672.570312, 0.307162962963
GLN, 6, 26.907, 0.898284, -80586.953125, 0.290562962963
GLU, 8, 26.213, 0.83177, -80717.984375, 0.207940740741
GLY, 7, 25.965, 0.817994, -80656.125000, 0.230159259259
HIS, 10, 29.147, 0.852867, -80171.484375, 0.336788888889
ILE, 7, 25.900, 0.810346, -78987.250000, 0.278788888889
LEU, 6, 27.443, 0.888233, -80564.648438, 0.349325925926
LYS, 12, 26.812, 0.821866, -80446.265625, 0.242707407407
MET, 9, 24.648, 0.81022, -79625.390625, 0.221622222222
PHE, 8, 25.328, 0.818316, -80482.625000, 0.339081481481
PRO, 9, 25.506, 0.828773, -79770.921875, 0.268974074074
SER, 4, 25.036, 0.819298, -80692.515625, 0.234703703704
THR, 4, 28.674, 0.901469, -80097.562500, 0.375159259259
TRP, 2, 28.318, 0.849938, -80488.062500, 0.314955555556
TYR, 7, 26.628, 0.833203, -79731.617188, 0.270355555556
VAL, 4, 26.892, 0.833778, -80216.773438, 0.221659259259
