AMINO ACID, DSSP, SASA, GYRATE, ENERGY, RMSF
ALA, 4, 24.731, 0.803388, -80376.546875, 0.251659259259
ARG, 6, 26.723, 0.847782, -79912.765625, 0.298462962963
ASN, 6, 24.119, 0.800599, -80710.000000, 0.210481481481
ASP, 10, 27.008, 0.833931, -81027.984375, 0.207903703704
CYS, 6, 28.538, 0.837234, -79999.015625, 0.307162962963
GLN, 4, 28.269, 0.920164, -80910.414062, 0.290562962963
GLU, 6, 24.857, 0.815822, -80289.757812, 0.207940740741
GLY, 7, 26.001, 0.811724, -80302.328125, 0.230159259259
HIS, 8, 28.275, 0.864921, -80668.906250, 0.336788888889
ILE, 7, 23.888, 0.795821, -80248.359375, 0.278788888889
LEU, 6, 31.154, 0.896915, -80022.039062, 0.349325925926
LYS, 9, 25.619, 0.811997, -80838.445312, 0.242707407407
MET, 10, 26.169, 0.832065, -80669.773438, 0.221622222222
PHE, 6, 26.380, 0.816812, -79845.382812, 0.339081481481
PRO, 8, 26.067, 0.84278, -79078.312500, 0.268974074074
SER, 4, 25.005, 0.815035, -80023.281250, 0.234703703704
THR, 4, 28.497, 0.938511, -80833.562500, 0.375159259259
TRP, 2, 26.276, 0.830532, -79862.296875, 0.314955555556
TYR, 7, 28.006, 0.855462, -80478.906250, 0.270355555556
VAL, 4, 26.674, 0.859314, -80036.953125, 0.221659259259
