AMINO ACID, DSSP, SASA, GYRATE, ENERGY, RMSF
ALA, 6, 25.362, 0.804543, -79927.484375, 0.251659259259
ARG, 6, 26.274, 0.835269, -80231.203125, 0.298462962963
ASN, 10, 25.832, 0.806501, -80159.023438, 0.210481481481
ASP, 8, 26.693, 0.827977, -80182.421875, 0.207903703704
CYS, 7, 28.339, 0.835128, -80305.796875, 0.307162962963
GLN, 6, 28.990, 0.913979, -79733.125000, 0.290562962963
GLU, 8, 24.627, 0.817888, -81163.625000, 0.207940740741
GLY, 7, 24.880, 0.809943, -80182.328125, 0.230159259259
HIS, 4, 29.434, 0.867875, -80819.453125, 0.336788888889
ILE, 7, 24.156, 0.788427, -81055.234375, 0.278788888889
LEU, 5, 31.053, 0.919944, -80775.117188, 0.349325925926
LYS, 6, 25.789, 0.807536, -80960.085938, 0.242707407407
MET, 10, 26.288, 0.822036, -80749.039062, 0.221622222222
PHE, 9, 25.295, 0.816943, -80014.843750, 0.339081481481
PRO, 8, 26.160, 0.842617, -80061.125000, 0.268974074074
SER, 2, 25.055, 0.808614, -80652.390625, 0.234703703704
THR, 8, 28.563, 0.907216, -80085.953125, 0.375159259259
TRP, 4, 27.933, 0.835881, -79498.484375, 0.314955555556
TYR, 9, 28.212, 0.839878, -79832.250000, 0.270355555556
VAL, 8, 27.398, 0.864038, -79774.421875, 0.221659259259
