AMINO ACID, DSSP, SASA, GYRATE, ENERGY, RMSF
ALA, 4, 25.714, 0.799953, -79510.242188, 0.251659259259
ARG, 6, 26.807, 0.83883, -80876.710938, 0.298462962963
ASN, 10, 25.736, 0.820208, -80084.164062, 0.210481481481
ASP, 10, 26.320, 0.823739, -79881.539062, 0.207903703704
CYS, 6, 27.444, 0.838754, -79653.812500, 0.307162962963
GLN, 4, 28.400, 0.898158, -80408.703125, 0.290562962963
GLU, 6, 26.161, 0.828517, -80726.039062, 0.207940740741
GLY, 7, 25.757, 0.814652, -80772.593750, 0.230159259259
HIS, 6, 30.115, 0.85883, -79666.531250, 0.336788888889
ILE, 7, 25.626, 0.806992, -79584.664062, 0.278788888889
LEU, 11, 29.467, 0.883792, -79709.093750, 0.349325925926
LYS, 9, 24.952, 0.795623, -80415.828125, 0.242707407407
MET, 8, 25.049, 0.83028, -81418.906250, 0.221622222222
PHE, 5, 26.253, 0.818363, -80316.312500, 0.339081481481
PRO, 9, 26.876, 0.84138, -80184.890625, 0.268974074074
SER, 4, 25.354, 0.811572, -80054.945312, 0.234703703704
THR, 8, 27.084, 0.906466, -80705.625000, 0.375159259259
TRP, 6, 27.510, 0.841263, -80343.000000, 0.314955555556
TYR, 10, 26.708, 0.818207, -80100.570312, 0.270355555556
VAL, 4, 25.616, 0.830934, -80715.015625, 0.221659259259
