AMINO ACID, DSSP, SASA, GYRATE, ENERGY, RMSF
ALA, 4, 27.556, 0.818974, -80832.484375, 0.251659259259
ARG, 4, 27.400, 0.850577, -80383.085938, 0.298462962963
ASN, 8, 25.977, 0.803449, -80355.218750, 0.210481481481
ASP, 8, 25.634, 0.808297, -80979.335938, 0.207903703704
CYS, 8, 26.676, 0.829542, -79606.984375, 0.307162962963
GLN, 6, 28.237, 0.89678, -80048.609375, 0.290562962963
GLU, 2, 27.529, 0.848556, -80093.406250, 0.207940740741
GLY, 7, 26.906, 0.825491, -80780.031250, 0.230159259259
HIS, 10, 28.677, 0.867037, -80627.671875, 0.336788888889
ILE, 5, 26.165, 0.811604, -80973.250000, 0.278788888889
LEU, 5, 28.188, 0.883507, -79459.312500, 0.349325925926
LYS, 9, 25.333, 0.789403, -80276.320312, 0.242707407407
MET, 8, 25.476, 0.817463, -79835.242188, 0.221622222222
PHE, 4, 27.064, 0.832092, -79830.640625, 0.339081481481
PRO, 7, 26.030, 0.833323, -80618.281250, 0.268974074074
SER, 4, 24.552, 0.810692, -80368.359375, 0.234703703704
THR, 8, 28.123, 0.921114, -81112.914062, 0.375159259259
TRP, 2, 27.075, 0.84697, -80682.812500, 0.314955555556
TYR, 12, 27.229, 0.813074, -79072.523438, 0.270355555556
VAL, 4, 26.922, 0.846461, -80426.109375, 0.221659259259
