AMINO ACID, DSSP, SASA, GYRATE, ENERGY, RMSF
ALA, 6, 26.239, 0.821538, -79564.093750, 0.251659259259
ARG, 4, 27.266, 0.851004, -80367.507812, 0.298462962963
ASN, 8, 24.844, 0.807404, -80258.898438, 0.210481481481
ASP, 8, 26.888, 0.820635, -80095.375000, 0.207903703704
CYS, 6, 26.399, 0.828423, -80171.343750, 0.307162962963
GLN, 6, 26.906, 0.890073, -80691.515625, 0.290562962963
GLU, 6, 25.626, 0.817399, -80221.085938, 0.207940740741
GLY, 7, 26.099, 0.817456, -79539.468750, 0.230159259259
HIS, 12, 26.648, 0.838086, -80049.562500, 0.336788888889
ILE, 4, 25.350, 0.805742, -80238.906250, 0.278788888889
LEU, 8, 28.148, 0.897458, -80129.656250, 0.349325925926
LYS, 2, 26.993, 0.817365, -80491.710938, 0.242707407407
MET, 8, 25.633, 0.826236, -80644.273438, 0.221622222222
PHE, 8, 26.150, 0.823822, -80137.679688, 0.339081481481
PRO, 7, 25.397, 0.827862, -80090.359375, 0.268974074074
SER, 4, 25.433, 0.806975, -80665.953125, 0.234703703704
THR, 4, 27.164, 0.89636, -79578.968750, 0.375159259259
TRP, 4, 26.789, 0.836377, -79989.203125, 0.314955555556
TYR, 11, 27.561, 0.82132, -80343.953125, 0.270355555556
VAL, 4, 26.854, 0.84989, -80169.062500, 0.221659259259
