AMINO ACID, DSSP, SASA, GYRATE, ENERGY, RMSF
ALA, 6, 27.837, 0.842612, -79972.296875, 0.251659259259
ARG, 6, 28.811, 0.842817, -80150.750000, 0.298462962963
ASN, 8, 29.300, 0.858634, -80474.875000, 0.210481481481
ASP, 9, 26.295, 0.821202, -80548.328125, 0.207903703704
CYS, 10, 29.399, 0.870068, -80073.562500, 0.307162962963
GLN, 2, 27.981, 0.821186, -80500.929688, 0.290562962963
GLU, 5, 26.265, 0.823543, -80084.843750, 0.207940740741
GLY, 10, 24.872, 0.828124, -80246.984375, 0.230159259259
HIS, 6, 26.087, 0.823523, -80436.656250, 0.336788888889
ILE, 6, 26.192, 0.834427, -81366.421875, 0.278788888889
LEU, 9, 26.768, 0.830879, -80671.867188, 0.349325925926
LYS, 5, 28.868, 0.847524, -80514.984375, 0.242707407407
MET, 7, 26.976, 0.824715, -80168.468750, 0.221622222222
PHE, 10, 23.571, 0.801575, -79390.773438, 0.339081481481
PRO, 6, 26.303, 0.832735, -79639.179688, 0.268974074074
SER, 8, 26.617, 0.812684, -79666.875000, 0.234703703704
THR, 9, 26.528, 0.829006, -80546.382812, 0.375159259259
TRP, 6, 27.477, 0.837045, -79908.218750, 0.314955555556
TYR, 11, 27.401, 0.860812, -79476.546875, 0.270355555556
VAL, 10, 27.765, 0.836614, -80826.390625, 0.221659259259
