AMINO ACID, DSSP, SASA, GYRATE, ENERGY, RMSF
ALA, 4, 27.225, 0.821749, -80336.210938, 0.251659259259
ARG, 4, 27.299, 0.846812, -80255.500000, 0.298462962963
ASN, 10, 24.966, 0.804082, -80302.031250, 0.210481481481
ASP, 8, 26.891, 0.8234, -79765.664062, 0.207903703704
CYS, 5, 27.209, 0.837286, -80223.914062, 0.307162962963
GLN, 9, 27.743, 0.873768, -79834.781250, 0.290562962963
GLU, 4, 25.368, 0.827362, -79004.359375, 0.207940740741
GLY, 7, 26.037, 0.825904, -81741.328125, 0.230159259259
HIS, 8, 28.867, 0.864066, -80465.960938, 0.336788888889
ILE, 7, 26.170, 0.80574, -81294.359375, 0.278788888889
LEU, 5, 29.294, 0.919606, -79737.875000, 0.349325925926
LYS, 7, 27.522, 0.824112, -80481.234375, 0.242707407407
MET, 10, 25.786, 0.822802, -79506.562500, 0.221622222222
PHE, 7, 25.906, 0.81976, -80332.687500, 0.339081481481
PRO, 7, 26.293, 0.831232, -79726.585938, 0.268974074074
SER, 2, 25.262, 0.812734, -79400.718750, 0.234703703704
THR, 7, 25.891, 0.885032, -80839.265625, 0.375159259259
TRP, 4, 27.899, 0.850788, -80260.039062, 0.314955555556
TYR, 10, 26.831, 0.811257, -80171.351562, 0.270355555556
VAL, 4, 27.132, 0.853415, -79704.671875, 0.221659259259
