AMINO ACID, DSSP, SASA, GYRATE, ENERGY, RMSF
ALA, 6, 26.597, 0.82614, -80522.289062, 0.251659259259
ARG, 4, 26.502, 0.828205, -80700.570312, 0.298462962963
ASN, 12, 24.383, 0.797292, -79979.664062, 0.210481481481
ASP, 8, 26.686, 0.832466, -79283.148438, 0.207903703704
CYS, 9, 26.896, 0.826383, -79976.562500, 0.307162962963
GLN, 7, 28.459, 0.885046, -79644.843750, 0.290562962963
GLU, 4, 25.489, 0.81228, -80467.265625, 0.207940740741
GLY, 7, 26.107, 0.835645, -79563.562500, 0.230159259259
HIS, 8, 27.458, 0.853517, -79926.945312, 0.336788888889
ILE, 10, 24.405, 0.789993, -79942.265625, 0.278788888889
LEU, 2, 28.465, 0.916831, -80451.585938, 0.349325925926
LYS, 11, 27.094, 0.823515, -80470.023438, 0.242707407407
MET, 8, 25.317, 0.828923, -80035.921875, 0.221622222222
PHE, 9, 26.438, 0.827981, -80505.015625, 0.339081481481
PRO, 5, 26.150, 0.846442, -79932.539062, 0.268974074074
SER, 4, 25.383, 0.810246, -80083.585938, 0.234703703704
THR, 15, 25.392, 0.875782, -80209.375000, 0.375159259259
TRP, 6, 28.768, 0.852754, -80206.742188, 0.314955555556
TYR, 11, 26.989, 0.807278, -80303.937500, 0.270355555556
VAL, 4, 25.906, 0.842271, -79986.203125, 0.221659259259
