AMINO ACID, DSSP, SASA, GYRATE, ENERGY, RMSF
ALA, 6, 25.436, 0.814846, -79334.984375, 0.251659259259
ARG, 6, 27.834, 0.839423, -80338.078125, 0.298462962963
ASN, 10, 25.104, 0.795264, -80280.835938, 0.210481481481
ASP, 10, 27.368, 0.832653, -80491.562500, 0.207903703704
CYS, 8, 25.472, 0.825921, -79661.343750, 0.307162962963
GLN, 6, 27.473, 0.879086, -80011.343750, 0.290562962963
GLU, 2, 26.708, 0.817542, -80561.992188, 0.207940740741
GLY, 9, 26.412, 0.8106, -81215.578125, 0.230159259259
HIS, 8, 29.601, 0.861222, -80265.890625, 0.336788888889
ILE, 7, 24.850, 0.7956, -80435.281250, 0.278788888889
LEU, 0, 28.374, 0.934656, -79914.390625, 0.349325925926
LYS, 10, 27.861, 0.826864, -80872.757812, 0.242707407407
MET, 10, 25.518, 0.810805, -80244.375000, 0.221622222222
PHE, 7, 25.388, 0.825079, -80665.078125, 0.339081481481
PRO, 5, 26.709, 0.842676, -81177.046875, 0.268974074074
SER, 2, 25.450, 0.808584, -80334.664062, 0.234703703704
THR, 13, 25.710, 0.86657, -80519.703125, 0.375159259259
TRP, 6, 28.408, 0.848529, -80755.984375, 0.314955555556
TYR, 11, 26.356, 0.820582, -80278.390625, 0.270355555556
VAL, 4, 26.400, 0.837435, -80346.421875, 0.221659259259
