AMINO ACID, DSSP, SASA, GYRATE, ENERGY, RMSF
ALA, 6, 25.175, 0.798945, -80203.718750, 0.251659259259
ARG, 4, 27.074, 0.828337, -80952.687500, 0.298462962963
ASN, 6, 25.398, 0.812048, -80566.031250, 0.210481481481
ASP, 10, 26.882, 0.832355, -80583.281250, 0.207903703704
CYS, 7, 25.824, 0.834805, -80019.109375, 0.307162962963
GLN, 8, 30.074, 0.8866, -80106.390625, 0.290562962963
GLU, 6, 27.138, 0.825719, -79615.906250, 0.207940740741
GLY, 8, 26.065, 0.806857, -81038.125000, 0.230159259259
HIS, 6, 28.386, 0.848711, -80303.250000, 0.336788888889
ILE, 10, 25.225, 0.801009, -80458.789062, 0.278788888889
LEU, 7, 27.781, 0.906265, -80097.312500, 0.349325925926
LYS, 12, 27.364, 0.831302, -80944.273438, 0.242707407407
MET, 8, 25.750, 0.821033, -79848.000000, 0.221622222222
PHE, 7, 24.630, 0.815157, -80317.437500, 0.339081481481
PRO, 5, 28.813, 0.853099, -79466.109375, 0.268974074074
SER, 4, 25.192, 0.801177, -80300.218750, 0.234703703704
THR, 6, 24.522, 0.869007, -81572.375000, 0.375159259259
TRP, 4, 29.256, 0.854568, -80361.890625, 0.314955555556
TYR, 10, 26.950, 0.813019, -81147.046875, 0.270355555556
VAL, 4, 25.464, 0.831174, -80010.546875, 0.221659259259
