AMINO ACID, DSSP, SASA, GYRATE, ENERGY, RMSF
ALA, 6, 25.577, 0.801968, -80000.960938, 0.251659259259
ARG, 4, 28.332, 0.857934, -79949.148438, 0.298462962963
ASN, 10, 25.428, 0.799376, -81059.140625, 0.210481481481
ASP, 10, 28.204, 0.830624, -80338.570312, 0.207903703704
CYS, 7, 25.983, 0.842551, -80269.757812, 0.307162962963
GLN, 6, 28.508, 0.897348, -80762.906250, 0.290562962963
GLU, 7, 25.439, 0.820037, -79647.015625, 0.207940740741
GLY, 7, 25.100, 0.811934, -80844.367188, 0.230159259259
HIS, 8, 30.073, 0.859641, -79742.078125, 0.336788888889
ILE, 10, 24.857, 0.797734, -80594.109375, 0.278788888889
LEU, 7, 28.910, 0.918481, -80073.445312, 0.349325925926
LYS, 9, 26.689, 0.821798, -81170.765625, 0.242707407407
MET, 8, 25.955, 0.831144, -80276.484375, 0.221622222222
PHE, 9, 26.022, 0.828213, -80611.976562, 0.339081481481
PRO, 8, 29.517, 0.868039, -80002.085938, 0.268974074074
SER, 4, 24.938, 0.814474, -79674.960938, 0.234703703704
THR, 11, 24.093, 0.85718, -79623.843750, 0.375159259259
TRP, 0, 28.521, 0.85371, -79589.257812, 0.314955555556
TYR, 11, 26.610, 0.815253, -80115.546875, 0.270355555556
VAL, 4, 26.536, 0.842059, -80360.828125, 0.221659259259
