AMINO ACID, DSSP, SASA, GYRATE, ENERGY, RMSF
ALA, 8, 27.744, 0.83988, -80861.546875, 0.251659259259
ARG, 10, 27.102, 0.837882, -80283.828125, 0.298462962963
ASN, 2, 29.644, 0.865104, -80488.312500, 0.210481481481
ASP, 9, 26.993, 0.827037, -80173.906250, 0.207903703704
CYS, 8, 29.659, 0.863455, -79986.750000, 0.307162962963
GLN, 4, 26.866, 0.815529, -79758.476562, 0.290562962963
GLU, 6, 26.691, 0.830702, -79420.218750, 0.207940740741
GLY, 6, 25.492, 0.835529, -80533.125000, 0.230159259259
HIS, 10, 26.902, 0.838885, -80226.812500, 0.336788888889
ILE, 6, 26.799, 0.839774, -79863.812500, 0.278788888889
LEU, 9, 27.939, 0.829861, -79819.507812, 0.349325925926
LYS, 2, 28.566, 0.840597, -80010.765625, 0.242707407407
MET, 9, 26.429, 0.828448, -80535.062500, 0.221622222222
PHE, 8, 24.647, 0.798645, -79430.875000, 0.339081481481
PRO, 8, 26.960, 0.839565, -79610.648438, 0.268974074074
SER, 10, 24.896, 0.804357, -79415.843750, 0.234703703704
THR, 8, 27.074, 0.832242, -79691.304688, 0.375159259259
TRP, 4, 27.689, 0.834291, -80158.257812, 0.314955555556
TYR, 9, 28.523, 0.856276, -80973.632812, 0.270355555556
VAL, 6, 26.429, 0.832631, -81041.671875, 0.221659259259
