AMINO ACID, DSSP, SASA, GYRATE, ENERGY, RMSF
ALA, 6, 24.773, 0.790816, -80381.359375, 0.251659259259
ARG, 4, 27.874, 0.837512, -81474.421875, 0.298462962963
ASN, 7, 24.627, 0.808173, -79938.593750, 0.210481481481
ASP, 8, 25.876, 0.81694, -81252.046875, 0.207903703704
CYS, 8, 26.621, 0.828345, -79671.359375, 0.307162962963
GLN, 4, 28.295, 0.882056, -81143.265625, 0.290562962963
GLU, 8, 26.584, 0.82475, -80043.125000, 0.207940740741
GLY, 5, 26.847, 0.836098, -79183.406250, 0.230159259259
HIS, 8, 28.166, 0.850396, -80356.031250, 0.336788888889
ILE, 10, 25.981, 0.817463, -79567.593750, 0.278788888889
LEU, 2, 30.806, 0.92836, -80329.210938, 0.349325925926
LYS, 11, 25.637, 0.812321, -80098.093750, 0.242707407407
MET, 10, 26.489, 0.822333, -80702.546875, 0.221622222222
PHE, 9, 25.928, 0.82511, -79794.328125, 0.339081481481
PRO, 7, 26.957, 0.835411, -80745.710938, 0.268974074074
SER, 4, 25.252, 0.813001, -81302.734375, 0.234703703704
THR, 11, 27.259, 0.881961, -80317.875000, 0.375159259259
TRP, 4, 28.370, 0.84236, -80311.062500, 0.314955555556
TYR, 8, 26.800, 0.825243, -79716.843750, 0.270355555556
VAL, 4, 27.356, 0.850103, -79859.093750, 0.221659259259
