AMINO ACID, DSSP, SASA, GYRATE, ENERGY, RMSF
ALA, 2, 23.838, 0.790402, -80501.265625, 0.251659259259
ARG, 4, 29.874, 0.860209, -80173.968750, 0.298462962963
ASN, 6, 25.277, 0.80342, -81036.109375, 0.210481481481
ASP, 10, 26.604, 0.821208, -79800.953125, 0.207903703704
CYS, 9, 24.999, 0.822782, -80682.703125, 0.307162962963
GLN, 4, 27.595, 0.903042, -80536.468750, 0.290562962963
GLU, 9, 25.984, 0.823436, -79467.203125, 0.207940740741
GLY, 5, 26.995, 0.839448, -79780.171875, 0.230159259259
HIS, 10, 27.940, 0.849758, -80019.078125, 0.336788888889
ILE, 7, 25.865, 0.818758, -80099.523438, 0.278788888889
LEU, 6, 29.796, 0.928373, -80029.015625, 0.349325925926
LYS, 7, 27.644, 0.822762, -79720.882812, 0.242707407407
MET, 8, 26.338, 0.819519, -81090.789062, 0.221622222222
PHE, 7, 25.682, 0.831152, -79795.703125, 0.339081481481
PRO, 7, 27.267, 0.834135, -79862.523438, 0.268974074074
SER, 6, 25.296, 0.821845, -79783.031250, 0.234703703704
THR, 9, 25.483, 0.871909, -80344.187500, 0.375159259259
TRP, 7, 28.437, 0.852021, -79449.242188, 0.314955555556
TYR, 10, 27.259, 0.827746, -79626.015625, 0.270355555556
VAL, 2, 28.221, 0.874479, -80143.906250, 0.221659259259
