AMINO ACID, DSSP, SASA, GYRATE, ENERGY, RMSF
ALA, 6, 23.966, 0.788921, -80595.765625, 0.251659259259
ARG, 4, 29.359, 0.866542, -80579.992188, 0.298462962963
ASN, 12, 25.416, 0.798276, -80406.000000, 0.210481481481
ASP, 8, 26.040, 0.811624, -80253.992188, 0.207903703704
CYS, 8, 25.740, 0.818424, -80359.156250, 0.307162962963
GLN, 6, 26.574, 0.887038, -80389.070312, 0.290562962963
GLU, 8, 26.165, 0.8277, -80486.992188, 0.207940740741
GLY, 7, 27.165, 0.849795, -81071.828125, 0.230159259259
HIS, 8, 30.424, 0.856432, -79953.359375, 0.336788888889
ILE, 7, 26.046, 0.809622, -80728.351562, 0.278788888889
LEU, 4, 27.460, 0.885164, -79918.523438, 0.349325925926
LYS, 13, 27.856, 0.821135, -80647.140625, 0.242707407407
MET, 8, 25.910, 0.833485, -79933.140625, 0.221622222222
PHE, 10, 26.989, 0.837991, -79965.218750, 0.339081481481
PRO, 4, 27.390, 0.84066, -79833.734375, 0.268974074074
SER, 4, 25.277, 0.815998, -80268.890625, 0.234703703704
THR, 14, 25.859, 0.874528, -79489.671875, 0.375159259259
TRP, 4, 28.564, 0.854909, -79036.812500, 0.314955555556
TYR, 10, 26.591, 0.82899, -80991.625000, 0.270355555556
VAL, 2, 28.070, 0.866817, -80204.914062, 0.221659259259
