AMINO ACID, DSSP, SASA, GYRATE, ENERGY, RMSF
ALA, 6, 23.139, 0.782697, -80638.867188, 0.251659259259
ARG, 4, 30.002, 0.863457, -80591.671875, 0.298462962963
ASN, 8, 23.665, 0.806694, -79983.078125, 0.210481481481
ASP, 9, 26.746, 0.818693, -80264.414062, 0.207903703704
CYS, 6, 25.297, 0.816373, -80898.703125, 0.307162962963
GLN, 4, 28.440, 0.88356, -79385.242188, 0.290562962963
GLU, 4, 25.744, 0.825476, -79519.500000, 0.207940740741
GLY, 7, 27.773, 0.854868, -80320.765625, 0.230159259259
HIS, 6, 30.176, 0.872383, -80406.031250, 0.336788888889
ILE, 7, 25.916, 0.811372, -79270.492188, 0.278788888889
LEU, 6, 27.836, 0.880193, -81240.132812, 0.349325925926
LYS, 10, 26.321, 0.82092, -80802.101562, 0.242707407407
MET, 10, 25.896, 0.821978, -80713.328125, 0.221622222222
PHE, 15, 26.937, 0.826807, -80349.476562, 0.339081481481
PRO, 7, 27.286, 0.83251, -80420.890625, 0.268974074074
SER, 4, 25.704, 0.822651, -79823.953125, 0.234703703704
THR, 4, 26.865, 0.885402, -80356.250000, 0.375159259259
TRP, 2, 28.220, 0.856918, -79236.921875, 0.314955555556
TYR, 8, 27.004, 0.813803, -80155.703125, 0.270355555556
VAL, 2, 27.254, 0.853293, -79737.750000, 0.221659259259
