AMINO ACID, DSSP, SASA, GYRATE, ENERGY, RMSF
ALA, 8, 28.002, 0.862674, -80570.078125, 0.251659259259
ARG, 6, 28.543, 0.844801, -81148.531250, 0.298462962963
ASN, 6, 28.937, 0.852831, -80672.312500, 0.210481481481
ASP, 9, 26.147, 0.819549, -80720.906250, 0.207903703704
CYS, 8, 29.456, 0.867496, -80684.500000, 0.307162962963
GLN, 6, 25.553, 0.819548, -80581.375000, 0.290562962963
GLU, 9, 28.387, 0.838003, -80034.828125, 0.207940740741
GLY, 8, 24.587, 0.832288, -80606.820312, 0.230159259259
HIS, 10, 27.502, 0.843183, -80268.218750, 0.336788888889
ILE, 6, 25.864, 0.829759, -79566.328125, 0.278788888889
LEU, 7, 25.848, 0.809323, -80083.843750, 0.349325925926
LYS, 5, 26.665, 0.826796, -80692.140625, 0.242707407407
MET, 4, 27.584, 0.840695, -80180.437500, 0.221622222222
PHE, 8, 25.539, 0.812067, -79749.093750, 0.339081481481
PRO, 8, 27.873, 0.846533, -80312.015625, 0.268974074074
SER, 10, 24.813, 0.811525, -80870.796875, 0.234703703704
THR, 8, 28.024, 0.847409, -79708.781250, 0.375159259259
TRP, 6, 27.544, 0.849707, -79980.312500, 0.314955555556
TYR, 10, 26.979, 0.857661, -79009.898438, 0.270355555556
VAL, 14, 26.591, 0.833349, -79865.507812, 0.221659259259
