AMINO ACID, DSSP, SASA, GYRATE, ENERGY, RMSF
ALA, 6, 24.359, 0.785781, -79598.273438, 0.251659259259
ARG, 6, 28.795, 0.883644, -81563.781250, 0.298462962963
ASN, 8, 24.503, 0.803352, -80230.625000, 0.210481481481
ASP, 14, 26.494, 0.812528, -80443.484375, 0.207903703704
CYS, 4, 25.352, 0.814663, -79975.054688, 0.307162962963
GLN, 6, 26.031, 0.875225, -80752.367188, 0.290562962963
GLU, 9, 25.406, 0.821697, -79225.093750, 0.207940740741
GLY, 5, 25.894, 0.831666, -80335.835938, 0.230159259259
HIS, 6, 28.705, 0.85971, -80464.000000, 0.336788888889
ILE, 7, 25.825, 0.814744, -79897.898438, 0.278788888889
LEU, 0, 27.678, 0.891786, -79789.992188, 0.349325925926
LYS, 7, 27.035, 0.831239, -80384.093750, 0.242707407407
MET, 8, 25.763, 0.817078, -80020.640625, 0.221622222222
PHE, 7, 27.650, 0.844961, -79221.406250, 0.339081481481
PRO, 7, 26.821, 0.824846, -80777.015625, 0.268974074074
SER, 2, 25.756, 0.819258, -80253.937500, 0.234703703704
THR, 4, 27.055, 0.884285, -79734.515625, 0.375159259259
TRP, 0, 29.770, 0.871684, -78702.703125, 0.314955555556
TYR, 10, 27.593, 0.826075, -80068.484375, 0.270355555556
VAL, 4, 27.715, 0.868177, -79128.476562, 0.221659259259
