AMINO ACID, DSSP, SASA, GYRATE, ENERGY, RMSF
ALA, 4, 24.109, 0.789985, -79734.835938, 0.251659259259
ARG, 6, 27.805, 0.871994, -80395.562500, 0.298462962963
ASN, 10, 25.320, 0.804591, -79666.921875, 0.210481481481
ASP, 10, 26.164, 0.805697, -79659.054688, 0.207903703704
CYS, 7, 26.375, 0.816761, -80360.359375, 0.307162962963
GLN, 6, 28.909, 0.882866, -80012.351562, 0.290562962963
GLU, 7, 24.426, 0.806164, -80301.593750, 0.207940740741
GLY, 5, 26.561, 0.828842, -80442.625000, 0.230159259259
HIS, 6, 28.750, 0.867025, -80251.773438, 0.336788888889
ILE, 7, 26.194, 0.819901, -79864.007812, 0.278788888889
LEU, 3, 27.607, 0.891708, -80239.398438, 0.349325925926
LYS, 7, 27.619, 0.837428, -80173.875000, 0.242707407407
MET, 10, 25.214, 0.828514, -80809.328125, 0.221622222222
PHE, 9, 25.870, 0.841306, -80057.476562, 0.339081481481
PRO, 7, 27.148, 0.829786, -79887.835938, 0.268974074074
SER, 4, 25.521, 0.814029, -80399.375000, 0.234703703704
THR, 4, 27.082, 0.88479, -79643.804688, 0.375159259259
TRP, 0, 29.091, 0.862538, -80093.171875, 0.314955555556
TYR, 9, 27.235, 0.819822, -80021.304688, 0.270355555556
VAL, 4, 28.204, 0.876928, -79843.242188, 0.221659259259
