AMINO ACID, DSSP, SASA, GYRATE, ENERGY, RMSF
ALA, 6, 27.921, 0.855638, -79871.953125, 0.251659259259
ARG, 10, 28.295, 0.846065, -81025.585938, 0.298462962963
ASN, 4, 29.077, 0.851302, -80655.796875, 0.210481481481
ASP, 11, 26.362, 0.823319, -80632.601562, 0.207903703704
CYS, 8, 28.417, 0.871975, -80749.242188, 0.307162962963
GLN, 8, 26.841, 0.827611, -80500.718750, 0.290562962963
GLU, 6, 28.879, 0.826738, -81004.132812, 0.207940740741
GLY, 6, 25.957, 0.840583, -80417.187500, 0.230159259259
HIS, 12, 26.536, 0.839333, -79994.406250, 0.336788888889
ILE, 6, 27.207, 0.839607, -80716.656250, 0.278788888889
LEU, 9, 27.322, 0.819075, -79722.453125, 0.349325925926
LYS, 4, 25.814, 0.822541, -80906.984375, 0.242707407407
MET, 9, 27.326, 0.836551, -80084.687500, 0.221622222222
PHE, 8, 24.074, 0.792607, -80631.867188, 0.339081481481
PRO, 6, 25.894, 0.830195, -79842.945312, 0.268974074074
SER, 10, 25.734, 0.812885, -79976.453125, 0.234703703704
THR, 6, 28.143, 0.842623, -80050.656250, 0.375159259259
TRP, 6, 29.050, 0.863882, -80140.421875, 0.314955555556
TYR, 9, 28.137, 0.856958, -80452.828125, 0.270355555556
VAL, 8, 26.115, 0.841648, -79897.773438, 0.221659259259
