AMINO ACID, DSSP, SASA, GYRATE, ENERGY, RMSF
ALA, 4, 23.769, 0.785997, -79942.234375, 0.251659259259
ARG, 6, 28.951, 0.886896, -81038.093750, 0.298462962963
ASN, 8, 27.815, 0.823303, -80615.226562, 0.210481481481
ASP, 12, 26.526, 0.812743, -80676.500000, 0.207903703704
CYS, 7, 25.867, 0.82627, -80179.156250, 0.307162962963
GLN, 7, 28.864, 0.888986, -81149.554688, 0.290562962963
GLU, 9, 26.624, 0.813766, -80660.250000, 0.207940740741
GLY, 7, 25.042, 0.808896, -80464.914062, 0.230159259259
HIS, 4, 27.638, 0.849528, -80317.625000, 0.336788888889
ILE, 7, 25.744, 0.804469, -80076.796875, 0.278788888889
LEU, 4, 26.878, 0.892332, -80733.625000, 0.349325925926
LYS, 9, 27.977, 0.832193, -80846.953125, 0.242707407407
MET, 10, 25.159, 0.829167, -80452.945312, 0.221622222222
PHE, 8, 27.197, 0.832913, -80736.718750, 0.339081481481
PRO, 9, 28.128, 0.848355, -80209.437500, 0.268974074074
SER, 4, 26.610, 0.827794, -79918.718750, 0.234703703704
THR, 11, 28.753, 0.912893, -80552.531250, 0.375159259259
TRP, 2, 28.641, 0.865065, -79185.812500, 0.314955555556
TYR, 10, 26.293, 0.811498, -79388.828125, 0.270355555556
VAL, 2, 26.170, 0.860503, -79994.812500, 0.221659259259
