AMINO ACID, DSSP, SASA, GYRATE, ENERGY, RMSF
ALA, 8, 26.705, 0.853297, -80489.054688, 0.251659259259
ARG, 13, 27.432, 0.837558, -80542.640625, 0.298462962963
ASN, 4, 27.997, 0.844167, -80355.664062, 0.210481481481
ASP, 7, 25.870, 0.810487, -79483.046875, 0.207903703704
CYS, 8, 29.065, 0.881025, -79751.195312, 0.307162962963
GLN, 13, 27.280, 0.824287, -81090.328125, 0.290562962963
GLU, 8, 28.850, 0.847986, -78936.156250, 0.207940740741
GLY, 11, 24.268, 0.815967, -80755.500000, 0.230159259259
HIS, 11, 27.024, 0.839984, -80391.140625, 0.336788888889
ILE, 6, 27.836, 0.846149, -79557.265625, 0.278788888889
LEU, 7, 27.836, 0.8272, -80423.710938, 0.349325925926
LYS, 4, 26.975, 0.831263, -80955.304688, 0.242707407407
MET, 7, 28.355, 0.838822, -80370.351562, 0.221622222222
PHE, 8, 25.034, 0.807111, -80004.218750, 0.339081481481
PRO, 6, 26.835, 0.837018, -79760.812500, 0.268974074074
SER, 12, 26.396, 0.810584, -80737.132812, 0.234703703704
THR, 8, 28.809, 0.841857, -80722.000000, 0.375159259259
TRP, 6, 27.384, 0.84546, -79488.250000, 0.314955555556
TYR, 9, 27.700, 0.856565, -79330.984375, 0.270355555556
VAL, 4, 25.584, 0.833751, -81102.109375, 0.221659259259
