AMINO ACID, DSSP, SASA, GYRATE, ENERGY, RMSF
ALA, 6, 22.911, 0.793418, -80569.859375, 0.251659259259
ARG, 6, 30.227, 0.88284, -80624.875000, 0.298462962963
ASN, 8, 25.251, 0.793235, -80545.421875, 0.210481481481
ASP, 10, 26.682, 0.813326, -79180.164062, 0.207903703704
CYS, 7, 26.032, 0.832121, -80536.023438, 0.307162962963
GLN, 4, 30.131, 0.89291, -80491.039062, 0.290562962963
GLU, 4, 26.875, 0.819091, -80077.882812, 0.207940740741
GLY, 8, 24.807, 0.807922, -81151.562500, 0.230159259259
HIS, 9, 28.635, 0.858955, -80048.820312, 0.336788888889
ILE, 7, 25.786, 0.815998, -79714.453125, 0.278788888889
LEU, 0, 26.716, 0.888477, -79937.054688, 0.349325925926
LYS, 7, 26.604, 0.833593, -80463.234375, 0.242707407407
MET, 8, 26.325, 0.827707, -79628.484375, 0.221622222222
PHE, 9, 26.714, 0.83493, -80664.273438, 0.339081481481
PRO, 7, 27.517, 0.832981, -80374.328125, 0.268974074074
SER, 4, 25.233, 0.808533, -80379.820312, 0.234703703704
THR, 10, 28.027, 0.903839, -80560.390625, 0.375159259259
TRP, 4, 29.161, 0.878807, -80026.781250, 0.314955555556
TYR, 11, 27.492, 0.82213, -79583.437500, 0.270355555556
VAL, 2, 25.973, 0.852378, -80581.187500, 0.221659259259
