AMINO ACID, DSSP, SASA, GYRATE, ENERGY, RMSF
ALA, 10, 24.400, 0.785928, -80864.484375, 0.251659259259
ARG, 4, 30.076, 0.893357, -80149.000000, 0.298462962963
ASN, 9, 24.616, 0.788733, -81021.125000, 0.210481481481
ASP, 10, 26.562, 0.824325, -80152.718750, 0.207903703704
CYS, 9, 26.146, 0.817561, -80611.250000, 0.307162962963
GLN, 4, 29.623, 0.898824, -80043.531250, 0.290562962963
GLU, 4, 25.598, 0.814514, -80511.804688, 0.207940740741
GLY, 9, 25.732, 0.812006, -80372.585938, 0.230159259259
HIS, 6, 27.058, 0.848714, -81311.656250, 0.336788888889
ILE, 7, 25.935, 0.81675, -80151.531250, 0.278788888889
LEU, 4, 28.060, 0.89219, -80298.281250, 0.349325925926
LYS, 7, 25.323, 0.825494, -80632.078125, 0.242707407407
MET, 10, 25.764, 0.820165, -80301.687500, 0.221622222222
PHE, 9, 26.291, 0.833039, -79997.546875, 0.339081481481
PRO, 7, 26.837, 0.831254, -79944.859375, 0.268974074074
SER, 4, 25.395, 0.819747, -80536.828125, 0.234703703704
THR, 6, 25.457, 0.878615, -79780.507812, 0.375159259259
TRP, 2, 29.135, 0.8657, -80128.250000, 0.314955555556
TYR, 10, 26.466, 0.81413, -80270.218750, 0.270355555556
VAL, 0, 27.280, 0.867791, -80595.125000, 0.221659259259
