AMINO ACID, DSSP, SASA, GYRATE, ENERGY, RMSF
ALA, 6, 28.031, 0.861487, -80387.453125, 0.251659259259
ARG, 8, 27.789, 0.836124, -81012.164062, 0.298462962963
ASN, 6, 27.344, 0.847766, -80188.023438, 0.210481481481
ASP, 11, 26.545, 0.818588, -80670.742188, 0.207903703704
CYS, 8, 29.425, 0.895972, -79818.812500, 0.307162962963
GLN, 13, 26.675, 0.832203, -80373.531250, 0.290562962963
GLU, 7, 28.870, 0.830127, -80309.125000, 0.207940740741
GLY, 9, 25.204, 0.828342, -81182.078125, 0.230159259259
HIS, 6, 26.762, 0.840928, -80230.820312, 0.336788888889
ILE, 8, 28.902, 0.842071, -80217.718750, 0.278788888889
LEU, 11, 26.947, 0.815675, -80356.570312, 0.349325925926
LYS, 11, 27.448, 0.825531, -80929.085938, 0.242707407407
MET, 7, 27.410, 0.842355, -80067.718750, 0.221622222222
PHE, 10, 23.968, 0.794214, -78882.554688, 0.339081481481
PRO, 8, 25.969, 0.836907, -81067.859375, 0.268974074074
SER, 10, 26.726, 0.81135, -79883.507812, 0.234703703704
THR, 4, 27.955, 0.837888, -80828.671875, 0.375159259259
TRP, 10, 28.334, 0.848831, -79561.125000, 0.314955555556
TYR, 10, 27.083, 0.8511, -79976.375000, 0.270355555556
VAL, 12, 26.152, 0.832221, -80694.742188, 0.221659259259
