AMINO ACID, DSSP, SASA, GYRATE, ENERGY, RMSF
ALA, 8, 28.468, 0.874385, -80584.273438, 0.251659259259
ARG, 6, 28.228, 0.840625, -80497.335938, 0.298462962963
ASN, 6, 28.906, 0.847928, -80083.609375, 0.210481481481
ASP, 9, 26.077, 0.814638, -80121.359375, 0.207903703704
CYS, 8, 28.296, 0.888017, -79823.125000, 0.307162962963
GLN, 11, 26.734, 0.826332, -79650.398438, 0.290562962963
GLU, 6, 27.543, 0.832656, -79653.914062, 0.207940740741
GLY, 11, 24.019, 0.824822, -80297.937500, 0.230159259259
HIS, 6, 26.426, 0.836868, -79732.687500, 0.336788888889
ILE, 8, 28.726, 0.850281, -79598.773438, 0.278788888889
LEU, 7, 27.672, 0.828801, -79696.335938, 0.349325925926
LYS, 7, 28.432, 0.840535, -81450.953125, 0.242707407407
MET, 5, 27.769, 0.842127, -80023.429688, 0.221622222222
PHE, 8, 24.257, 0.795032, -79981.484375, 0.339081481481
PRO, 6, 26.468, 0.840681, -79435.265625, 0.268974074074
SER, 8, 26.661, 0.830109, -79705.375000, 0.234703703704
THR, 8, 27.728, 0.838444, -80646.132812, 0.375159259259
TRP, 6, 29.253, 0.852882, -79673.703125, 0.314955555556
TYR, 7, 26.953, 0.862524, -80228.117188, 0.270355555556
VAL, 8, 26.362, 0.832884, -79647.046875, 0.221659259259
