AMINO ACID, DSSP, SASA, GYRATE, ENERGY, RMSF
ALA, 6, 24.205, 0.796953, -80339.187500, 0.251659259259
ARG, 4, 28.010, 0.882921, -80866.281250, 0.298462962963
ASN, 10, 24.811, 0.799531, -80364.859375, 0.210481481481
ASP, 9, 26.379, 0.809339, -79847.921875, 0.207903703704
CYS, 7, 29.217, 0.843191, -80847.765625, 0.307162962963
GLN, 4, 27.932, 0.88708, -80051.359375, 0.290562962963
GLU, 9, 26.104, 0.815957, -79518.531250, 0.207940740741
GLY, 5, 25.683, 0.814267, -80849.437500, 0.230159259259
HIS, 6, 27.002, 0.833747, -81007.062500, 0.336788888889
ILE, 7, 27.975, 0.808246, -80245.890625, 0.278788888889
LEU, 4, 27.467, 0.865222, -81307.039062, 0.349325925926
LYS, 9, 26.877, 0.808569, -79891.171875, 0.242707407407
MET, 9, 25.010, 0.820688, -80117.062500, 0.221622222222
PHE, 9, 25.609, 0.827895, -79558.296875, 0.339081481481
PRO, 9, 29.148, 0.843052, -79932.500000, 0.268974074074
SER, 4, 25.215, 0.82352, -79456.406250, 0.234703703704
THR, 6, 26.904, 0.891044, -80133.882812, 0.375159259259
TRP, 2, 28.603, 0.855774, -80607.515625, 0.314955555556
TYR, 7, 27.086, 0.841123, -80570.304688, 0.270355555556
VAL, 2, 26.303, 0.854093, -80262.273438, 0.221659259259
