AMINO ACID, DSSP, SASA, GYRATE, ENERGY, RMSF
ALA, 6, 25.328, 0.791819, -80146.218750, 0.251659259259
ARG, 6, 28.366, 0.84993, -81572.968750, 0.298462962963
ASN, 12, 25.568, 0.805377, -80694.078125, 0.210481481481
ASP, 12, 23.537, 0.80375, -80013.484375, 0.207903703704
CYS, 7, 27.482, 0.848273, -80055.164062, 0.307162962963
GLN, 4, 26.919, 0.865845, -80402.656250, 0.290562962963
GLU, 6, 26.608, 0.817497, -79960.953125, 0.207940740741
GLY, 9, 26.740, 0.82487, -80373.937500, 0.230159259259
HIS, 10, 28.402, 0.85261, -80188.734375, 0.336788888889
ILE, 7, 26.572, 0.817246, -79949.312500, 0.278788888889
LEU, 9, 28.155, 0.886674, -79218.000000, 0.349325925926
LYS, 6, 27.844, 0.824807, -80474.515625, 0.242707407407
MET, 10, 26.467, 0.833736, -79912.617188, 0.221622222222
PHE, 10, 25.541, 0.819892, -79404.406250, 0.339081481481
PRO, 5, 28.666, 0.838118, -80946.914062, 0.268974074074
SER, 2, 24.889, 0.813728, -80958.406250, 0.234703703704
THR, 6, 28.317, 0.889189, -80369.015625, 0.375159259259
TRP, 2, 29.871, 0.855786, -78711.062500, 0.314955555556
TYR, 11, 25.634, 0.81033, -79958.437500, 0.270355555556
VAL, 2, 27.527, 0.859726, -80853.375000, 0.221659259259
