AMINO ACID, DSSP, SASA, GYRATE, ENERGY, RMSF
ALA, 6, 24.738, 0.794104, -80859.484375, 0.251659259259
ARG, 6, 28.986, 0.859266, -81225.968750, 0.298462962963
ASN, 10, 25.046, 0.808284, -80504.375000, 0.210481481481
ASP, 15, 25.066, 0.804321, -80486.171875, 0.207903703704
CYS, 7, 27.833, 0.833682, -80080.101562, 0.307162962963
GLN, 4, 27.809, 0.882751, -80445.906250, 0.290562962963
GLU, 6, 25.818, 0.815785, -79781.046875, 0.207940740741
GLY, 9, 26.263, 0.816072, -81021.515625, 0.230159259259
HIS, 6, 27.678, 0.848726, -79748.476562, 0.336788888889
ILE, 7, 27.434, 0.820671, -79839.062500, 0.278788888889
LEU, 0, 29.530, 0.903683, -80000.007812, 0.349325925926
LYS, 5, 27.998, 0.821878, -82389.312500, 0.242707407407
MET, 8, 26.066, 0.830153, -79916.968750, 0.221622222222
PHE, 11, 26.329, 0.832076, -79393.718750, 0.339081481481
PRO, 7, 28.260, 0.831265, -79845.734375, 0.268974074074
SER, 2, 26.633, 0.827512, -79990.226562, 0.234703703704
THR, 4, 27.894, 0.89621, -80075.390625, 0.375159259259
TRP, 0, 29.638, 0.86289, -79972.875000, 0.314955555556
TYR, 7, 25.856, 0.834624, -79563.265625, 0.270355555556
VAL, 2, 26.504, 0.85673, -79850.875000, 0.221659259259
