AMINO ACID, DSSP, SASA, GYRATE, ENERGY, RMSF
ALA, 6, 22.957, 0.783964, -79963.671875, 0.251659259259
ARG, 4, 28.013, 0.850645, -79921.843750, 0.298462962963
ASN, 8, 27.011, 0.810826, -79974.328125, 0.210481481481
ASP, 10, 25.045, 0.808287, -80852.210938, 0.207903703704
CYS, 7, 26.533, 0.833203, -80305.148438, 0.307162962963
GLN, 4, 27.969, 0.890865, -80247.617188, 0.290562962963
GLU, 2, 26.697, 0.82046, -79838.203125, 0.207940740741
GLY, 9, 25.817, 0.818422, -79856.937500, 0.230159259259
HIS, 6, 27.721, 0.835281, -79934.796875, 0.336788888889
ILE, 7, 25.678, 0.810025, -80021.476562, 0.278788888889
LEU, 6, 29.277, 0.892036, -80011.968750, 0.349325925926
LYS, 4, 28.109, 0.835114, -80107.265625, 0.242707407407
MET, 8, 26.891, 0.823685, -80176.078125, 0.221622222222
PHE, 9, 26.223, 0.825339, -80043.062500, 0.339081481481
PRO, 7, 27.379, 0.81997, -79570.906250, 0.268974074074
SER, 4, 25.403, 0.822189, -80735.367188, 0.234703703704
THR, 9, 27.749, 0.88794, -79681.171875, 0.375159259259
TRP, 2, 30.626, 0.863782, -80365.421875, 0.314955555556
TYR, 5, 28.290, 0.839706, -80097.359375, 0.270355555556
VAL, 2, 26.662, 0.866886, -80839.437500, 0.221659259259
