AMINO ACID, DSSP, SASA, GYRATE, ENERGY, RMSF
ALA, 6, 24.952, 0.795898, -80370.625000, 0.251659259259
ARG, 2, 27.008, 0.858942, -80620.531250, 0.298462962963
ASN, 12, 25.636, 0.815022, -80576.757812, 0.210481481481
ASP, 14, 25.055, 0.804926, -80030.210938, 0.207903703704
CYS, 7, 24.718, 0.813445, -80004.359375, 0.307162962963
GLN, 8, 27.438, 0.884532, -80195.140625, 0.290562962963
GLU, 4, 25.455, 0.824333, -80509.171875, 0.207940740741
GLY, 7, 27.330, 0.831314, -80197.484375, 0.230159259259
HIS, 4, 28.893, 0.850205, -80348.687500, 0.336788888889
ILE, 7, 25.680, 0.813568, -81076.148438, 0.278788888889
LEU, 6, 28.986, 0.896626, -79400.843750, 0.349325925926
LYS, 8, 28.311, 0.828577, -80628.328125, 0.242707407407
MET, 10, 26.429, 0.830805, -79477.531250, 0.221622222222
PHE, 8, 26.219, 0.828097, -80211.164062, 0.339081481481
PRO, 7, 27.530, 0.834708, -80338.062500, 0.268974074074
SER, 4, 24.002, 0.802117, -79913.468750, 0.234703703704
THR, 6, 28.138, 0.88739, -80293.640625, 0.375159259259
TRP, 0, 31.011, 0.877725, -80072.906250, 0.314955555556
TYR, 9, 27.089, 0.829916, -79691.945312, 0.270355555556
VAL, 2, 27.301, 0.856722, -80482.187500, 0.221659259259
