AMINO ACID, DSSP, SASA, GYRATE, ENERGY, RMSF
ALA, 6, 24.661, 0.799773, -80657.484375, 0.251659259259
ARG, 6, 27.409, 0.871224, -81126.414062, 0.298462962963
ASN, 13, 26.218, 0.814927, -79908.656250, 0.210481481481
ASP, 8, 25.480, 0.807764, -79696.210938, 0.207903703704
CYS, 9, 25.326, 0.822348, -79941.765625, 0.307162962963
GLN, 8, 27.639, 0.88172, -80225.187500, 0.290562962963
GLU, 9, 26.646, 0.80952, -79968.031250, 0.207940740741
GLY, 5, 26.083, 0.833729, -79575.609375, 0.230159259259
HIS, 6, 29.879, 0.860711, -79892.312500, 0.336788888889
ILE, 7, 26.454, 0.818824, -79735.640625, 0.278788888889
LEU, 4, 28.670, 0.893574, -80529.976562, 0.349325925926
LYS, 4, 27.031, 0.818828, -80515.914062, 0.242707407407
MET, 10, 26.419, 0.834997, -80347.335938, 0.221622222222
PHE, 7, 25.086, 0.820392, -78843.531250, 0.339081481481
PRO, 7, 26.907, 0.821878, -80601.859375, 0.268974074074
SER, 4, 24.959, 0.814842, -80233.398438, 0.234703703704
THR, 4, 26.786, 0.894495, -79748.421875, 0.375159259259
TRP, 4, 28.977, 0.858487, -79989.062500, 0.314955555556
TYR, 9, 27.077, 0.821257, -79640.265625, 0.270355555556
VAL, 2, 27.568, 0.849189, -80659.289062, 0.221659259259
