AMINO ACID, DSSP, SASA, GYRATE, ENERGY, RMSF
ALA, 4, 24.451, 0.799885, -80867.406250, 0.251659259259
ARG, 6, 29.631, 0.877994, -81680.750000, 0.298462962963
ASN, 11, 25.813, 0.818101, -80828.093750, 0.210481481481
ASP, 10, 25.997, 0.832044, -80770.671875, 0.207903703704
CYS, 7, 25.952, 0.819708, -80810.671875, 0.307162962963
GLN, 4, 26.318, 0.890813, -81510.570312, 0.290562962963
GLU, 9, 26.072, 0.8222, -80647.835938, 0.207940740741
GLY, 7, 25.223, 0.82496, -79915.906250, 0.230159259259
HIS, 6, 28.821, 0.856724, -80302.898438, 0.336788888889
ILE, 7, 24.731, 0.810562, -80358.367188, 0.278788888889
LEU, 4, 28.445, 0.891502, -79921.125000, 0.349325925926
LYS, 6, 28.320, 0.832854, -80676.554688, 0.242707407407
MET, 8, 26.659, 0.827423, -80360.507812, 0.221622222222
PHE, 10, 27.581, 0.826596, -80012.171875, 0.339081481481
PRO, 7, 26.792, 0.828765, -79404.015625, 0.268974074074
SER, 2, 26.460, 0.823121, -79835.500000, 0.234703703704
THR, 7, 28.253, 0.89011, -79971.992188, 0.375159259259
TRP, 4, 30.095, 0.852497, -80544.296875, 0.314955555556
TYR, 9, 26.432, 0.82234, -80233.132812, 0.270355555556
VAL, 4, 26.132, 0.842279, -80244.343750, 0.221659259259
