AMINO ACID, DSSP, SASA, GYRATE, ENERGY, RMSF
ALA, 6, 24.761, 0.805911, -80675.289062, 0.251659259259
ARG, 8, 28.419, 0.862004, -80356.781250, 0.298462962963
ASN, 11, 25.801, 0.807224, -80917.906250, 0.210481481481
ASP, 12, 27.433, 0.831135, -79713.539062, 0.207903703704
CYS, 7, 26.464, 0.820754, -80675.015625, 0.307162962963
GLN, 2, 27.726, 0.885442, -79698.875000, 0.290562962963
GLU, 7, 26.021, 0.817775, -80344.695312, 0.207940740741
GLY, 7, 26.276, 0.815683, -79488.007812, 0.230159259259
HIS, 4, 29.453, 0.858098, -79405.718750, 0.336788888889
ILE, 7, 25.202, 0.808775, -79777.281250, 0.278788888889
LEU, 11, 28.449, 0.901166, -79595.546875, 0.349325925926
LYS, 4, 28.209, 0.842489, -80047.734375, 0.242707407407
MET, 8, 26.331, 0.826653, -80491.656250, 0.221622222222
PHE, 8, 25.475, 0.815853, -79117.195312, 0.339081481481
PRO, 5, 27.928, 0.840677, -80912.156250, 0.268974074074
SER, 4, 26.924, 0.851963, -80767.343750, 0.234703703704
THR, 6, 27.458, 0.895921, -80460.632812, 0.375159259259
TRP, 4, 29.898, 0.85902, -80461.617188, 0.314955555556
TYR, 8, 25.631, 0.825407, -79560.421875, 0.270355555556
VAL, 2, 27.228, 0.837431, -80477.484375, 0.221659259259
