AMINO ACID, DSSP, SASA, GYRATE, ENERGY, RMSF
ALA, 6, 25.375, 0.802111, -80524.625000, 0.251659259259
ARG, 8, 28.725, 0.886621, -79756.453125, 0.298462962963
ASN, 8, 25.913, 0.809906, -81090.984375, 0.210481481481
ASP, 8, 27.112, 0.831688, -80769.531250, 0.207903703704
CYS, 6, 24.611, 0.806242, -80336.664062, 0.307162962963
GLN, 2, 27.762, 0.886367, -81055.734375, 0.290562962963
GLU, 9, 25.433, 0.823006, -79785.906250, 0.207940740741
GLY, 5, 25.573, 0.824338, -79560.835938, 0.230159259259
HIS, 8, 28.987, 0.857682, -80001.054688, 0.336788888889
ILE, 7, 24.439, 0.800064, -80418.500000, 0.278788888889
LEU, 4, 28.713, 0.906607, -80112.789062, 0.349325925926
LYS, 10, 26.711, 0.839046, -80865.203125, 0.242707407407
MET, 10, 26.066, 0.824744, -80800.296875, 0.221622222222
PHE, 10, 27.035, 0.823514, -79182.289062, 0.339081481481
PRO, 5, 26.868, 0.837155, -79733.562500, 0.268974074074
SER, 4, 25.977, 0.838993, -79899.265625, 0.234703703704
THR, 9, 28.603, 0.898969, -79764.210938, 0.375159259259
TRP, 2, 28.972, 0.852388, -79620.156250, 0.314955555556
TYR, 7, 27.564, 0.830734, -79274.187500, 0.270355555556
VAL, 2, 26.681, 0.838263, -80881.375000, 0.221659259259
