AMINO ACID, DSSP, SASA, GYRATE, ENERGY, RMSF
ALA, 6, 24.151, 0.788158, -79991.429688, 0.251659259259
ARG, 4, 27.783, 0.862017, -81470.414062, 0.298462962963
ASN, 12, 24.765, 0.806651, -80440.757812, 0.210481481481
ASP, 12, 25.849, 0.806092, -80372.828125, 0.207903703704
CYS, 9, 27.109, 0.811991, -79865.976562, 0.307162962963
GLN, 6, 29.120, 0.899784, -80575.585938, 0.290562962963
GLU, 4, 25.845, 0.825291, -80377.367188, 0.207940740741
GLY, 7, 27.609, 0.819293, -80379.976562, 0.230159259259
HIS, 10, 27.879, 0.847187, -80029.125000, 0.336788888889
ILE, 7, 24.830, 0.809311, -79925.992188, 0.278788888889
LEU, 7, 28.165, 0.866688, -80235.929688, 0.349325925926
LYS, 10, 26.230, 0.820042, -81325.054688, 0.242707407407
MET, 10, 25.784, 0.841679, -81241.437500, 0.221622222222
PHE, 7, 26.679, 0.843371, -79809.687500, 0.339081481481
PRO, 4, 28.290, 0.860642, -79740.109375, 0.268974074074
SER, 4, 24.102, 0.793732, -80878.218750, 0.234703703704
THR, 4, 32.075, 0.909525, -79830.867188, 0.375159259259
TRP, 5, 29.001, 0.85183, -79464.906250, 0.314955555556
TYR, 9, 28.313, 0.829519, -79027.015625, 0.270355555556
VAL, 2, 27.185, 0.859885, -79858.843750, 0.221659259259
