AMINO ACID, DSSP, SASA, GYRATE, ENERGY, RMSF
ALA, 4, 24.967, 0.803531, -81003.617188, 0.251659259259
ARG, 4, 28.406, 0.874273, -80359.109375, 0.298462962963
ASN, 13, 24.505, 0.806597, -79796.882812, 0.210481481481
ASP, 10, 25.501, 0.803896, -81142.054688, 0.207903703704
CYS, 7, 25.641, 0.814054, -80601.796875, 0.307162962963
GLN, 6, 28.694, 0.902183, -80989.406250, 0.290562962963
GLU, 6, 25.356, 0.812563, -79891.039062, 0.207940740741
GLY, 9, 28.045, 0.827629, -79943.843750, 0.230159259259
HIS, 8, 27.095, 0.839089, -79484.437500, 0.336788888889
ILE, 7, 24.944, 0.799015, -80856.703125, 0.278788888889
LEU, 6, 28.458, 0.884249, -80834.851562, 0.349325925926
LYS, 8, 26.789, 0.816358, -80022.828125, 0.242707407407
MET, 10, 26.995, 0.83485, -80414.500000, 0.221622222222
PHE, 4, 26.414, 0.838283, -79630.148438, 0.339081481481
PRO, 5, 28.463, 0.838805, -80238.812500, 0.268974074074
SER, 4, 26.292, 0.81687, -80165.093750, 0.234703703704
THR, 4, 29.347, 0.922623, -81190.437500, 0.375159259259
TRP, 2, 28.102, 0.853352, -79786.015625, 0.314955555556
TYR, 9, 27.778, 0.829906, -80255.375000, 0.270355555556
VAL, 2, 27.260, 0.8516, -80481.585938, 0.221659259259
