AMINO ACID, DSSP, SASA, GYRATE, ENERGY, RMSF
ALA, 6, 25.416, 0.797384, -80434.875000, 0.251659259259
ARG, 6, 29.008, 0.870778, -80765.843750, 0.298462962963
ASN, 12, 24.849, 0.809562, -80293.718750, 0.210481481481
ASP, 10, 27.073, 0.82728, -79328.875000, 0.207903703704
CYS, 9, 25.660, 0.814586, -80289.281250, 0.307162962963
GLN, 2, 25.984, 0.876438, -80031.828125, 0.290562962963
GLU, 6, 26.013, 0.821676, -79975.687500, 0.207940740741
GLY, 7, 27.726, 0.830552, -80087.101562, 0.230159259259
HIS, 8, 28.392, 0.853617, -80103.296875, 0.336788888889
ILE, 7, 24.476, 0.801082, -80097.968750, 0.278788888889
LEU, 7, 27.879, 0.887162, -80745.890625, 0.349325925926
LYS, 11, 25.289, 0.806387, -79807.742188, 0.242707407407
MET, 10, 26.491, 0.836278, -80639.718750, 0.221622222222
PHE, 7, 26.399, 0.836446, -80856.203125, 0.339081481481
PRO, 5, 28.700, 0.850595, -80801.484375, 0.268974074074
SER, 4, 26.038, 0.807236, -80569.187500, 0.234703703704
THR, 6, 29.102, 0.897279, -79578.093750, 0.375159259259
TRP, 2, 28.020, 0.855732, -79189.570312, 0.314955555556
TYR, 7, 28.355, 0.833366, -79373.210938, 0.270355555556
VAL, 2, 26.298, 0.844406, -79715.312500, 0.221659259259
