AMINO ACID, DSSP, SASA, GYRATE, ENERGY, RMSF
ALA, 6, 23.595, 0.785345, -80432.179688, 0.251659259259
ARG, 4, 29.596, 0.893676, -81194.515625, 0.298462962963
ASN, 10, 26.094, 0.817736, -80559.046875, 0.210481481481
ASP, 12, 27.147, 0.825203, -80903.781250, 0.207903703704
CYS, 7, 24.772, 0.811225, -80193.625000, 0.307162962963
GLN, 6, 27.238, 0.882537, -80392.250000, 0.290562962963
GLU, 9, 26.441, 0.817719, -79722.578125, 0.207940740741
GLY, 7, 25.757, 0.811811, -80512.468750, 0.230159259259
HIS, 10, 29.065, 0.85527, -80411.734375, 0.336788888889
ILE, 7, 25.679, 0.814228, -80315.796875, 0.278788888889
LEU, 9, 28.044, 0.875674, -81114.562500, 0.349325925926
LYS, 12, 27.322, 0.825831, -80431.187500, 0.242707407407
MET, 8, 26.974, 0.833003, -80651.296875, 0.221622222222
PHE, 7, 25.701, 0.821228, -79872.250000, 0.339081481481
PRO, 5, 29.458, 0.86603, -79965.453125, 0.268974074074
SER, 5, 24.927, 0.809338, -80754.554688, 0.234703703704
THR, 6, 27.944, 0.873585, -79253.101562, 0.375159259259
TRP, 2, 28.889, 0.857189, -80488.492188, 0.314955555556
TYR, 6, 27.352, 0.81763, -79874.757812, 0.270355555556
VAL, 2, 27.142, 0.858532, -80728.562500, 0.221659259259
