AMINO ACID, DSSP, SASA, GYRATE, ENERGY, RMSF
ALA, 8, 26.946, 0.838184, -80743.351562, 0.251659259259
ARG, 10, 28.852, 0.852321, -81289.359375, 0.298462962963
ASN, 6, 26.630, 0.813592, -80066.867188, 0.210481481481
ASP, 4, 25.269, 0.808891, -79683.812500, 0.207903703704
CYS, 8, 29.584, 0.862615, -80344.968750, 0.307162962963
GLN, 10, 25.943, 0.803212, -80306.132812, 0.290562962963
GLU, 4, 27.237, 0.857365, -79443.890625, 0.207940740741
GLY, 9, 27.644, 0.838841, -80417.742188, 0.230159259259
HIS, 10, 27.502, 0.854417, -81299.437500, 0.336788888889
ILE, 6, 27.841, 0.841645, -80034.218750, 0.278788888889
LEU, 10, 26.979, 0.826087, -80009.195312, 0.349325925926
LYS, 6, 26.169, 0.801694, -79334.304688, 0.242707407407
MET, 11, 26.604, 0.828758, -80445.789062, 0.221622222222
PHE, 6, 28.117, 0.838237, -79290.359375, 0.339081481481
PRO, 9, 27.630, 0.859852, -80240.585938, 0.268974074074
SER, 8, 26.067, 0.829055, -80246.375000, 0.234703703704
THR, 12, 26.432, 0.80402, -79457.125000, 0.375159259259
TRP, 8, 27.862, 0.838377, -80236.046875, 0.314955555556
TYR, 8, 27.679, 0.8439, -79627.859375, 0.270355555556
VAL, 6, 24.598, 0.804757, -79933.601562, 0.221659259259
