AMINO ACID, DSSP, SASA, GYRATE, ENERGY, RMSF
ALA, 4, 23.684, 0.778922, -80209.906250, 0.251659259259
ARG, 4, 28.159, 0.867452, -80412.281250, 0.298462962963
ASN, 6, 25.603, 0.834083, -81195.054688, 0.210481481481
ASP, 8, 29.433, 0.834196, -79956.132812, 0.207903703704
CYS, 7, 24.597, 0.809349, -79611.062500, 0.307162962963
GLN, 4, 28.051, 0.886915, -80322.523438, 0.290562962963
GLU, 9, 24.931, 0.804511, -80311.640625, 0.207940740741
GLY, 7, 26.231, 0.81404, -80575.062500, 0.230159259259
HIS, 10, 29.354, 0.834256, -80092.250000, 0.336788888889
ILE, 7, 25.749, 0.826258, -79044.906250, 0.278788888889
LEU, 9, 28.297, 0.901671, -79940.234375, 0.349325925926
LYS, 8, 26.830, 0.81738, -80961.093750, 0.242707407407
MET, 10, 25.350, 0.813913, -80995.109375, 0.221622222222
PHE, 7, 25.800, 0.821659, -79046.359375, 0.339081481481
PRO, 5, 25.728, 0.828514, -79630.968750, 0.268974074074
SER, 4, 26.187, 0.81941, -80432.000000, 0.234703703704
THR, 6, 28.989, 0.887223, -80160.632812, 0.375159259259
TRP, 4, 27.147, 0.855233, -79796.132812, 0.314955555556
TYR, 11, 26.532, 0.828106, -80601.179688, 0.270355555556
VAL, 4, 26.129, 0.854747, -80808.984375, 0.221659259259
