AMINO ACID, DSSP, SASA, GYRATE, ENERGY, RMSF
ALA, 4, 22.764, 0.77378, -79904.507812, 0.251659259259
ARG, 4, 28.329, 0.865897, -81358.140625, 0.298462962963
ASN, 10, 25.521, 0.833084, -81009.109375, 0.210481481481
ASP, 8, 28.312, 0.829155, -80053.046875, 0.207903703704
CYS, 7, 24.236, 0.805314, -81480.679688, 0.307162962963
GLN, 6, 28.026, 0.879041, -80439.187500, 0.290562962963
GLU, 9, 24.780, 0.81831, -79784.281250, 0.207940740741
GLY, 7, 26.265, 0.813076, -80999.703125, 0.230159259259
HIS, 8, 29.515, 0.837912, -80758.000000, 0.336788888889
ILE, 7, 26.475, 0.82826, -79686.796875, 0.278788888889
LEU, 4, 28.840, 0.890595, -80084.421875, 0.349325925926
LYS, 8, 25.992, 0.815663, -79555.523438, 0.242707407407
MET, 8, 26.683, 0.829908, -79849.609375, 0.221622222222
PHE, 4, 26.905, 0.820534, -80973.976562, 0.339081481481
PRO, 5, 26.404, 0.842369, -80326.515625, 0.268974074074
SER, 2, 24.336, 0.810623, -80873.578125, 0.234703703704
THR, 6, 28.780, 0.891588, -80382.828125, 0.375159259259
TRP, 7, 28.634, 0.854919, -79139.867188, 0.314955555556
TYR, 13, 25.478, 0.817105, -80688.031250, 0.270355555556
VAL, 4, 26.125, 0.848183, -79850.250000, 0.221659259259
