AMINO ACID, DSSP, SASA, GYRATE, ENERGY, RMSF
ALA, 6, 23.063, 0.779057, -80533.234375, 0.251659259259
ARG, 6, 29.058, 0.881037, -80739.031250, 0.298462962963
ASN, 10, 28.046, 0.843445, -79494.421875, 0.210481481481
ASP, 8, 27.288, 0.843724, -80056.640625, 0.207903703704
CYS, 7, 25.035, 0.812477, -80240.992188, 0.307162962963
GLN, 6, 27.500, 0.879267, -80825.312500, 0.290562962963
GLU, 7, 24.968, 0.806948, -80487.187500, 0.207940740741
GLY, 7, 26.072, 0.807172, -80686.421875, 0.230159259259
HIS, 2, 26.650, 0.833179, -80586.804688, 0.336788888889
ILE, 7, 26.902, 0.827418, -80043.203125, 0.278788888889
LEU, 7, 29.926, 0.902904, -79997.656250, 0.349325925926
LYS, 8, 27.812, 0.82181, -80519.804688, 0.242707407407
MET, 11, 26.916, 0.836891, -79707.164062, 0.221622222222
PHE, 7, 24.250, 0.803689, -79975.625000, 0.339081481481
PRO, 2, 27.147, 0.856983, -81179.484375, 0.268974074074
SER, 4, 25.782, 0.809895, -80173.984375, 0.234703703704
THR, 6, 28.005, 0.882083, -79903.484375, 0.375159259259
TRP, 2, 28.488, 0.847259, -79706.171875, 0.314955555556
TYR, 10, 26.449, 0.810312, -80787.828125, 0.270355555556
VAL, 6, 25.940, 0.843604, -80352.171875, 0.221659259259
