AMINO ACID, DSSP, SASA, GYRATE, ENERGY, RMSF
ALA, 4, 22.602, 0.768234, -79593.281250, 0.251659259259
ARG, 4, 28.160, 0.869929, -80748.007812, 0.298462962963
ASN, 12, 28.308, 0.846327, -80377.460938, 0.210481481481
ASP, 8, 27.672, 0.845009, -80452.171875, 0.207903703704
CYS, 7, 25.450, 0.818244, -80220.625000, 0.307162962963
GLN, 6, 27.105, 0.872946, -80536.234375, 0.290562962963
GLU, 11, 24.899, 0.797527, -80755.070312, 0.207940740741
GLY, 7, 25.141, 0.813506, -80427.531250, 0.230159259259
HIS, 8, 28.413, 0.846675, -80609.867188, 0.336788888889
ILE, 7, 26.328, 0.812874, -79864.828125, 0.278788888889
LEU, 2, 29.202, 0.908289, -81126.890625, 0.349325925926
LYS, 8, 28.632, 0.822853, -81237.046875, 0.242707407407
MET, 10, 26.294, 0.822059, -80353.179688, 0.221622222222
PHE, 9, 25.178, 0.809249, -79923.859375, 0.339081481481
PRO, 5, 28.580, 0.866622, -80158.265625, 0.268974074074
SER, 2, 25.677, 0.809687, -80310.140625, 0.234703703704
THR, 6, 28.044, 0.882845, -79732.781250, 0.375159259259
TRP, 2, 27.357, 0.846285, -80662.765625, 0.314955555556
TYR, 10, 25.640, 0.81127, -80323.203125, 0.270355555556
VAL, 5, 25.061, 0.845898, -80084.562500, 0.221659259259
