AMINO ACID, DSSP, SASA, GYRATE, ENERGY, RMSF
ALA, 6, 23.986, 0.785389, -80399.601562, 0.251659259259
ARG, 4, 28.755, 0.877334, -80646.640625, 0.298462962963
ASN, 6, 27.328, 0.83426, -80811.671875, 0.210481481481
ASP, 4, 27.257, 0.83804, -81025.812500, 0.207903703704
CYS, 6, 27.347, 0.829587, -80534.601562, 0.307162962963
GLN, 4, 27.802, 0.89114, -80405.890625, 0.290562962963
GLU, 9, 25.267, 0.806545, -79853.773438, 0.207940740741
GLY, 7, 25.371, 0.806429, -80336.593750, 0.230159259259
HIS, 6, 29.260, 0.849054, -81003.289062, 0.336788888889
ILE, 7, 27.730, 0.826894, -79017.921875, 0.278788888889
LEU, 9, 27.067, 0.896206, -78992.515625, 0.349325925926
LYS, 6, 27.918, 0.819282, -81075.960938, 0.242707407407
MET, 9, 26.349, 0.83776, -80055.523438, 0.221622222222
PHE, 7, 26.827, 0.823098, -79857.523438, 0.339081481481
PRO, 5, 27.156, 0.849465, -80447.359375, 0.268974074074
SER, 4, 25.673, 0.821061, -80562.304688, 0.234703703704
THR, 2, 29.266, 0.907029, -80447.968750, 0.375159259259
TRP, 0, 28.206, 0.84976, -79899.890625, 0.314955555556
TYR, 10, 25.820, 0.812556, -79666.468750, 0.270355555556
VAL, 5, 25.916, 0.837904, -79741.500000, 0.221659259259
