AMINO ACID, DSSP, SASA, GYRATE, ENERGY, RMSF
ALA, 4, 25.208, 0.799546, -80144.156250, 0.251659259259
ARG, 4, 27.705, 0.875347, -80844.179688, 0.298462962963
ASN, 10, 28.796, 0.844304, -79677.375000, 0.210481481481
ASP, 6, 27.528, 0.832157, -79416.617188, 0.207903703704
CYS, 6, 26.666, 0.826078, -80658.773438, 0.307162962963
GLN, 4, 28.617, 0.878451, -79344.015625, 0.290562962963
GLU, 9, 24.262, 0.805027, -79719.265625, 0.207940740741
GLY, 7, 25.413, 0.821181, -80501.203125, 0.230159259259
HIS, 9, 27.337, 0.850617, -80207.554688, 0.336788888889
ILE, 7, 25.482, 0.809199, -81424.085938, 0.278788888889
LEU, 9, 28.098, 0.909075, -79721.695312, 0.349325925926
LYS, 4, 28.347, 0.831425, -79841.742188, 0.242707407407
MET, 10, 26.604, 0.834679, -80074.984375, 0.221622222222
PHE, 2, 27.640, 0.827647, -80469.109375, 0.339081481481
PRO, 5, 27.734, 0.85083, -79769.929688, 0.268974074074
SER, 2, 24.787, 0.828662, -80253.804688, 0.234703703704
THR, 4, 28.653, 0.878354, -80212.460938, 0.375159259259
TRP, 0, 27.636, 0.841564, -79634.835938, 0.314955555556
TYR, 10, 26.115, 0.814857, -79498.390625, 0.270355555556
VAL, 7, 27.106, 0.845458, -80082.140625, 0.221659259259
