AMINO ACID, DSSP, SASA, GYRATE, ENERGY, RMSF
ALA, 6, 24.090, 0.78344, -80382.796875, 0.251659259259
ARG, 6, 28.208, 0.854834, -80155.867188, 0.298462962963
ASN, 12, 28.908, 0.827854, -80243.343750, 0.210481481481
ASP, 8, 27.469, 0.825075, -80166.148438, 0.207903703704
CYS, 6, 26.384, 0.822184, -80678.835938, 0.307162962963
GLN, 4, 27.914, 0.878903, -79955.335938, 0.290562962963
GLU, 7, 24.754, 0.805152, -80051.132812, 0.207940740741
GLY, 7, 27.093, 0.822828, -79977.062500, 0.230159259259
HIS, 4, 27.055, 0.831985, -80217.312500, 0.336788888889
ILE, 7, 26.921, 0.824367, -80782.968750, 0.278788888889
LEU, 7, 27.621, 0.884669, -80166.437500, 0.349325925926
LYS, 8, 28.839, 0.81956, -80675.296875, 0.242707407407
MET, 10, 25.595, 0.824475, -80317.281250, 0.221622222222
PHE, 9, 27.195, 0.829012, -80449.320312, 0.339081481481
PRO, 4, 27.976, 0.849922, -80954.140625, 0.268974074074
SER, 4, 25.660, 0.814323, -80414.703125, 0.234703703704
THR, 4, 27.602, 0.903218, -80368.882812, 0.375159259259
TRP, 0, 26.967, 0.852585, -79918.445312, 0.314955555556
TYR, 10, 25.382, 0.811771, -80742.093750, 0.270355555556
VAL, 7, 26.151, 0.861571, -79810.687500, 0.221659259259
