AMINO ACID, DSSP, SASA, GYRATE, ENERGY, RMSF
ALA, 6, 23.881, 0.78905, -80399.664062, 0.251659259259
ARG, 6, 28.979, 0.85569, -80731.687500, 0.298462962963
ASN, 10, 27.785, 0.844877, -80824.765625, 0.210481481481
ASP, 12, 26.044, 0.808939, -80364.164062, 0.207903703704
CYS, 6, 26.583, 0.856625, -80548.031250, 0.307162962963
GLN, 8, 28.160, 0.874787, -79888.109375, 0.290562962963
GLU, 6, 24.712, 0.811025, -81180.703125, 0.207940740741
GLY, 9, 25.178, 0.814895, -81426.656250, 0.230159259259
HIS, 6, 27.809, 0.84347, -80212.390625, 0.336788888889
ILE, 7, 25.655, 0.822832, -80313.171875, 0.278788888889
LEU, 0, 28.362, 0.876182, -79893.296875, 0.349325925926
LYS, 10, 25.576, 0.809335, -81140.750000, 0.242707407407
MET, 8, 24.910, 0.831199, -79942.585938, 0.221622222222
PHE, 9, 25.962, 0.823459, -80751.320312, 0.339081481481
PRO, 4, 28.073, 0.86526, -80878.718750, 0.268974074074
SER, 4, 26.028, 0.834543, -80394.265625, 0.234703703704
THR, 6, 27.862, 0.873333, -80795.687500, 0.375159259259
TRP, 2, 26.801, 0.84145, -79191.054688, 0.314955555556
TYR, 11, 26.883, 0.838066, -79820.453125, 0.270355555556
VAL, 7, 26.753, 0.863647, -79245.765625, 0.221659259259
