AMINO ACID, DSSP, SASA, GYRATE, ENERGY, RMSF
ALA, 6, 23.478, 0.789743, -80741.554688, 0.251659259259
ARG, 8, 28.240, 0.855779, -80398.390625, 0.298462962963
ASN, 12, 26.679, 0.838424, -80369.757812, 0.210481481481
ASP, 8, 26.877, 0.819316, -79835.390625, 0.207903703704
CYS, 9, 27.645, 0.83949, -81008.695312, 0.307162962963
GLN, 4, 26.022, 0.876715, -79995.437500, 0.290562962963
GLU, 9, 25.920, 0.826899, -81308.710938, 0.207940740741
GLY, 9, 25.598, 0.812496, -80691.734375, 0.230159259259
HIS, 6, 25.992, 0.84118, -80895.492188, 0.336788888889
ILE, 7, 25.959, 0.818067, -80316.351562, 0.278788888889
LEU, 2, 27.687, 0.888226, -80163.906250, 0.349325925926
LYS, 8, 26.434, 0.802449, -80545.289062, 0.242707407407
MET, 8, 26.610, 0.822451, -79911.992188, 0.221622222222
PHE, 5, 25.943, 0.825147, -80315.109375, 0.339081481481
PRO, 4, 27.125, 0.865463, -80058.031250, 0.268974074074
SER, 4, 26.839, 0.824603, -80242.515625, 0.234703703704
THR, 4, 28.391, 0.892106, -79800.507812, 0.375159259259
TRP, 2, 27.557, 0.834329, -80656.593750, 0.314955555556
TYR, 7, 27.602, 0.83579, -79495.257812, 0.270355555556
VAL, 7, 27.188, 0.86948, -80188.210938, 0.221659259259
