AMINO ACID, DSSP, SASA, GYRATE, ENERGY, RMSF
ALA, 10, 23.752, 0.786292, -81109.929688, 0.251659259259
ARG, 8, 28.439, 0.861493, -80799.078125, 0.298462962963
ASN, 10, 26.150, 0.83053, -79799.757812, 0.210481481481
ASP, 8, 25.889, 0.805615, -80709.359375, 0.207903703704
CYS, 7, 28.207, 0.839324, -80004.375000, 0.307162962963
GLN, 4, 26.543, 0.878749, -80041.796875, 0.290562962963
GLU, 6, 25.199, 0.812732, -80832.046875, 0.207940740741
GLY, 9, 25.378, 0.822292, -80039.679688, 0.230159259259
HIS, 6, 26.849, 0.848523, -79593.437500, 0.336788888889
ILE, 7, 26.248, 0.824003, -79816.679688, 0.278788888889
LEU, 2, 28.949, 0.889473, -80265.531250, 0.349325925926
LYS, 6, 25.629, 0.806637, -81310.742188, 0.242707407407
MET, 10, 25.200, 0.829385, -80978.453125, 0.221622222222
PHE, 11, 25.389, 0.825341, -79398.726562, 0.339081481481
PRO, 4, 27.804, 0.863871, -79740.375000, 0.268974074074
SER, 4, 26.418, 0.816952, -80725.523438, 0.234703703704
THR, 6, 26.651, 0.864739, -79911.375000, 0.375159259259
TRP, 2, 27.569, 0.845087, -80033.937500, 0.314955555556
TYR, 10, 26.334, 0.826932, -80100.875000, 0.270355555556
VAL, 7, 27.496, 0.867483, -80688.468750, 0.221659259259
