AMINO ACID, DSSP, SASA, GYRATE, ENERGY, RMSF
ALA, 6, 29.812, 0.86323, -80403.046875, 0.251659259259
ARG, 10, 28.731, 0.853838, -81165.046875, 0.298462962963
ASN, 6, 27.331, 0.843202, -79905.203125, 0.210481481481
ASP, 9, 25.548, 0.815536, -79723.843750, 0.207903703704
CYS, 6, 28.688, 0.892146, -79957.578125, 0.307162962963
GLN, 13, 25.476, 0.829118, -79823.273438, 0.290562962963
GLU, 6, 28.284, 0.838995, -80212.578125, 0.207940740741
GLY, 6, 28.095, 0.858623, -79528.437500, 0.230159259259
HIS, 8, 26.509, 0.825457, -80575.468750, 0.336788888889
ILE, 12, 27.343, 0.833888, -80426.296875, 0.278788888889
LEU, 10, 26.889, 0.815993, -80128.406250, 0.349325925926
LYS, 4, 28.134, 0.838055, -80813.476562, 0.242707407407
MET, 7, 28.004, 0.835839, -80000.750000, 0.221622222222
PHE, 10, 24.360, 0.81107, -79392.640625, 0.339081481481
PRO, 6, 26.264, 0.824635, -80041.789062, 0.268974074074
SER, 10, 25.421, 0.810532, -81535.367188, 0.234703703704
THR, 2, 29.690, 0.847851, -81761.984375, 0.375159259259
TRP, 6, 28.868, 0.857616, -80449.078125, 0.314955555556
TYR, 10, 27.050, 0.840604, -79728.640625, 0.270355555556
VAL, 8, 26.026, 0.839807, -79723.882812, 0.221659259259
