AMINO ACID, DSSP, SASA, GYRATE, ENERGY, RMSF
ALA, 6, 24.987, 0.799239, -80804.671875, 0.251659259259
ARG, 8, 29.430, 0.870734, -80738.546875, 0.298462962963
ASN, 12, 25.797, 0.824718, -80492.664062, 0.210481481481
ASP, 12, 26.400, 0.810759, -80875.203125, 0.207903703704
CYS, 8, 27.216, 0.841724, -80186.914062, 0.307162962963
GLN, 6, 26.768, 0.870318, -80320.828125, 0.290562962963
GLU, 4, 24.006, 0.809932, -80969.921875, 0.207940740741
GLY, 9, 26.689, 0.819399, -80816.328125, 0.230159259259
HIS, 9, 26.787, 0.85314, -80245.953125, 0.336788888889
ILE, 7, 25.523, 0.814738, -80810.171875, 0.278788888889
LEU, 0, 28.166, 0.892418, -80651.101562, 0.349325925926
LYS, 6, 27.614, 0.818368, -79821.531250, 0.242707407407
MET, 8, 26.429, 0.826047, -80702.468750, 0.221622222222
PHE, 8, 26.032, 0.817904, -80699.843750, 0.339081481481
PRO, 4, 29.426, 0.883888, -80196.218750, 0.268974074074
SER, 4, 25.188, 0.79923, -79655.039062, 0.234703703704
THR, 10, 27.677, 0.863638, -80652.296875, 0.375159259259
TRP, 4, 26.174, 0.836873, -78599.695312, 0.314955555556
TYR, 10, 26.357, 0.815047, -80551.984375, 0.270355555556
VAL, 7, 27.147, 0.870302, -79549.015625, 0.221659259259
