AMINO ACID, DSSP, SASA, GYRATE, ENERGY, RMSF
ALA, 4, 23.466, 0.784127, -81034.281250, 0.251659259259
ARG, 6, 28.788, 0.863942, -80843.992188, 0.298462962963
ASN, 14, 25.499, 0.806106, -80382.742188, 0.210481481481
ASP, 10, 26.689, 0.808884, -80276.132812, 0.207903703704
CYS, 10, 26.867, 0.843279, -80577.968750, 0.307162962963
GLN, 4, 27.073, 0.878569, -81173.039062, 0.290562962963
GLU, 6, 24.182, 0.801669, -80554.593750, 0.207940740741
GLY, 9, 25.295, 0.815826, -79986.078125, 0.230159259259
HIS, 10, 26.880, 0.856123, -80244.054688, 0.336788888889
ILE, 7, 24.961, 0.815791, -80284.046875, 0.278788888889
LEU, 7, 28.893, 0.896196, -79384.953125, 0.349325925926
LYS, 8, 26.797, 0.818754, -80195.195312, 0.242707407407
MET, 8, 25.354, 0.822679, -80343.687500, 0.221622222222
PHE, 8, 26.781, 0.844073, -80396.320312, 0.339081481481
PRO, 4, 27.730, 0.869177, -80139.875000, 0.268974074074
SER, 4, 25.201, 0.811626, -79654.796875, 0.234703703704
THR, 11, 25.881, 0.851445, -80327.671875, 0.375159259259
TRP, 4, 26.907, 0.83919, -80425.281250, 0.314955555556
TYR, 8, 27.704, 0.825519, -80124.734375, 0.270355555556
VAL, 7, 26.124, 0.860786, -79509.281250, 0.221659259259
