AMINO ACID, DSSP, SASA, GYRATE, ENERGY, RMSF
ALA, 6, 22.986, 0.781193, -80074.632812, 0.251659259259
ARG, 4, 29.025, 0.878043, -79904.937500, 0.298462962963
ASN, 10, 25.583, 0.816208, -79884.835938, 0.210481481481
ASP, 14, 26.344, 0.824054, -79698.273438, 0.207903703704
CYS, 8, 28.421, 0.847861, -79226.804688, 0.307162962963
GLN, 6, 28.182, 0.880732, -80152.585938, 0.290562962963
GLU, 7, 25.723, 0.824187, -79372.687500, 0.207940740741
GLY, 9, 25.377, 0.809669, -81026.742188, 0.230159259259
HIS, 11, 26.515, 0.834121, -80254.226562, 0.336788888889
ILE, 7, 24.507, 0.799316, -79355.226562, 0.278788888889
LEU, 4, 29.474, 0.919097, -80408.929688, 0.349325925926
LYS, 9, 26.655, 0.825883, -79432.250000, 0.242707407407
MET, 8, 26.603, 0.818995, -80581.882812, 0.221622222222
PHE, 10, 25.241, 0.831819, -79033.585938, 0.339081481481
PRO, 4, 29.535, 0.884403, -80921.687500, 0.268974074074
SER, 2, 24.714, 0.810412, -80346.453125, 0.234703703704
THR, 4, 26.812, 0.859156, -80394.242188, 0.375159259259
TRP, 2, 25.694, 0.834302, -80022.781250, 0.314955555556
TYR, 10, 25.835, 0.824375, -79099.484375, 0.270355555556
VAL, 7, 25.943, 0.84822, -80199.203125, 0.221659259259
