AMINO ACID, DSSP, SASA, GYRATE, ENERGY, RMSF
ALA, 6, 23.267, 0.788432, -79973.687500, 0.251659259259
ARG, 6, 28.379, 0.883136, -79900.703125, 0.298462962963
ASN, 14, 26.381, 0.820343, -80675.382812, 0.210481481481
ASP, 10, 24.784, 0.801238, -80707.671875, 0.207903703704
CYS, 8, 27.399, 0.837343, -79943.140625, 0.307162962963
GLN, 9, 26.496, 0.85986, -80299.750000, 0.290562962963
GLU, 6, 24.639, 0.814824, -79981.484375, 0.207940740741
GLY, 9, 24.182, 0.800969, -80420.671875, 0.230159259259
HIS, 11, 28.138, 0.842432, -80299.015625, 0.336788888889
ILE, 7, 26.335, 0.808625, -80056.062500, 0.278788888889
LEU, 2, 29.719, 0.939952, -79792.429688, 0.349325925926
LYS, 8, 27.648, 0.830783, -79681.617188, 0.242707407407
MET, 8, 25.555, 0.819337, -80038.031250, 0.221622222222
PHE, 8, 25.034, 0.819451, -80646.609375, 0.339081481481
PRO, 6, 27.929, 0.866485, -80070.765625, 0.268974074074
SER, 4, 24.788, 0.8074, -80089.140625, 0.234703703704
THR, 8, 26.414, 0.865019, -80013.031250, 0.375159259259
TRP, 2, 25.437, 0.824399, -80038.882812, 0.314955555556
TYR, 10, 26.024, 0.801842, -80249.421875, 0.270355555556
VAL, 7, 26.517, 0.841055, -79972.500000, 0.221659259259
