AMINO ACID, DSSP, SASA, GYRATE, ENERGY, RMSF
ALA, 6, 23.478, 0.790632, -80587.914062, 0.251659259259
ARG, 4, 28.784, 0.892682, -80247.296875, 0.298462962963
ASN, 12, 26.587, 0.826402, -79992.265625, 0.210481481481
ASP, 10, 26.363, 0.8151, -80629.734375, 0.207903703704
CYS, 9, 26.005, 0.827998, -80790.023438, 0.307162962963
GLN, 6, 26.974, 0.878226, -80166.164062, 0.290562962963
GLU, 4, 25.572, 0.807581, -79571.898438, 0.207940740741
GLY, 9, 25.656, 0.818876, -80384.984375, 0.230159259259
HIS, 10, 27.101, 0.844929, -80239.312500, 0.336788888889
ILE, 7, 26.936, 0.824104, -80163.093750, 0.278788888889
LEU, 7, 28.770, 0.922133, -79446.507812, 0.349325925926
LYS, 8, 27.504, 0.820833, -81129.734375, 0.242707407407
MET, 10, 25.193, 0.809619, -80673.648438, 0.221622222222
PHE, 8, 25.745, 0.820303, -79490.093750, 0.339081481481
PRO, 4, 28.095, 0.869089, -81064.843750, 0.268974074074
SER, 4, 25.256, 0.816127, -79867.460938, 0.234703703704
THR, 6, 26.164, 0.844702, -80509.312500, 0.375159259259
TRP, 2, 25.335, 0.826773, -80031.601562, 0.314955555556
TYR, 11, 26.242, 0.817369, -80743.414062, 0.270355555556
VAL, 7, 26.282, 0.845083, -80518.187500, 0.221659259259
