AMINO ACID, DSSP, SASA, GYRATE, ENERGY, RMSF
ALA, 6, 24.335, 0.794089, -80928.343750, 0.251659259259
ARG, 6, 29.901, 0.885596, -81337.843750, 0.298462962963
ASN, 8, 26.556, 0.829098, -78998.890625, 0.210481481481
ASP, 12, 25.889, 0.803996, -80054.078125, 0.207903703704
CYS, 9, 27.959, 0.851499, -81352.906250, 0.307162962963
GLN, 7, 27.044, 0.881924, -80098.984375, 0.290562962963
GLU, 4, 26.162, 0.816436, -80342.054688, 0.207940740741
GLY, 7, 26.872, 0.821025, -79740.335938, 0.230159259259
HIS, 11, 27.505, 0.837557, -79527.585938, 0.336788888889
ILE, 7, 25.193, 0.800798, -79918.453125, 0.278788888889
LEU, 6, 29.366, 0.930406, -80323.429688, 0.349325925926
LYS, 8, 27.128, 0.82311, -80764.515625, 0.242707407407
MET, 10, 26.189, 0.827079, -80538.718750, 0.221622222222
PHE, 10, 25.488, 0.816075, -80065.453125, 0.339081481481
PRO, 4, 28.418, 0.873153, -80561.117188, 0.268974074074
SER, 2, 24.904, 0.810409, -79820.640625, 0.234703703704
THR, 10, 26.421, 0.87596, -80300.656250, 0.375159259259
TRP, 2, 26.594, 0.828349, -79331.726562, 0.314955555556
TYR, 10, 25.871, 0.817518, -79511.234375, 0.270355555556
VAL, 7, 26.054, 0.832724, -80672.273438, 0.221659259259
