AMINO ACID, DSSP, SASA, GYRATE, ENERGY, RMSF
ALA, 4, 24.198, 0.788203, -80849.695312, 0.251659259259
ARG, 2, 29.510, 0.881415, -80055.101562, 0.298462962963
ASN, 8, 26.198, 0.828022, -79769.531250, 0.210481481481
ASP, 10, 27.258, 0.818935, -79843.781250, 0.207903703704
CYS, 3, 28.496, 0.847255, -79421.343750, 0.307162962963
GLN, 6, 26.117, 0.87543, -80604.125000, 0.290562962963
GLU, 9, 25.846, 0.816359, -79369.656250, 0.207940740741
GLY, 9, 26.179, 0.816612, -80581.562500, 0.230159259259
HIS, 8, 27.608, 0.833793, -80931.148438, 0.336788888889
ILE, 7, 26.068, 0.811135, -81053.679688, 0.278788888889
LEU, 4, 29.520, 0.944755, -80772.812500, 0.349325925926
LYS, 6, 25.622, 0.802879, -81263.765625, 0.242707407407
MET, 8, 28.125, 0.84264, -79855.585938, 0.221622222222
PHE, 14, 23.547, 0.823395, -80958.992188, 0.339081481481
PRO, 2, 28.497, 0.868229, -80669.289062, 0.268974074074
SER, 4, 24.889, 0.816835, -80384.750000, 0.234703703704
THR, 6, 26.936, 0.880003, -80396.679688, 0.375159259259
TRP, 2, 26.770, 0.833031, -79982.812500, 0.314955555556
TYR, 11, 27.570, 0.822701, -79561.296875, 0.270355555556
VAL, 7, 25.743, 0.834702, -79914.953125, 0.221659259259
