AMINO ACID, DSSP, SASA, GYRATE, ENERGY, RMSF
ALA, 6, 25.428, 0.799579, -79944.515625, 0.251659259259
ARG, 8, 28.408, 0.8749, -80909.171875, 0.298462962963
ASN, 12, 25.560, 0.815034, -81547.539062, 0.210481481481
ASP, 12, 26.146, 0.826524, -80343.445312, 0.207903703704
CYS, 8, 27.291, 0.852775, -80260.359375, 0.307162962963
GLN, 8, 27.327, 0.875386, -80909.437500, 0.290562962963
GLU, 4, 26.011, 0.816336, -80096.523438, 0.207940740741
GLY, 7, 26.542, 0.8295, -80906.242188, 0.230159259259
HIS, 11, 27.269, 0.834128, -79411.390625, 0.336788888889
ILE, 7, 25.688, 0.811614, -79888.484375, 0.278788888889
LEU, 4, 29.286, 0.91388, -80463.210938, 0.349325925926
LYS, 10, 25.679, 0.807837, -80514.609375, 0.242707407407
MET, 5, 25.198, 0.822501, -79962.632812, 0.221622222222
PHE, 10, 23.967, 0.801346, -80382.203125, 0.339081481481
PRO, 0, 27.494, 0.862036, -80285.515625, 0.268974074074
SER, 4, 25.412, 0.816563, -80724.750000, 0.234703703704
THR, 6, 28.281, 0.877653, -80089.804688, 0.375159259259
TRP, 2, 26.233, 0.830935, -80299.007812, 0.314955555556
TYR, 10, 27.357, 0.823329, -79470.210938, 0.270355555556
VAL, 7, 25.116, 0.829202, -80441.468750, 0.221659259259
