AMINO ACID, DSSP, SASA, GYRATE, ENERGY, RMSF
ALA, 8, 29.185, 0.844976, -80211.031250, 0.251659259259
ARG, 4, 27.933, 0.840295, -80591.976562, 0.298462962963
ASN, 4, 27.621, 0.838612, -79979.851562, 0.210481481481
ASP, 9, 26.549, 0.828682, -79808.718750, 0.207903703704
CYS, 8, 28.876, 0.884731, -81198.843750, 0.307162962963
GLN, 7, 26.167, 0.83142, -80497.484375, 0.290562962963
GLU, 8, 27.536, 0.830866, -79603.703125, 0.207940740741
GLY, 6, 26.068, 0.848568, -80766.781250, 0.230159259259
HIS, 10, 28.043, 0.844752, -80659.515625, 0.336788888889
ILE, 10, 25.959, 0.816951, -80177.593750, 0.278788888889
LEU, 10, 28.551, 0.841293, -79522.312500, 0.349325925926
LYS, 7, 27.044, 0.829622, -80873.351562, 0.242707407407
MET, 9, 27.934, 0.831447, -79688.414062, 0.221622222222
PHE, 8, 24.977, 0.804898, -80277.000000, 0.339081481481
PRO, 6, 26.917, 0.83683, -79905.921875, 0.268974074074
SER, 13, 26.465, 0.82714, -80311.531250, 0.234703703704
THR, 2, 28.579, 0.836692, -81036.195312, 0.375159259259
TRP, 4, 30.261, 0.870337, -79722.031250, 0.314955555556
TYR, 10, 27.896, 0.862501, -80686.429688, 0.270355555556
VAL, 8, 26.732, 0.838944, -80077.890625, 0.221659259259
