AMINO ACID, DSSP, SASA, GYRATE, ENERGY, RMSF
ALA, 9, 23.811, 0.78494, -79831.843750, 0.251659259259
ARG, 8, 28.755, 0.868839, -80800.093750, 0.298462962963
ASN, 14, 27.054, 0.84038, -79919.968750, 0.210481481481
ASP, 10, 25.301, 0.80702, -80201.031250, 0.207903703704
CYS, 15, 27.639, 0.85758, -80512.078125, 0.307162962963
GLN, 4, 26.114, 0.864549, -80290.695312, 0.290562962963
GLU, 4, 24.736, 0.805321, -80823.382812, 0.207940740741
GLY, 9, 23.938, 0.799521, -79626.703125, 0.230159259259
HIS, 6, 27.900, 0.845637, -79810.484375, 0.336788888889
ILE, 5, 25.309, 0.804354, -81094.804688, 0.278788888889
LEU, 6, 29.696, 0.918853, -79895.171875, 0.349325925926
LYS, 9, 25.488, 0.820758, -79503.578125, 0.242707407407
MET, 10, 26.507, 0.842863, -80287.625000, 0.221622222222
PHE, 11, 26.680, 0.831446, -79789.500000, 0.339081481481
PRO, 0, 26.872, 0.860315, -80043.937500, 0.268974074074
SER, 6, 25.950, 0.815567, -80003.632812, 0.234703703704
THR, 12, 28.762, 0.882622, -80122.523438, 0.375159259259
TRP, 2, 24.407, 0.799674, -79332.476562, 0.314955555556
TYR, 10, 26.400, 0.817967, -79868.101562, 0.270355555556
VAL, 9, 25.075, 0.844319, -79466.046875, 0.221659259259
