AMINO ACID, DSSP, SASA, GYRATE, ENERGY, RMSF
ALA, 6, 24.506, 0.788051, -80750.875000, 0.251659259259
ARG, 6, 29.265, 0.874841, -80949.281250, 0.298462962963
ASN, 10, 27.119, 0.833295, -80227.296875, 0.210481481481
ASP, 10, 25.086, 0.806368, -79512.906250, 0.207903703704
CYS, 10, 26.460, 0.856797, -80226.695312, 0.307162962963
GLN, 6, 27.290, 0.877376, -80232.820312, 0.290562962963
GLU, 4, 27.114, 0.818876, -79810.218750, 0.207940740741
GLY, 9, 24.838, 0.804549, -80886.781250, 0.230159259259
HIS, 8, 27.253, 0.832132, -79802.492188, 0.336788888889
ILE, 2, 26.014, 0.801575, -79808.250000, 0.278788888889
LEU, 6, 29.867, 0.926061, -80365.578125, 0.349325925926
LYS, 10, 26.674, 0.820718, -80568.562500, 0.242707407407
MET, 8, 26.012, 0.837635, -79825.859375, 0.221622222222
PHE, 9, 28.655, 0.841473, -79717.656250, 0.339081481481
PRO, 0, 27.551, 0.857241, -80462.921875, 0.268974074074
SER, 6, 26.802, 0.825974, -79817.484375, 0.234703703704
THR, 8, 28.800, 0.876704, -79835.609375, 0.375159259259
TRP, 2, 24.886, 0.804153, -79421.296875, 0.314955555556
TYR, 9, 26.363, 0.815468, -79387.070312, 0.270355555556
VAL, 7, 26.134, 0.851058, -80315.023438, 0.221659259259
