AMINO ACID, DSSP, SASA, GYRATE, ENERGY, RMSF
ALA, 6, 29.858, 0.847563, -80506.406250, 0.251659259259
ARG, 4, 28.403, 0.845165, -81510.015625, 0.298462962963
ASN, 6, 27.821, 0.840489, -80945.500000, 0.210481481481
ASP, 7, 26.984, 0.827566, -79741.507812, 0.207903703704
CYS, 8, 27.857, 0.880858, -80877.218750, 0.307162962963
GLN, 11, 26.562, 0.826956, -80476.500000, 0.290562962963
GLU, 8, 26.859, 0.827628, -80071.218750, 0.207940740741
GLY, 6, 26.504, 0.858238, -81057.085938, 0.230159259259
HIS, 6, 26.514, 0.845328, -80045.828125, 0.336788888889
ILE, 10, 26.412, 0.822212, -79723.835938, 0.278788888889
LEU, 9, 27.538, 0.838391, -79897.125000, 0.349325925926
LYS, 5, 28.201, 0.834132, -79730.367188, 0.242707407407
MET, 7, 27.377, 0.828884, -80126.203125, 0.221622222222
PHE, 9, 24.492, 0.796978, -79314.414062, 0.339081481481
PRO, 7, 25.483, 0.824778, -80441.125000, 0.268974074074
SER, 10, 25.522, 0.813327, -80165.304688, 0.234703703704
THR, 2, 27.212, 0.830699, -80552.882812, 0.375159259259
TRP, 6, 29.866, 0.863708, -79997.140625, 0.314955555556
TYR, 11, 27.423, 0.859886, -80606.281250, 0.270355555556
VAL, 6, 27.716, 0.847044, -80403.585938, 0.221659259259
