AMINO ACID, DSSP, SASA, GYRATE, ENERGY, RMSF
ALA, 6, 23.815, 0.783252, -80438.328125, 0.251659259259
ARG, 9, 29.022, 0.878246, -81455.203125, 0.298462962963
ASN, 8, 26.840, 0.827866, -79828.429688, 0.210481481481
ASP, 12, 25.649, 0.807234, -80220.890625, 0.207903703704
CYS, 11, 26.161, 0.860602, -80112.437500, 0.307162962963
GLN, 4, 25.553, 0.852687, -79013.062500, 0.290562962963
GLU, 4, 24.898, 0.799158, -79595.421875, 0.207940740741
GLY, 9, 24.278, 0.803062, -79703.851562, 0.230159259259
HIS, 8, 26.211, 0.822143, -80319.031250, 0.336788888889
ILE, 7, 25.546, 0.816689, -79921.593750, 0.278788888889
LEU, 9, 29.066, 0.907187, -79342.164062, 0.349325925926
LYS, 10, 25.886, 0.808865, -80917.781250, 0.242707407407
MET, 8, 26.350, 0.836029, -79596.015625, 0.221622222222
PHE, 9, 26.581, 0.82912, -80332.718750, 0.339081481481
PRO, 0, 26.874, 0.868679, -80536.156250, 0.268974074074
SER, 4, 26.800, 0.830149, -80185.328125, 0.234703703704
THR, 10, 27.921, 0.879147, -81131.203125, 0.375159259259
TRP, 2, 25.576, 0.819616, -80287.601562, 0.314955555556
TYR, 10, 26.311, 0.813064, -80677.375000, 0.270355555556
VAL, 7, 26.534, 0.850063, -80914.156250, 0.221659259259
