AMINO ACID, DSSP, SASA, GYRATE, ENERGY, RMSF
ALA, 6, 24.863, 0.80542, -80204.804688, 0.251659259259
ARG, 10, 27.990, 0.873121, -80862.859375, 0.298462962963
ASN, 12, 25.846, 0.823395, -80670.953125, 0.210481481481
ASP, 10, 27.617, 0.815178, -81137.078125, 0.207903703704
CYS, 12, 26.704, 0.844924, -79815.179688, 0.307162962963
GLN, 6, 24.861, 0.868769, -80712.757812, 0.290562962963
GLU, 6, 25.714, 0.818978, -80185.093750, 0.207940740741
GLY, 11, 24.942, 0.799679, -80095.773438, 0.230159259259
HIS, 6, 27.570, 0.836503, -80390.187500, 0.336788888889
ILE, 7, 24.901, 0.809221, -79459.687500, 0.278788888889
LEU, 12, 30.010, 0.937787, -80630.093750, 0.349325925926
LYS, 10, 25.545, 0.810667, -81414.156250, 0.242707407407
MET, 8, 25.739, 0.831716, -79459.750000, 0.221622222222
PHE, 8, 26.129, 0.822063, -79601.093750, 0.339081481481
PRO, 0, 28.723, 0.880896, -79868.453125, 0.268974074074
SER, 4, 27.181, 0.832071, -81256.453125, 0.234703703704
THR, 6, 26.818, 0.87604, -80984.023438, 0.375159259259
TRP, 2, 26.006, 0.818657, -79150.796875, 0.314955555556
TYR, 11, 26.775, 0.816043, -80667.445312, 0.270355555556
VAL, 7, 26.812, 0.864772, -79819.593750, 0.221659259259
