AMINO ACID, DSSP, SASA, GYRATE, ENERGY, RMSF
ALA, 6, 24.630, 0.80043, -80364.429688, 0.251659259259
ARG, 10, 29.448, 0.870758, -81103.148438, 0.298462962963
ASN, 8, 26.755, 0.829385, -80566.718750, 0.210481481481
ASP, 8, 27.743, 0.813891, -80789.078125, 0.207903703704
CYS, 12, 25.905, 0.847118, -79421.757812, 0.307162962963
GLN, 4, 27.528, 0.88812, -79610.937500, 0.290562962963
GLU, 4, 24.812, 0.802811, -80265.414062, 0.207940740741
GLY, 11, 25.151, 0.810837, -80637.734375, 0.230159259259
HIS, 6, 28.169, 0.850672, -80861.203125, 0.336788888889
ILE, 7, 24.977, 0.795198, -80384.695312, 0.278788888889
LEU, 12, 31.062, 0.940222, -80301.992188, 0.349325925926
LYS, 8, 26.293, 0.810136, -80685.156250, 0.242707407407
MET, 8, 25.683, 0.832115, -79232.257812, 0.221622222222
PHE, 9, 26.709, 0.824498, -80029.203125, 0.339081481481
PRO, 0, 27.007, 0.874639, -81418.984375, 0.268974074074
SER, 4, 27.396, 0.82532, -80091.265625, 0.234703703704
THR, 8, 27.346, 0.867466, -80312.500000, 0.375159259259
TRP, 2, 26.230, 0.822419, -79699.968750, 0.314955555556
TYR, 10, 26.430, 0.812234, -79838.765625, 0.270355555556
VAL, 7, 26.942, 0.86019, -79827.000000, 0.221659259259
