AMINO ACID, DSSP, SASA, GYRATE, ENERGY, RMSF
ALA, 6, 23.291, 0.794774, -80787.781250, 0.251659259259
ARG, 8, 29.390, 0.872021, -81173.289062, 0.298462962963
ASN, 10, 25.200, 0.836476, -80547.390625, 0.210481481481
ASP, 10, 27.046, 0.828906, -79276.203125, 0.207903703704
CYS, 11, 27.126, 0.857109, -80197.765625, 0.307162962963
GLN, 6, 25.136, 0.855688, -80566.187500, 0.290562962963
GLU, 8, 25.945, 0.811452, -79973.835938, 0.207940740741
GLY, 11, 25.447, 0.805774, -80292.578125, 0.230159259259
HIS, 4, 29.239, 0.859036, -79601.820312, 0.336788888889
ILE, 7, 26.122, 0.805671, -80491.960938, 0.278788888889
LEU, 9, 30.517, 0.925165, -79804.500000, 0.349325925926
LYS, 13, 25.927, 0.814672, -80356.859375, 0.242707407407
MET, 8, 27.996, 0.856608, -80450.437500, 0.221622222222
PHE, 10, 24.211, 0.811099, -80229.000000, 0.339081481481
PRO, 0, 28.588, 0.891484, -79634.359375, 0.268974074074
SER, 4, 24.619, 0.813898, -80460.179688, 0.234703703704
THR, 6, 28.126, 0.883131, -79959.843750, 0.375159259259
TRP, 2, 26.899, 0.830238, -79426.953125, 0.314955555556
TYR, 10, 27.117, 0.813215, -79939.726562, 0.270355555556
VAL, 7, 25.665, 0.843746, -80810.593750, 0.221659259259
