AMINO ACID, DSSP, SASA, GYRATE, ENERGY, RMSF
ALA, 8, 24.904, 0.797329, -79712.890625, 0.251659259259
ARG, 8, 28.891, 0.877422, -81127.859375, 0.298462962963
ASN, 8, 28.842, 0.854297, -80220.273438, 0.210481481481
ASP, 6, 26.087, 0.820679, -80518.546875, 0.207903703704
CYS, 12, 28.223, 0.872021, -79712.062500, 0.307162962963
GLN, 4, 26.649, 0.873694, -79753.914062, 0.290562962963
GLU, 4, 27.822, 0.819687, -80566.937500, 0.207940740741
GLY, 9, 25.999, 0.813295, -79935.484375, 0.230159259259
HIS, 4, 28.343, 0.849453, -79753.468750, 0.336788888889
ILE, 7, 25.656, 0.802729, -80674.468750, 0.278788888889
LEU, 7, 30.430, 0.951177, -80381.085938, 0.349325925926
LYS, 10, 24.914, 0.8, -81109.921875, 0.242707407407
MET, 8, 27.375, 0.845605, -79928.507812, 0.221622222222
PHE, 7, 25.491, 0.817383, -80553.390625, 0.339081481481
PRO, 0, 29.996, 0.899319, -79929.492188, 0.268974074074
SER, 4, 26.665, 0.827867, -80074.984375, 0.234703703704
THR, 8, 29.439, 0.885179, -80231.132812, 0.375159259259
TRP, 2, 27.708, 0.832521, -80254.781250, 0.314955555556
TYR, 13, 25.616, 0.799114, -80152.437500, 0.270355555556
VAL, 7, 26.960, 0.859943, -80255.093750, 0.221659259259
