AMINO ACID, DSSP, SASA, GYRATE, ENERGY, RMSF
ALA, 6, 24.970, 0.783396, -80473.382812, 0.251659259259
ARG, 8, 28.344, 0.867401, -79894.210938, 0.298462962963
ASN, 10, 27.976, 0.847718, -80673.109375, 0.210481481481
ASP, 12, 26.337, 0.818561, -79688.296875, 0.207903703704
CYS, 12, 27.421, 0.863563, -80050.156250, 0.307162962963
GLN, 6, 26.313, 0.863348, -79637.757812, 0.290562962963
GLU, 6, 27.283, 0.832799, -80086.937500, 0.207940740741
GLY, 11, 26.185, 0.815679, -81220.421875, 0.230159259259
HIS, 10, 27.919, 0.847349, -80231.992188, 0.336788888889
ILE, 7, 25.041, 0.801422, -80157.421875, 0.278788888889
LEU, 5, 31.874, 0.950306, -79901.101562, 0.349325925926
LYS, 10, 26.121, 0.815485, -80001.687500, 0.242707407407
MET, 8, 26.904, 0.845099, -80349.375000, 0.221622222222
PHE, 7, 23.943, 0.816057, -80044.195312, 0.339081481481
PRO, 0, 28.030, 0.882786, -80388.781250, 0.268974074074
SER, 4, 25.376, 0.806915, -80499.843750, 0.234703703704
THR, 6, 27.983, 0.891196, -80233.617188, 0.375159259259
TRP, 2, 25.978, 0.807214, -80135.046875, 0.314955555556
TYR, 10, 26.395, 0.815344, -80132.296875, 0.270355555556
VAL, 4, 26.976, 0.851972, -80543.648438, 0.221659259259
