AMINO ACID, DSSP, SASA, GYRATE, ENERGY, RMSF
ALA, 6, 22.923, 0.783443, -80383.085938, 0.251659259259
ARG, 8, 29.191, 0.8685, -80670.687500, 0.298462962963
ASN, 10, 28.635, 0.849885, -80010.132812, 0.210481481481
ASP, 10, 25.532, 0.809727, -80082.429688, 0.207903703704
CYS, 8, 25.764, 0.843518, -80472.187500, 0.307162962963
GLN, 4, 28.149, 0.872646, -80158.531250, 0.290562962963
GLU, 4, 25.411, 0.822408, -79274.390625, 0.207940740741
GLY, 9, 24.511, 0.792475, -79706.382812, 0.230159259259
HIS, 9, 29.159, 0.858667, -79639.187500, 0.336788888889
ILE, 7, 26.536, 0.822338, -80422.968750, 0.278788888889
LEU, 11, 28.645, 0.909161, -80166.140625, 0.349325925926
LYS, 15, 26.469, 0.817248, -80224.265625, 0.242707407407
MET, 9, 26.359, 0.828321, -79684.796875, 0.221622222222
PHE, 6, 25.301, 0.821465, -80800.445312, 0.339081481481
PRO, 0, 28.177, 0.876462, -79951.343750, 0.268974074074
SER, 2, 25.760, 0.810278, -80197.218750, 0.234703703704
THR, 6, 26.927, 0.873518, -79732.937500, 0.375159259259
TRP, 0, 25.627, 0.82937, -80681.257812, 0.314955555556
TYR, 14, 26.954, 0.831636, -80023.687500, 0.270355555556
VAL, 7, 25.589, 0.842705, -80745.953125, 0.221659259259
