AMINO ACID, DSSP, SASA, GYRATE, ENERGY, RMSF
ALA, 6, 23.603, 0.789156, -80032.296875, 0.251659259259
ARG, 8, 28.156, 0.873487, -80448.101562, 0.298462962963
ASN, 8, 28.143, 0.84124, -80203.148438, 0.210481481481
ASP, 6, 27.702, 0.822772, -80085.437500, 0.207903703704
CYS, 10, 28.680, 0.874183, -80173.906250, 0.307162962963
GLN, 6, 26.348, 0.860682, -80594.953125, 0.290562962963
GLU, 2, 25.867, 0.809396, -80730.617188, 0.207940740741
GLY, 11, 24.060, 0.802447, -80188.593750, 0.230159259259
HIS, 6, 29.046, 0.850059, -80094.382812, 0.336788888889
ILE, 7, 25.953, 0.819713, -80084.023438, 0.278788888889
LEU, 4, 28.314, 0.89967, -80139.375000, 0.349325925926
LYS, 13, 25.626, 0.805503, -80502.507812, 0.242707407407
MET, 10, 26.762, 0.831295, -80949.257812, 0.221622222222
PHE, 6, 26.094, 0.825525, -80317.726562, 0.339081481481
PRO, 0, 28.968, 0.848769, -79749.507812, 0.268974074074
SER, 4, 25.163, 0.808224, -80451.179688, 0.234703703704
THR, 8, 26.421, 0.868712, -80950.281250, 0.375159259259
TRP, 2, 26.245, 0.828449, -79997.726562, 0.314955555556
TYR, 11, 26.349, 0.811445, -80023.359375, 0.270355555556
VAL, 7, 26.534, 0.841408, -80218.945312, 0.221659259259
