AMINO ACID, DSSP, SASA, GYRATE, ENERGY, RMSF
ALA, 6, 24.391, 0.796638, -79408.609375, 0.251659259259
ARG, 8, 27.608, 0.866629, -80110.718750, 0.298462962963
ASN, 10, 27.497, 0.84286, -80893.992188, 0.210481481481
ASP, 10, 25.072, 0.816789, -79347.671875, 0.207903703704
CYS, 10, 27.593, 0.860799, -80470.148438, 0.307162962963
GLN, 6, 26.347, 0.871532, -80539.500000, 0.290562962963
GLU, 7, 25.347, 0.811253, -81089.171875, 0.207940740741
GLY, 11, 25.482, 0.811974, -79173.281250, 0.230159259259
HIS, 13, 28.926, 0.849762, -80598.468750, 0.336788888889
ILE, 7, 25.624, 0.811219, -79093.921875, 0.278788888889
LEU, 9, 29.393, 0.909036, -79552.671875, 0.349325925926
LYS, 11, 27.036, 0.803926, -81181.390625, 0.242707407407
MET, 10, 27.158, 0.825147, -80020.171875, 0.221622222222
PHE, 6, 25.250, 0.821615, -79847.382812, 0.339081481481
PRO, 0, 28.796, 0.841464, -80991.031250, 0.268974074074
SER, 4, 24.606, 0.812147, -80907.539062, 0.234703703704
THR, 10, 27.500, 0.894948, -80624.164062, 0.375159259259
TRP, 2, 27.523, 0.826673, -81575.507812, 0.314955555556
TYR, 11, 25.719, 0.804667, -80286.078125, 0.270355555556
VAL, 7, 26.306, 0.850302, -79320.031250, 0.221659259259
