AMINO ACID, DSSP, SASA, GYRATE, ENERGY, RMSF
ALA, 4, 23.719, 0.789941, -81271.375000, 0.251659259259
ARG, 6, 29.146, 0.887703, -81240.914062, 0.298462962963
ASN, 12, 27.488, 0.843019, -80422.898438, 0.210481481481
ASP, 6, 26.046, 0.816338, -79979.453125, 0.207903703704
CYS, 9, 26.994, 0.863777, -80962.726562, 0.307162962963
GLN, 6, 26.792, 0.884842, -79827.343750, 0.290562962963
GLU, 6, 25.636, 0.824536, -80586.984375, 0.207940740741
GLY, 9, 25.419, 0.819454, -80086.406250, 0.230159259259
HIS, 10, 29.378, 0.857704, -79887.093750, 0.336788888889
ILE, 7, 26.808, 0.819706, -81129.859375, 0.278788888889
LEU, 4, 29.577, 0.899019, -79693.320312, 0.349325925926
LYS, 13, 26.666, 0.806877, -81017.148438, 0.242707407407
MET, 10, 26.397, 0.830219, -79935.601562, 0.221622222222
PHE, 7, 26.638, 0.832959, -79931.187500, 0.339081481481
PRO, 0, 28.094, 0.848812, -80110.156250, 0.268974074074
SER, 2, 26.239, 0.821723, -80053.515625, 0.234703703704
THR, 6, 25.781, 0.888501, -80460.437500, 0.375159259259
TRP, 2, 26.276, 0.823323, -80365.148438, 0.314955555556
TYR, 10, 27.377, 0.806865, -79861.140625, 0.270355555556
VAL, 7, 25.856, 0.844698, -80650.468750, 0.221659259259
