AMINO ACID, DSSP, SASA, GYRATE, ENERGY, RMSF
ALA, 8, 23.668, 0.798408, -80366.843750, 0.251659259259
ARG, 8, 27.598, 0.867004, -80270.148438, 0.298462962963
ASN, 10, 27.217, 0.83212, -80428.781250, 0.210481481481
ASP, 6, 25.773, 0.809698, -80146.421875, 0.207903703704
CYS, 12, 27.872, 0.862582, -80855.421875, 0.307162962963
GLN, 4, 26.901, 0.884318, -80246.445312, 0.290562962963
GLU, 5, 27.409, 0.831762, -79161.492188, 0.207940740741
GLY, 9, 24.985, 0.807271, -79866.140625, 0.230159259259
HIS, 7, 29.780, 0.852109, -80538.968750, 0.336788888889
ILE, 7, 24.955, 0.800959, -80512.054688, 0.278788888889
LEU, 3, 29.483, 0.938153, -80320.054688, 0.349325925926
LYS, 9, 26.238, 0.801987, -80267.265625, 0.242707407407
MET, 8, 26.080, 0.817335, -80383.406250, 0.221622222222
PHE, 10, 25.408, 0.820276, -80439.328125, 0.339081481481
PRO, 0, 26.398, 0.851801, -80214.617188, 0.268974074074
SER, 4, 25.252, 0.818505, -81359.156250, 0.234703703704
THR, 4, 26.042, 0.8882, -80490.156250, 0.375159259259
TRP, 2, 27.643, 0.839307, -80500.585938, 0.314955555556
TYR, 9, 26.675, 0.809628, -80552.023438, 0.270355555556
VAL, 7, 25.372, 0.842825, -79664.617188, 0.221659259259
