AMINO ACID, DSSP, SASA, GYRATE, ENERGY, RMSF
ALA, 6, 23.822, 0.792023, -80768.398438, 0.251659259259
ARG, 10, 27.803, 0.869896, -81306.906250, 0.298462962963
ASN, 10, 25.505, 0.83084, -80184.828125, 0.210481481481
ASP, 8, 26.217, 0.807074, -81009.609375, 0.207903703704
CYS, 7, 27.793, 0.845561, -80797.890625, 0.307162962963
GLN, 6, 26.124, 0.857275, -80591.898438, 0.290562962963
GLU, 2, 27.816, 0.829996, -81019.492188, 0.207940740741
GLY, 9, 24.567, 0.816347, -81111.921875, 0.230159259259
HIS, 12, 29.658, 0.858893, -80505.750000, 0.336788888889
ILE, 7, 26.789, 0.831702, -80576.140625, 0.278788888889
LEU, 4, 29.998, 0.930567, -80431.359375, 0.349325925926
LYS, 13, 26.130, 0.805912, -80381.695312, 0.242707407407
MET, 11, 26.063, 0.825447, -80053.453125, 0.221622222222
PHE, 6, 25.249, 0.810918, -80226.773438, 0.339081481481
PRO, 0, 29.345, 0.854448, -80363.273438, 0.268974074074
SER, 2, 25.485, 0.824578, -80066.976562, 0.234703703704
THR, 8, 28.105, 0.87858, -80100.226562, 0.375159259259
TRP, 2, 26.800, 0.831462, -79645.328125, 0.314955555556
TYR, 10, 27.078, 0.827272, -80202.750000, 0.270355555556
VAL, 7, 25.343, 0.844872, -78936.656250, 0.221659259259
