AMINO ACID, DSSP, SASA, GYRATE, ENERGY, RMSF
ALA, 6, 23.354, 0.791567, -80387.984375, 0.251659259259
ARG, 6, 27.826, 0.864308, -80489.726562, 0.298462962963
ASN, 8, 27.964, 0.844338, -79687.296875, 0.210481481481
ASP, 12, 25.350, 0.803891, -79542.859375, 0.207903703704
CYS, 5, 29.396, 0.877685, -80806.218750, 0.307162962963
GLN, 6, 27.260, 0.866791, -80425.492188, 0.290562962963
GLU, 2, 27.838, 0.839586, -80047.054688, 0.207940740741
GLY, 11, 25.590, 0.816041, -80138.140625, 0.230159259259
HIS, 8, 30.068, 0.854625, -80586.390625, 0.336788888889
ILE, 7, 26.484, 0.83533, -80066.882812, 0.278788888889
LEU, 2, 30.024, 0.940672, -80093.929688, 0.349325925926
LYS, 11, 26.605, 0.814162, -80009.031250, 0.242707407407
MET, 9, 27.153, 0.838594, -80325.875000, 0.221622222222
PHE, 6, 25.771, 0.825539, -79507.250000, 0.339081481481
PRO, 0, 29.605, 0.879832, -79845.406250, 0.268974074074
SER, 2, 25.528, 0.821082, -80354.117188, 0.234703703704
THR, 4, 26.165, 0.87692, -80586.953125, 0.375159259259
TRP, 2, 26.470, 0.820996, -79785.281250, 0.314955555556
TYR, 10, 28.473, 0.842403, -79982.195312, 0.270355555556
VAL, 7, 25.193, 0.847278, -80182.632812, 0.221659259259
