AMINO ACID, DSSP, SASA, GYRATE, ENERGY, RMSF
ALA, 6, 24.324, 0.802636, -80080.382812, 0.251659259259
ARG, 6, 27.767, 0.873992, -80813.117188, 0.298462962963
ASN, 11, 25.328, 0.82493, -80245.914062, 0.210481481481
ASP, 6, 25.613, 0.810677, -80535.312500, 0.207903703704
CYS, 9, 28.930, 0.865573, -80527.265625, 0.307162962963
GLN, 4, 27.182, 0.860437, -79445.257812, 0.290562962963
GLU, 4, 27.203, 0.817423, -80478.687500, 0.207940740741
GLY, 9, 24.537, 0.804852, -80071.265625, 0.230159259259
HIS, 10, 29.424, 0.853739, -80128.351562, 0.336788888889
ILE, 7, 27.401, 0.829366, -80954.828125, 0.278788888889
LEU, 3, 30.330, 0.938178, -79753.609375, 0.349325925926
LYS, 13, 27.244, 0.823547, -80427.937500, 0.242707407407
MET, 7, 27.099, 0.841415, -80901.070312, 0.221622222222
PHE, 2, 24.918, 0.816173, -79637.390625, 0.339081481481
PRO, 0, 28.642, 0.877625, -80960.359375, 0.268974074074
SER, 4, 24.954, 0.813973, -80143.570312, 0.234703703704
THR, 6, 27.392, 0.890245, -80568.937500, 0.375159259259
TRP, 2, 25.535, 0.821317, -79306.906250, 0.314955555556
TYR, 7, 27.550, 0.83019, -79396.406250, 0.270355555556
VAL, 7, 26.222, 0.847839, -80425.593750, 0.221659259259
