AMINO ACID, DSSP, SASA, GYRATE, ENERGY, RMSF
ALA, 4, 28.086, 0.836973, -79705.515625, 0.251659259259
ARG, 6, 28.012, 0.863677, -80304.265625, 0.298462962963
ASN, 8, 25.884, 0.827597, -79958.671875, 0.210481481481
ASP, 10, 25.197, 0.801423, -79679.898438, 0.207903703704
CYS, 7, 27.669, 0.872026, -80445.656250, 0.307162962963
GLN, 4, 25.612, 0.866005, -80354.781250, 0.290562962963
GLU, 9, 26.593, 0.822394, -80654.531250, 0.207940740741
GLY, 9, 25.506, 0.813061, -79811.460938, 0.230159259259
HIS, 11, 27.831, 0.858517, -80417.140625, 0.336788888889
ILE, 4, 25.554, 0.813034, -79840.710938, 0.278788888889
LEU, 5, 30.841, 0.948409, -80495.148438, 0.349325925926
LYS, 13, 25.706, 0.806332, -80673.046875, 0.242707407407
MET, 8, 25.594, 0.824517, -81090.687500, 0.221622222222
PHE, 0, 24.246, 0.832174, -79556.882812, 0.339081481481
PRO, 0, 26.565, 0.83467, -80350.843750, 0.268974074074
SER, 4, 25.054, 0.809072, -80216.492188, 0.234703703704
THR, 9, 26.591, 0.879997, -79980.812500, 0.375159259259
TRP, 4, 27.390, 0.836478, -80366.015625, 0.314955555556
TYR, 10, 28.123, 0.836821, -80328.187500, 0.270355555556
VAL, 7, 25.205, 0.843578, -80765.960938, 0.221659259259
