AMINO ACID, DSSP, SASA, GYRATE, ENERGY, RMSF
ALA, 8, 28.924, 0.864571, -81239.851562, 0.251659259259
ARG, 10, 28.186, 0.840363, -79791.390625, 0.298462962963
ASN, 4, 28.019, 0.853494, -79699.796875, 0.210481481481
ASP, 7, 26.598, 0.812566, -80359.281250, 0.207903703704
CYS, 8, 27.399, 0.87535, -80465.164062, 0.307162962963
GLN, 4, 27.112, 0.832873, -80483.000000, 0.290562962963
GLU, 8, 27.089, 0.831192, -80834.281250, 0.207940740741
GLY, 8, 26.754, 0.845673, -79811.093750, 0.230159259259
HIS, 8, 26.666, 0.847201, -79615.546875, 0.336788888889
ILE, 12, 26.495, 0.830292, -80103.328125, 0.278788888889
LEU, 11, 25.447, 0.798284, -79501.890625, 0.349325925926
LYS, 5, 26.789, 0.857108, -80315.171875, 0.242707407407
MET, 5, 25.527, 0.831048, -79577.335938, 0.221622222222
PHE, 8, 26.373, 0.816229, -79488.171875, 0.339081481481
PRO, 6, 25.790, 0.807363, -80755.593750, 0.268974074074
SER, 12, 25.536, 0.800627, -80614.218750, 0.234703703704
THR, 4, 29.837, 0.864578, -80047.640625, 0.375159259259
TRP, 6, 29.012, 0.857222, -79604.687500, 0.314955555556
TYR, 10, 25.987, 0.854221, -78991.210938, 0.270355555556
VAL, 13, 25.325, 0.825191, -80337.312500, 0.221659259259
