AMINO ACID, DSSP, SASA, GYRATE, ENERGY, RMSF
ALA, 4, 25.937, 0.819024, -80244.109375, 0.251659259259
ARG, 6, 26.981, 0.873471, -80354.343750, 0.298462962963
ASN, 11, 26.139, 0.820753, -79905.648438, 0.210481481481
ASP, 10, 26.971, 0.811297, -80293.906250, 0.207903703704
CYS, 10, 26.852, 0.86026, -80520.984375, 0.307162962963
GLN, 4, 26.212, 0.861708, -80285.742188, 0.290562962963
GLU, 6, 24.754, 0.810205, -79508.007812, 0.207940740741
GLY, 11, 25.739, 0.812172, -79354.843750, 0.230159259259
HIS, 6, 27.212, 0.853517, -79989.171875, 0.336788888889
ILE, 7, 26.139, 0.835553, -79287.531250, 0.278788888889
LEU, 9, 28.746, 0.92732, -79569.203125, 0.349325925926
LYS, 13, 26.696, 0.813263, -80026.984375, 0.242707407407
MET, 11, 25.371, 0.817952, -81002.812500, 0.221622222222
PHE, 5, 24.844, 0.819984, -80220.789062, 0.339081481481
PRO, 0, 26.412, 0.842735, -80000.875000, 0.268974074074
SER, 4, 25.509, 0.814873, -80174.421875, 0.234703703704
THR, 6, 26.066, 0.866707, -80202.375000, 0.375159259259
TRP, 4, 30.177, 0.874806, -80581.976562, 0.314955555556
TYR, 12, 27.560, 0.832403, -80058.289062, 0.270355555556
VAL, 4, 27.097, 0.866319, -80427.648438, 0.221659259259
