AMINO ACID, DSSP, SASA, GYRATE, ENERGY, RMSF
ALA, 4, 25.873, 0.80805, -80957.210938, 0.251659259259
ARG, 4, 27.810, 0.869235, -79883.500000, 0.298462962963
ASN, 12, 26.909, 0.827519, -80357.578125, 0.210481481481
ASP, 6, 26.037, 0.815523, -80045.437500, 0.207903703704
CYS, 7, 27.445, 0.862995, -80768.593750, 0.307162962963
GLN, 4, 25.449, 0.858716, -80390.859375, 0.290562962963
GLU, 8, 24.730, 0.80217, -79958.828125, 0.207940740741
GLY, 9, 25.427, 0.821491, -80942.882812, 0.230159259259
HIS, 6, 27.188, 0.854772, -80346.148438, 0.336788888889
ILE, 7, 26.367, 0.822291, -79852.039062, 0.278788888889
LEU, 5, 28.385, 0.900605, -79079.765625, 0.349325925926
LYS, 8, 27.989, 0.820974, -81429.171875, 0.242707407407
MET, 10, 26.108, 0.822521, -80451.515625, 0.221622222222
PHE, 9, 25.319, 0.834163, -79976.015625, 0.339081481481
PRO, 0, 27.314, 0.846888, -81011.750000, 0.268974074074
SER, 4, 26.057, 0.811307, -79990.625000, 0.234703703704
THR, 6, 26.875, 0.871659, -80509.343750, 0.375159259259
TRP, 4, 30.633, 0.874312, -80153.304688, 0.314955555556
TYR, 10, 28.376, 0.832101, -80365.453125, 0.270355555556
VAL, 4, 27.140, 0.87752, -80426.687500, 0.221659259259
