AMINO ACID, DSSP, SASA, GYRATE, ENERGY, RMSF
ALA, 2, 26.022, 0.811677, -80287.406250, 0.251659259259
ARG, 6, 28.632, 0.861154, -80550.984375, 0.298462962963
ASN, 8, 25.278, 0.834312, -80376.976562, 0.210481481481
ASP, 8, 25.856, 0.817703, -79954.289062, 0.207903703704
CYS, 7, 27.972, 0.872977, -80290.164062, 0.307162962963
GLN, 2, 26.303, 0.863709, -79803.625000, 0.290562962963
GLU, 4, 26.136, 0.82074, -79717.765625, 0.207940740741
GLY, 12, 26.184, 0.818447, -80348.156250, 0.230159259259
HIS, 6, 26.313, 0.841323, -79949.476562, 0.336788888889
ILE, 7, 26.724, 0.820165, -79685.281250, 0.278788888889
LEU, 9, 29.205, 0.914128, -79582.210938, 0.349325925926
LYS, 12, 26.312, 0.809843, -80935.156250, 0.242707407407
MET, 10, 25.781, 0.82295, -79906.828125, 0.221622222222
PHE, 10, 25.733, 0.825921, -81099.578125, 0.339081481481
PRO, 0, 26.742, 0.834724, -80385.734375, 0.268974074074
SER, 2, 25.188, 0.80869, -80810.421875, 0.234703703704
THR, 4, 25.811, 0.875983, -79980.515625, 0.375159259259
TRP, 4, 29.186, 0.85728, -79943.710938, 0.314955555556
TYR, 11, 25.763, 0.809421, -80678.921875, 0.270355555556
VAL, 4, 28.554, 0.851267, -80594.234375, 0.221659259259
