AMINO ACID, DSSP, SASA, GYRATE, ENERGY, RMSF
ALA, 4, 24.680, 0.804877, -80191.343750, 0.251659259259
ARG, 4, 27.438, 0.858735, -80880.210938, 0.298462962963
ASN, 8, 25.243, 0.825333, -80439.273438, 0.210481481481
ASP, 7, 25.518, 0.813302, -80220.734375, 0.207903703704
CYS, 7, 26.894, 0.863777, -79881.406250, 0.307162962963
GLN, 4, 26.085, 0.866987, -79929.562500, 0.290562962963
GLU, 4, 26.340, 0.816281, -80343.546875, 0.207940740741
GLY, 12, 26.643, 0.816896, -80473.156250, 0.230159259259
HIS, 9, 27.262, 0.839472, -80338.476562, 0.336788888889
ILE, 7, 27.656, 0.825674, -80463.835938, 0.278788888889
LEU, 7, 28.841, 0.915803, -79933.554688, 0.349325925926
LYS, 11, 26.686, 0.826655, -80599.695312, 0.242707407407
MET, 10, 26.134, 0.829443, -79988.375000, 0.221622222222
PHE, 11, 26.026, 0.817592, -80105.000000, 0.339081481481
PRO, 0, 26.153, 0.826078, -80543.125000, 0.268974074074
SER, 4, 25.615, 0.815316, -79695.015625, 0.234703703704
THR, 4, 26.278, 0.892078, -79769.156250, 0.375159259259
TRP, 4, 28.948, 0.859554, -79989.664062, 0.314955555556
TYR, 8, 27.274, 0.817083, -79455.218750, 0.270355555556
VAL, 4, 27.150, 0.863281, -80083.828125, 0.221659259259
