AMINO ACID, DSSP, SASA, GYRATE, ENERGY, RMSF
ALA, 4, 25.409, 0.806694, -80089.796875, 0.251659259259
ARG, 6, 29.043, 0.87616, -79816.171875, 0.298462962963
ASN, 8, 25.725, 0.828721, -79801.585938, 0.210481481481
ASP, 10, 26.079, 0.81946, -79640.125000, 0.207903703704
CYS, 13, 27.777, 0.877229, -81300.429688, 0.307162962963
GLN, 4, 26.438, 0.853755, -80792.843750, 0.290562962963
GLU, 7, 24.540, 0.80371, -79702.335938, 0.207940740741
GLY, 11, 25.543, 0.81217, -80917.109375, 0.230159259259
HIS, 9, 27.100, 0.838787, -80377.906250, 0.336788888889
ILE, 7, 25.482, 0.813085, -80304.335938, 0.278788888889
LEU, 5, 29.090, 0.913841, -80327.093750, 0.349325925926
LYS, 14, 26.511, 0.819584, -79944.953125, 0.242707407407
MET, 8, 26.035, 0.828434, -80335.078125, 0.221622222222
PHE, 11, 25.277, 0.815577, -80259.375000, 0.339081481481
PRO, 2, 26.376, 0.838904, -80285.890625, 0.268974074074
SER, 4, 25.238, 0.819491, -80264.375000, 0.234703703704
THR, 6, 26.369, 0.890473, -80945.976562, 0.375159259259
TRP, 4, 29.571, 0.856623, -79819.710938, 0.314955555556
TYR, 10, 27.292, 0.816807, -80635.734375, 0.270355555556
VAL, 4, 26.805, 0.861654, -80501.039062, 0.221659259259
