AMINO ACID, DSSP, SASA, GYRATE, ENERGY, RMSF
ALA, 4, 26.655, 0.805477, -80321.054688, 0.251659259259
ARG, 6, 29.019, 0.875561, -80567.054688, 0.298462962963
ASN, 8, 28.232, 0.848092, -81250.906250, 0.210481481481
ASP, 6, 26.410, 0.830797, -80445.585938, 0.207903703704
CYS, 11, 28.153, 0.882315, -80640.671875, 0.307162962963
GLN, 2, 25.923, 0.85943, -80335.640625, 0.290562962963
GLU, 8, 24.966, 0.818388, -80128.507812, 0.207940740741
GLY, 7, 26.256, 0.808733, -80457.906250, 0.230159259259
HIS, 11, 26.513, 0.846139, -80161.007812, 0.336788888889
ILE, 7, 27.120, 0.814803, -80411.414062, 0.278788888889
LEU, 7, 27.779, 0.896536, -79591.062500, 0.349325925926
LYS, 10, 26.558, 0.816479, -80917.085938, 0.242707407407
MET, 8, 25.806, 0.812327, -80522.718750, 0.221622222222
PHE, 9, 25.455, 0.820288, -80341.710938, 0.339081481481
PRO, 0, 27.206, 0.840357, -79102.484375, 0.268974074074
SER, 4, 25.927, 0.809323, -80018.937500, 0.234703703704
THR, 5, 27.842, 0.886211, -80400.593750, 0.375159259259
TRP, 4, 27.503, 0.85127, -80286.578125, 0.314955555556
TYR, 10, 26.081, 0.818131, -79382.265625, 0.270355555556
VAL, 4, 27.128, 0.854973, -80479.968750, 0.221659259259
