AMINO ACID, DSSP, SASA, GYRATE, ENERGY, RMSF
ALA, 4, 25.640, 0.810116, -80698.890625, 0.251659259259
ARG, 9, 29.155, 0.872265, -81347.335938, 0.298462962963
ASN, 8, 27.363, 0.851559, -80492.765625, 0.210481481481
ASP, 12, 27.115, 0.811585, -80613.570312, 0.207903703704
CYS, 10, 27.975, 0.885617, -79671.882812, 0.307162962963
GLN, 2, 27.020, 0.862662, -79463.281250, 0.290562962963
GLU, 6, 23.917, 0.807728, -80143.687500, 0.207940740741
GLY, 10, 26.930, 0.818682, -79830.625000, 0.230159259259
HIS, 9, 25.533, 0.834741, -79906.429688, 0.336788888889
ILE, 9, 25.713, 0.801139, -80287.554688, 0.278788888889
LEU, 7, 27.531, 0.910746, -79367.898438, 0.349325925926
LYS, 12, 26.779, 0.815826, -80882.500000, 0.242707407407
MET, 10, 25.886, 0.822204, -79518.359375, 0.221622222222
PHE, 9, 25.448, 0.819577, -79654.460938, 0.339081481481
PRO, 0, 28.684, 0.856251, -81136.992188, 0.268974074074
SER, 2, 25.692, 0.816801, -80437.796875, 0.234703703704
THR, 6, 26.600, 0.888724, -80199.250000, 0.375159259259
TRP, 4, 28.018, 0.84428, -80190.351562, 0.314955555556
TYR, 10, 25.641, 0.811954, -79966.125000, 0.270355555556
VAL, 4, 26.544, 0.85078, -80144.460938, 0.221659259259
