AMINO ACID, DSSP, SASA, GYRATE, ENERGY, RMSF
ALA, 4, 26.070, 0.817683, -80907.859375, 0.251659259259
ARG, 9, 28.852, 0.883579, -81746.562500, 0.298462962963
ASN, 8, 27.337, 0.854538, -80666.757812, 0.210481481481
ASP, 11, 25.566, 0.812344, -79566.937500, 0.207903703704
CYS, 7, 27.790, 0.876616, -80144.039062, 0.307162962963
GLN, 4, 27.374, 0.85815, -79990.054688, 0.290562962963
GLU, 8, 25.352, 0.808885, -79344.484375, 0.207940740741
GLY, 8, 26.174, 0.821051, -79733.875000, 0.230159259259
HIS, 9, 25.917, 0.843146, -80114.320312, 0.336788888889
ILE, 7, 24.686, 0.790054, -80853.703125, 0.278788888889
LEU, 7, 27.466, 0.913528, -79687.812500, 0.349325925926
LYS, 10, 27.659, 0.821041, -79552.093750, 0.242707407407
MET, 7, 27.121, 0.836755, -80286.554688, 0.221622222222
PHE, 4, 25.939, 0.819876, -79671.406250, 0.339081481481
PRO, 0, 27.579, 0.842375, -80705.304688, 0.268974074074
SER, 4, 26.433, 0.831649, -80381.453125, 0.234703703704
THR, 6, 25.529, 0.880999, -80767.093750, 0.375159259259
TRP, 4, 28.267, 0.860995, -80178.054688, 0.314955555556
TYR, 11, 26.362, 0.81551, -80492.398438, 0.270355555556
VAL, 4, 26.975, 0.855437, -79578.265625, 0.221659259259
