AMINO ACID, DSSP, SASA, GYRATE, ENERGY, RMSF
ALA, 6, 26.556, 0.823299, -80472.484375, 0.251659259259
ARG, 6, 27.968, 0.891495, -80492.679688, 0.298462962963
ASN, 10, 26.720, 0.821197, -79799.281250, 0.210481481481
ASP, 6, 25.804, 0.823421, -80697.242188, 0.207903703704
CYS, 9, 26.844, 0.867795, -80716.515625, 0.307162962963
GLN, 6, 25.739, 0.855539, -80732.875000, 0.290562962963
GLU, 11, 25.448, 0.819089, -80899.218750, 0.207940740741
GLY, 9, 25.932, 0.832288, -79789.898438, 0.230159259259
HIS, 10, 25.849, 0.827151, -80344.171875, 0.336788888889
ILE, 7, 25.520, 0.805388, -79294.359375, 0.278788888889
LEU, 7, 27.532, 0.896342, -80254.148438, 0.349325925926
LYS, 6, 25.899, 0.8136, -80718.406250, 0.242707407407
MET, 10, 26.317, 0.827974, -79324.726562, 0.221622222222
PHE, 8, 26.596, 0.824627, -79438.781250, 0.339081481481
PRO, 2, 27.673, 0.851098, -78885.773438, 0.268974074074
SER, 4, 24.381, 0.804335, -80854.203125, 0.234703703704
THR, 6, 27.232, 0.890756, -80117.273438, 0.375159259259
TRP, 5, 30.143, 0.862432, -80029.335938, 0.314955555556
TYR, 10, 25.300, 0.813792, -80727.070312, 0.270355555556
VAL, 4, 25.479, 0.852499, -79643.851562, 0.221659259259
