AMINO ACID, DSSP, SASA, GYRATE, ENERGY, RMSF
ALA, 4, 27.046, 0.836111, -80279.406250, 0.251659259259
ARG, 8, 27.583, 0.876032, -81064.312500, 0.298462962963
ASN, 6, 26.625, 0.832435, -80370.531250, 0.210481481481
ASP, 10, 27.465, 0.82466, -80173.203125, 0.207903703704
CYS, 7, 27.968, 0.870256, -80238.671875, 0.307162962963
GLN, 6, 26.007, 0.85722, -80323.171875, 0.290562962963
GLU, 9, 25.427, 0.809168, -80053.187500, 0.207940740741
GLY, 8, 26.017, 0.827565, -80138.679688, 0.230159259259
HIS, 9, 26.349, 0.831914, -80420.226562, 0.336788888889
ILE, 6, 26.281, 0.811398, -80186.960938, 0.278788888889
LEU, 9, 27.717, 0.901517, -80946.750000, 0.349325925926
LYS, 10, 27.219, 0.816612, -80611.906250, 0.242707407407
MET, 10, 26.042, 0.808721, -80342.273438, 0.221622222222
PHE, 8, 26.548, 0.824046, -79576.898438, 0.339081481481
PRO, 0, 29.860, 0.873519, -80610.453125, 0.268974074074
SER, 4, 24.398, 0.805509, -80092.593750, 0.234703703704
THR, 6, 26.408, 0.892374, -80992.453125, 0.375159259259
TRP, 5, 28.833, 0.847443, -79888.289062, 0.314955555556
TYR, 12, 25.014, 0.79996, -79829.851562, 0.270355555556
VAL, 4, 25.965, 0.860115, -79364.125000, 0.221659259259
