AMINO ACID, DSSP, SASA, GYRATE, ENERGY, RMSF
ALA, 4, 27.345, 0.841963, -79874.500000, 0.251659259259
ARG, 4, 29.179, 0.887902, -80268.726562, 0.298462962963
ASN, 8, 26.559, 0.820698, -80678.796875, 0.210481481481
ASP, 8, 26.621, 0.813388, -79645.484375, 0.207903703704
CYS, 11, 27.341, 0.878473, -79815.890625, 0.307162962963
GLN, 7, 26.505, 0.858236, -81183.671875, 0.290562962963
GLU, 8, 25.490, 0.819589, -80132.242188, 0.207940740741
GLY, 11, 26.964, 0.831196, -80308.250000, 0.230159259259
HIS, 11, 26.055, 0.836678, -79629.703125, 0.336788888889
ILE, 7, 26.597, 0.815667, -80551.406250, 0.278788888889
LEU, 9, 27.943, 0.899237, -79629.679688, 0.349325925926
LYS, 8, 26.566, 0.823225, -80903.492188, 0.242707407407
MET, 7, 25.533, 0.819741, -81282.382812, 0.221622222222
PHE, 8, 25.889, 0.826419, -79746.156250, 0.339081481481
PRO, 0, 29.324, 0.864272, -79499.765625, 0.268974074074
SER, 4, 25.133, 0.806779, -79626.921875, 0.234703703704
THR, 13, 27.144, 0.895768, -80185.093750, 0.375159259259
TRP, 5, 28.475, 0.854004, -80117.484375, 0.314955555556
TYR, 10, 26.803, 0.810986, -79548.390625, 0.270355555556
VAL, 4, 26.756, 0.845209, -80176.445312, 0.221659259259
