AMINO ACID, DSSP, SASA, GYRATE, ENERGY, RMSF
ALA, 6, 25.064, 0.801922, -80698.921875, 0.251659259259
ARG, 4, 27.576, 0.88543, -79924.312500, 0.298462962963
ASN, 8, 26.968, 0.830509, -81104.140625, 0.210481481481
ASP, 8, 27.090, 0.822195, -80072.054688, 0.207903703704
CYS, 9, 26.621, 0.85818, -80913.000000, 0.307162962963
GLN, 4, 26.450, 0.861496, -80321.179688, 0.290562962963
GLU, 11, 25.683, 0.81599, -79845.210938, 0.207940740741
GLY, 12, 26.672, 0.825848, -80291.773438, 0.230159259259
HIS, 9, 26.421, 0.837234, -79872.648438, 0.336788888889
ILE, 7, 25.986, 0.804104, -80339.187500, 0.278788888889
LEU, 7, 28.849, 0.918571, -80316.164062, 0.349325925926
LYS, 8, 26.165, 0.823785, -80065.593750, 0.242707407407
MET, 8, 25.880, 0.834638, -80583.648438, 0.221622222222
PHE, 6, 25.135, 0.819105, -79982.578125, 0.339081481481
PRO, 0, 27.633, 0.846751, -79438.484375, 0.268974074074
SER, 6, 25.595, 0.816917, -80085.117188, 0.234703703704
THR, 6, 28.736, 0.900556, -80274.695312, 0.375159259259
TRP, 5, 29.500, 0.869243, -80212.875000, 0.314955555556
TYR, 10, 27.540, 0.810504, -79621.640625, 0.270355555556
VAL, 4, 27.829, 0.862114, -80632.765625, 0.221659259259
