AMINO ACID, DSSP, SASA, GYRATE, ENERGY, RMSF
ALA, 4, 25.331, 0.802772, -79410.304688, 0.251659259259
ARG, 6, 29.232, 0.886142, -80917.234375, 0.298462962963
ASN, 8, 27.526, 0.821465, -79722.046875, 0.210481481481
ASP, 12, 24.586, 0.803173, -79743.218750, 0.207903703704
CYS, 7, 27.351, 0.867436, -80204.656250, 0.307162962963
GLN, 2, 27.502, 0.871601, -80097.859375, 0.290562962963
GLU, 6, 24.743, 0.808506, -81363.445312, 0.207940740741
GLY, 7, 24.509, 0.813365, -80880.609375, 0.230159259259
HIS, 4, 26.678, 0.840341, -79861.171875, 0.336788888889
ILE, 7, 24.486, 0.798295, -79234.632812, 0.278788888889
LEU, 7, 29.518, 0.913755, -79960.500000, 0.349325925926
LYS, 6, 27.085, 0.810247, -80463.726562, 0.242707407407
MET, 10, 27.789, 0.832489, -79439.046875, 0.221622222222
PHE, 4, 27.767, 0.830029, -80770.195312, 0.339081481481
PRO, 0, 26.572, 0.852555, -79392.546875, 0.268974074074
SER, 4, 25.402, 0.816961, -80445.914062, 0.234703703704
THR, 4, 26.012, 0.885787, -80024.867188, 0.375159259259
TRP, 5, 28.090, 0.867294, -79846.812500, 0.314955555556
TYR, 10, 25.392, 0.796662, -79384.195312, 0.270355555556
VAL, 4, 26.917, 0.864913, -79878.289062, 0.221659259259
