AMINO ACID, DSSP, SASA, GYRATE, ENERGY, RMSF
ALA, 6, 24.936, 0.806543, -80751.000000, 0.251659259259
ARG, 4, 27.187, 0.868915, -80594.937500, 0.298462962963
ASN, 10, 26.027, 0.827881, -81000.656250, 0.210481481481
ASP, 10, 25.737, 0.818349, -79892.820312, 0.207903703704
CYS, 7, 27.941, 0.865537, -79409.187500, 0.307162962963
GLN, 6, 28.581, 0.894643, -80441.539062, 0.290562962963
GLU, 9, 24.624, 0.80636, -81199.632812, 0.207940740741
GLY, 9, 25.122, 0.815676, -80610.062500, 0.230159259259
HIS, 6, 26.477, 0.832054, -79769.437500, 0.336788888889
ILE, 7, 24.859, 0.800159, -79856.093750, 0.278788888889
LEU, 6, 28.699, 0.886903, -80025.953125, 0.349325925926
LYS, 10, 27.780, 0.828682, -81038.187500, 0.242707407407
MET, 10, 25.046, 0.834431, -79915.062500, 0.221622222222
PHE, 6, 26.195, 0.835577, -79357.195312, 0.339081481481
PRO, 2, 28.927, 0.862412, -80018.843750, 0.268974074074
SER, 4, 26.161, 0.826625, -80536.703125, 0.234703703704
THR, 2, 27.926, 0.904528, -80356.234375, 0.375159259259
TRP, 5, 29.809, 0.854796, -79562.703125, 0.314955555556
TYR, 10, 25.872, 0.801354, -80247.703125, 0.270355555556
VAL, 4, 29.088, 0.876623, -80642.312500, 0.221659259259
