AMINO ACID, DSSP, SASA, GYRATE, ENERGY, RMSF
ALA, 4, 26.627, 0.813076, -80079.953125, 0.251659259259
ARG, 2, 26.418, 0.865361, -80818.859375, 0.298462962963
ASN, 12, 26.684, 0.821085, -79947.312500, 0.210481481481
ASP, 10, 25.065, 0.819164, -79571.718750, 0.207903703704
CYS, 10, 28.326, 0.888746, -80905.937500, 0.307162962963
GLN, 6, 27.875, 0.884374, -79246.210938, 0.290562962963
GLU, 7, 24.303, 0.804885, -80749.273438, 0.207940740741
GLY, 9, 25.783, 0.817929, -81026.093750, 0.230159259259
HIS, 9, 25.755, 0.841081, -80977.375000, 0.336788888889
ILE, 9, 24.900, 0.798431, -80704.570312, 0.278788888889
LEU, 7, 30.355, 0.914512, -79871.226562, 0.349325925926
LYS, 11, 26.195, 0.814415, -79742.625000, 0.242707407407
MET, 8, 26.336, 0.827231, -80019.398438, 0.221622222222
PHE, 6, 25.682, 0.83274, -79779.382812, 0.339081481481
PRO, 0, 27.261, 0.875944, -80837.710938, 0.268974074074
SER, 4, 25.875, 0.821405, -80682.546875, 0.234703703704
THR, 6, 27.718, 0.920688, -80367.796875, 0.375159259259
TRP, 5, 29.908, 0.872652, -79754.859375, 0.314955555556
TYR, 12, 26.412, 0.802311, -80458.195312, 0.270355555556
VAL, 4, 26.838, 0.859971, -80349.203125, 0.221659259259
