AMINO ACID, DSSP, SASA, GYRATE, ENERGY, RMSF
ALA, 6, 26.473, 0.813221, -80038.328125, 0.251659259259
ARG, 2, 28.398, 0.859358, -80934.203125, 0.298462962963
ASN, 12, 25.664, 0.825023, -81016.312500, 0.210481481481
ASP, 8, 25.694, 0.808943, -79815.164062, 0.207903703704
CYS, 9, 27.667, 0.883577, -80398.093750, 0.307162962963
GLN, 6, 26.831, 0.880495, -79681.265625, 0.290562962963
GLU, 4, 25.048, 0.811946, -80900.406250, 0.207940740741
GLY, 9, 25.313, 0.814993, -80745.015625, 0.230159259259
HIS, 9, 25.823, 0.84006, -80586.250000, 0.336788888889
ILE, 9, 24.918, 0.80146, -80605.460938, 0.278788888889
LEU, 9, 29.666, 0.916973, -78789.531250, 0.349325925926
LYS, 6, 25.743, 0.808446, -81056.398438, 0.242707407407
MET, 10, 26.663, 0.832187, -79554.976562, 0.221622222222
PHE, 8, 26.327, 0.826789, -80082.609375, 0.339081481481
PRO, 0, 26.117, 0.861843, -79955.093750, 0.268974074074
SER, 2, 25.632, 0.823938, -81011.656250, 0.234703703704
THR, 8, 27.312, 0.908845, -80847.734375, 0.375159259259
TRP, 3, 28.520, 0.855423, -80041.500000, 0.314955555556
TYR, 12, 24.319, 0.797647, -80415.171875, 0.270355555556
VAL, 4, 26.606, 0.860737, -80476.882812, 0.221659259259
