AMINO ACID, DSSP, SASA, GYRATE, ENERGY, RMSF
ALA, 4, 25.994, 0.826536, -80707.390625, 0.251659259259
ARG, 2, 27.122, 0.864204, -81415.328125, 0.298462962963
ASN, 12, 27.657, 0.844179, -79936.085938, 0.210481481481
ASP, 10, 25.789, 0.81286, -80628.210938, 0.207903703704
CYS, 10, 26.463, 0.859009, -81204.500000, 0.307162962963
GLN, 8, 27.666, 0.87984, -80421.765625, 0.290562962963
GLU, 9, 23.558, 0.798786, -79438.093750, 0.207940740741
GLY, 9, 24.275, 0.798764, -80850.773438, 0.230159259259
HIS, 9, 26.774, 0.83748, -79206.117188, 0.336788888889
ILE, 9, 25.469, 0.79356, -79998.984375, 0.278788888889
LEU, 9, 30.029, 0.917592, -80573.476562, 0.349325925926
LYS, 11, 26.659, 0.813845, -80205.570312, 0.242707407407
MET, 10, 25.905, 0.83631, -80364.101562, 0.221622222222
PHE, 8, 26.688, 0.829838, -79644.335938, 0.339081481481
PRO, 0, 30.052, 0.903135, -80176.218750, 0.268974074074
SER, 2, 26.189, 0.824953, -80352.656250, 0.234703703704
THR, 4, 27.122, 0.902557, -80343.296875, 0.375159259259
TRP, 5, 30.722, 0.872486, -80026.960938, 0.314955555556
TYR, 10, 25.505, 0.804364, -79235.515625, 0.270355555556
VAL, 4, 27.236, 0.857234, -79596.078125, 0.221659259259
