AMINO ACID, DSSP, SASA, GYRATE, ENERGY, RMSF
ALA, 6, 26.524, 0.814616, -80068.882812, 0.251659259259
ARG, 2, 28.445, 0.896245, -80846.875000, 0.298462962963
ASN, 14, 26.859, 0.831251, -79471.281250, 0.210481481481
ASP, 11, 25.668, 0.799704, -80325.593750, 0.207903703704
CYS, 12, 28.299, 0.884214, -81404.656250, 0.307162962963
GLN, 4, 28.319, 0.888262, -79910.312500, 0.290562962963
GLU, 4, 25.505, 0.813541, -80228.632812, 0.207940740741
GLY, 12, 24.955, 0.801692, -79895.328125, 0.230159259259
HIS, 9, 26.496, 0.842756, -80868.328125, 0.336788888889
ILE, 7, 23.779, 0.791302, -79779.804688, 0.278788888889
LEU, 6, 28.606, 0.912214, -79109.500000, 0.349325925926
LYS, 14, 26.689, 0.834767, -81414.679688, 0.242707407407
MET, 8, 26.891, 0.822576, -81369.351562, 0.221622222222
PHE, 6, 27.489, 0.833775, -79518.593750, 0.339081481481
PRO, 0, 29.791, 0.892165, -79945.421875, 0.268974074074
SER, 4, 26.907, 0.825647, -81170.359375, 0.234703703704
THR, 4, 27.139, 0.89099, -80530.984375, 0.375159259259
TRP, 5, 28.858, 0.853447, -80107.195312, 0.314955555556
TYR, 12, 27.629, 0.818236, -79222.125000, 0.270355555556
VAL, 4, 25.993, 0.852062, -79861.156250, 0.221659259259
