AMINO ACID, DSSP, SASA, GYRATE, ENERGY, RMSF
ALA, 7, 25.317, 0.815734, -81169.898438, 0.251659259259
ARG, 2, 27.944, 0.871411, -81188.335938, 0.298462962963
ASN, 10, 26.681, 0.830248, -80649.445312, 0.210481481481
ASP, 10, 26.468, 0.8106, -78756.453125, 0.207903703704
CYS, 7, 29.757, 0.887063, -80911.453125, 0.307162962963
GLN, 4, 26.572, 0.876003, -80237.625000, 0.290562962963
GLU, 7, 24.552, 0.814723, -80183.070312, 0.207940740741
GLY, 10, 25.963, 0.818899, -79538.695312, 0.230159259259
HIS, 8, 27.315, 0.857104, -80425.242188, 0.336788888889
ILE, 7, 26.581, 0.817746, -79896.578125, 0.278788888889
LEU, 7, 28.375, 0.897304, -80294.703125, 0.349325925926
LYS, 10, 27.798, 0.821273, -80769.007812, 0.242707407407
MET, 10, 25.793, 0.831527, -80295.343750, 0.221622222222
PHE, 11, 26.117, 0.8224, -79604.281250, 0.339081481481
PRO, 0, 29.325, 0.878926, -79976.320312, 0.268974074074
SER, 2, 26.881, 0.828401, -81434.914062, 0.234703703704
THR, 11, 27.694, 0.925235, -80922.828125, 0.375159259259
TRP, 2, 29.197, 0.85322, -80595.328125, 0.314955555556
TYR, 11, 26.762, 0.814451, -80170.875000, 0.270355555556
VAL, 4, 26.117, 0.84015, -80028.484375, 0.221659259259
