AMINO ACID, DSSP, SASA, GYRATE, ENERGY, RMSF
ALA, 7, 26.144, 0.815558, -80498.109375, 0.251659259259
ARG, 2, 28.821, 0.885139, -80841.781250, 0.298462962963
ASN, 10, 25.489, 0.834673, -80633.765625, 0.210481481481
ASP, 8, 25.316, 0.80783, -80024.546875, 0.207903703704
CYS, 7, 26.069, 0.855041, -79718.921875, 0.307162962963
GLN, 6, 28.404, 0.895289, -80194.171875, 0.290562962963
GLU, 9, 24.525, 0.808325, -79963.937500, 0.207940740741
GLY, 11, 24.748, 0.81185, -80526.820312, 0.230159259259
HIS, 11, 27.207, 0.844665, -80433.804688, 0.336788888889
ILE, 7, 27.108, 0.808507, -80434.703125, 0.278788888889
LEU, 9, 29.303, 0.91495, -79267.070312, 0.349325925926
LYS, 8, 26.701, 0.812924, -80125.609375, 0.242707407407
MET, 10, 25.708, 0.81948, -79468.375000, 0.221622222222
PHE, 5, 26.184, 0.829748, -80027.000000, 0.339081481481
PRO, 0, 27.516, 0.872348, -80598.726562, 0.268974074074
SER, 2, 25.783, 0.814002, -80091.554688, 0.234703703704
THR, 6, 26.829, 0.90041, -80047.421875, 0.375159259259
TRP, 5, 29.815, 0.857367, -78847.328125, 0.314955555556
TYR, 10, 28.435, 0.822525, -80666.273438, 0.270355555556
VAL, 4, 25.688, 0.842141, -80430.320312, 0.221659259259
