AMINO ACID, DSSP, SASA, GYRATE, ENERGY, RMSF
ALA, 7, 27.234, 0.828701, -79893.898438, 0.251659259259
ARG, 4, 28.690, 0.876216, -80393.765625, 0.298462962963
ASN, 10, 25.756, 0.826277, -79647.390625, 0.210481481481
ASP, 10, 25.379, 0.800812, -80340.187500, 0.207903703704
CYS, 9, 26.103, 0.85572, -80463.398438, 0.307162962963
GLN, 4, 28.613, 0.906173, -79780.820312, 0.290562962963
GLU, 10, 25.034, 0.807533, -80457.546875, 0.207940740741
GLY, 9, 26.300, 0.819619, -80723.429688, 0.230159259259
HIS, 6, 27.171, 0.840213, -79196.390625, 0.336788888889
ILE, 7, 25.506, 0.805007, -79591.156250, 0.278788888889
LEU, 9, 28.559, 0.899462, -80151.453125, 0.349325925926
LYS, 6, 27.235, 0.821751, -80772.851562, 0.242707407407
MET, 10, 25.992, 0.831644, -79769.140625, 0.221622222222
PHE, 7, 26.546, 0.823203, -80224.062500, 0.339081481481
PRO, 2, 27.960, 0.87669, -79744.875000, 0.268974074074
SER, 4, 25.827, 0.815656, -80243.625000, 0.234703703704
THR, 2, 26.496, 0.89314, -80241.875000, 0.375159259259
TRP, 5, 29.445, 0.846923, -80719.453125, 0.314955555556
TYR, 11, 27.195, 0.823464, -80248.695312, 0.270355555556
VAL, 6, 26.219, 0.842978, -80038.476562, 0.221659259259
