AMINO ACID, DSSP, SASA, GYRATE, ENERGY, RMSF
ALA, 7, 26.540, 0.823812, -80453.437500, 0.251659259259
ARG, 0, 29.055, 0.877712, -80664.703125, 0.298462962963
ASN, 12, 26.981, 0.842038, -80551.953125, 0.210481481481
ASP, 6, 26.208, 0.819279, -80026.914062, 0.207903703704
CYS, 7, 26.051, 0.848686, -80148.250000, 0.307162962963
GLN, 8, 29.681, 0.893716, -80393.093750, 0.290562962963
GLU, 4, 24.470, 0.804829, -79871.570312, 0.207940740741
GLY, 11, 27.588, 0.826152, -80358.359375, 0.230159259259
HIS, 10, 27.174, 0.838555, -79498.843750, 0.336788888889
ILE, 9, 24.304, 0.7921, -80384.718750, 0.278788888889
LEU, 11, 29.294, 0.906247, -80660.015625, 0.349325925926
LYS, 4, 26.504, 0.808272, -80783.390625, 0.242707407407
MET, 8, 26.376, 0.828837, -80130.453125, 0.221622222222
PHE, 6, 28.325, 0.831403, -80220.367188, 0.339081481481
PRO, 2, 27.953, 0.863052, -79777.265625, 0.268974074074
SER, 4, 25.300, 0.81126, -81659.218750, 0.234703703704
THR, 4, 25.961, 0.89643, -80006.343750, 0.375159259259
TRP, 5, 28.885, 0.852298, -80369.375000, 0.314955555556
TYR, 12, 26.383, 0.803298, -79961.343750, 0.270355555556
VAL, 4, 27.265, 0.865165, -80517.890625, 0.221659259259
