AMINO ACID, DSSP, SASA, GYRATE, ENERGY, RMSF
ALA, 7, 27.664, 0.833053, -80815.984375, 0.251659259259
ARG, 2, 27.461, 0.861949, -80974.328125, 0.298462962963
ASN, 13, 26.660, 0.831594, -80544.539062, 0.210481481481
ASP, 8, 26.180, 0.807723, -80204.312500, 0.207903703704
CYS, 7, 27.758, 0.868719, -81435.914062, 0.307162962963
GLN, 4, 31.228, 0.909984, -80582.710938, 0.290562962963
GLU, 4, 24.236, 0.801078, -80093.171875, 0.207940740741
GLY, 9, 25.519, 0.822389, -79957.093750, 0.230159259259
HIS, 6, 27.607, 0.845821, -80576.515625, 0.336788888889
ILE, 7, 24.607, 0.792701, -80050.953125, 0.278788888889
LEU, 9, 29.931, 0.90869, -79293.171875, 0.349325925926
LYS, 2, 27.260, 0.811193, -81113.250000, 0.242707407407
MET, 8, 26.394, 0.828162, -80280.867188, 0.221622222222
PHE, 4, 27.741, 0.831783, -79638.515625, 0.339081481481
PRO, 0, 27.958, 0.865863, -79825.906250, 0.268974074074
SER, 4, 25.837, 0.812693, -79793.125000, 0.234703703704
THR, 9, 26.725, 0.892677, -81596.187500, 0.375159259259
TRP, 7, 28.907, 0.844174, -79828.023438, 0.314955555556
TYR, 10, 26.272, 0.809295, -80338.085938, 0.270355555556
VAL, 4, 26.852, 0.854606, -79607.375000, 0.221659259259
