AMINO ACID, DSSP, SASA, GYRATE, ENERGY, RMSF
ALA, 7, 26.883, 0.83643, -80976.328125, 0.251659259259
ARG, 2, 28.563, 0.877708, -81301.195312, 0.298462962963
ASN, 12, 25.664, 0.836831, -81484.078125, 0.210481481481
ASP, 6, 25.458, 0.821135, -79499.203125, 0.207903703704
CYS, 7, 27.120, 0.868019, -80080.726562, 0.307162962963
GLN, 6, 29.165, 0.881043, -80801.078125, 0.290562962963
GLU, 6, 24.131, 0.80693, -81023.375000, 0.207940740741
GLY, 9, 25.932, 0.81666, -80332.984375, 0.230159259259
HIS, 11, 26.250, 0.838434, -80802.929688, 0.336788888889
ILE, 7, 24.417, 0.803146, -80035.671875, 0.278788888889
LEU, 11, 28.362, 0.914944, -79087.125000, 0.349325925926
LYS, 4, 28.431, 0.815235, -80810.515625, 0.242707407407
MET, 10, 27.015, 0.837726, -80767.296875, 0.221622222222
PHE, 7, 25.662, 0.832686, -79949.742188, 0.339081481481
PRO, 0, 29.006, 0.891132, -80154.914062, 0.268974074074
SER, 4, 25.926, 0.829107, -81424.078125, 0.234703703704
THR, 11, 26.851, 0.892318, -79457.562500, 0.375159259259
TRP, 5, 29.458, 0.852667, -79505.953125, 0.314955555556
TYR, 10, 25.357, 0.799754, -80327.476562, 0.270355555556
VAL, 6, 27.672, 0.850502, -79917.109375, 0.221659259259
