AMINO ACID, DSSP, SASA, GYRATE, ENERGY, RMSF
ALA, 7, 26.568, 0.836654, -80642.257812, 0.251659259259
ARG, 7, 28.750, 0.871874, -80187.406250, 0.298462962963
ASN, 10, 26.783, 0.825505, -80989.468750, 0.210481481481
ASP, 8, 27.876, 0.8268, -80640.648438, 0.207903703704
CYS, 9, 28.374, 0.877729, -79964.921875, 0.307162962963
GLN, 10, 27.405, 0.859632, -80391.875000, 0.290562962963
GLU, 2, 24.954, 0.809689, -79798.226562, 0.207940740741
GLY, 9, 26.404, 0.812602, -79998.718750, 0.230159259259
HIS, 9, 26.311, 0.841188, -80435.171875, 0.336788888889
ILE, 5, 25.038, 0.801199, -79103.546875, 0.278788888889
LEU, 13, 29.004, 0.909284, -80300.351562, 0.349325925926
LYS, 8, 26.334, 0.8088, -80903.695312, 0.242707407407
MET, 9, 26.372, 0.8299, -80619.890625, 0.221622222222
PHE, 5, 26.291, 0.83233, -81507.960938, 0.339081481481
PRO, 0, 30.518, 0.892959, -80243.890625, 0.268974074074
SER, 2, 25.483, 0.820768, -79255.640625, 0.234703703704
THR, 4, 26.172, 0.891803, -80994.203125, 0.375159259259
TRP, 5, 28.926, 0.860997, -78956.812500, 0.314955555556
TYR, 12, 25.511, 0.801032, -80076.515625, 0.270355555556
VAL, 4, 26.008, 0.826496, -80584.140625, 0.221659259259
