AMINO ACID, DSSP, SASA, GYRATE, ENERGY, RMSF
ALA, 4, 27.518, 0.862674, -79986.765625, 0.251659259259
ARG, 2, 29.566, 0.879717, -81972.421875, 0.298462962963
ASN, 12, 26.064, 0.822504, -80576.976562, 0.210481481481
ASP, 12, 26.911, 0.818103, -80112.429688, 0.207903703704
CYS, 7, 27.238, 0.850216, -79861.046875, 0.307162962963
GLN, 8, 26.638, 0.848351, -80782.687500, 0.290562962963
GLU, 6, 25.323, 0.815099, -79181.320312, 0.207940740741
GLY, 11, 25.017, 0.811596, -79713.015625, 0.230159259259
HIS, 13, 29.493, 0.856686, -80197.921875, 0.336788888889
ILE, 7, 26.760, 0.81685, -80665.343750, 0.278788888889
LEU, 10, 27.146, 0.872088, -79766.031250, 0.349325925926
LYS, 8, 25.398, 0.799461, -80648.257812, 0.242707407407
MET, 8, 26.204, 0.839025, -80047.031250, 0.221622222222
PHE, 7, 26.445, 0.8376, -79634.890625, 0.339081481481
PRO, 0, 28.057, 0.864334, -80051.460938, 0.268974074074
SER, 4, 26.650, 0.827169, -79548.054688, 0.234703703704
THR, 11, 26.233, 0.899964, -80376.828125, 0.375159259259
TRP, 5, 29.448, 0.854987, -80369.648438, 0.314955555556
TYR, 10, 27.038, 0.813617, -80257.578125, 0.270355555556
VAL, 4, 25.867, 0.846416, -79899.031250, 0.221659259259
