AMINO ACID, DSSP, SASA, GYRATE, ENERGY, RMSF
ALA, 6, 27.665, 0.858849, -79592.046875, 0.251659259259
ARG, 2, 28.710, 0.86302, -81108.203125, 0.298462962963
ASN, 12, 26.418, 0.832232, -79895.750000, 0.210481481481
ASP, 12, 27.484, 0.823219, -80541.875000, 0.207903703704
CYS, 9, 27.442, 0.86248, -80369.054688, 0.307162962963
GLN, 4, 27.910, 0.852371, -80426.976562, 0.290562962963
GLU, 6, 24.827, 0.808719, -79972.203125, 0.207940740741
GLY, 9, 25.548, 0.81278, -80052.984375, 0.230159259259
HIS, 8, 29.873, 0.851708, -81148.054688, 0.336788888889
ILE, 9, 26.112, 0.813048, -80331.375000, 0.278788888889
LEU, 10, 27.610, 0.877489, -79734.953125, 0.349325925926
LYS, 10, 26.087, 0.804206, -80681.406250, 0.242707407407
MET, 10, 26.594, 0.845183, -80443.000000, 0.221622222222
PHE, 5, 27.494, 0.842407, -78393.671875, 0.339081481481
PRO, 0, 27.450, 0.860654, -80318.382812, 0.268974074074
SER, 4, 26.187, 0.814306, -80887.164062, 0.234703703704
THR, 4, 28.289, 0.921951, -79924.187500, 0.375159259259
TRP, 5, 28.221, 0.844532, -81176.132812, 0.314955555556
TYR, 10, 25.510, 0.809542, -79673.734375, 0.270355555556
VAL, 4, 25.424, 0.853136, -79872.460938, 0.221659259259
