AMINO ACID, DSSP, SASA, GYRATE, ENERGY, RMSF
ALA, 4, 28.835, 0.879711, -79503.390625, 0.251659259259
ARG, 2, 28.230, 0.870982, -81064.117188, 0.298462962963
ASN, 10, 27.592, 0.836333, -79556.460938, 0.210481481481
ASP, 8, 26.669, 0.816563, -79966.601562, 0.207903703704
CYS, 9, 25.070, 0.835301, -80808.750000, 0.307162962963
GLN, 4, 26.396, 0.867203, -81279.914062, 0.290562962963
GLU, 2, 24.200, 0.820264, -80083.796875, 0.207940740741
GLY, 9, 24.281, 0.800573, -79594.156250, 0.230159259259
HIS, 11, 28.957, 0.847478, -79996.632812, 0.336788888889
ILE, 9, 26.192, 0.804153, -80534.593750, 0.278788888889
LEU, 6, 28.428, 0.893382, -79881.796875, 0.349325925926
LYS, 12, 27.323, 0.807071, -80302.367188, 0.242707407407
MET, 10, 26.162, 0.822066, -80189.492188, 0.221622222222
PHE, 4, 27.039, 0.822261, -79721.093750, 0.339081481481
PRO, 0, 29.711, 0.876464, -79611.710938, 0.268974074074
SER, 6, 24.989, 0.809541, -80728.687500, 0.234703703704
THR, 8, 28.305, 0.91606, -81222.109375, 0.375159259259
TRP, 2, 28.721, 0.849759, -79284.226562, 0.314955555556
TYR, 9, 25.701, 0.810277, -80529.195312, 0.270355555556
VAL, 4, 26.160, 0.843448, -79776.867188, 0.221659259259
