AMINO ACID, DSSP, SASA, GYRATE, ENERGY, RMSF
ALA, 6, 28.264, 0.835806, -80443.593750, 0.251659259259
ARG, 8, 29.718, 0.850009, -80956.515625, 0.298462962963
ASN, 6, 27.058, 0.839469, -80639.906250, 0.210481481481
ASP, 11, 25.894, 0.831803, -79143.562500, 0.207903703704
CYS, 6, 27.795, 0.888794, -80427.125000, 0.307162962963
GLN, 8, 27.298, 0.835572, -80045.453125, 0.290562962963
GLU, 8, 27.976, 0.865221, -80139.500000, 0.207940740741
GLY, 6, 26.834, 0.851463, -81491.109375, 0.230159259259
HIS, 8, 28.473, 0.852497, -80530.781250, 0.336788888889
ILE, 10, 26.414, 0.826286, -80832.585938, 0.278788888889
LEU, 10, 25.594, 0.80699, -79682.679688, 0.349325925926
LYS, 2, 26.209, 0.835626, -80795.218750, 0.242707407407
MET, 7, 27.420, 0.839459, -80494.179688, 0.221622222222
PHE, 12, 25.189, 0.799566, -80160.765625, 0.339081481481
PRO, 8, 27.390, 0.829961, -79544.921875, 0.268974074074
SER, 10, 24.308, 0.792172, -79860.367188, 0.234703703704
THR, 6, 27.875, 0.831978, -81552.968750, 0.375159259259
TRP, 8, 30.728, 0.857061, -80122.562500, 0.314955555556
TYR, 12, 26.270, 0.841166, -79835.781250, 0.270355555556
VAL, 10, 27.615, 0.832656, -79598.328125, 0.221659259259
