AMINO ACID, DSSP, SASA, GYRATE, ENERGY, RMSF
ALA, 2, 29.061, 0.878426, -81301.109375, 0.251659259259
ARG, 4, 27.915, 0.879779, -81106.945312, 0.298462962963
ASN, 8, 27.528, 0.829548, -80362.625000, 0.210481481481
ASP, 8, 26.998, 0.831912, -80057.515625, 0.207903703704
CYS, 7, 27.669, 0.866343, -80828.007812, 0.307162962963
GLN, 2, 28.281, 0.894468, -80119.703125, 0.290562962963
GLU, 4, 26.119, 0.82234, -79547.664062, 0.207940740741
GLY, 12, 26.390, 0.810643, -80447.679688, 0.230159259259
HIS, 13, 27.217, 0.84207, -79912.859375, 0.336788888889
ILE, 7, 26.418, 0.817779, -79734.203125, 0.278788888889
LEU, 6, 29.554, 0.913816, -79500.250000, 0.349325925926
LYS, 8, 26.491, 0.806515, -81032.984375, 0.242707407407
MET, 10, 25.062, 0.826423, -80694.054688, 0.221622222222
PHE, 4, 24.461, 0.803147, -79188.117188, 0.339081481481
PRO, 0, 28.601, 0.87001, -80084.218750, 0.268974074074
SER, 4, 25.093, 0.811593, -80166.359375, 0.234703703704
THR, 6, 29.233, 0.916622, -80174.890625, 0.375159259259
TRP, 5, 29.026, 0.855595, -79686.210938, 0.314955555556
TYR, 10, 26.327, 0.804821, -79829.085938, 0.270355555556
VAL, 4, 26.491, 0.844777, -80114.226562, 0.221659259259
