AMINO ACID, DSSP, SASA, GYRATE, ENERGY, RMSF
ALA, 0, 28.080, 0.840926, -80015.328125, 0.251659259259
ARG, 10, 27.561, 0.837583, -81024.585938, 0.298462962963
ASN, 6, 27.603, 0.836881, -80760.117188, 0.210481481481
ASP, 7, 25.278, 0.817458, -80933.968750, 0.207903703704
CYS, 8, 27.366, 0.874418, -80793.734375, 0.307162962963
GLN, 15, 28.894, 0.840376, -80156.312500, 0.290562962963
GLU, 6, 28.743, 0.862541, -79274.867188, 0.207940740741
GLY, 6, 26.563, 0.844728, -80824.507812, 0.230159259259
HIS, 10, 28.365, 0.859392, -80221.156250, 0.336788888889
ILE, 6, 26.723, 0.830105, -79447.656250, 0.278788888889
LEU, 11, 25.681, 0.797757, -81075.507812, 0.349325925926
LYS, 7, 26.589, 0.845061, -80225.789062, 0.242707407407
MET, 9, 27.478, 0.836642, -81677.054688, 0.221622222222
PHE, 8, 26.714, 0.813438, -78788.304688, 0.339081481481
PRO, 6, 26.065, 0.831625, -80376.921875, 0.268974074074
SER, 10, 24.336, 0.801622, -79945.515625, 0.234703703704
THR, 2, 27.657, 0.826506, -80421.203125, 0.375159259259
TRP, 6, 28.442, 0.84107, -80180.625000, 0.314955555556
TYR, 10, 26.758, 0.855536, -79476.828125, 0.270355555556
VAL, 10, 27.022, 0.839786, -79989.156250, 0.221659259259
