AMINO ACID, DSSP, SASA, GYRATE, ENERGY, RMSF
ALA, 6, 27.332, 0.863649, -80604.109375, 0.251659259259
ARG, 4, 29.223, 0.882583, -81265.515625, 0.298462962963
ASN, 10, 27.353, 0.824783, -79908.359375, 0.210481481481
ASP, 6, 27.937, 0.827173, -79811.312500, 0.207903703704
CYS, 7, 27.020, 0.850885, -80431.132812, 0.307162962963
GLN, 4, 27.004, 0.883628, -80842.765625, 0.290562962963
GLU, 4, 24.452, 0.811238, -80386.234375, 0.207940740741
GLY, 9, 25.989, 0.822636, -80628.156250, 0.230159259259
HIS, 9, 26.962, 0.846371, -80007.367188, 0.336788888889
ILE, 7, 24.996, 0.810907, -80531.820312, 0.278788888889
LEU, 9, 28.930, 0.917218, -80229.437500, 0.349325925926
LYS, 12, 25.534, 0.807862, -79935.046875, 0.242707407407
MET, 10, 25.812, 0.832044, -79476.273438, 0.221622222222
PHE, 4, 26.468, 0.842816, -79548.125000, 0.339081481481
PRO, 0, 28.160, 0.871176, -81113.664062, 0.268974074074
SER, 2, 24.638, 0.812358, -79754.140625, 0.234703703704
THR, 4, 26.692, 0.905041, -79502.984375, 0.375159259259
TRP, 3, 27.781, 0.845707, -79600.281250, 0.314955555556
TYR, 10, 26.425, 0.815002, -78971.250000, 0.270355555556
VAL, 6, 26.783, 0.845482, -81033.179688, 0.221659259259
