AMINO ACID, DSSP, SASA, GYRATE, ENERGY, RMSF
ALA, 6, 28.132, 0.866114, -80022.187500, 0.251659259259
ARG, 0, 28.185, 0.865443, -79883.867188, 0.298462962963
ASN, 12, 29.006, 0.848704, -80989.671875, 0.210481481481
ASP, 10, 27.683, 0.822807, -81047.976562, 0.207903703704
CYS, 10, 26.181, 0.851875, -80394.007812, 0.307162962963
GLN, 4, 28.420, 0.897807, -80491.203125, 0.290562962963
GLU, 8, 26.502, 0.825132, -80546.429688, 0.207940740741
GLY, 9, 26.208, 0.81971, -80125.859375, 0.230159259259
HIS, 8, 27.616, 0.842215, -79604.039062, 0.336788888889
ILE, 7, 26.986, 0.814701, -79989.328125, 0.278788888889
LEU, 7, 29.847, 0.920229, -80501.164062, 0.349325925926
LYS, 12, 26.238, 0.805049, -80832.046875, 0.242707407407
MET, 10, 25.499, 0.825958, -80631.460938, 0.221622222222
PHE, 2, 25.410, 0.83592, -79683.171875, 0.339081481481
PRO, 0, 28.670, 0.871701, -80348.875000, 0.268974074074
SER, 4, 25.118, 0.817676, -80287.140625, 0.234703703704
THR, 4, 27.302, 0.887893, -80288.335938, 0.375159259259
TRP, 3, 29.129, 0.847633, -80063.585938, 0.314955555556
TYR, 10, 27.016, 0.823957, -79882.140625, 0.270355555556
VAL, 4, 25.875, 0.852907, -81068.242188, 0.221659259259
