AMINO ACID, DSSP, SASA, GYRATE, ENERGY, RMSF
ALA, 6, 27.238, 0.840414, -80409.671875, 0.251659259259
ARG, 2, 28.646, 0.869018, -80567.671875, 0.298462962963
ASN, 12, 28.099, 0.834162, -79989.468750, 0.210481481481
ASP, 8, 28.291, 0.826588, -80327.070312, 0.207903703704
CYS, 7, 27.991, 0.862465, -80270.218750, 0.307162962963
GLN, 2, 28.820, 0.891121, -80467.500000, 0.290562962963
GLU, 6, 26.751, 0.821432, -77787.484375, 0.207940740741
GLY, 9, 26.511, 0.817394, -81017.851562, 0.230159259259
HIS, 6, 27.500, 0.843313, -79576.007812, 0.336788888889
ILE, 9, 26.093, 0.818364, -80099.804688, 0.278788888889
LEU, 9, 29.153, 0.907782, -80055.390625, 0.349325925926
LYS, 14, 27.081, 0.815663, -80859.734375, 0.242707407407
MET, 10, 27.322, 0.837194, -80397.078125, 0.221622222222
PHE, 0, 25.409, 0.82638, -80012.257812, 0.339081481481
PRO, 0, 28.415, 0.870767, -80706.890625, 0.268974074074
SER, 4, 24.962, 0.812824, -80969.195312, 0.234703703704
THR, 4, 27.545, 0.904724, -79746.812500, 0.375159259259
TRP, 3, 28.345, 0.847468, -80386.507812, 0.314955555556
TYR, 8, 27.530, 0.824624, -79364.390625, 0.270355555556
VAL, 4, 27.176, 0.843152, -80313.320312, 0.221659259259
