AMINO ACID, DSSP, SASA, GYRATE, ENERGY, RMSF
ALA, 4, 27.616, 0.860508, -79768.632812, 0.251659259259
ARG, 2, 29.007, 0.878289, -80250.835938, 0.298462962963
ASN, 10, 26.105, 0.834979, -80202.609375, 0.210481481481
ASP, 8, 26.656, 0.820543, -80194.093750, 0.207903703704
CYS, 9, 26.753, 0.859446, -80540.343750, 0.307162962963
GLN, 2, 27.523, 0.890653, -80874.718750, 0.290562962963
GLU, 10, 25.772, 0.812448, -79901.273438, 0.207940740741
GLY, 9, 25.500, 0.813184, -79996.398438, 0.230159259259
HIS, 8, 27.478, 0.83143, -80041.750000, 0.336788888889
ILE, 9, 26.229, 0.825697, -79734.070312, 0.278788888889
LEU, 11, 29.322, 0.95574, -79688.187500, 0.349325925926
LYS, 14, 27.731, 0.816778, -81452.375000, 0.242707407407
MET, 10, 26.220, 0.830088, -79678.523438, 0.221622222222
PHE, 2, 25.978, 0.819429, -79695.578125, 0.339081481481
PRO, 0, 27.803, 0.861565, -80116.195312, 0.268974074074
SER, 4, 26.357, 0.820091, -80585.859375, 0.234703703704
THR, 6, 28.806, 0.899648, -79994.296875, 0.375159259259
TRP, 6, 28.373, 0.856232, -79591.695312, 0.314955555556
TYR, 9, 25.575, 0.805953, -79756.914062, 0.270355555556
VAL, 4, 27.378, 0.856526, -80113.484375, 0.221659259259
