AMINO ACID, DSSP, SASA, GYRATE, ENERGY, RMSF
ALA, 6, 26.801, 0.852498, -80874.023438, 0.251659259259
ARG, 0, 29.486, 0.88325, -80814.289062, 0.298462962963
ASN, 12, 27.695, 0.833793, -80560.906250, 0.210481481481
ASP, 8, 28.437, 0.838156, -80194.625000, 0.207903703704
CYS, 7, 26.241, 0.861301, -79817.890625, 0.307162962963
GLN, 4, 29.235, 0.886305, -80668.125000, 0.290562962963
GLU, 6, 25.591, 0.818633, -80193.570312, 0.207940740741
GLY, 9, 25.149, 0.805313, -79144.156250, 0.230159259259
HIS, 6, 26.626, 0.836437, -79696.539062, 0.336788888889
ILE, 7, 26.566, 0.823238, -80581.531250, 0.278788888889
LEU, 12, 30.419, 0.933261, -79178.781250, 0.349325925926
LYS, 14, 27.828, 0.817379, -81354.015625, 0.242707407407
MET, 10, 27.421, 0.83648, -80900.585938, 0.221622222222
PHE, 2, 26.588, 0.82438, -79806.609375, 0.339081481481
PRO, 0, 27.349, 0.86451, -79645.445312, 0.268974074074
SER, 4, 26.224, 0.828738, -79605.937500, 0.234703703704
THR, 6, 28.962, 0.900947, -79653.484375, 0.375159259259
TRP, 2, 26.510, 0.848209, -80408.507812, 0.314955555556
TYR, 10, 26.697, 0.808852, -79990.242188, 0.270355555556
VAL, 4, 25.269, 0.847597, -80107.242188, 0.221659259259
