AMINO ACID, DSSP, SASA, GYRATE, ENERGY, RMSF
ALA, 6, 25.409, 0.833177, -80072.976562, 0.251659259259
ARG, 0, 29.606, 0.88732, -81147.828125, 0.298462962963
ASN, 8, 26.301, 0.824446, -79762.851562, 0.210481481481
ASP, 8, 27.763, 0.817178, -80584.976562, 0.207903703704
CYS, 8, 26.769, 0.870277, -80733.828125, 0.307162962963
GLN, 4, 28.662, 0.899843, -80939.171875, 0.290562962963
GLU, 10, 26.135, 0.805653, -80337.593750, 0.207940740741
GLY, 9, 26.203, 0.818294, -80316.859375, 0.230159259259
HIS, 6, 28.961, 0.849539, -80378.906250, 0.336788888889
ILE, 7, 25.677, 0.813394, -79999.609375, 0.278788888889
LEU, 11, 28.088, 0.926763, -79749.273438, 0.349325925926
LYS, 8, 26.763, 0.819514, -80448.343750, 0.242707407407
MET, 10, 24.987, 0.821592, -79634.390625, 0.221622222222
PHE, 2, 27.805, 0.849997, -80744.015625, 0.339081481481
PRO, 2, 27.019, 0.851467, -80992.273438, 0.268974074074
SER, 4, 25.000, 0.811509, -80733.046875, 0.234703703704
THR, 8, 27.932, 0.901615, -79999.296875, 0.375159259259
TRP, 2, 26.818, 0.829691, -80503.679688, 0.314955555556
TYR, 11, 26.500, 0.811039, -79913.671875, 0.270355555556
VAL, 4, 26.152, 0.851581, -80300.992188, 0.221659259259
