AMINO ACID, DSSP, SASA, GYRATE, ENERGY, RMSF
ALA, 6, 28.011, 0.851662, -80547.164062, 0.251659259259
ARG, 2, 27.917, 0.879419, -80655.031250, 0.298462962963
ASN, 11, 24.403, 0.826783, -79956.375000, 0.210481481481
ASP, 12, 26.926, 0.823835, -79888.812500, 0.207903703704
CYS, 7, 26.984, 0.871836, -79869.617188, 0.307162962963
GLN, 4, 27.345, 0.876202, -80187.968750, 0.290562962963
GLU, 8, 26.013, 0.816649, -79699.046875, 0.207940740741
GLY, 9, 25.206, 0.819363, -79578.882812, 0.230159259259
HIS, 8, 28.209, 0.849297, -80306.343750, 0.336788888889
ILE, 5, 25.830, 0.820325, -79966.398438, 0.278788888889
LEU, 8, 29.794, 0.953598, -79862.507812, 0.349325925926
LYS, 6, 26.515, 0.814587, -79856.109375, 0.242707407407
MET, 10, 25.607, 0.825749, -81209.859375, 0.221622222222
PHE, 2, 27.456, 0.844946, -80173.265625, 0.339081481481
PRO, 2, 27.442, 0.850589, -80306.531250, 0.268974074074
SER, 4, 25.666, 0.816041, -80636.398438, 0.234703703704
THR, 10, 26.382, 0.88031, -82013.421875, 0.375159259259
TRP, 4, 28.356, 0.863686, -79741.234375, 0.314955555556
TYR, 10, 26.663, 0.810106, -80368.648438, 0.270355555556
VAL, 4, 26.272, 0.85829, -80578.171875, 0.221659259259
