AMINO ACID, DSSP, SASA, GYRATE, ENERGY, RMSF
ALA, 8, 30.188, 0.860793, -80179.023438, 0.251659259259
ARG, 8, 29.194, 0.844738, -81102.953125, 0.298462962963
ASN, 6, 28.930, 0.856269, -80221.765625, 0.210481481481
ASP, 9, 26.370, 0.835114, -79028.890625, 0.207903703704
CYS, 4, 27.536, 0.869457, -79531.468750, 0.307162962963
GLN, 10, 26.248, 0.830755, -80171.468750, 0.290562962963
GLU, 8, 29.141, 0.855503, -80177.617188, 0.207940740741
GLY, 8, 25.273, 0.838394, -80539.156250, 0.230159259259
HIS, 8, 27.113, 0.842177, -79705.429688, 0.336788888889
ILE, 8, 26.909, 0.827192, -79737.671875, 0.278788888889
LEU, 7, 27.145, 0.813686, -79436.328125, 0.349325925926
LYS, 4, 26.744, 0.837144, -80632.929688, 0.242707407407
MET, 7, 26.071, 0.829565, -80229.234375, 0.221622222222
PHE, 10, 26.357, 0.811061, -80031.937500, 0.339081481481
PRO, 6, 25.127, 0.822738, -79971.359375, 0.268974074074
SER, 12, 24.282, 0.797561, -80064.929688, 0.234703703704
THR, 8, 28.189, 0.843205, -80082.125000, 0.375159259259
TRP, 6, 28.703, 0.846979, -78872.007812, 0.314955555556
TYR, 10, 26.339, 0.852517, -79707.156250, 0.270355555556
VAL, 6, 26.907, 0.835815, -79943.843750, 0.221659259259
