AMINO ACID, DSSP, SASA, GYRATE, ENERGY, RMSF
ALA, 6, 28.746, 0.869238, -80440.312500, 0.251659259259
ARG, 0, 27.942, 0.863376, -80840.671875, 0.298462962963
ASN, 8, 27.322, 0.830593, -81061.578125, 0.210481481481
ASP, 6, 28.000, 0.83005, -80367.031250, 0.207903703704
CYS, 7, 28.128, 0.846223, -80619.835938, 0.307162962963
GLN, 6, 28.668, 0.891834, -80570.835938, 0.290562962963
GLU, 9, 25.093, 0.807576, -80555.156250, 0.207940740741
GLY, 9, 24.798, 0.816238, -80335.234375, 0.230159259259
HIS, 8, 28.628, 0.858344, -80500.484375, 0.336788888889
ILE, 7, 26.472, 0.825191, -79087.132812, 0.278788888889
LEU, 10, 30.201, 0.929358, -80339.945312, 0.349325925926
LYS, 10, 26.779, 0.802623, -80387.171875, 0.242707407407
MET, 10, 25.135, 0.832307, -79864.960938, 0.221622222222
PHE, 2, 23.430, 0.825797, -79505.710938, 0.339081481481
PRO, 2, 28.358, 0.853393, -79717.984375, 0.268974074074
SER, 2, 26.412, 0.82383, -79681.429688, 0.234703703704
THR, 6, 27.302, 0.873389, -80364.062500, 0.375159259259
TRP, 2, 26.838, 0.842352, -79772.718750, 0.314955555556
TYR, 11, 26.853, 0.814246, -79772.273438, 0.270355555556
VAL, 2, 24.940, 0.837685, -80227.484375, 0.221659259259
