AMINO ACID, DSSP, SASA, GYRATE, ENERGY, RMSF
ALA, 4, 27.870, 0.84767, -81073.789062, 0.251659259259
ARG, 0, 27.409, 0.869331, -80279.710938, 0.298462962963
ASN, 12, 26.539, 0.826764, -81656.921875, 0.210481481481
ASP, 6, 26.574, 0.841339, -80324.695312, 0.207903703704
CYS, 7, 26.534, 0.862533, -80748.312500, 0.307162962963
GLN, 6, 28.204, 0.880527, -79040.703125, 0.290562962963
GLU, 11, 25.708, 0.81267, -80690.898438, 0.207940740741
GLY, 9, 24.901, 0.807617, -80296.601562, 0.230159259259
HIS, 8, 27.277, 0.840573, -79534.468750, 0.336788888889
ILE, 7, 25.585, 0.824458, -80101.289062, 0.278788888889
LEU, 13, 28.422, 0.885299, -80006.281250, 0.349325925926
LYS, 10, 26.507, 0.818045, -80531.156250, 0.242707407407
MET, 8, 26.033, 0.842283, -81276.828125, 0.221622222222
PHE, 2, 25.799, 0.826053, -79558.601562, 0.339081481481
PRO, 2, 27.541, 0.836576, -79914.812500, 0.268974074074
SER, 4, 25.336, 0.810575, -80645.101562, 0.234703703704
THR, 4, 27.919, 0.868796, -79803.859375, 0.375159259259
TRP, 8, 28.348, 0.872438, -79652.445312, 0.314955555556
TYR, 10, 27.151, 0.820951, -79931.789062, 0.270355555556
VAL, 4, 27.115, 0.862025, -80706.414062, 0.221659259259
