AMINO ACID, DSSP, SASA, GYRATE, ENERGY, RMSF
ALA, 6, 28.940, 0.887387, -79866.515625, 0.251659259259
ARG, 0, 28.193, 0.873309, -80455.000000, 0.298462962963
ASN, 11, 27.470, 0.852963, -80036.992188, 0.210481481481
ASP, 6, 28.821, 0.827407, -79804.843750, 0.207903703704
CYS, 7, 27.699, 0.85489, -79549.171875, 0.307162962963
GLN, 7, 30.118, 0.902571, -80020.390625, 0.290562962963
GLU, 9, 24.426, 0.802756, -80553.687500, 0.207940740741
GLY, 9, 26.088, 0.80629, -79301.757812, 0.230159259259
HIS, 8, 28.037, 0.850061, -79629.109375, 0.336788888889
ILE, 7, 26.339, 0.831046, -80309.796875, 0.278788888889
LEU, 9, 29.177, 0.885188, -80960.085938, 0.349325925926
LYS, 4, 26.726, 0.8166, -80942.156250, 0.242707407407
MET, 10, 26.405, 0.838649, -80876.593750, 0.221622222222
PHE, 9, 26.076, 0.824231, -79731.445312, 0.339081481481
PRO, 4, 28.395, 0.851348, -80739.898438, 0.268974074074
SER, 4, 24.427, 0.811313, -80816.867188, 0.234703703704
THR, 6, 28.408, 0.890356, -79723.390625, 0.375159259259
TRP, 8, 27.179, 0.848193, -79648.632812, 0.314955555556
TYR, 12, 26.059, 0.812566, -80916.093750, 0.270355555556
VAL, 2, 26.960, 0.856219, -80313.031250, 0.221659259259
