AMINO ACID, DSSP, SASA, GYRATE, ENERGY, RMSF
ALA, 6, 29.888, 0.845781, -80484.687500, 0.251659259259
ARG, 10, 28.676, 0.842981, -80501.687500, 0.298462962963
ASN, 6, 28.625, 0.839022, -80294.625000, 0.210481481481
ASP, 9, 25.332, 0.821643, -80093.421875, 0.207903703704
CYS, 6, 27.255, 0.850814, -79641.437500, 0.307162962963
GLN, 17, 26.049, 0.829915, -80479.281250, 0.290562962963
GLU, 9, 27.599, 0.842254, -80545.750000, 0.207940740741
GLY, 8, 25.195, 0.837169, -79230.625000, 0.230159259259
HIS, 6, 27.420, 0.855517, -81498.343750, 0.336788888889
ILE, 8, 26.889, 0.821447, -80116.757812, 0.278788888889
LEU, 8, 25.856, 0.806974, -79622.484375, 0.349325925926
LYS, 8, 27.391, 0.848539, -80320.984375, 0.242707407407
MET, 7, 27.160, 0.834979, -80589.062500, 0.221622222222
PHE, 8, 26.123, 0.795366, -78831.312500, 0.339081481481
PRO, 6, 24.543, 0.81186, -79625.453125, 0.268974074074
SER, 10, 24.515, 0.802504, -80840.546875, 0.234703703704
THR, 10, 28.349, 0.837122, -80428.953125, 0.375159259259
TRP, 8, 29.091, 0.846516, -79527.984375, 0.314955555556
TYR, 11, 28.273, 0.849883, -79493.281250, 0.270355555556
VAL, 10, 28.516, 0.841804, -79845.664062, 0.221659259259
