AMINO ACID, DSSP, SASA, GYRATE, ENERGY, RMSF
ALA, 6, 27.805, 0.869947, -79643.359375, 0.251659259259
ARG, 0, 27.203, 0.850016, -80727.898438, 0.298462962963
ASN, 8, 27.845, 0.840108, -79839.718750, 0.210481481481
ASP, 6, 27.027, 0.832552, -79890.781250, 0.207903703704
CYS, 5, 26.480, 0.843087, -81311.273438, 0.307162962963
GLN, 8, 29.238, 0.891037, -80065.562500, 0.290562962963
GLU, 9, 25.403, 0.807889, -80013.875000, 0.207940740741
GLY, 9, 24.912, 0.795698, -80718.234375, 0.230159259259
HIS, 8, 28.423, 0.845139, -80584.023438, 0.336788888889
ILE, 7, 27.389, 0.842148, -79587.890625, 0.278788888889
LEU, 7, 30.360, 0.909584, -79860.390625, 0.349325925926
LYS, 4, 28.123, 0.822289, -80884.328125, 0.242707407407
MET, 10, 26.766, 0.820135, -79931.718750, 0.221622222222
PHE, 9, 27.294, 0.828187, -80301.398438, 0.339081481481
PRO, 2, 28.345, 0.855635, -80476.156250, 0.268974074074
SER, 2, 25.012, 0.803126, -80421.921875, 0.234703703704
THR, 4, 26.809, 0.865327, -80668.039062, 0.375159259259
TRP, 6, 28.799, 0.838709, -80518.179688, 0.314955555556
TYR, 8, 26.743, 0.825146, -79791.875000, 0.270355555556
VAL, 2, 26.300, 0.851224, -79386.210938, 0.221659259259
