AMINO ACID, DSSP, SASA, GYRATE, ENERGY, RMSF
ALA, 4, 28.160, 0.853473, -79171.390625, 0.251659259259
ARG, 0, 27.637, 0.853628, -81458.093750, 0.298462962963
ASN, 6, 27.510, 0.831102, -81160.804688, 0.210481481481
ASP, 6, 28.221, 0.834439, -79803.531250, 0.207903703704
CYS, 5, 28.087, 0.8594, -80517.054688, 0.307162962963
GLN, 6, 29.156, 0.905595, -79834.117188, 0.290562962963
GLU, 6, 25.684, 0.821397, -79829.562500, 0.207940740741
GLY, 9, 24.488, 0.805497, -80652.632812, 0.230159259259
HIS, 11, 28.265, 0.837512, -80450.914062, 0.336788888889
ILE, 7, 27.671, 0.835832, -80883.328125, 0.278788888889
LEU, 9, 29.141, 0.889952, -80164.679688, 0.349325925926
LYS, 6, 26.010, 0.809459, -81217.054688, 0.242707407407
MET, 10, 24.744, 0.814047, -79724.437500, 0.221622222222
PHE, 9, 27.603, 0.835081, -80160.531250, 0.339081481481
PRO, 6, 26.370, 0.847687, -79979.554688, 0.268974074074
SER, 4, 24.736, 0.805124, -80901.234375, 0.234703703704
THR, 6, 28.274, 0.875416, -80688.828125, 0.375159259259
TRP, 4, 29.373, 0.869775, -79084.757812, 0.314955555556
TYR, 12, 27.341, 0.829693, -79548.234375, 0.270355555556
VAL, 2, 26.325, 0.854753, -80296.578125, 0.221659259259
