AMINO ACID, DSSP, SASA, GYRATE, ENERGY, RMSF
ALA, 9, 28.653, 0.869097, -79704.757812, 0.251659259259
ARG, 0, 28.532, 0.861197, -80851.328125, 0.298462962963
ASN, 10, 28.979, 0.843174, -80246.039062, 0.210481481481
ASP, 6, 26.303, 0.839421, -79473.492188, 0.207903703704
CYS, 7, 27.605, 0.867907, -80671.421875, 0.307162962963
GLN, 9, 28.240, 0.883286, -80528.093750, 0.290562962963
GLU, 9, 24.679, 0.804117, -80681.000000, 0.207940740741
GLY, 11, 24.578, 0.795319, -80727.820312, 0.230159259259
HIS, 8, 27.793, 0.842603, -80245.187500, 0.336788888889
ILE, 7, 27.734, 0.842654, -80393.906250, 0.278788888889
LEU, 5, 29.251, 0.907675, -80659.148438, 0.349325925926
LYS, 8, 27.049, 0.823628, -80156.765625, 0.242707407407
MET, 10, 26.316, 0.841521, -80349.531250, 0.221622222222
PHE, 9, 25.011, 0.814971, -80046.140625, 0.339081481481
PRO, 4, 27.664, 0.847207, -80749.531250, 0.268974074074
SER, 2, 26.699, 0.823419, -80025.687500, 0.234703703704
THR, 4, 27.972, 0.880054, -80213.703125, 0.375159259259
TRP, 4, 28.632, 0.861196, -79758.031250, 0.314955555556
TYR, 10, 26.397, 0.815368, -79805.468750, 0.270355555556
VAL, 2, 26.294, 0.861838, -80778.046875, 0.221659259259
