AMINO ACID, DSSP, SASA, GYRATE, ENERGY, RMSF
ALA, 7, 27.424, 0.853587, -80687.687500, 0.251659259259
ARG, 0, 28.471, 0.89177, -80563.953125, 0.298462962963
ASN, 8, 26.604, 0.826904, -81224.710938, 0.210481481481
ASP, 10, 28.487, 0.83079, -79910.914062, 0.207903703704
CYS, 9, 26.680, 0.857333, -80515.273438, 0.307162962963
GLN, 6, 30.017, 0.921343, -80021.312500, 0.290562962963
GLU, 5, 26.502, 0.814315, -79418.218750, 0.207940740741
GLY, 11, 24.929, 0.812892, -80782.671875, 0.230159259259
HIS, 11, 28.164, 0.841688, -80310.351562, 0.336788888889
ILE, 7, 27.471, 0.834197, -79530.648438, 0.278788888889
LEU, 7, 30.248, 0.914212, -79673.281250, 0.349325925926
LYS, 7, 27.641, 0.804353, -81441.835938, 0.242707407407
MET, 10, 24.260, 0.823081, -80419.140625, 0.221622222222
PHE, 3, 26.365, 0.831113, -80175.835938, 0.339081481481
PRO, 4, 26.865, 0.829981, -80889.203125, 0.268974074074
SER, 4, 24.870, 0.813362, -79381.085938, 0.234703703704
THR, 6, 27.595, 0.887239, -80499.820312, 0.375159259259
TRP, 2, 27.991, 0.855659, -80221.718750, 0.314955555556
TYR, 11, 25.422, 0.800899, -80652.445312, 0.270355555556
VAL, 2, 26.683, 0.862932, -79943.632812, 0.221659259259
