AMINO ACID, DSSP, SASA, GYRATE, ENERGY, RMSF
ALA, 10, 29.884, 0.857788, -79664.046875, 0.251659259259
ARG, 12, 28.512, 0.848159, -80364.570312, 0.298462962963
ASN, 4, 28.472, 0.845964, -79846.554688, 0.210481481481
ASP, 9, 25.384, 0.81978, -79827.757812, 0.207903703704
CYS, 6, 28.306, 0.859804, -80218.062500, 0.307162962963
GLN, 12, 25.816, 0.831848, -79214.492188, 0.290562962963
GLU, 10, 27.569, 0.847039, -80543.000000, 0.207940740741
GLY, 11, 25.208, 0.839835, -79440.335938, 0.230159259259
HIS, 8, 28.026, 0.842828, -80851.937500, 0.336788888889
ILE, 8, 26.142, 0.814653, -80029.531250, 0.278788888889
LEU, 8, 25.484, 0.805946, -79408.250000, 0.349325925926
LYS, 5, 26.961, 0.851431, -80852.921875, 0.242707407407
MET, 9, 27.668, 0.830409, -81044.828125, 0.221622222222
PHE, 10, 25.899, 0.805167, -80060.093750, 0.339081481481
PRO, 6, 24.865, 0.833964, -80310.945312, 0.268974074074
SER, 10, 24.837, 0.805228, -79945.101562, 0.234703703704
THR, 9, 27.988, 0.836033, -80303.726562, 0.375159259259
TRP, 6, 28.416, 0.853504, -79423.859375, 0.314955555556
TYR, 10, 27.282, 0.862178, -79860.312500, 0.270355555556
VAL, 6, 27.704, 0.847908, -80395.750000, 0.221659259259
