AMINO ACID, DSSP, SASA, GYRATE, ENERGY, RMSF
ALA, 7, 27.248, 0.850847, -80179.593750, 0.251659259259
ARG, 2, 28.610, 0.866065, -81000.007812, 0.298462962963
ASN, 12, 27.751, 0.845146, -79809.296875, 0.210481481481
ASP, 8, 26.379, 0.814725, -80726.265625, 0.207903703704
CYS, 9, 27.552, 0.856855, -80328.765625, 0.307162962963
GLN, 8, 27.097, 0.893663, -80234.312500, 0.290562962963
GLU, 10, 25.699, 0.817869, -79574.296875, 0.207940740741
GLY, 10, 25.225, 0.812461, -80537.812500, 0.230159259259
HIS, 11, 28.260, 0.834567, -79987.828125, 0.336788888889
ILE, 7, 27.606, 0.838952, -80372.437500, 0.278788888889
LEU, 5, 29.717, 0.91438, -80137.945312, 0.349325925926
LYS, 6, 26.628, 0.820135, -80534.617188, 0.242707407407
MET, 10, 26.367, 0.834053, -80692.546875, 0.221622222222
PHE, 2, 27.044, 0.830127, -80461.437500, 0.339081481481
PRO, 2, 27.020, 0.846858, -80812.812500, 0.268974074074
SER, 2, 25.255, 0.822901, -81592.046875, 0.234703703704
THR, 6, 28.508, 0.903765, -80205.234375, 0.375159259259
TRP, 5, 29.141, 0.852702, -80410.359375, 0.314955555556
TYR, 9, 26.581, 0.810928, -80370.554688, 0.270355555556
VAL, 2, 26.583, 0.845896, -80421.234375, 0.221659259259
