AMINO ACID, DSSP, SASA, GYRATE, ENERGY, RMSF
ALA, 4, 29.322, 0.858087, -79834.804688, 0.251659259259
ARG, 8, 29.212, 0.836834, -81055.460938, 0.298462962963
ASN, 6, 27.674, 0.844758, -80317.640625, 0.210481481481
ASP, 9, 25.803, 0.815989, -79080.421875, 0.207903703704
CYS, 6, 26.909, 0.850004, -80250.007812, 0.307162962963
GLN, 17, 24.909, 0.837357, -80591.039062, 0.290562962963
GLU, 10, 27.288, 0.832626, -79821.375000, 0.207940740741
GLY, 8, 25.164, 0.831722, -80369.031250, 0.230159259259
HIS, 10, 28.163, 0.843898, -80587.289062, 0.336788888889
ILE, 6, 27.536, 0.837965, -79247.875000, 0.278788888889
LEU, 8, 26.367, 0.81749, -80471.179688, 0.349325925926
LYS, 2, 27.912, 0.857129, -79938.437500, 0.242707407407
MET, 7, 28.258, 0.834978, -80002.796875, 0.221622222222
PHE, 11, 25.522, 0.795441, -80413.421875, 0.339081481481
PRO, 6, 25.761, 0.827916, -80818.671875, 0.268974074074
SER, 10, 26.153, 0.813592, -81103.406250, 0.234703703704
THR, 11, 27.498, 0.831349, -80219.921875, 0.375159259259
TRP, 6, 29.008, 0.843034, -80193.960938, 0.314955555556
TYR, 10, 26.773, 0.865746, -79641.781250, 0.270355555556
VAL, 6, 25.812, 0.836859, -80540.656250, 0.221659259259
