AMINO ACID, DSSP, SASA, GYRATE, ENERGY, RMSF
ALA, 10, 27.816, 0.86066, -80338.593750, 0.251659259259
ARG, 0, 27.395, 0.856883, -80569.539062, 0.298462962963
ASN, 8, 28.263, 0.843106, -80683.132812, 0.210481481481
ASP, 8, 27.675, 0.821213, -79985.468750, 0.207903703704
CYS, 9, 26.417, 0.849962, -80520.000000, 0.307162962963
GLN, 9, 28.599, 0.895994, -79347.664062, 0.290562962963
GLU, 7, 26.000, 0.821857, -79755.500000, 0.207940740741
GLY, 11, 25.349, 0.823829, -81325.867188, 0.230159259259
HIS, 11, 28.001, 0.840848, -80540.054688, 0.336788888889
ILE, 9, 26.026, 0.829872, -80232.195312, 0.278788888889
LEU, 5, 29.631, 0.938653, -80446.601562, 0.349325925926
LYS, 6, 25.347, 0.809394, -80059.656250, 0.242707407407
MET, 8, 27.214, 0.838973, -79414.828125, 0.221622222222
PHE, 0, 24.633, 0.818518, -80756.171875, 0.339081481481
PRO, 4, 26.283, 0.845746, -79482.593750, 0.268974074074
SER, 2, 27.910, 0.833905, -80274.054688, 0.234703703704
THR, 6, 28.580, 0.936684, -80293.445312, 0.375159259259
TRP, 6, 27.710, 0.851145, -79696.945312, 0.314955555556
TYR, 9, 27.938, 0.82775, -80485.226562, 0.270355555556
VAL, 4, 25.887, 0.836829, -80402.273438, 0.221659259259
