AMINO ACID, DSSP, SASA, GYRATE, ENERGY, RMSF
ALA, 7, 27.428, 0.843362, -79960.312500, 0.251659259259
ARG, 2, 28.607, 0.862384, -80288.023438, 0.298462962963
ASN, 8, 26.539, 0.832031, -80514.953125, 0.210481481481
ASP, 6, 27.318, 0.831288, -80611.554688, 0.207903703704
CYS, 7, 28.469, 0.873532, -79688.195312, 0.307162962963
GLN, 8, 28.199, 0.870361, -79751.609375, 0.290562962963
GLU, 10, 25.141, 0.814617, -80382.218750, 0.207940740741
GLY, 9, 25.852, 0.816894, -81287.546875, 0.230159259259
HIS, 4, 28.725, 0.851807, -81136.390625, 0.336788888889
ILE, 9, 25.392, 0.811837, -80399.468750, 0.278788888889
LEU, 7, 28.996, 0.915499, -80172.500000, 0.349325925926
LYS, 3, 26.934, 0.821361, -81268.195312, 0.242707407407
MET, 10, 25.787, 0.833078, -80018.054688, 0.221622222222
PHE, 0, 25.335, 0.818189, -81175.328125, 0.339081481481
PRO, 6, 26.790, 0.838841, -79529.179688, 0.268974074074
SER, 4, 26.115, 0.805405, -79795.359375, 0.234703703704
THR, 4, 29.003, 0.906988, -80845.867188, 0.375159259259
TRP, 8, 28.789, 0.852199, -79252.195312, 0.314955555556
TYR, 10, 26.691, 0.81487, -79472.750000, 0.270355555556
VAL, 2, 26.810, 0.855079, -80150.289062, 0.221659259259
