AMINO ACID, DSSP, SASA, GYRATE, ENERGY, RMSF
ALA, 9, 27.311, 0.834106, -81172.062500, 0.251659259259
ARG, 2, 27.141, 0.863951, -81086.687500, 0.298462962963
ASN, 10, 26.333, 0.83977, -79932.320312, 0.210481481481
ASP, 4, 26.377, 0.834987, -80594.648438, 0.207903703704
CYS, 7, 28.250, 0.877652, -80421.562500, 0.307162962963
GLN, 10, 27.211, 0.850052, -80328.796875, 0.290562962963
GLU, 6, 24.229, 0.80629, -80018.648438, 0.207940740741
GLY, 9, 24.732, 0.816696, -80233.679688, 0.230159259259
HIS, 14, 27.145, 0.834704, -80927.031250, 0.336788888889
ILE, 7, 26.056, 0.827571, -79980.406250, 0.278788888889
LEU, 7, 28.659, 0.936377, -80379.015625, 0.349325925926
LYS, 2, 27.258, 0.82372, -80371.203125, 0.242707407407
MET, 7, 25.804, 0.836579, -80456.187500, 0.221622222222
PHE, 4, 25.722, 0.82123, -78994.132812, 0.339081481481
PRO, 6, 27.511, 0.839591, -79966.671875, 0.268974074074
SER, 4, 25.624, 0.81978, -79760.742188, 0.234703703704
THR, 9, 27.695, 0.900736, -79095.984375, 0.375159259259
TRP, 6, 27.123, 0.843697, -79682.843750, 0.314955555556
TYR, 9, 25.748, 0.805078, -80516.398438, 0.270355555556
VAL, 2, 25.096, 0.843604, -80372.531250, 0.221659259259
