AMINO ACID, DSSP, SASA, GYRATE, ENERGY, RMSF
ALA, 7, 26.319, 0.832402, -80095.796875, 0.251659259259
ARG, 2, 27.088, 0.85221, -81197.054688, 0.298462962963
ASN, 6, 25.989, 0.816923, -81111.890625, 0.210481481481
ASP, 6, 28.155, 0.838487, -80246.640625, 0.207903703704
CYS, 5, 26.549, 0.849226, -79896.734375, 0.307162962963
GLN, 8, 26.513, 0.853879, -79738.515625, 0.290562962963
GLU, 6, 25.563, 0.826392, -80539.015625, 0.207940740741
GLY, 7, 24.495, 0.827849, -79889.257812, 0.230159259259
HIS, 6, 26.816, 0.827598, -79555.867188, 0.336788888889
ILE, 7, 26.798, 0.828627, -80718.515625, 0.278788888889
LEU, 4, 28.424, 0.912574, -80811.546875, 0.349325925926
LYS, 7, 26.842, 0.82135, -80472.265625, 0.242707407407
MET, 10, 26.120, 0.821636, -80006.625000, 0.221622222222
PHE, 10, 25.338, 0.819907, -79455.703125, 0.339081481481
PRO, 4, 27.504, 0.840563, -80461.054688, 0.268974074074
SER, 2, 25.366, 0.81205, -80471.117188, 0.234703703704
THR, 4, 27.358, 0.900791, -80297.015625, 0.375159259259
TRP, 5, 28.731, 0.862483, -79794.265625, 0.314955555556
TYR, 9, 26.240, 0.817598, -79767.046875, 0.270355555556
VAL, 4, 24.871, 0.824862, -80522.609375, 0.221659259259
