AMINO ACID, DSSP, SASA, GYRATE, ENERGY, RMSF
ALA, 7, 26.217, 0.829323, -80315.375000, 0.251659259259
ARG, 7, 26.767, 0.848527, -81293.015625, 0.298462962963
ASN, 12, 27.167, 0.828301, -79969.789062, 0.210481481481
ASP, 10, 26.565, 0.83086, -79898.796875, 0.207903703704
CYS, 12, 27.110, 0.856654, -80393.921875, 0.307162962963
GLN, 4, 25.960, 0.850179, -80227.109375, 0.290562962963
GLU, 12, 25.127, 0.804335, -80571.109375, 0.207940740741
GLY, 9, 27.516, 0.829361, -80047.804688, 0.230159259259
HIS, 11, 27.340, 0.832089, -80278.968750, 0.336788888889
ILE, 7, 26.445, 0.826532, -80358.742188, 0.278788888889
LEU, 3, 28.321, 0.92448, -79670.726562, 0.349325925926
LYS, 5, 27.292, 0.828313, -81538.671875, 0.242707407407
MET, 7, 26.447, 0.841627, -79053.109375, 0.221622222222
PHE, 7, 25.578, 0.813362, -79711.546875, 0.339081481481
PRO, 4, 26.964, 0.838842, -79845.046875, 0.268974074074
SER, 0, 24.940, 0.812273, -80336.671875, 0.234703703704
THR, 6, 28.044, 0.921718, -79887.789062, 0.375159259259
TRP, 5, 27.117, 0.835365, -80040.843750, 0.314955555556
TYR, 10, 26.475, 0.809665, -80203.398438, 0.270355555556
VAL, 4, 26.714, 0.857969, -79376.195312, 0.221659259259
