AMINO ACID, DSSP, SASA, GYRATE, ENERGY, RMSF
ALA, 9, 25.279, 0.831104, -80410.390625, 0.251659259259
ARG, 3, 26.932, 0.846113, -80434.320312, 0.298462962963
ASN, 10, 27.126, 0.828153, -79711.882812, 0.210481481481
ASP, 8, 26.732, 0.837602, -79460.968750, 0.207903703704
CYS, 13, 27.898, 0.851223, -80292.234375, 0.307162962963
GLN, 10, 26.099, 0.848683, -80384.562500, 0.290562962963
GLU, 12, 23.551, 0.800746, -79600.750000, 0.207940740741
GLY, 9, 26.089, 0.825638, -80840.007812, 0.230159259259
HIS, 11, 26.258, 0.833038, -80694.296875, 0.336788888889
ILE, 9, 26.256, 0.820194, -79438.656250, 0.278788888889
LEU, 3, 28.286, 0.918762, -78730.695312, 0.349325925926
LYS, 6, 28.108, 0.830541, -79237.812500, 0.242707407407
MET, 10, 25.756, 0.826372, -80401.015625, 0.221622222222
PHE, 6, 24.524, 0.813527, -80657.070312, 0.339081481481
PRO, 4, 27.045, 0.846701, -80388.992188, 0.268974074074
SER, 2, 26.569, 0.832045, -80189.796875, 0.234703703704
THR, 4, 29.041, 0.927331, -80433.812500, 0.375159259259
TRP, 6, 28.262, 0.843793, -81625.593750, 0.314955555556
TYR, 10, 26.522, 0.812895, -79603.367188, 0.270355555556
VAL, 4, 27.973, 0.862088, -80701.640625, 0.221659259259
