AMINO ACID, DSSP, SASA, GYRATE, ENERGY, RMSF
ALA, 9, 26.972, 0.836752, -80225.625000, 0.251659259259
ARG, 3, 27.683, 0.850858, -80046.421875, 0.298462962963
ASN, 12, 27.210, 0.819697, -80628.031250, 0.210481481481
ASP, 6, 26.108, 0.838801, -79628.351562, 0.207903703704
CYS, 10, 27.438, 0.847755, -81399.640625, 0.307162962963
GLN, 6, 26.282, 0.85864, -81118.296875, 0.290562962963
GLU, 12, 23.683, 0.801325, -80194.929688, 0.207940740741
GLY, 9, 27.135, 0.828174, -79829.750000, 0.230159259259
HIS, 11, 26.770, 0.833711, -80300.671875, 0.336788888889
ILE, 7, 27.458, 0.828718, -80588.789062, 0.278788888889
LEU, 5, 30.241, 0.948588, -79860.531250, 0.349325925926
LYS, 8, 29.548, 0.835164, -81316.726562, 0.242707407407
MET, 7, 27.687, 0.838894, -80048.632812, 0.221622222222
PHE, 6, 25.382, 0.809304, -78640.773438, 0.339081481481
PRO, 4, 27.706, 0.85579, -79995.125000, 0.268974074074
SER, 0, 25.571, 0.820065, -81131.234375, 0.234703703704
THR, 9, 28.019, 0.924153, -80490.234375, 0.375159259259
TRP, 6, 28.983, 0.852408, -79591.546875, 0.314955555556
TYR, 10, 24.902, 0.805728, -80581.234375, 0.270355555556
VAL, 4, 27.827, 0.864101, -80021.953125, 0.221659259259
