AMINO ACID, DSSP, SASA, GYRATE, ENERGY, RMSF
ALA, 4, 27.272, 0.85505, -80375.296875, 0.251659259259
ARG, 7, 28.355, 0.854621, -80756.164062, 0.298462962963
ASN, 15, 26.521, 0.814718, -80087.632812, 0.210481481481
ASP, 8, 26.521, 0.839927, -79911.492188, 0.207903703704
CYS, 10, 25.861, 0.855812, -81205.632812, 0.307162962963
GLN, 6, 26.216, 0.852426, -80139.968750, 0.290562962963
GLU, 10, 23.985, 0.812229, -80302.687500, 0.207940740741
GLY, 9, 25.740, 0.811242, -81340.453125, 0.230159259259
HIS, 6, 27.480, 0.84564, -80332.140625, 0.336788888889
ILE, 7, 25.987, 0.825605, -80530.054688, 0.278788888889
LEU, 5, 30.625, 0.940919, -80062.734375, 0.349325925926
LYS, 8, 28.225, 0.830683, -79837.968750, 0.242707407407
MET, 10, 27.029, 0.83071, -80075.437500, 0.221622222222
PHE, 4, 25.575, 0.809424, -79320.507812, 0.339081481481
PRO, 6, 27.376, 0.854058, -79899.578125, 0.268974074074
SER, 2, 26.155, 0.814042, -81118.367188, 0.234703703704
THR, 4, 27.798, 0.92301, -80437.437500, 0.375159259259
TRP, 6, 28.168, 0.844107, -80349.164062, 0.314955555556
TYR, 10, 26.259, 0.815299, -80524.937500, 0.270355555556
VAL, 4, 28.979, 0.863806, -80116.648438, 0.221659259259
