AMINO ACID, DSSP, SASA, GYRATE, ENERGY, RMSF
ALA, 9, 27.552, 0.85467, -80142.968750, 0.251659259259
ARG, 5, 26.722, 0.839306, -81032.171875, 0.298462962963
ASN, 12, 27.106, 0.83068, -80411.703125, 0.210481481481
ASP, 8, 27.452, 0.836899, -79347.609375, 0.207903703704
CYS, 15, 26.877, 0.835418, -81024.867188, 0.307162962963
GLN, 6, 26.558, 0.861832, -81296.804688, 0.290562962963
GLU, 8, 24.754, 0.804818, -79846.484375, 0.207940740741
GLY, 11, 26.214, 0.817126, -80267.859375, 0.230159259259
HIS, 6, 28.510, 0.861189, -79588.468750, 0.336788888889
ILE, 7, 24.967, 0.812419, -79408.890625, 0.278788888889
LEU, 5, 29.953, 0.925346, -80281.023438, 0.349325925926
LYS, 10, 26.510, 0.80161, -80328.859375, 0.242707407407
MET, 10, 27.314, 0.837299, -80225.234375, 0.221622222222
PHE, 2, 25.358, 0.81568, -80115.554688, 0.339081481481
PRO, 6, 28.300, 0.836373, -80005.031250, 0.268974074074
SER, 4, 25.728, 0.810899, -80241.296875, 0.234703703704
THR, 4, 26.819, 0.912258, -80408.593750, 0.375159259259
TRP, 2, 28.826, 0.8541, -78895.398438, 0.314955555556
TYR, 10, 25.497, 0.80689, -80415.625000, 0.270355555556
VAL, 4, 28.968, 0.869769, -80480.398438, 0.221659259259
