AMINO ACID, DSSP, SASA, GYRATE, ENERGY, RMSF
ALA, 9, 28.181, 0.850075, -80097.265625, 0.251659259259
ARG, 3, 25.748, 0.844208, -81031.429688, 0.298462962963
ASN, 15, 25.212, 0.822727, -79955.078125, 0.210481481481
ASP, 12, 28.222, 0.837615, -79828.250000, 0.207903703704
CYS, 13, 26.521, 0.840812, -80286.296875, 0.307162962963
GLN, 8, 26.276, 0.862887, -80440.500000, 0.290562962963
GLU, 10, 25.277, 0.800258, -80992.710938, 0.207940740741
GLY, 6, 26.663, 0.815239, -80252.734375, 0.230159259259
HIS, 4, 29.772, 0.854619, -80687.617188, 0.336788888889
ILE, 11, 26.737, 0.836052, -79734.171875, 0.278788888889
LEU, 4, 29.721, 0.943438, -80563.429688, 0.349325925926
LYS, 4, 27.135, 0.819603, -80800.609375, 0.242707407407
MET, 10, 26.441, 0.828125, -80779.320312, 0.221622222222
PHE, 2, 25.797, 0.816678, -80222.710938, 0.339081481481
PRO, 6, 26.956, 0.846238, -80109.609375, 0.268974074074
SER, 4, 25.447, 0.808178, -80657.890625, 0.234703703704
THR, 6, 27.466, 0.910056, -80735.976562, 0.375159259259
TRP, 4, 29.074, 0.86687, -80800.562500, 0.314955555556
TYR, 8, 27.443, 0.814809, -80301.648438, 0.270355555556
VAL, 4, 28.623, 0.876885, -80471.781250, 0.221659259259
