AMINO ACID, DSSP, SASA, GYRATE, ENERGY, RMSF
ALA, 9, 28.118, 0.84607, -80554.703125, 0.251659259259
ARG, 3, 26.296, 0.850573, -82194.515625, 0.298462962963
ASN, 11, 26.812, 0.815579, -79737.789062, 0.210481481481
ASP, 6, 28.361, 0.85005, -80119.437500, 0.207903703704
CYS, 15, 25.963, 0.842647, -81456.789062, 0.307162962963
GLN, 8, 26.391, 0.85534, -81362.000000, 0.290562962963
GLU, 12, 24.346, 0.802255, -79282.593750, 0.207940740741
GLY, 9, 26.111, 0.811644, -79918.437500, 0.230159259259
HIS, 9, 29.417, 0.860306, -80320.054688, 0.336788888889
ILE, 7, 26.561, 0.829397, -80810.210938, 0.278788888889
LEU, 5, 28.122, 0.931233, -79461.953125, 0.349325925926
LYS, 8, 26.990, 0.804217, -81182.523438, 0.242707407407
MET, 10, 25.973, 0.837397, -79916.781250, 0.221622222222
PHE, 6, 25.633, 0.812382, -80428.562500, 0.339081481481
PRO, 4, 27.836, 0.8429, -80351.773438, 0.268974074074
SER, 4, 26.511, 0.816351, -81522.046875, 0.234703703704
THR, 6, 28.772, 0.920064, -80439.570312, 0.375159259259
TRP, 2, 28.486, 0.862303, -79959.062500, 0.314955555556
TYR, 10, 27.212, 0.816537, -80112.125000, 0.270355555556
VAL, 4, 28.465, 0.881977, -80001.250000, 0.221659259259
