AMINO ACID, DSSP, SASA, GYRATE, ENERGY, RMSF
ALA, 7, 26.159, 0.848548, -80084.281250, 0.251659259259
ARG, 7, 27.532, 0.841321, -80138.937500, 0.298462962963
ASN, 8, 26.606, 0.818402, -79894.375000, 0.210481481481
ASP, 13, 27.772, 0.822883, -80063.781250, 0.207903703704
CYS, 10, 26.438, 0.851761, -79431.546875, 0.307162962963
GLN, 4, 28.417, 0.869164, -80154.750000, 0.290562962963
GLU, 10, 24.424, 0.807252, -80003.117188, 0.207940740741
GLY, 9, 25.235, 0.8115, -79784.406250, 0.230159259259
HIS, 7, 27.542, 0.848465, -79710.531250, 0.336788888889
ILE, 7, 26.802, 0.831458, -80021.546875, 0.278788888889
LEU, 5, 29.080, 0.932868, -80309.242188, 0.349325925926
LYS, 8, 28.414, 0.822119, -80533.164062, 0.242707407407
MET, 10, 26.876, 0.830032, -80029.828125, 0.221622222222
PHE, 4, 25.372, 0.816555, -80055.859375, 0.339081481481
PRO, 6, 28.265, 0.853761, -80423.546875, 0.268974074074
SER, 0, 25.734, 0.829737, -80816.554688, 0.234703703704
THR, 8, 27.820, 0.904108, -81194.101562, 0.375159259259
TRP, 5, 28.631, 0.850882, -80116.929688, 0.314955555556
TYR, 8, 27.554, 0.828278, -79792.156250, 0.270355555556
VAL, 2, 26.626, 0.87289, -80084.375000, 0.221659259259
