AMINO ACID, DSSP, SASA, GYRATE, ENERGY, RMSF
ALA, 7, 26.987, 0.851815, -79841.421875, 0.251659259259
ARG, 3, 27.444, 0.847915, -80678.437500, 0.298462962963
ASN, 10, 25.143, 0.825613, -80478.171875, 0.210481481481
ASP, 11, 27.473, 0.822039, -79695.515625, 0.207903703704
CYS, 9, 27.958, 0.852147, -81000.671875, 0.307162962963
GLN, 6, 27.081, 0.869273, -81392.359375, 0.290562962963
GLU, 7, 24.534, 0.824063, -80092.734375, 0.207940740741
GLY, 9, 25.004, 0.808035, -81172.437500, 0.230159259259
HIS, 4, 26.410, 0.842717, -79768.859375, 0.336788888889
ILE, 9, 26.521, 0.821659, -80739.437500, 0.278788888889
LEU, 5, 28.895, 0.920832, -79881.703125, 0.349325925926
LYS, 4, 26.562, 0.821133, -81307.500000, 0.242707407407
MET, 10, 26.342, 0.828452, -79544.187500, 0.221622222222
PHE, 2, 25.530, 0.80453, -79814.062500, 0.339081481481
PRO, 4, 27.223, 0.839697, -81179.289062, 0.268974074074
SER, 4, 25.863, 0.828411, -80175.906250, 0.234703703704
THR, 6, 28.865, 0.912168, -80058.804688, 0.375159259259
TRP, 2, 28.296, 0.850237, -79603.875000, 0.314955555556
TYR, 10, 26.435, 0.814388, -80597.015625, 0.270355555556
VAL, 4, 27.077, 0.870268, -81053.179688, 0.221659259259
