AMINO ACID, DSSP, SASA, GYRATE, ENERGY, RMSF
ALA, 9, 28.404, 0.846831, -79728.531250, 0.251659259259
ARG, 7, 26.243, 0.853205, -80572.875000, 0.298462962963
ASN, 8, 25.996, 0.801934, -80655.093750, 0.210481481481
ASP, 8, 28.333, 0.84777, -79521.328125, 0.207903703704
CYS, 7, 27.249, 0.861534, -80315.210938, 0.307162962963
GLN, 8, 27.276, 0.876267, -79904.460938, 0.290562962963
GLU, 11, 24.437, 0.802737, -80162.515625, 0.207940740741
GLY, 9, 23.957, 0.8028, -80260.046875, 0.230159259259
HIS, 9, 26.916, 0.84335, -80431.539062, 0.336788888889
ILE, 5, 25.415, 0.817162, -80201.242188, 0.278788888889
LEU, 7, 29.155, 0.914502, -79961.171875, 0.349325925926
LYS, 6, 27.619, 0.823148, -79999.296875, 0.242707407407
MET, 12, 26.706, 0.822321, -79651.953125, 0.221622222222
PHE, 8, 25.340, 0.816811, -80112.984375, 0.339081481481
PRO, 4, 25.973, 0.830036, -80179.109375, 0.268974074074
SER, 4, 25.979, 0.829465, -80237.218750, 0.234703703704
THR, 6, 28.073, 0.913457, -79305.718750, 0.375159259259
TRP, 5, 28.031, 0.850498, -80541.937500, 0.314955555556
TYR, 10, 25.474, 0.818829, -79516.945312, 0.270355555556
VAL, 8, 28.285, 0.851796, -79941.843750, 0.221659259259
