AMINO ACID, DSSP, SASA, GYRATE, ENERGY, RMSF
ALA, 7, 26.877, 0.834483, -80074.578125, 0.251659259259
ARG, 3, 24.389, 0.833589, -80353.445312, 0.298462962963
ASN, 7, 26.819, 0.844565, -80374.437500, 0.210481481481
ASP, 8, 25.753, 0.83096, -80512.648438, 0.207903703704
CYS, 10, 26.853, 0.8425, -81274.320312, 0.307162962963
GLN, 10, 26.329, 0.869978, -79947.148438, 0.290562962963
GLU, 11, 24.257, 0.821129, -80329.531250, 0.207940740741
GLY, 9, 26.513, 0.807128, -80050.367188, 0.230159259259
HIS, 10, 27.380, 0.82954, -80544.562500, 0.336788888889
ILE, 7, 26.948, 0.815655, -79853.242188, 0.278788888889
LEU, 4, 28.134, 0.933158, -80580.921875, 0.349325925926
LYS, 4, 26.210, 0.834031, -80565.890625, 0.242707407407
MET, 10, 25.657, 0.831805, -80236.046875, 0.221622222222
PHE, 4, 26.294, 0.808613, -80354.335938, 0.339081481481
PRO, 6, 25.459, 0.841339, -79788.554688, 0.268974074074
SER, 2, 26.467, 0.811902, -80218.843750, 0.234703703704
THR, 4, 27.858, 0.936569, -80030.179688, 0.375159259259
TRP, 4, 27.619, 0.841345, -79260.687500, 0.314955555556
TYR, 8, 27.406, 0.820516, -79558.859375, 0.270355555556
VAL, 2, 26.450, 0.85686, -81069.164062, 0.221659259259
