AMINO ACID, DSSP, SASA, GYRATE, ENERGY, RMSF
ALA, 7, 27.035, 0.842918, -80094.281250, 0.251659259259
ARG, 0, 26.366, 0.834572, -80482.796875, 0.298462962963
ASN, 8, 26.763, 0.822531, -80943.484375, 0.210481481481
ASP, 8, 26.216, 0.829382, -80586.054688, 0.207903703704
CYS, 11, 24.676, 0.836262, -79990.828125, 0.307162962963
GLN, 8, 26.826, 0.868809, -80087.109375, 0.290562962963
GLU, 8, 24.622, 0.800309, -79975.804688, 0.207940740741
GLY, 11, 23.252, 0.796122, -79957.914062, 0.230159259259
HIS, 8, 26.452, 0.825282, -81422.281250, 0.336788888889
ILE, 7, 25.841, 0.82971, -80507.929688, 0.278788888889
LEU, 2, 28.141, 0.92035, -79465.437500, 0.349325925926
LYS, 4, 26.247, 0.82451, -80550.117188, 0.242707407407
MET, 10, 26.291, 0.828351, -80291.312500, 0.221622222222
PHE, 6, 25.872, 0.82302, -80474.671875, 0.339081481481
PRO, 6, 27.913, 0.852816, -80368.414062, 0.268974074074
SER, 4, 24.597, 0.809463, -80124.320312, 0.234703703704
THR, 8, 28.238, 0.946457, -79819.242188, 0.375159259259
TRP, 4, 27.507, 0.84298, -79241.968750, 0.314955555556
TYR, 10, 26.033, 0.804966, -80109.312500, 0.270355555556
VAL, 7, 26.682, 0.84902, -80477.031250, 0.221659259259
