AMINO ACID, DSSP, SASA, GYRATE, ENERGY, RMSF
ALA, 4, 26.794, 0.835767, -80288.734375, 0.251659259259
ARG, 7, 27.767, 0.846465, -80486.296875, 0.298462962963
ASN, 10, 26.075, 0.82514, -80041.882812, 0.210481481481
ASP, 10, 26.781, 0.838629, -80164.281250, 0.207903703704
CYS, 14, 26.137, 0.846307, -80567.625000, 0.307162962963
GLN, 6, 26.187, 0.864695, -80804.804688, 0.290562962963
GLU, 8, 24.287, 0.804027, -79459.296875, 0.207940740741
GLY, 11, 23.773, 0.802969, -80306.164062, 0.230159259259
HIS, 9, 28.219, 0.833403, -80675.687500, 0.336788888889
ILE, 7, 27.091, 0.836615, -80154.609375, 0.278788888889
LEU, 2, 29.298, 0.935929, -80553.312500, 0.349325925926
LYS, 4, 28.239, 0.821522, -81241.867188, 0.242707407407
MET, 10, 26.667, 0.836244, -79800.210938, 0.221622222222
PHE, 8, 27.633, 0.833197, -80175.765625, 0.339081481481
PRO, 6, 27.974, 0.869064, -79914.132812, 0.268974074074
SER, 4, 26.097, 0.813525, -80224.515625, 0.234703703704
THR, 8, 28.148, 0.925757, -80171.328125, 0.375159259259
TRP, 4, 28.409, 0.848929, -79814.054688, 0.314955555556
TYR, 12, 26.022, 0.800211, -80584.671875, 0.270355555556
VAL, 2, 26.411, 0.844759, -79933.921875, 0.221659259259
