AMINO ACID, DSSP, SASA, GYRATE, ENERGY, RMSF
ALA, 8, 27.062, 0.833339, -80053.367188, 0.251659259259
ARG, 3, 26.309, 0.839987, -81060.773438, 0.298462962963
ASN, 10, 27.496, 0.832977, -80088.968750, 0.210481481481
ASP, 12, 27.802, 0.838869, -80184.828125, 0.207903703704
CYS, 15, 26.280, 0.8391, -80256.312500, 0.307162962963
GLN, 8, 26.911, 0.857244, -80434.242188, 0.290562962963
GLU, 4, 26.072, 0.823796, -80054.468750, 0.207940740741
GLY, 11, 24.192, 0.802753, -79852.187500, 0.230159259259
HIS, 6, 26.848, 0.824348, -81028.953125, 0.336788888889
ILE, 11, 26.081, 0.832247, -80653.695312, 0.278788888889
LEU, 4, 30.216, 0.945523, -79391.218750, 0.349325925926
LYS, 2, 27.134, 0.820819, -80287.781250, 0.242707407407
MET, 10, 26.275, 0.830307, -79612.828125, 0.221622222222
PHE, 6, 26.737, 0.82982, -79257.171875, 0.339081481481
PRO, 2, 27.975, 0.866877, -80032.882812, 0.268974074074
SER, 4, 26.051, 0.825202, -80523.093750, 0.234703703704
THR, 6, 29.155, 0.924705, -80087.125000, 0.375159259259
TRP, 4, 28.570, 0.860212, -81159.632812, 0.314955555556
TYR, 11, 26.891, 0.811552, -79852.257812, 0.270355555556
VAL, 2, 26.179, 0.842082, -79644.328125, 0.221659259259
