AMINO ACID, DSSP, SASA, GYRATE, ENERGY, RMSF
ALA, 6, 28.669, 0.843335, -80681.453125, 0.251659259259
ARG, 3, 27.286, 0.845981, -82099.070312, 0.298462962963
ASN, 12, 26.210, 0.822294, -80937.351562, 0.210481481481
ASP, 12, 27.151, 0.83409, -79885.601562, 0.207903703704
CYS, 9, 25.839, 0.82941, -79133.968750, 0.307162962963
GLN, 8, 27.865, 0.862611, -80717.593750, 0.290562962963
GLU, 2, 27.649, 0.84918, -80549.750000, 0.207940740741
GLY, 8, 24.685, 0.807577, -80626.421875, 0.230159259259
HIS, 6, 27.797, 0.841066, -80645.523438, 0.336788888889
ILE, 7, 25.510, 0.826923, -80761.328125, 0.278788888889
LEU, 4, 29.603, 0.940739, -79812.187500, 0.349325925926
LYS, 7, 27.212, 0.814329, -80102.406250, 0.242707407407
MET, 10, 26.562, 0.84266, -79309.765625, 0.221622222222
PHE, 4, 26.365, 0.819581, -79803.250000, 0.339081481481
PRO, 6, 27.585, 0.863591, -79931.382812, 0.268974074074
SER, 4, 26.030, 0.815714, -80492.187500, 0.234703703704
THR, 6, 28.636, 0.923592, -80986.710938, 0.375159259259
TRP, 4, 27.245, 0.856532, -79895.101562, 0.314955555556
TYR, 10, 26.584, 0.816865, -80475.531250, 0.270355555556
VAL, 2, 26.531, 0.858718, -80583.625000, 0.221659259259
