AMINO ACID, DSSP, SASA, GYRATE, ENERGY, RMSF
ALA, 9, 26.671, 0.840498, -79839.304688, 0.251659259259
ARG, 7, 26.282, 0.838725, -80727.429688, 0.298462962963
ASN, 11, 26.886, 0.824683, -80073.585938, 0.210481481481
ASP, 8, 26.696, 0.83003, -79726.859375, 0.207903703704
CYS, 15, 25.836, 0.83337, -80633.000000, 0.307162962963
GLN, 6, 26.190, 0.861684, -79686.265625, 0.290562962963
GLU, 9, 28.862, 0.839639, -80354.312500, 0.207940740741
GLY, 11, 24.127, 0.796806, -80140.320312, 0.230159259259
HIS, 10, 28.712, 0.850934, -80296.203125, 0.336788888889
ILE, 4, 26.411, 0.83488, -80211.070312, 0.278788888889
LEU, 2, 28.991, 0.946832, -79307.531250, 0.349325925926
LYS, 6, 27.735, 0.822693, -80579.031250, 0.242707407407
MET, 10, 26.683, 0.835712, -79505.109375, 0.221622222222
PHE, 4, 26.334, 0.82472, -80753.750000, 0.339081481481
PRO, 4, 27.379, 0.8586, -79902.695312, 0.268974074074
SER, 2, 25.294, 0.816572, -80049.296875, 0.234703703704
THR, 2, 28.892, 0.911551, -80332.835938, 0.375159259259
TRP, 4, 27.749, 0.848939, -79602.023438, 0.314955555556
TYR, 13, 25.634, 0.809158, -79307.000000, 0.270355555556
VAL, 2, 26.954, 0.840518, -80410.945312, 0.221659259259
