AMINO ACID, DSSP, SASA, GYRATE, ENERGY, RMSF
ALA, 4, 26.924, 0.831098, -80039.578125, 0.251659259259
ARG, 0, 29.091, 0.872825, -81199.125000, 0.298462962963
ASN, 12, 26.131, 0.818963, -79976.000000, 0.210481481481
ASP, 10, 28.555, 0.832452, -79861.703125, 0.207903703704
CYS, 10, 26.070, 0.846476, -80762.210938, 0.307162962963
GLN, 4, 25.460, 0.841845, -80060.382812, 0.290562962963
GLU, 7, 26.266, 0.826981, -80342.812500, 0.207940740741
GLY, 9, 24.622, 0.806286, -81262.109375, 0.230159259259
HIS, 12, 28.120, 0.858562, -79682.625000, 0.336788888889
ILE, 7, 25.613, 0.817369, -80545.937500, 0.278788888889
LEU, 4, 30.079, 0.968054, -80913.031250, 0.349325925926
LYS, 8, 27.387, 0.821308, -80134.234375, 0.242707407407
MET, 10, 25.455, 0.829342, -79770.203125, 0.221622222222
PHE, 12, 25.094, 0.804995, -79089.093750, 0.339081481481
PRO, 2, 27.372, 0.847801, -79770.671875, 0.268974074074
SER, 2, 24.438, 0.810333, -80393.218750, 0.234703703704
THR, 4, 28.455, 0.952015, -80630.000000, 0.375159259259
TRP, 4, 27.606, 0.850674, -80183.507812, 0.314955555556
TYR, 10, 26.371, 0.809211, -81006.015625, 0.270355555556
VAL, 2, 27.260, 0.865568, -79207.203125, 0.221659259259
