AMINO ACID, DSSP, SASA, GYRATE, ENERGY, RMSF
ALA, 2, 26.508, 0.837424, -81465.875000, 0.251659259259
ARG, 0, 28.165, 0.868421, -80095.179688, 0.298462962963
ASN, 8, 26.220, 0.821939, -80004.187500, 0.210481481481
ASP, 6, 27.351, 0.836546, -79890.687500, 0.207903703704
CYS, 9, 26.423, 0.859348, -79843.437500, 0.307162962963
GLN, 4, 25.153, 0.840247, -81367.031250, 0.290562962963
GLU, 9, 26.222, 0.813073, -80861.648438, 0.207940740741
GLY, 9, 25.092, 0.816051, -80284.289062, 0.230159259259
HIS, 14, 27.873, 0.845754, -79076.156250, 0.336788888889
ILE, 7, 25.612, 0.830208, -80013.296875, 0.278788888889
LEU, 4, 31.112, 0.946959, -80013.953125, 0.349325925926
LYS, 10, 27.086, 0.826858, -80415.937500, 0.242707407407
MET, 10, 26.564, 0.833835, -79838.906250, 0.221622222222
PHE, 8, 25.806, 0.820008, -80480.359375, 0.339081481481
PRO, 4, 28.284, 0.854095, -79044.687500, 0.268974074074
SER, 2, 25.000, 0.822099, -80514.085938, 0.234703703704
THR, 6, 29.406, 0.932658, -79944.125000, 0.375159259259
TRP, 4, 28.450, 0.858268, -80108.093750, 0.314955555556
TYR, 11, 26.779, 0.817928, -79837.398438, 0.270355555556
VAL, 2, 25.632, 0.83752, -80664.453125, 0.221659259259
