AMINO ACID, DSSP, SASA, GYRATE, ENERGY, RMSF
ALA, 10, 26.715, 0.819085, -80730.750000, 0.251659259259
ARG, 0, 29.044, 0.868127, -80195.367188, 0.298462962963
ASN, 10, 26.480, 0.819991, -80025.117188, 0.210481481481
ASP, 10, 28.374, 0.8397, -79569.265625, 0.207903703704
CYS, 11, 25.842, 0.836898, -79933.750000, 0.307162962963
GLN, 10, 26.145, 0.858466, -79996.906250, 0.290562962963
GLU, 9, 24.662, 0.803267, -79366.546875, 0.207940740741
GLY, 6, 24.159, 0.805678, -81207.906250, 0.230159259259
HIS, 10, 28.214, 0.870412, -81047.796875, 0.336788888889
ILE, 7, 26.645, 0.828184, -80310.468750, 0.278788888889
LEU, 5, 28.910, 0.914574, -80645.835938, 0.349325925926
LYS, 7, 26.528, 0.815586, -80805.460938, 0.242707407407
MET, 10, 26.267, 0.833654, -80651.093750, 0.221622222222
PHE, 8, 25.345, 0.813344, -79350.976562, 0.339081481481
PRO, 4, 28.042, 0.852822, -80548.476562, 0.268974074074
SER, 2, 24.848, 0.813756, -79993.632812, 0.234703703704
THR, 6, 27.414, 0.940142, -80698.328125, 0.375159259259
TRP, 4, 26.341, 0.850733, -80403.710938, 0.314955555556
TYR, 8, 25.163, 0.801411, -80285.078125, 0.270355555556
VAL, 2, 25.560, 0.838081, -80520.593750, 0.221659259259
