AMINO ACID, DSSP, SASA, GYRATE, ENERGY, RMSF
ALA, 4, 25.686, 0.81909, -80418.328125, 0.251659259259
ARG, 0, 28.226, 0.855089, -81297.187500, 0.298462962963
ASN, 8, 27.040, 0.820163, -80003.632812, 0.210481481481
ASP, 10, 28.126, 0.850825, -79680.609375, 0.207903703704
CYS, 7, 26.137, 0.857891, -80059.687500, 0.307162962963
GLN, 4, 25.910, 0.857387, -79830.484375, 0.290562962963
GLU, 6, 25.999, 0.821325, -80022.484375, 0.207940740741
GLY, 6, 25.209, 0.811743, -80801.640625, 0.230159259259
HIS, 10, 29.333, 0.868897, -79742.414062, 0.336788888889
ILE, 7, 27.396, 0.838724, -79296.093750, 0.278788888889
LEU, 5, 28.780, 0.907752, -80436.796875, 0.349325925926
LYS, 9, 26.641, 0.816973, -80309.132812, 0.242707407407
MET, 10, 27.063, 0.844255, -80935.898438, 0.221622222222
PHE, 11, 25.328, 0.817987, -80762.937500, 0.339081481481
PRO, 6, 27.061, 0.861028, -80695.539062, 0.268974074074
SER, 2, 26.162, 0.824093, -80607.726562, 0.234703703704
THR, 8, 28.340, 0.963683, -80083.468750, 0.375159259259
TRP, 4, 27.090, 0.836666, -80175.804688, 0.314955555556
TYR, 8, 26.808, 0.827138, -80155.671875, 0.270355555556
VAL, 4, 25.977, 0.82804, -80587.218750, 0.221659259259
