AMINO ACID, DSSP, SASA, GYRATE, ENERGY, RMSF
ALA, 6, 26.933, 0.832474, -80538.000000, 0.251659259259
ARG, 0, 26.952, 0.851132, -80832.218750, 0.298462962963
ASN, 12, 26.706, 0.824667, -79660.867188, 0.210481481481
ASP, 6, 26.666, 0.837569, -79997.054688, 0.207903703704
CYS, 9, 26.574, 0.860796, -80169.171875, 0.307162962963
GLN, 10, 25.866, 0.884498, -80165.625000, 0.290562962963
GLU, 10, 25.355, 0.813754, -79797.992188, 0.207940740741
GLY, 10, 25.843, 0.813211, -79478.406250, 0.230159259259
HIS, 14, 27.236, 0.848503, -79805.164062, 0.336788888889
ILE, 9, 26.106, 0.82448, -79993.859375, 0.278788888889
LEU, 5, 29.601, 0.915047, -79651.734375, 0.349325925926
LYS, 9, 26.996, 0.823512, -80771.625000, 0.242707407407
MET, 10, 27.617, 0.843505, -80048.640625, 0.221622222222
PHE, 8, 24.977, 0.814586, -79847.789062, 0.339081481481
PRO, 4, 28.391, 0.868977, -80208.703125, 0.268974074074
SER, 2, 26.045, 0.824663, -80885.695312, 0.234703703704
THR, 8, 27.962, 0.955863, -80702.843750, 0.375159259259
TRP, 2, 28.973, 0.857167, -79178.937500, 0.314955555556
TYR, 10, 26.038, 0.814159, -79704.078125, 0.270355555556
VAL, 4, 26.046, 0.847446, -79326.296875, 0.221659259259
