AMINO ACID, DSSP, SASA, GYRATE, ENERGY, RMSF
ALA, 4, 27.656, 0.845148, -80283.671875, 0.251659259259
ARG, 0, 29.752, 0.871597, -79990.226562, 0.298462962963
ASN, 10, 27.535, 0.828545, -81550.007812, 0.210481481481
ASP, 12, 28.956, 0.834668, -79974.992188, 0.207903703704
CYS, 5, 28.051, 0.870243, -80117.523438, 0.307162962963
GLN, 4, 25.840, 0.871096, -80224.703125, 0.290562962963
GLU, 6, 26.002, 0.829623, -80247.242188, 0.207940740741
GLY, 4, 26.792, 0.827606, -79476.484375, 0.230159259259
HIS, 6, 27.415, 0.851834, -80158.046875, 0.336788888889
ILE, 7, 26.259, 0.819612, -80420.039062, 0.278788888889
LEU, 9, 28.489, 0.927582, -80060.820312, 0.349325925926
LYS, 9, 26.534, 0.816256, -81092.843750, 0.242707407407
MET, 10, 26.715, 0.83778, -79880.875000, 0.221622222222
PHE, 8, 25.843, 0.807177, -79288.031250, 0.339081481481
PRO, 2, 26.967, 0.84369, -80435.460938, 0.268974074074
SER, 2, 25.230, 0.808962, -81181.281250, 0.234703703704
THR, 6, 30.276, 0.992497, -79665.546875, 0.375159259259
TRP, 4, 27.832, 0.860235, -79772.515625, 0.314955555556
TYR, 9, 27.489, 0.82287, -79336.703125, 0.270355555556
VAL, 4, 27.219, 0.847531, -80621.945312, 0.221659259259
