AMINO ACID, DSSP, SASA, GYRATE, ENERGY, RMSF
ALA, 4, 28.177, 0.867068, -81425.554688, 0.251659259259
ARG, 10, 27.802, 0.834064, -81286.015625, 0.298462962963
ASN, 8, 28.640, 0.840827, -80884.546875, 0.210481481481
ASP, 7, 26.669, 0.821611, -79907.250000, 0.207903703704
CYS, 6, 26.670, 0.876378, -79974.460938, 0.307162962963
GLN, 12, 25.843, 0.830808, -80159.843750, 0.290562962963
GLU, 8, 26.272, 0.830645, -80877.992188, 0.207940740741
GLY, 9, 24.858, 0.8178, -80911.882812, 0.230159259259
HIS, 8, 26.375, 0.837056, -80859.218750, 0.336788888889
ILE, 8, 26.870, 0.815135, -80059.734375, 0.278788888889
LEU, 10, 24.891, 0.799855, -80462.304688, 0.349325925926
LYS, 6, 27.378, 0.835569, -79837.953125, 0.242707407407
MET, 7, 29.019, 0.840883, -79474.703125, 0.221622222222
PHE, 10, 25.909, 0.80795, -80910.398438, 0.339081481481
PRO, 6, 25.228, 0.816923, -80515.093750, 0.268974074074
SER, 10, 26.603, 0.81311, -80670.226562, 0.234703703704
THR, 7, 26.700, 0.827012, -79369.968750, 0.375159259259
TRP, 8, 28.512, 0.85566, -79632.812500, 0.314955555556
TYR, 9, 27.126, 0.859711, -80868.367188, 0.270355555556
VAL, 8, 26.596, 0.835297, -80154.101562, 0.221659259259
