AMINO ACID, DSSP, SASA, GYRATE, ENERGY, RMSF
ALA, 6, 27.032, 0.822025, -78716.132812, 0.251659259259
ARG, 0, 26.987, 0.864829, -80862.656250, 0.298462962963
ASN, 10, 27.154, 0.827102, -80991.625000, 0.210481481481
ASP, 10, 27.407, 0.831901, -80384.000000, 0.207903703704
CYS, 5, 26.097, 0.856427, -79512.828125, 0.307162962963
GLN, 6, 27.835, 0.882443, -80868.210938, 0.290562962963
GLU, 10, 24.793, 0.810014, -80620.312500, 0.207940740741
GLY, 6, 25.611, 0.815225, -80365.679688, 0.230159259259
HIS, 8, 26.956, 0.841199, -80025.437500, 0.336788888889
ILE, 7, 25.081, 0.831677, -79977.750000, 0.278788888889
LEU, 4, 29.454, 0.959679, -79822.304688, 0.349325925926
LYS, 11, 27.821, 0.831411, -80968.132812, 0.242707407407
MET, 10, 25.272, 0.825923, -80170.203125, 0.221622222222
PHE, 8, 24.461, 0.810589, -79609.156250, 0.339081481481
PRO, 4, 27.267, 0.842143, -80698.898438, 0.268974074074
SER, 4, 25.688, 0.817934, -80986.187500, 0.234703703704
THR, 4, 27.085, 0.89586, -80154.828125, 0.375159259259
TRP, 4, 29.054, 0.868191, -78948.937500, 0.314955555556
TYR, 11, 25.761, 0.815254, -81014.054688, 0.270355555556
VAL, 2, 26.581, 0.858823, -79617.718750, 0.221659259259
