AMINO ACID, DSSP, SASA, GYRATE, ENERGY, RMSF
ALA, 6, 27.439, 0.825671, -81167.070312, 0.251659259259
ARG, 0, 27.096, 0.859859, -81314.726562, 0.298462962963
ASN, 10, 26.656, 0.814559, -81097.281250, 0.210481481481
ASP, 8, 26.891, 0.838968, -79949.539062, 0.207903703704
CYS, 7, 26.514, 0.856306, -79658.976562, 0.307162962963
GLN, 6, 27.493, 0.878387, -79893.734375, 0.290562962963
GLU, 8, 22.889, 0.792007, -80942.742188, 0.207940740741
GLY, 6, 25.023, 0.812578, -79880.109375, 0.230159259259
HIS, 10, 27.230, 0.851573, -80489.015625, 0.336788888889
ILE, 6, 26.557, 0.834004, -79885.476562, 0.278788888889
LEU, 4, 30.046, 0.953983, -79805.906250, 0.349325925926
LYS, 10, 28.716, 0.832492, -80980.664062, 0.242707407407
MET, 10, 25.413, 0.824898, -79547.937500, 0.221622222222
PHE, 8, 24.808, 0.808722, -80238.851562, 0.339081481481
PRO, 4, 26.609, 0.827018, -79839.742188, 0.268974074074
SER, 4, 24.807, 0.820888, -80067.945312, 0.234703703704
THR, 6, 27.934, 0.899616, -80899.773438, 0.375159259259
TRP, 4, 29.716, 0.874978, -80023.484375, 0.314955555556
TYR, 12, 25.095, 0.808931, -80149.406250, 0.270355555556
VAL, 4, 27.669, 0.852772, -79200.679688, 0.221659259259
