AMINO ACID, DSSP, SASA, GYRATE, ENERGY, RMSF
ALA, 4, 26.782, 0.815199, -80331.867188, 0.251659259259
ARG, 0, 27.235, 0.851613, -81339.687500, 0.298462962963
ASN, 10, 26.699, 0.81703, -80575.546875, 0.210481481481
ASP, 8, 26.907, 0.83209, -79728.132812, 0.207903703704
CYS, 12, 27.678, 0.853793, -80387.539062, 0.307162962963
GLN, 6, 27.730, 0.878733, -80651.375000, 0.290562962963
GLU, 8, 24.347, 0.807598, -79877.601562, 0.207940740741
GLY, 8, 24.864, 0.810155, -80791.335938, 0.230159259259
HIS, 11, 27.736, 0.851462, -80126.750000, 0.336788888889
ILE, 4, 26.962, 0.824892, -80565.921875, 0.278788888889
LEU, 2, 30.261, 0.925913, -79953.843750, 0.349325925926
LYS, 10, 27.942, 0.82897, -80119.507812, 0.242707407407
MET, 10, 26.533, 0.820777, -80405.960938, 0.221622222222
PHE, 11, 25.112, 0.81529, -80047.851562, 0.339081481481
PRO, 9, 26.541, 0.838322, -81256.734375, 0.268974074074
SER, 4, 25.056, 0.820051, -80667.007812, 0.234703703704
THR, 8, 28.847, 0.912708, -79927.695312, 0.375159259259
TRP, 4, 28.538, 0.865387, -80840.445312, 0.314955555556
TYR, 11, 27.326, 0.81424, -80622.578125, 0.270355555556
VAL, 4, 26.896, 0.855952, -80376.554688, 0.221659259259
