AMINO ACID, DSSP, SASA, GYRATE, ENERGY, RMSF
ALA, 6, 28.964, 0.856284, -79495.289062, 0.251659259259
ARG, 8, 28.128, 0.850254, -81062.718750, 0.298462962963
ASN, 6, 28.343, 0.842085, -80577.023438, 0.210481481481
ASP, 9, 28.278, 0.832325, -80201.187500, 0.207903703704
CYS, 8, 27.716, 0.873664, -79584.281250, 0.307162962963
GLN, 12, 24.778, 0.826936, -80647.531250, 0.290562962963
GLU, 11, 27.197, 0.834464, -79546.226562, 0.207940740741
GLY, 8, 25.846, 0.832989, -80078.867188, 0.230159259259
HIS, 9, 25.317, 0.839502, -80938.906250, 0.336788888889
ILE, 8, 25.663, 0.817594, -79843.515625, 0.278788888889
LEU, 11, 24.010, 0.797379, -79777.898438, 0.349325925926
LYS, 2, 27.785, 0.843434, -80437.984375, 0.242707407407
MET, 9, 28.181, 0.848916, -79599.296875, 0.221622222222
PHE, 5, 26.307, 0.806241, -80883.140625, 0.339081481481
PRO, 8, 24.070, 0.806288, -81018.195312, 0.268974074074
SER, 12, 25.999, 0.797198, -81213.382812, 0.234703703704
THR, 2, 26.937, 0.825342, -79532.625000, 0.375159259259
TRP, 2, 29.898, 0.866204, -80178.585938, 0.314955555556
TYR, 8, 27.298, 0.856385, -79624.640625, 0.270355555556
VAL, 6, 26.193, 0.833879, -80518.968750, 0.221659259259
