AMINO ACID, DSSP, SASA, GYRATE, ENERGY, RMSF
ALA, 6, 25.518, 0.827499, -80312.031250, 0.251659259259
ARG, 0, 26.161, 0.854798, -79732.531250, 0.298462962963
ASN, 10, 26.990, 0.81859, -80265.414062, 0.210481481481
ASP, 12, 26.828, 0.847416, -80553.328125, 0.207903703704
CYS, 9, 25.603, 0.853425, -79931.945312, 0.307162962963
GLN, 4, 27.379, 0.895645, -80731.531250, 0.290562962963
GLU, 10, 24.171, 0.811717, -80328.710938, 0.207940740741
GLY, 6, 26.313, 0.82303, -80319.593750, 0.230159259259
HIS, 9, 28.988, 0.856218, -80439.171875, 0.336788888889
ILE, 7, 26.824, 0.83468, -80218.843750, 0.278788888889
LEU, 4, 29.989, 0.940658, -79378.609375, 0.349325925926
LYS, 6, 28.478, 0.839199, -80439.679688, 0.242707407407
MET, 10, 25.541, 0.819899, -79122.156250, 0.221622222222
PHE, 8, 25.866, 0.820057, -80447.125000, 0.339081481481
PRO, 2, 26.722, 0.82446, -81137.328125, 0.268974074074
SER, 4, 25.771, 0.813982, -80112.750000, 0.234703703704
THR, 6, 28.736, 0.901181, -79442.515625, 0.375159259259
TRP, 4, 27.679, 0.85364, -79033.750000, 0.314955555556
TYR, 10, 27.044, 0.812568, -78942.859375, 0.270355555556
VAL, 4, 26.936, 0.863542, -80873.546875, 0.221659259259
