AMINO ACID, DSSP, SASA, GYRATE, ENERGY, RMSF
ALA, 7, 26.584, 0.821502, -80029.437500, 0.251659259259
ARG, 0, 26.982, 0.864846, -80697.328125, 0.298462962963
ASN, 7, 26.567, 0.822844, -79828.562500, 0.210481481481
ASP, 8, 26.845, 0.84224, -80353.242188, 0.207903703704
CYS, 10, 25.900, 0.862147, -80493.960938, 0.307162962963
GLN, 4, 25.940, 0.885921, -80057.906250, 0.290562962963
GLU, 8, 24.832, 0.810601, -80589.898438, 0.207940740741
GLY, 6, 27.323, 0.829834, -80679.859375, 0.230159259259
HIS, 10, 28.082, 0.852357, -79998.820312, 0.336788888889
ILE, 7, 27.642, 0.837877, -79752.781250, 0.278788888889
LEU, 4, 29.043, 0.930661, -79675.859375, 0.349325925926
LYS, 4, 28.397, 0.826858, -80839.257812, 0.242707407407
MET, 10, 25.259, 0.824553, -79938.351562, 0.221622222222
PHE, 11, 25.311, 0.814898, -80864.179688, 0.339081481481
PRO, 7, 26.432, 0.832517, -80766.765625, 0.268974074074
SER, 2, 25.222, 0.811605, -81772.390625, 0.234703703704
THR, 2, 27.809, 0.901322, -79685.507812, 0.375159259259
TRP, 4, 26.369, 0.855895, -81142.179688, 0.314955555556
TYR, 9, 27.124, 0.837548, -80384.632812, 0.270355555556
VAL, 4, 27.245, 0.853608, -80149.359375, 0.221659259259
