AMINO ACID, DSSP, SASA, GYRATE, ENERGY, RMSF
ALA, 6, 27.245, 0.842376, -80426.218750, 0.251659259259
ARG, 6, 28.394, 0.849745, -80291.843750, 0.298462962963
ASN, 6, 27.614, 0.844162, -80400.703125, 0.210481481481
ASP, 7, 26.523, 0.822755, -80498.648438, 0.207903703704
CYS, 10, 28.413, 0.873996, -80486.000000, 0.307162962963
GLN, 16, 24.785, 0.819573, -78813.843750, 0.290562962963
GLU, 10, 27.699, 0.838234, -80453.875000, 0.207940740741
GLY, 14, 25.833, 0.827193, -80669.828125, 0.230159259259
HIS, 6, 26.995, 0.862651, -79923.500000, 0.336788888889
ILE, 12, 26.230, 0.808386, -80199.773438, 0.278788888889
LEU, 10, 25.156, 0.794664, -80423.367188, 0.349325925926
LYS, 4, 27.070, 0.829205, -80386.835938, 0.242707407407
MET, 10, 26.958, 0.821642, -81100.031250, 0.221622222222
PHE, 10, 26.735, 0.806963, -80263.601562, 0.339081481481
PRO, 6, 25.251, 0.812454, -79472.500000, 0.268974074074
SER, 10, 24.841, 0.801399, -79629.765625, 0.234703703704
THR, 4, 27.372, 0.814325, -81148.203125, 0.375159259259
TRP, 4, 28.746, 0.854077, -80850.843750, 0.314955555556
TYR, 10, 27.354, 0.860191, -80373.781250, 0.270355555556
VAL, 6, 26.651, 0.840757, -79109.835938, 0.221659259259
