AMINO ACID, DSSP, SASA, GYRATE, ENERGY, RMSF
ALA, 6, 27.034, 0.824069, -80826.046875, 0.251659259259
ARG, 2, 27.843, 0.859824, -80402.046875, 0.298462962963
ASN, 10, 26.772, 0.823221, -80276.171875, 0.210481481481
ASP, 8, 25.114, 0.818364, -80237.414062, 0.207903703704
CYS, 14, 25.833, 0.841075, -80534.085938, 0.307162962963
GLN, 2, 26.150, 0.86885, -81515.375000, 0.290562962963
GLU, 9, 24.752, 0.806437, -79916.671875, 0.207940740741
GLY, 8, 25.144, 0.811413, -79680.500000, 0.230159259259
HIS, 6, 28.739, 0.869141, -80186.398438, 0.336788888889
ILE, 4, 28.236, 0.832398, -80141.898438, 0.278788888889
LEU, 5, 27.861, 0.910058, -79875.929688, 0.349325925926
LYS, 6, 29.041, 0.830343, -80635.093750, 0.242707407407
MET, 8, 27.097, 0.831051, -79518.804688, 0.221622222222
PHE, 6, 25.791, 0.822966, -80366.171875, 0.339081481481
PRO, 2, 27.012, 0.820847, -79489.953125, 0.268974074074
SER, 2, 26.098, 0.821534, -79934.914062, 0.234703703704
THR, 4, 26.630, 0.897212, -79695.234375, 0.375159259259
TRP, 4, 27.354, 0.84626, -79611.687500, 0.314955555556
TYR, 10, 27.328, 0.817854, -79897.140625, 0.270355555556
VAL, 4, 27.329, 0.856394, -80003.023438, 0.221659259259
