AMINO ACID, DSSP, SASA, GYRATE, ENERGY, RMSF
ALA, 4, 27.011, 0.83253, -79836.671875, 0.251659259259
ARG, 4, 27.205, 0.859062, -80280.789062, 0.298462962963
ASN, 12, 26.007, 0.821283, -80537.796875, 0.210481481481
ASP, 12, 25.164, 0.813554, -80297.046875, 0.207903703704
CYS, 15, 25.378, 0.832103, -79852.164062, 0.307162962963
GLN, 4, 27.470, 0.877346, -80885.109375, 0.290562962963
GLU, 9, 25.680, 0.810344, -80578.585938, 0.207940740741
GLY, 6, 24.630, 0.804552, -80305.507812, 0.230159259259
HIS, 9, 29.891, 0.88651, -79612.257812, 0.336788888889
ILE, 7, 28.144, 0.83263, -79639.687500, 0.278788888889
LEU, 7, 28.766, 0.919938, -80241.234375, 0.349325925926
LYS, 10, 27.300, 0.817088, -81683.273438, 0.242707407407
MET, 8, 27.193, 0.838289, -79091.781250, 0.221622222222
PHE, 8, 25.738, 0.809594, -80257.695312, 0.339081481481
PRO, 7, 27.664, 0.83114, -79798.515625, 0.268974074074
SER, 2, 25.655, 0.820023, -80405.148438, 0.234703703704
THR, 6, 28.290, 0.894207, -81156.375000, 0.375159259259
TRP, 4, 28.732, 0.875869, -79165.921875, 0.314955555556
TYR, 12, 27.477, 0.818195, -80663.593750, 0.270355555556
VAL, 4, 27.329, 0.848863, -80247.382812, 0.221659259259
