AMINO ACID, DSSP, SASA, GYRATE, ENERGY, RMSF
ALA, 4, 27.008, 0.82967, -79818.468750, 0.251659259259
ARG, 2, 27.194, 0.862695, -81511.875000, 0.298462962963
ASN, 12, 26.742, 0.817395, -81001.578125, 0.210481481481
ASP, 11, 24.415, 0.824132, -80758.484375, 0.207903703704
CYS, 14, 25.542, 0.843858, -80549.781250, 0.307162962963
GLN, 8, 26.446, 0.874635, -80782.210938, 0.290562962963
GLU, 6, 24.719, 0.812971, -79231.140625, 0.207940740741
GLY, 8, 26.459, 0.831386, -80128.750000, 0.230159259259
HIS, 4, 29.572, 0.872929, -80488.921875, 0.336788888889
ILE, 5, 26.286, 0.835293, -80403.648438, 0.278788888889
LEU, 6, 28.344, 0.915969, -79395.953125, 0.349325925926
LYS, 8, 26.916, 0.825489, -80575.414062, 0.242707407407
MET, 8, 25.505, 0.835974, -80841.015625, 0.221622222222
PHE, 11, 25.924, 0.812878, -80143.226562, 0.339081481481
PRO, 11, 27.051, 0.833095, -79731.578125, 0.268974074074
SER, 4, 26.771, 0.83664, -80456.703125, 0.234703703704
THR, 6, 27.376, 0.909907, -80919.109375, 0.375159259259
TRP, 4, 26.961, 0.857904, -80029.539062, 0.314955555556
TYR, 6, 26.709, 0.821921, -81003.281250, 0.270355555556
VAL, 4, 26.588, 0.84379, -81597.437500, 0.221659259259
