AMINO ACID, DSSP, SASA, GYRATE, ENERGY, RMSF
ALA, 4, 26.641, 0.83978, -81000.007812, 0.251659259259
ARG, 0, 27.218, 0.867474, -81036.234375, 0.298462962963
ASN, 4, 26.532, 0.828252, -79366.875000, 0.210481481481
ASP, 14, 26.463, 0.812532, -79596.968750, 0.207903703704
CYS, 14, 25.968, 0.838701, -79938.257812, 0.307162962963
GLN, 10, 26.329, 0.856969, -79943.515625, 0.290562962963
GLU, 7, 24.690, 0.805159, -79533.523438, 0.207940740741
GLY, 6, 25.531, 0.812121, -80506.132812, 0.230159259259
HIS, 6, 29.145, 0.884325, -81244.070312, 0.336788888889
ILE, 7, 27.759, 0.838636, -81074.773438, 0.278788888889
LEU, 7, 29.100, 0.923324, -80661.140625, 0.349325925926
LYS, 10, 27.219, 0.833285, -80938.132812, 0.242707407407
MET, 7, 26.353, 0.8328, -80827.687500, 0.221622222222
PHE, 8, 25.605, 0.801562, -81348.890625, 0.339081481481
PRO, 7, 26.067, 0.817897, -80113.585938, 0.268974074074
SER, 4, 26.121, 0.824154, -79591.539062, 0.234703703704
THR, 6, 27.772, 0.899309, -80848.031250, 0.375159259259
TRP, 2, 28.446, 0.88258, -80671.195312, 0.314955555556
TYR, 8, 27.139, 0.821065, -80606.140625, 0.270355555556
VAL, 4, 25.408, 0.819345, -79540.031250, 0.221659259259
