AMINO ACID, DSSP, SASA, GYRATE, ENERGY, RMSF
ALA, 4, 26.769, 0.846287, -80874.335938, 0.251659259259
ARG, 0, 27.244, 0.864299, -80267.914062, 0.298462962963
ASN, 12, 25.569, 0.820058, -81253.023438, 0.210481481481
ASP, 8, 27.358, 0.833714, -80335.625000, 0.207903703704
CYS, 12, 27.647, 0.844318, -80970.062500, 0.307162962963
GLN, 10, 25.467, 0.867552, -80451.226562, 0.290562962963
GLU, 8, 25.114, 0.802487, -80606.992188, 0.207940740741
GLY, 6, 24.643, 0.825244, -80435.054688, 0.230159259259
HIS, 6, 30.265, 0.87536, -80162.101562, 0.336788888889
ILE, 7, 25.489, 0.826435, -80186.312500, 0.278788888889
LEU, 5, 29.484, 0.950418, -80364.140625, 0.349325925926
LYS, 10, 27.160, 0.82143, -80857.734375, 0.242707407407
MET, 12, 26.619, 0.825439, -80286.406250, 0.221622222222
PHE, 4, 25.910, 0.815072, -79705.906250, 0.339081481481
PRO, 2, 27.061, 0.843512, -80465.343750, 0.268974074074
SER, 4, 24.214, 0.798056, -80149.859375, 0.234703703704
THR, 10, 27.155, 0.869891, -81205.531250, 0.375159259259
TRP, 4, 28.610, 0.857381, -79993.945312, 0.314955555556
TYR, 6, 27.293, 0.821026, -80553.546875, 0.270355555556
VAL, 6, 26.231, 0.826901, -80789.664062, 0.221659259259
