AMINO ACID, DSSP, SASA, GYRATE, ENERGY, RMSF
ALA, 6, 26.386, 0.840395, -80239.640625, 0.251659259259
ARG, 0, 28.983, 0.875585, -80476.515625, 0.298462962963
ASN, 8, 26.383, 0.818687, -80432.890625, 0.210481481481
ASP, 12, 26.955, 0.831456, -79642.593750, 0.207903703704
CYS, 11, 26.073, 0.836279, -80647.890625, 0.307162962963
GLN, 8, 26.922, 0.862453, -80533.031250, 0.290562962963
GLU, 9, 24.369, 0.802069, -79804.734375, 0.207940740741
GLY, 4, 25.093, 0.817194, -80774.023438, 0.230159259259
HIS, 10, 29.822, 0.868511, -81035.156250, 0.336788888889
ILE, 7, 24.899, 0.816374, -80436.773438, 0.278788888889
LEU, 7, 29.688, 0.923577, -80052.375000, 0.349325925926
LYS, 6, 26.925, 0.830815, -80612.656250, 0.242707407407
MET, 10, 28.002, 0.837064, -80279.015625, 0.221622222222
PHE, 6, 26.487, 0.825058, -80088.328125, 0.339081481481
PRO, 7, 26.763, 0.837316, -80155.820312, 0.268974074074
SER, 4, 24.240, 0.813494, -79397.953125, 0.234703703704
THR, 8, 26.673, 0.865041, -79248.281250, 0.375159259259
TRP, 4, 27.320, 0.845272, -79618.734375, 0.314955555556
TYR, 8, 26.972, 0.814929, -79669.750000, 0.270355555556
VAL, 6, 25.304, 0.826847, -80495.937500, 0.221659259259
