AMINO ACID, DSSP, SASA, GYRATE, ENERGY, RMSF
ALA, 4, 25.816, 0.823459, -79280.296875, 0.251659259259
ARG, 0, 27.258, 0.849172, -80644.570312, 0.298462962963
ASN, 10, 26.917, 0.820416, -80831.609375, 0.210481481481
ASP, 14, 27.508, 0.82521, -79644.359375, 0.207903703704
CYS, 12, 26.609, 0.84295, -79218.312500, 0.307162962963
GLN, 8, 26.113, 0.855908, -81258.726562, 0.290562962963
GLU, 10, 25.438, 0.811782, -79587.468750, 0.207940740741
GLY, 6, 26.007, 0.821592, -80010.085938, 0.230159259259
HIS, 8, 30.133, 0.893985, -80657.898438, 0.336788888889
ILE, 7, 26.916, 0.822521, -79506.132812, 0.278788888889
LEU, 7, 27.930, 0.928868, -79895.531250, 0.349325925926
LYS, 6, 27.780, 0.82961, -80749.421875, 0.242707407407
MET, 8, 26.776, 0.835586, -80099.671875, 0.221622222222
PHE, 6, 26.813, 0.816583, -80394.281250, 0.339081481481
PRO, 6, 26.909, 0.852351, -79989.468750, 0.268974074074
SER, 2, 25.076, 0.815093, -80922.382812, 0.234703703704
THR, 8, 27.943, 0.878484, -80358.117188, 0.375159259259
TRP, 4, 28.093, 0.866324, -80185.625000, 0.314955555556
TYR, 11, 26.445, 0.815, -80605.359375, 0.270355555556
VAL, 6, 25.699, 0.844578, -80551.703125, 0.221659259259
