AMINO ACID, DSSP, SASA, GYRATE, ENERGY, RMSF
ALA, 4, 26.185, 0.835937, -80377.000000, 0.251659259259
ARG, 2, 28.109, 0.863877, -80718.265625, 0.298462962963
ASN, 6, 25.924, 0.823736, -80016.445312, 0.210481481481
ASP, 10, 25.813, 0.820575, -80334.148438, 0.207903703704
CYS, 14, 27.854, 0.853627, -80284.906250, 0.307162962963
GLN, 8, 26.611, 0.862405, -80764.500000, 0.290562962963
GLU, 8, 26.052, 0.818551, -80196.687500, 0.207940740741
GLY, 6, 25.649, 0.821807, -80841.726562, 0.230159259259
HIS, 10, 28.887, 0.870483, -79534.085938, 0.336788888889
ILE, 4, 28.260, 0.8539, -79847.187500, 0.278788888889
LEU, 3, 29.617, 0.926404, -80959.007812, 0.349325925926
LYS, 8, 26.885, 0.824903, -80507.710938, 0.242707407407
MET, 8, 26.198, 0.82796, -79655.109375, 0.221622222222
PHE, 8, 25.873, 0.810941, -80230.054688, 0.339081481481
PRO, 9, 26.808, 0.858339, -81034.343750, 0.268974074074
SER, 4, 24.872, 0.809487, -80578.328125, 0.234703703704
THR, 6, 26.858, 0.88358, -80683.687500, 0.375159259259
TRP, 2, 27.594, 0.871761, -80525.812500, 0.314955555556
TYR, 10, 26.753, 0.818489, -79309.609375, 0.270355555556
VAL, 4, 27.781, 0.855954, -79602.812500, 0.221659259259
