AMINO ACID, DSSP, SASA, GYRATE, ENERGY, RMSF
ALA, 4, 27.672, 0.856247, -79746.453125, 0.251659259259
ARG, 2, 27.856, 0.866308, -80612.765625, 0.298462962963
ASN, 11, 25.014, 0.794924, -80652.664062, 0.210481481481
ASP, 6, 26.651, 0.83298, -79773.757812, 0.207903703704
CYS, 15, 26.386, 0.850372, -80434.968750, 0.307162962963
GLN, 8, 26.212, 0.849853, -79821.046875, 0.290562962963
GLU, 8, 24.781, 0.802217, -80530.531250, 0.207940740741
GLY, 6, 26.286, 0.829503, -79727.335938, 0.230159259259
HIS, 8, 27.397, 0.865896, -80738.640625, 0.336788888889
ILE, 7, 25.948, 0.84562, -80652.226562, 0.278788888889
LEU, 5, 29.064, 0.922658, -80767.828125, 0.349325925926
LYS, 9, 27.022, 0.824514, -80117.601562, 0.242707407407
MET, 7, 26.295, 0.834518, -80558.414062, 0.221622222222
PHE, 4, 26.136, 0.826928, -79493.875000, 0.339081481481
PRO, 9, 27.149, 0.826606, -79816.234375, 0.268974074074
SER, 4, 24.853, 0.812269, -80947.000000, 0.234703703704
THR, 6, 26.660, 0.905374, -79732.250000, 0.375159259259
TRP, 4, 26.648, 0.860719, -79491.453125, 0.314955555556
TYR, 10, 27.264, 0.810352, -79299.453125, 0.270355555556
VAL, 4, 27.437, 0.848459, -79792.664062, 0.221659259259
