AMINO ACID, DSSP, SASA, GYRATE, ENERGY, RMSF
ALA, 4, 26.295, 0.835753, -79839.742188, 0.251659259259
ARG, 2, 27.739, 0.863761, -80679.929688, 0.298462962963
ASN, 12, 27.501, 0.823932, -80916.890625, 0.210481481481
ASP, 10, 27.103, 0.819705, -79664.875000, 0.207903703704
CYS, 10, 27.938, 0.864204, -81565.500000, 0.307162962963
GLN, 4, 27.072, 0.8808, -80839.023438, 0.290562962963
GLU, 8, 25.983, 0.826299, -80420.546875, 0.207940740741
GLY, 6, 26.063, 0.814292, -79986.078125, 0.230159259259
HIS, 12, 28.426, 0.89399, -79670.437500, 0.336788888889
ILE, 7, 26.186, 0.834041, -80940.000000, 0.278788888889
LEU, 5, 28.957, 0.93264, -79985.226562, 0.349325925926
LYS, 6, 28.180, 0.833301, -80807.929688, 0.242707407407
MET, 8, 25.171, 0.831968, -80987.929688, 0.221622222222
PHE, 8, 23.458, 0.821877, -79760.187500, 0.339081481481
PRO, 6, 26.249, 0.834112, -79966.226562, 0.268974074074
SER, 4, 25.366, 0.819618, -80118.273438, 0.234703703704
THR, 6, 26.278, 0.90183, -81555.640625, 0.375159259259
TRP, 4, 27.715, 0.854976, -80335.015625, 0.314955555556
TYR, 10, 26.325, 0.816285, -79970.156250, 0.270355555556
VAL, 4, 26.542, 0.84903, -79947.335938, 0.221659259259
