AMINO ACID, DSSP, SASA, GYRATE, ENERGY, RMSF
ALA, 4, 26.959, 0.834931, -78863.070312, 0.251659259259
ARG, 0, 26.018, 0.84389, -80514.617188, 0.298462962963
ASN, 9, 26.153, 0.828107, -80073.617188, 0.210481481481
ASP, 8, 27.387, 0.833496, -79827.632812, 0.207903703704
CYS, 9, 27.244, 0.850215, -80414.421875, 0.307162962963
GLN, 2, 28.440, 0.879234, -80264.703125, 0.290562962963
GLU, 8, 25.837, 0.82831, -79552.343750, 0.207940740741
GLY, 8, 26.565, 0.820044, -80091.312500, 0.230159259259
HIS, 8, 29.441, 0.894386, -80291.828125, 0.336788888889
ILE, 5, 25.887, 0.834438, -80535.109375, 0.278788888889
LEU, 3, 28.595, 0.929088, -80194.250000, 0.349325925926
LYS, 4, 28.715, 0.834211, -79897.703125, 0.242707407407
MET, 8, 27.093, 0.839744, -80077.039062, 0.221622222222
PHE, 4, 26.249, 0.830916, -79609.562500, 0.339081481481
PRO, 11, 27.608, 0.838856, -80160.906250, 0.268974074074
SER, 4, 26.560, 0.821969, -80469.960938, 0.234703703704
THR, 2, 27.708, 0.916195, -80228.671875, 0.375159259259
TRP, 5, 28.098, 0.869984, -79397.187500, 0.314955555556
TYR, 10, 26.852, 0.815459, -79914.312500, 0.270355555556
VAL, 4, 26.775, 0.847656, -80036.906250, 0.221659259259
