AMINO ACID, DSSP, SASA, GYRATE, ENERGY, RMSF
ALA, 6, 26.353, 0.818956, -80888.515625, 0.251659259259
ARG, 10, 29.535, 0.850509, -81626.375000, 0.298462962963
ASN, 10, 28.423, 0.828866, -80466.781250, 0.210481481481
ASP, 6, 26.160, 0.81839, -79213.039062, 0.207903703704
CYS, 10, 29.981, 0.880093, -80672.421875, 0.307162962963
GLN, 14, 24.625, 0.799639, -80395.171875, 0.290562962963
GLU, 10, 27.139, 0.835301, -79417.101562, 0.207940740741
GLY, 8, 27.241, 0.836238, -80186.929688, 0.230159259259
HIS, 6, 27.975, 0.846294, -79848.781250, 0.336788888889
ILE, 6, 28.154, 0.854365, -80597.015625, 0.278788888889
LEU, 10, 26.885, 0.828212, -79950.632812, 0.349325925926
LYS, 8, 27.074, 0.810017, -80892.531250, 0.242707407407
MET, 6, 26.077, 0.835275, -79645.093750, 0.221622222222
PHE, 6, 26.615, 0.828211, -80633.875000, 0.339081481481
PRO, 9, 26.946, 0.853331, -80392.617188, 0.268974074074
SER, 2, 26.249, 0.824482, -79575.960938, 0.234703703704
THR, 8, 27.236, 0.82069, -79954.796875, 0.375159259259
TRP, 14, 28.974, 0.846398, -80226.203125, 0.314955555556
TYR, 11, 27.898, 0.867909, -79692.562500, 0.270355555556
VAL, 6, 24.091, 0.806219, -79972.851562, 0.221659259259
