AMINO ACID, DSSP, SASA, GYRATE, ENERGY, RMSF
ALA, 8, 27.230, 0.825754, -80445.968750, 0.251659259259
ARG, 0, 27.627, 0.856172, -81084.718750, 0.298462962963
ASN, 12, 24.758, 0.8129, -79910.343750, 0.210481481481
ASP, 10, 26.619, 0.831466, -79711.976562, 0.207903703704
CYS, 10, 27.531, 0.859356, -80777.375000, 0.307162962963
GLN, 2, 28.080, 0.868869, -80349.859375, 0.290562962963
GLU, 7, 25.332, 0.815687, -80806.859375, 0.207940740741
GLY, 6, 24.958, 0.807553, -80890.640625, 0.230159259259
HIS, 6, 30.763, 0.894189, -80262.453125, 0.336788888889
ILE, 9, 24.861, 0.829828, -79804.937500, 0.278788888889
LEU, 6, 29.337, 0.91781, -80118.218750, 0.349325925926
LYS, 6, 28.244, 0.841616, -80982.453125, 0.242707407407
MET, 8, 26.241, 0.845729, -80786.179688, 0.221622222222
PHE, 4, 26.452, 0.838579, -80077.937500, 0.339081481481
PRO, 6, 26.396, 0.822728, -80765.515625, 0.268974074074
SER, 4, 26.546, 0.824368, -81388.867188, 0.234703703704
THR, 6, 27.368, 0.89539, -80444.882812, 0.375159259259
TRP, 4, 27.864, 0.867031, -80281.789062, 0.314955555556
TYR, 12, 27.339, 0.818867, -79806.789062, 0.270355555556
VAL, 4, 26.060, 0.849763, -79615.375000, 0.221659259259
