AMINO ACID, DSSP, SASA, GYRATE, ENERGY, RMSF
ALA, 6, 25.725, 0.82343, -80459.671875, 0.251659259259
ARG, 2, 26.170, 0.863634, -81292.070312, 0.298462962963
ASN, 10, 25.246, 0.801794, -80178.796875, 0.210481481481
ASP, 8, 26.161, 0.824191, -80627.015625, 0.207903703704
CYS, 10, 24.505, 0.835877, -80141.140625, 0.307162962963
GLN, 11, 27.689, 0.870183, -79660.843750, 0.290562962963
GLU, 6, 26.966, 0.829501, -79348.796875, 0.207940740741
GLY, 8, 25.949, 0.821793, -81079.968750, 0.230159259259
HIS, 8, 30.219, 0.899547, -79730.546875, 0.336788888889
ILE, 9, 25.796, 0.826169, -80328.906250, 0.278788888889
LEU, 7, 30.861, 0.928235, -79675.937500, 0.349325925926
LYS, 10, 26.958, 0.824321, -81296.710938, 0.242707407407
MET, 7, 25.666, 0.83107, -79751.234375, 0.221622222222
PHE, 2, 25.148, 0.826434, -80130.710938, 0.339081481481
PRO, 4, 26.644, 0.842337, -80350.992188, 0.268974074074
SER, 4, 25.579, 0.813062, -81162.875000, 0.234703703704
THR, 8, 28.081, 0.887652, -80486.320312, 0.375159259259
TRP, 6, 27.078, 0.860367, -79674.593750, 0.314955555556
TYR, 8, 26.482, 0.818855, -79995.164062, 0.270355555556
VAL, 4, 27.985, 0.857732, -79724.734375, 0.221659259259
