AMINO ACID, DSSP, SASA, GYRATE, ENERGY, RMSF
ALA, 4, 26.883, 0.822932, -79908.773438, 0.251659259259
ARG, 0, 27.602, 0.851962, -80536.312500, 0.298462962963
ASN, 10, 26.057, 0.819573, -80386.382812, 0.210481481481
ASP, 10, 27.092, 0.824712, -79441.476562, 0.207903703704
CYS, 7, 26.033, 0.850579, -79228.000000, 0.307162962963
GLN, 8, 27.407, 0.845203, -80225.929688, 0.290562962963
GLU, 5, 25.619, 0.820593, -80609.421875, 0.207940740741
GLY, 6, 26.621, 0.834069, -79595.781250, 0.230159259259
HIS, 8, 30.579, 0.905463, -79836.812500, 0.336788888889
ILE, 7, 26.381, 0.820488, -80043.421875, 0.278788888889
LEU, 8, 29.731, 0.918029, -80232.601562, 0.349325925926
LYS, 12, 26.471, 0.808181, -80532.304688, 0.242707407407
MET, 10, 27.866, 0.844959, -80272.390625, 0.221622222222
PHE, 2, 26.000, 0.84002, -80384.140625, 0.339081481481
PRO, 6, 25.960, 0.841954, -80237.750000, 0.268974074074
SER, 4, 25.572, 0.807605, -79806.390625, 0.234703703704
THR, 6, 28.827, 0.896699, -80644.750000, 0.375159259259
TRP, 0, 27.063, 0.863489, -79671.828125, 0.314955555556
TYR, 8, 25.908, 0.811866, -81736.265625, 0.270355555556
VAL, 4, 27.000, 0.850158, -80528.281250, 0.221659259259
