AMINO ACID, DSSP, SASA, GYRATE, ENERGY, RMSF
ALA, 6, 28.270, 0.829996, -80783.992188, 0.251659259259
ARG, 10, 29.125, 0.856915, -80251.453125, 0.298462962963
ASN, 8, 27.857, 0.827971, -80854.312500, 0.210481481481
ASP, 9, 26.767, 0.821374, -79924.593750, 0.207903703704
CYS, 6, 27.556, 0.860676, -79571.343750, 0.307162962963
GLN, 12, 25.522, 0.821818, -79932.406250, 0.290562962963
GLU, 4, 26.090, 0.821261, -80355.859375, 0.207940740741
GLY, 10, 25.904, 0.840687, -79959.054688, 0.230159259259
HIS, 7, 28.546, 0.836846, -79352.359375, 0.336788888889
ILE, 10, 26.144, 0.817356, -80423.554688, 0.278788888889
LEU, 10, 26.360, 0.807529, -80215.117188, 0.349325925926
LYS, 4, 27.469, 0.824335, -80931.867188, 0.242707407407
MET, 8, 26.073, 0.822683, -81391.937500, 0.221622222222
PHE, 9, 25.548, 0.800554, -79539.312500, 0.339081481481
PRO, 6, 26.534, 0.830784, -80319.000000, 0.268974074074
SER, 10, 26.040, 0.816894, -81541.812500, 0.234703703704
THR, 4, 26.723, 0.811331, -80421.015625, 0.375159259259
TRP, 2, 28.309, 0.856954, -80247.171875, 0.314955555556
TYR, 9, 25.612, 0.856025, -78742.882812, 0.270355555556
VAL, 8, 26.061, 0.82228, -80401.429688, 0.221659259259
