AMINO ACID, DSSP, SASA, GYRATE, ENERGY, RMSF
ALA, 8, 27.144, 0.838282, -79892.914062, 0.251659259259
ARG, 0, 28.662, 0.873917, -80296.187500, 0.298462962963
ASN, 10, 25.121, 0.804005, -80763.234375, 0.210481481481
ASP, 10, 26.989, 0.830295, -79042.750000, 0.207903703704
CYS, 10, 26.650, 0.849381, -80797.273438, 0.307162962963
GLN, 6, 25.988, 0.855625, -79297.578125, 0.290562962963
GLU, 7, 24.745, 0.800922, -79585.164062, 0.207940740741
GLY, 7, 25.510, 0.817759, -79957.093750, 0.230159259259
HIS, 10, 31.202, 0.906641, -80393.523438, 0.336788888889
ILE, 7, 26.340, 0.832646, -79489.585938, 0.278788888889
LEU, 9, 26.727, 0.916096, -80001.390625, 0.349325925926
LYS, 8, 26.525, 0.820314, -79951.343750, 0.242707407407
MET, 7, 27.741, 0.841873, -80155.718750, 0.221622222222
PHE, 4, 26.099, 0.837461, -79237.953125, 0.339081481481
PRO, 6, 26.041, 0.832686, -80352.859375, 0.268974074074
SER, 4, 25.365, 0.813935, -80038.984375, 0.234703703704
THR, 6, 27.823, 0.892321, -80474.484375, 0.375159259259
TRP, 7, 27.445, 0.862594, -80055.773438, 0.314955555556
TYR, 10, 27.167, 0.815959, -79741.898438, 0.270355555556
VAL, 4, 25.776, 0.85492, -79591.148438, 0.221659259259
