AMINO ACID, DSSP, SASA, GYRATE, ENERGY, RMSF
ALA, 4, 26.190, 0.812028, -80706.031250, 0.251659259259
ARG, 0, 27.615, 0.869308, -80882.671875, 0.298462962963
ASN, 12, 25.555, 0.808081, -80576.265625, 0.210481481481
ASP, 6, 27.401, 0.82746, -79401.867188, 0.207903703704
CYS, 13, 26.752, 0.856782, -80493.320312, 0.307162962963
GLN, 2, 28.775, 0.872496, -81024.140625, 0.290562962963
GLU, 12, 25.454, 0.820244, -80088.953125, 0.207940740741
GLY, 6, 27.125, 0.834912, -80011.164062, 0.230159259259
HIS, 8, 29.715, 0.868135, -79985.015625, 0.336788888889
ILE, 7, 27.589, 0.838998, -79373.156250, 0.278788888889
LEU, 4, 28.315, 0.900789, -80283.250000, 0.349325925926
LYS, 8, 26.181, 0.81908, -80484.742188, 0.242707407407
MET, 10, 25.174, 0.821731, -79030.851562, 0.221622222222
PHE, 4, 26.016, 0.832582, -80066.789062, 0.339081481481
PRO, 4, 26.258, 0.816669, -80569.359375, 0.268974074074
SER, 4, 24.811, 0.807581, -80490.648438, 0.234703703704
THR, 4, 26.616, 0.89391, -79872.359375, 0.375159259259
TRP, 2, 26.355, 0.859358, -80089.937500, 0.314955555556
TYR, 12, 27.392, 0.828481, -80891.625000, 0.270355555556
VAL, 4, 26.834, 0.836981, -79605.671875, 0.221659259259
