AMINO ACID, DSSP, SASA, GYRATE, ENERGY, RMSF
ALA, 4, 26.715, 0.832946, -79942.289062, 0.251659259259
ARG, 6, 28.654, 0.854582, -79991.765625, 0.298462962963
ASN, 8, 27.115, 0.838189, -79815.523438, 0.210481481481
ASP, 7, 26.956, 0.824844, -79788.421875, 0.207903703704
CYS, 10, 26.933, 0.861097, -80326.476562, 0.307162962963
GLN, 12, 25.960, 0.82552, -81042.632812, 0.290562962963
GLU, 16, 27.848, 0.828379, -80627.117188, 0.207940740741
GLY, 9, 25.608, 0.834015, -81447.359375, 0.230159259259
HIS, 9, 27.933, 0.846839, -80359.593750, 0.336788888889
ILE, 10, 26.239, 0.813861, -79219.656250, 0.278788888889
LEU, 10, 25.147, 0.802434, -79877.898438, 0.349325925926
LYS, 7, 27.019, 0.820679, -81491.203125, 0.242707407407
MET, 6, 26.073, 0.820936, -79462.593750, 0.221622222222
PHE, 10, 25.921, 0.804101, -79724.515625, 0.339081481481
PRO, 4, 25.669, 0.82742, -80183.570312, 0.268974074074
SER, 12, 26.515, 0.808005, -79833.906250, 0.234703703704
THR, 8, 26.104, 0.804746, -79860.726562, 0.375159259259
TRP, 4, 27.876, 0.841093, -79940.093750, 0.314955555556
TYR, 8, 26.964, 0.867112, -80708.671875, 0.270355555556
VAL, 9, 26.580, 0.826808, -80656.671875, 0.221659259259
