AMINO ACID, DSSP, SASA, GYRATE, ENERGY, RMSF
ALA, 4, 26.189, 0.822764, -80347.796875, 0.251659259259
ARG, 0, 28.357, 0.867374, -80233.546875, 0.298462962963
ASN, 11, 24.789, 0.795689, -80129.445312, 0.210481481481
ASP, 8, 26.358, 0.833089, -80119.218750, 0.207903703704
CYS, 10, 27.166, 0.877426, -80675.820312, 0.307162962963
GLN, 9, 29.261, 0.884986, -79717.953125, 0.290562962963
GLU, 8, 27.927, 0.844255, -79687.609375, 0.207940740741
GLY, 8, 25.598, 0.823346, -80790.132812, 0.230159259259
HIS, 6, 30.407, 0.883126, -79729.773438, 0.336788888889
ILE, 5, 26.256, 0.828406, -80181.718750, 0.278788888889
LEU, 6, 27.797, 0.915398, -78917.671875, 0.349325925926
LYS, 9, 27.458, 0.831535, -80329.570312, 0.242707407407
MET, 10, 25.956, 0.822898, -79940.515625, 0.221622222222
PHE, 4, 27.576, 0.85356, -79615.656250, 0.339081481481
PRO, 6, 25.810, 0.820562, -80771.531250, 0.268974074074
SER, 2, 25.475, 0.819209, -80141.664062, 0.234703703704
THR, 6, 26.475, 0.873623, -79486.320312, 0.375159259259
TRP, 2, 27.315, 0.852324, -80172.218750, 0.314955555556
TYR, 8, 27.703, 0.829174, -80150.632812, 0.270355555556
VAL, 4, 25.798, 0.840948, -79584.468750, 0.221659259259
