AMINO ACID, DSSP, SASA, GYRATE, ENERGY, RMSF
ALA, 4, 26.272, 0.827683, -79943.750000, 0.251659259259
ARG, 0, 27.152, 0.860555, -81369.257812, 0.298462962963
ASN, 13, 25.882, 0.813047, -80241.796875, 0.210481481481
ASP, 10, 26.661, 0.839432, -79330.757812, 0.207903703704
CYS, 8, 27.764, 0.869957, -80202.156250, 0.307162962963
GLN, 4, 27.625, 0.887355, -80661.609375, 0.290562962963
GLU, 7, 26.378, 0.82049, -79397.250000, 0.207940740741
GLY, 8, 24.725, 0.811327, -80108.859375, 0.230159259259
HIS, 6, 29.861, 0.87889, -80508.125000, 0.336788888889
ILE, 9, 26.328, 0.819142, -80916.398438, 0.278788888889
LEU, 4, 28.020, 0.899216, -80475.218750, 0.349325925926
LYS, 10, 27.479, 0.831249, -80559.367188, 0.242707407407
MET, 10, 27.667, 0.833794, -80303.375000, 0.221622222222
PHE, 6, 28.234, 0.856601, -80573.648438, 0.339081481481
PRO, 4, 25.896, 0.832126, -80507.601562, 0.268974074074
SER, 4, 24.693, 0.818565, -80704.328125, 0.234703703704
THR, 8, 27.962, 0.901318, -79857.484375, 0.375159259259
TRP, 4, 27.108, 0.849679, -79433.781250, 0.314955555556
TYR, 9, 26.011, 0.820442, -80908.992188, 0.270355555556
VAL, 4, 25.108, 0.844552, -80115.015625, 0.221659259259
