AMINO ACID, DSSP, SASA, GYRATE, ENERGY, RMSF
ALA, 4, 25.578, 0.824277, -80203.914062, 0.251659259259
ARG, 2, 27.845, 0.858496, -81111.343750, 0.298462962963
ASN, 12, 25.008, 0.80529, -80127.867188, 0.210481481481
ASP, 10, 26.768, 0.832437, -80701.531250, 0.207903703704
CYS, 10, 29.012, 0.861511, -81250.632812, 0.307162962963
GLN, 6, 29.048, 0.892409, -80046.890625, 0.290562962963
GLU, 7, 26.699, 0.81408, -80555.375000, 0.207940740741
GLY, 8, 25.807, 0.827066, -80152.343750, 0.230159259259
HIS, 6, 30.175, 0.887018, -79707.968750, 0.336788888889
ILE, 7, 27.024, 0.836547, -78900.632812, 0.278788888889
LEU, 4, 27.986, 0.897382, -79684.898438, 0.349325925926
LYS, 10, 27.671, 0.840418, -80294.367188, 0.242707407407
MET, 10, 27.547, 0.830788, -80502.750000, 0.221622222222
PHE, 4, 25.044, 0.826049, -80171.937500, 0.339081481481
PRO, 6, 26.073, 0.817386, -80512.007812, 0.268974074074
SER, 4, 24.098, 0.799687, -80427.898438, 0.234703703704
THR, 4, 27.517, 0.871845, -80716.968750, 0.375159259259
TRP, 2, 27.892, 0.856972, -79316.765625, 0.314955555556
TYR, 10, 26.743, 0.812008, -79935.468750, 0.270355555556
VAL, 2, 26.119, 0.840887, -80467.937500, 0.221659259259
