AMINO ACID, DSSP, SASA, GYRATE, ENERGY, RMSF
ALA, 7, 27.360, 0.837075, -80239.843750, 0.251659259259
ARG, 0, 28.036, 0.855705, -80481.031250, 0.298462962963
ASN, 14, 25.729, 0.803935, -79550.750000, 0.210481481481
ASP, 10, 28.123, 0.832294, -80183.398438, 0.207903703704
CYS, 11, 27.247, 0.857625, -81610.914062, 0.307162962963
GLN, 6, 28.307, 0.87637, -79837.484375, 0.290562962963
GLU, 10, 26.744, 0.81536, -79967.671875, 0.207940740741
GLY, 8, 25.872, 0.826086, -80510.078125, 0.230159259259
HIS, 8, 28.256, 0.86529, -80302.585938, 0.336788888889
ILE, 7, 26.178, 0.834968, -79731.343750, 0.278788888889
LEU, 4, 27.867, 0.926276, -80360.398438, 0.349325925926
LYS, 8, 27.539, 0.830173, -80969.273438, 0.242707407407
MET, 10, 26.716, 0.844101, -80056.843750, 0.221622222222
PHE, 8, 26.548, 0.831342, -79623.562500, 0.339081481481
PRO, 6, 26.428, 0.827745, -80649.796875, 0.268974074074
SER, 4, 25.400, 0.815678, -80274.476562, 0.234703703704
THR, 8, 27.394, 0.894252, -80523.273438, 0.375159259259
TRP, 2, 28.700, 0.853905, -80146.421875, 0.314955555556
TYR, 8, 27.343, 0.82706, -79503.062500, 0.270355555556
VAL, 6, 26.248, 0.838649, -80323.664062, 0.221659259259
