AMINO ACID, DSSP, SASA, GYRATE, ENERGY, RMSF
ALA, 4, 28.362, 0.849197, -80646.640625, 0.251659259259
ARG, 0, 27.756, 0.856397, -80954.687500, 0.298462962963
ASN, 10, 25.295, 0.807604, -80645.531250, 0.210481481481
ASP, 6, 27.546, 0.828555, -80328.546875, 0.207903703704
CYS, 9, 25.827, 0.852741, -80175.781250, 0.307162962963
GLN, 6, 27.983, 0.868371, -78994.765625, 0.290562962963
GLU, 7, 25.197, 0.810821, -80237.578125, 0.207940740741
GLY, 6, 25.201, 0.816113, -80432.546875, 0.230159259259
HIS, 4, 30.181, 0.876682, -79477.500000, 0.336788888889
ILE, 9, 26.789, 0.828057, -79848.156250, 0.278788888889
LEU, 4, 28.085, 0.93006, -79791.562500, 0.349325925926
LYS, 4, 27.734, 0.843008, -80297.835938, 0.242707407407
MET, 10, 26.428, 0.827728, -79842.632812, 0.221622222222
PHE, 2, 26.521, 0.833035, -80616.304688, 0.339081481481
PRO, 8, 26.365, 0.820552, -79278.703125, 0.268974074074
SER, 4, 25.104, 0.816318, -80848.968750, 0.234703703704
THR, 2, 26.828, 0.885168, -80314.585938, 0.375159259259
TRP, 2, 28.970, 0.865615, -79746.171875, 0.314955555556
TYR, 8, 27.297, 0.822765, -79683.515625, 0.270355555556
VAL, 6, 25.672, 0.823814, -79775.000000, 0.221659259259
