AMINO ACID, DSSP, SASA, GYRATE, ENERGY, RMSF
ALA, 4, 27.865, 0.837589, -79846.265625, 0.251659259259
ARG, 2, 27.294, 0.852362, -80804.109375, 0.298462962963
ASN, 10, 25.782, 0.809489, -79983.140625, 0.210481481481
ASP, 14, 28.333, 0.836149, -80093.453125, 0.207903703704
CYS, 8, 27.678, 0.855736, -79945.359375, 0.307162962963
GLN, 6, 28.787, 0.87151, -80100.648438, 0.290562962963
GLU, 8, 25.447, 0.813995, -79910.429688, 0.207940740741
GLY, 9, 25.395, 0.814424, -80506.273438, 0.230159259259
HIS, 6, 28.530, 0.881841, -79807.437500, 0.336788888889
ILE, 4, 28.367, 0.849383, -80461.906250, 0.278788888889
LEU, 2, 28.772, 0.914197, -79588.687500, 0.349325925926
LYS, 6, 28.728, 0.838216, -80971.109375, 0.242707407407
MET, 10, 26.340, 0.836799, -80704.656250, 0.221622222222
PHE, 4, 25.561, 0.831338, -79645.312500, 0.339081481481
PRO, 6, 26.684, 0.832016, -79496.882812, 0.268974074074
SER, 4, 24.773, 0.816521, -80055.320312, 0.234703703704
THR, 2, 27.262, 0.87539, -80141.117188, 0.375159259259
TRP, 2, 27.308, 0.869007, -80927.015625, 0.314955555556
TYR, 6, 27.856, 0.826409, -80461.609375, 0.270355555556
VAL, 6, 28.177, 0.847799, -78842.132812, 0.221659259259
