AMINO ACID, DSSP, SASA, GYRATE, ENERGY, RMSF
ALA, 6, 24.760, 0.804533, -80180.765625, 0.251659259259
ARG, 8, 28.119, 0.852835, -80449.125000, 0.298462962963
ASN, 6, 26.972, 0.839275, -80541.546875, 0.210481481481
ASP, 7, 27.866, 0.819303, -80449.359375, 0.207903703704
CYS, 10, 27.885, 0.849914, -80397.609375, 0.307162962963
GLN, 14, 26.244, 0.827895, -80139.023438, 0.290562962963
GLU, 12, 26.592, 0.8216, -80719.968750, 0.207940740741
GLY, 10, 24.368, 0.825349, -80435.609375, 0.230159259259
HIS, 8, 29.052, 0.853344, -80127.828125, 0.336788888889
ILE, 8, 27.995, 0.831995, -79830.156250, 0.278788888889
LEU, 10, 26.521, 0.811749, -81033.625000, 0.349325925926
LYS, 9, 25.979, 0.811451, -81155.023438, 0.242707407407
MET, 9, 25.011, 0.800922, -80129.835938, 0.221622222222
PHE, 9, 26.832, 0.797942, -79204.171875, 0.339081481481
PRO, 4, 27.474, 0.848849, -80746.601562, 0.268974074074
SER, 10, 24.548, 0.803986, -79723.171875, 0.234703703704
THR, 9, 26.810, 0.818522, -79831.812500, 0.375159259259
TRP, 2, 28.748, 0.848177, -79671.687500, 0.314955555556
TYR, 8, 28.116, 0.876867, -79655.609375, 0.270355555556
VAL, 8, 26.156, 0.827985, -79808.132812, 0.221659259259
