AMINO ACID, DSSP, SASA, GYRATE, ENERGY, RMSF
ALA, 4, 27.015, 0.834427, -80169.937500, 0.251659259259
ARG, 0, 28.354, 0.863713, -80565.718750, 0.298462962963
ASN, 12, 26.312, 0.821008, -80531.203125, 0.210481481481
ASP, 6, 27.230, 0.842713, -79283.453125, 0.207903703704
CYS, 15, 27.255, 0.857079, -80010.843750, 0.307162962963
GLN, 8, 27.039, 0.892136, -79497.820312, 0.290562962963
GLU, 9, 24.611, 0.820474, -80412.085938, 0.207940740741
GLY, 4, 25.190, 0.819184, -80432.781250, 0.230159259259
HIS, 6, 27.727, 0.862328, -80531.812500, 0.336788888889
ILE, 7, 26.655, 0.833991, -79808.726562, 0.278788888889
LEU, 7, 27.942, 0.855367, -80220.492188, 0.349325925926
LYS, 6, 28.557, 0.840894, -81208.921875, 0.242707407407
MET, 10, 26.221, 0.829187, -80558.437500, 0.221622222222
PHE, 2, 27.172, 0.837148, -80722.093750, 0.339081481481
PRO, 8, 25.402, 0.830443, -79485.140625, 0.268974074074
SER, 2, 25.109, 0.827569, -81196.039062, 0.234703703704
THR, 6, 28.340, 0.89266, -80828.187500, 0.375159259259
TRP, 2, 27.411, 0.8537, -80015.312500, 0.314955555556
TYR, 8, 26.283, 0.817078, -80487.046875, 0.270355555556
VAL, 7, 28.969, 0.839644, -79581.179688, 0.221659259259
