AMINO ACID, DSSP, SASA, GYRATE, ENERGY, RMSF
ALA, 6, 26.790, 0.833049, -80356.320312, 0.251659259259
ARG, 0, 27.860, 0.847654, -81419.726562, 0.298462962963
ASN, 10, 26.490, 0.817479, -81184.640625, 0.210481481481
ASP, 8, 27.400, 0.849813, -80722.601562, 0.207903703704
CYS, 13, 25.555, 0.847027, -80181.171875, 0.307162962963
GLN, 8, 27.062, 0.878082, -79441.968750, 0.290562962963
GLU, 11, 23.273, 0.80413, -80584.914062, 0.207940740741
GLY, 8, 25.970, 0.820598, -80316.078125, 0.230159259259
HIS, 6, 26.634, 0.850669, -80477.515625, 0.336788888889
ILE, 5, 26.136, 0.826737, -81315.109375, 0.278788888889
LEU, 7, 27.406, 0.860318, -80623.820312, 0.349325925926
LYS, 6, 28.955, 0.846193, -80521.828125, 0.242707407407
MET, 10, 26.352, 0.83284, -80135.804688, 0.221622222222
PHE, 2, 25.761, 0.820595, -80064.492188, 0.339081481481
PRO, 8, 26.016, 0.817721, -80937.312500, 0.268974074074
SER, 4, 23.855, 0.813102, -79269.117188, 0.234703703704
THR, 4, 26.701, 0.859654, -80319.117188, 0.375159259259
TRP, 0, 28.135, 0.854071, -79353.109375, 0.314955555556
TYR, 8, 26.677, 0.815044, -80541.242188, 0.270355555556
VAL, 5, 25.943, 0.822386, -81227.875000, 0.221659259259
