AMINO ACID, DSSP, SASA, GYRATE, ENERGY, RMSF
ALA, 6, 26.142, 0.817094, -80895.546875, 0.251659259259
ARG, 2, 27.810, 0.847082, -81177.273438, 0.298462962963
ASN, 12, 28.181, 0.827871, -79759.437500, 0.210481481481
ASP, 8, 28.018, 0.852154, -80131.523438, 0.207903703704
CYS, 12, 27.143, 0.852745, -79735.625000, 0.307162962963
GLN, 10, 26.810, 0.866179, -79521.484375, 0.290562962963
GLU, 10, 25.090, 0.806927, -80133.226562, 0.207940740741
GLY, 6, 26.531, 0.822425, -79992.968750, 0.230159259259
HIS, 8, 26.631, 0.83757, -80296.421875, 0.336788888889
ILE, 9, 26.540, 0.846493, -80117.687500, 0.278788888889
LEU, 9, 27.803, 0.873555, -80281.015625, 0.349325925926
LYS, 6, 29.434, 0.848626, -81280.359375, 0.242707407407
MET, 10, 27.587, 0.832905, -80593.515625, 0.221622222222
PHE, 10, 25.908, 0.838414, -79290.390625, 0.339081481481
PRO, 9, 25.158, 0.830657, -80146.250000, 0.268974074074
SER, 4, 25.706, 0.82356, -80675.695312, 0.234703703704
THR, 2, 26.729, 0.852338, -80904.343750, 0.375159259259
TRP, 2, 28.706, 0.862915, -80752.328125, 0.314955555556
TYR, 10, 28.438, 0.834496, -79912.093750, 0.270355555556
VAL, 7, 26.044, 0.801133, -80698.773438, 0.221659259259
