AMINO ACID, DSSP, SASA, GYRATE, ENERGY, RMSF
ALA, 4, 26.645, 0.819411, -80236.250000, 0.251659259259
ARG, 2, 27.743, 0.861768, -79994.976562, 0.298462962963
ASN, 12, 26.411, 0.822269, -79984.187500, 0.210481481481
ASP, 8, 27.038, 0.84101, -80936.953125, 0.207903703704
CYS, 10, 25.349, 0.839498, -79739.726562, 0.307162962963
GLN, 6, 27.508, 0.874199, -80026.875000, 0.290562962963
GLU, 10, 26.413, 0.817039, -79029.468750, 0.207940740741
GLY, 6, 25.482, 0.817105, -80682.734375, 0.230159259259
HIS, 8, 27.210, 0.856371, -79983.890625, 0.336788888889
ILE, 7, 26.331, 0.844223, -79392.578125, 0.278788888889
LEU, 7, 26.545, 0.880055, -80644.585938, 0.349325925926
LYS, 8, 28.547, 0.855529, -80625.242188, 0.242707407407
MET, 10, 25.735, 0.831951, -80883.015625, 0.221622222222
PHE, 2, 25.568, 0.835123, -79838.593750, 0.339081481481
PRO, 6, 24.484, 0.814613, -79952.820312, 0.268974074074
SER, 4, 25.601, 0.819212, -80462.953125, 0.234703703704
THR, 6, 26.537, 0.848458, -80920.460938, 0.375159259259
TRP, 2, 27.047, 0.849128, -79719.109375, 0.314955555556
TYR, 10, 28.144, 0.825279, -79249.703125, 0.270355555556
VAL, 7, 24.707, 0.795922, -79842.765625, 0.221659259259
