AMINO ACID, DSSP, SASA, GYRATE, ENERGY, RMSF
ALA, 4, 27.618, 0.836674, -80761.257812, 0.251659259259
ARG, 7, 30.013, 0.885895, -80115.062500, 0.298462962963
ASN, 10, 28.372, 0.847547, -80391.781250, 0.210481481481
ASP, 10, 27.095, 0.850014, -79430.015625, 0.207903703704
CYS, 10, 24.956, 0.83, -80410.914062, 0.307162962963
GLN, 7, 28.276, 0.889578, -79829.023438, 0.290562962963
GLU, 8, 25.483, 0.819919, -80137.984375, 0.207940740741
GLY, 4, 26.208, 0.816811, -80779.015625, 0.230159259259
HIS, 4, 29.716, 0.889234, -79977.937500, 0.336788888889
ILE, 7, 24.305, 0.81212, -80716.859375, 0.278788888889
LEU, 5, 30.068, 0.956503, -79856.500000, 0.349325925926
LYS, 4, 29.167, 0.850614, -79715.226562, 0.242707407407
MET, 10, 25.291, 0.842173, -80680.679688, 0.221622222222
PHE, 6, 29.371, 0.872337, -79941.992188, 0.339081481481
PRO, 11, 25.674, 0.82088, -79712.562500, 0.268974074074
SER, 4, 24.693, 0.814635, -79950.687500, 0.234703703704
THR, 6, 27.537, 0.858226, -80102.554688, 0.375159259259
TRP, 2, 27.756, 0.863758, -79682.664062, 0.314955555556
TYR, 8, 27.568, 0.82745, -80255.015625, 0.270355555556
VAL, 8, 24.420, 0.797439, -80073.773438, 0.221659259259
