AMINO ACID, DSSP, SASA, GYRATE, ENERGY, RMSF
ALA, 6, 26.698, 0.82385, -80394.484375, 0.251659259259
ARG, 8, 25.717, 0.818425, -81431.289062, 0.298462962963
ASN, 6, 27.262, 0.836413, -79849.156250, 0.210481481481
ASP, 9, 26.095, 0.828918, -79618.914062, 0.207903703704
CYS, 10, 27.969, 0.868185, -79626.890625, 0.307162962963
GLN, 14, 24.976, 0.818867, -80659.101562, 0.290562962963
GLU, 11, 26.541, 0.823036, -80624.515625, 0.207940740741
GLY, 11, 25.696, 0.841149, -79150.140625, 0.230159259259
HIS, 11, 26.632, 0.840886, -80704.421875, 0.336788888889
ILE, 8, 27.575, 0.838506, -79968.382812, 0.278788888889
LEU, 10, 24.489, 0.797995, -79931.296875, 0.349325925926
LYS, 7, 28.079, 0.823611, -80298.914062, 0.242707407407
MET, 9, 26.584, 0.818394, -80752.859375, 0.221622222222
PHE, 10, 25.700, 0.803507, -79745.062500, 0.339081481481
PRO, 6, 26.544, 0.852655, -79398.976562, 0.268974074074
SER, 10, 25.030, 0.813837, -79643.562500, 0.234703703704
THR, 8, 26.005, 0.799651, -80670.945312, 0.375159259259
TRP, 6, 30.236, 0.869569, -80106.054688, 0.314955555556
TYR, 10, 25.866, 0.846168, -80299.500000, 0.270355555556
VAL, 10, 25.387, 0.823294, -80423.601562, 0.221659259259
