AMINO ACID, DSSP, SASA, GYRATE, ENERGY, RMSF
ALA, 4, 27.508, 0.841174, -81114.421875, 0.251659259259
ARG, 4, 28.723, 0.885797, -80559.031250, 0.298462962963
ASN, 10, 27.474, 0.823058, -81108.726562, 0.210481481481
ASP, 8, 27.365, 0.843507, -79940.320312, 0.207903703704
CYS, 14, 26.346, 0.841565, -80782.031250, 0.307162962963
GLN, 8, 28.139, 0.88149, -80508.210938, 0.290562962963
GLU, 6, 25.933, 0.823673, -80564.921875, 0.207940740741
GLY, 6, 25.284, 0.811681, -80230.671875, 0.230159259259
HIS, 6, 31.266, 0.91638, -79712.203125, 0.336788888889
ILE, 7, 26.604, 0.825953, -80783.007812, 0.278788888889
LEU, 3, 29.562, 0.933797, -80579.265625, 0.349325925926
LYS, 2, 28.486, 0.852136, -80547.296875, 0.242707407407
MET, 10, 27.909, 0.846205, -80506.343750, 0.221622222222
PHE, 4, 26.116, 0.828556, -79654.539062, 0.339081481481
PRO, 11, 24.452, 0.839836, -80201.945312, 0.268974074074
SER, 4, 25.451, 0.820901, -79698.578125, 0.234703703704
THR, 10, 27.831, 0.861416, -79768.601562, 0.375159259259
TRP, 0, 27.021, 0.854495, -80365.625000, 0.314955555556
TYR, 13, 26.220, 0.811566, -79580.500000, 0.270355555556
VAL, 6, 23.581, 0.797756, -79943.726562, 0.221659259259
