AMINO ACID, DSSP, SASA, GYRATE, ENERGY, RMSF
ALA, 4, 26.636, 0.833101, -80136.523438, 0.251659259259
ARG, 4, 27.851, 0.869772, -80518.382812, 0.298462962963
ASN, 12, 28.719, 0.820596, -80589.781250, 0.210481481481
ASP, 11, 27.613, 0.853177, -80579.500000, 0.207903703704
CYS, 10, 26.022, 0.842761, -80121.132812, 0.307162962963
GLN, 2, 27.322, 0.856979, -79370.148438, 0.290562962963
GLU, 10, 26.013, 0.823718, -80265.906250, 0.207940740741
GLY, 8, 24.626, 0.801884, -80281.539062, 0.230159259259
HIS, 6, 32.608, 0.949831, -79568.539062, 0.336788888889
ILE, 7, 26.146, 0.825533, -80660.617188, 0.278788888889
LEU, 5, 30.604, 0.937979, -80471.343750, 0.349325925926
LYS, 4, 27.029, 0.847229, -80812.703125, 0.242707407407
MET, 10, 25.864, 0.836069, -80426.476562, 0.221622222222
PHE, 4, 26.258, 0.840498, -80315.515625, 0.339081481481
PRO, 11, 24.589, 0.834281, -79629.234375, 0.268974074074
SER, 4, 25.609, 0.812277, -81221.867188, 0.234703703704
THR, 6, 28.501, 0.868393, -79729.921875, 0.375159259259
TRP, 2, 28.560, 0.859662, -79884.515625, 0.314955555556
TYR, 13, 27.268, 0.81793, -80400.289062, 0.270355555556
VAL, 8, 25.051, 0.803816, -80154.921875, 0.221659259259
