AMINO ACID, DSSP, SASA, GYRATE, ENERGY, RMSF
ALA, 4, 26.874, 0.837926, -79567.609375, 0.251659259259
ARG, 2, 28.156, 0.862831, -81626.328125, 0.298462962963
ASN, 14, 27.047, 0.807031, -79152.789062, 0.210481481481
ASP, 8, 26.823, 0.828078, -81127.117188, 0.207903703704
CYS, 13, 26.247, 0.84734, -80221.562500, 0.307162962963
GLN, 6, 29.029, 0.890341, -80520.890625, 0.290562962963
GLU, 9, 25.971, 0.831771, -79977.609375, 0.207940740741
GLY, 6, 25.301, 0.828779, -80423.562500, 0.230159259259
HIS, 2, 31.644, 0.876698, -78780.218750, 0.336788888889
ILE, 7, 26.102, 0.83241, -80211.390625, 0.278788888889
LEU, 7, 29.207, 0.932335, -80051.718750, 0.349325925926
LYS, 4, 28.943, 0.859457, -80128.367188, 0.242707407407
MET, 10, 27.198, 0.843546, -81352.734375, 0.221622222222
PHE, 8, 30.493, 0.913042, -80230.617188, 0.339081481481
PRO, 6, 25.814, 0.82041, -80717.765625, 0.268974074074
SER, 4, 26.860, 0.832296, -80538.593750, 0.234703703704
THR, 4, 29.984, 0.882353, -80378.218750, 0.375159259259
TRP, 2, 29.222, 0.873907, -79850.203125, 0.314955555556
TYR, 8, 27.901, 0.840305, -80391.617188, 0.270355555556
VAL, 7, 25.219, 0.807687, -80167.828125, 0.221659259259
