AMINO ACID, DSSP, SASA, GYRATE, ENERGY, RMSF
ALA, 4, 26.326, 0.839851, -79323.773438, 0.251659259259
ARG, 2, 26.725, 0.857995, -80884.828125, 0.298462962963
ASN, 14, 27.286, 0.813601, -80346.578125, 0.210481481481
ASP, 12, 27.407, 0.829849, -79827.421875, 0.207903703704
CYS, 12, 25.833, 0.83409, -80680.281250, 0.307162962963
GLN, 6, 30.640, 0.907376, -80214.625000, 0.290562962963
GLU, 8, 26.469, 0.825855, -80439.039062, 0.207940740741
GLY, 8, 26.577, 0.820923, -80315.343750, 0.230159259259
HIS, 0, 31.124, 0.87466, -78869.843750, 0.336788888889
ILE, 11, 26.961, 0.824423, -79861.148438, 0.278788888889
LEU, 7, 28.644, 0.910163, -80158.914062, 0.349325925926
LYS, 8, 29.755, 0.877078, -81014.320312, 0.242707407407
MET, 10, 27.116, 0.84589, -79803.203125, 0.221622222222
PHE, 6, 28.541, 0.915397, -79967.898438, 0.339081481481
PRO, 8, 25.663, 0.821106, -80641.593750, 0.268974074074
SER, 4, 26.250, 0.828267, -80656.734375, 0.234703703704
THR, 6, 29.738, 0.890787, -78684.664062, 0.375159259259
TRP, 5, 27.642, 0.853836, -79701.015625, 0.314955555556
TYR, 8, 26.119, 0.824062, -79699.703125, 0.270355555556
VAL, 4, 24.779, 0.801651, -79756.203125, 0.221659259259
