AMINO ACID, DSSP, SASA, GYRATE, ENERGY, RMSF
ALA, 4, 27.856, 0.836465, -81125.109375, 0.251659259259
ARG, 0, 26.172, 0.847977, -81137.539062, 0.298462962963
ASN, 12, 26.667, 0.815709, -81168.468750, 0.210481481481
ASP, 12, 28.585, 0.842699, -80150.671875, 0.207903703704
CYS, 13, 25.761, 0.839041, -81013.351562, 0.307162962963
GLN, 4, 28.655, 0.886444, -80436.945312, 0.290562962963
GLU, 6, 25.892, 0.81854, -80637.468750, 0.207940740741
GLY, 8, 25.553, 0.80776, -81687.429688, 0.230159259259
HIS, 0, 29.861, 0.875351, -80484.421875, 0.336788888889
ILE, 4, 27.000, 0.837212, -80382.421875, 0.278788888889
LEU, 7, 29.598, 0.927329, -79168.398438, 0.349325925926
LYS, 4, 30.422, 0.876877, -80792.312500, 0.242707407407
MET, 10, 27.057, 0.83965, -80484.781250, 0.221622222222
PHE, 6, 29.879, 0.895248, -79926.773438, 0.339081481481
PRO, 11, 25.580, 0.826153, -79797.718750, 0.268974074074
SER, 4, 25.722, 0.809819, -80636.484375, 0.234703703704
THR, 4, 28.672, 0.863843, -80946.351562, 0.375159259259
TRP, 0, 26.728, 0.856075, -79298.304688, 0.314955555556
TYR, 8, 27.837, 0.833065, -79326.812500, 0.270355555556
VAL, 2, 25.997, 0.811891, -80601.148438, 0.221659259259
