AMINO ACID, DSSP, SASA, GYRATE, ENERGY, RMSF
ALA, 4, 26.724, 0.841408, -79234.281250, 0.251659259259
ARG, 2, 27.038, 0.853361, -79925.578125, 0.298462962963
ASN, 10, 25.684, 0.79988, -80185.140625, 0.210481481481
ASP, 8, 27.643, 0.831822, -80702.945312, 0.207903703704
CYS, 15, 27.310, 0.85191, -80580.367188, 0.307162962963
GLN, 4, 28.779, 0.890473, -80353.046875, 0.290562962963
GLU, 4, 25.672, 0.833683, -80530.351562, 0.207940740741
GLY, 8, 25.815, 0.813718, -80709.156250, 0.230159259259
HIS, 2, 31.332, 0.893581, -80542.843750, 0.336788888889
ILE, 7, 24.952, 0.827052, -80670.500000, 0.278788888889
LEU, 5, 30.691, 0.919196, -79726.281250, 0.349325925926
LYS, 10, 27.430, 0.835243, -80284.710938, 0.242707407407
MET, 10, 26.214, 0.828291, -79601.906250, 0.221622222222
PHE, 8, 27.868, 0.964491, -79250.882812, 0.339081481481
PRO, 6, 26.284, 0.841866, -80508.523438, 0.268974074074
SER, 6, 25.452, 0.816495, -80080.437500, 0.234703703704
THR, 6, 27.215, 0.848981, -80039.570312, 0.375159259259
TRP, 2, 29.065, 0.868312, -80599.312500, 0.314955555556
TYR, 9, 27.891, 0.846669, -79689.984375, 0.270355555556
VAL, 9, 25.395, 0.805811, -80405.421875, 0.221659259259
