AMINO ACID, DSSP, SASA, GYRATE, ENERGY, RMSF
ALA, 6, 27.354, 0.834123, -79686.148438, 0.251659259259
ARG, 4, 26.846, 0.833506, -81440.609375, 0.298462962963
ASN, 8, 26.991, 0.828098, -80713.578125, 0.210481481481
ASP, 9, 26.788, 0.822393, -80209.007812, 0.207903703704
CYS, 8, 28.487, 0.874045, -80362.296875, 0.307162962963
GLN, 10, 26.484, 0.830454, -80278.453125, 0.290562962963
GLU, 4, 27.784, 0.830831, -79751.562500, 0.207940740741
GLY, 6, 25.452, 0.833356, -79326.250000, 0.230159259259
HIS, 8, 27.458, 0.850431, -79482.984375, 0.336788888889
ILE, 8, 27.817, 0.839477, -79854.859375, 0.278788888889
LEU, 10, 26.258, 0.806684, -81443.875000, 0.349325925926
LYS, 7, 27.472, 0.829671, -79906.226562, 0.242707407407
MET, 9, 25.507, 0.817696, -79772.609375, 0.221622222222
PHE, 10, 25.738, 0.811254, -80187.046875, 0.339081481481
PRO, 6, 27.231, 0.843618, -80539.859375, 0.268974074074
SER, 12, 24.960, 0.803729, -79714.937500, 0.234703703704
THR, 6, 25.984, 0.807093, -79669.984375, 0.375159259259
TRP, 6, 28.279, 0.855199, -79441.351562, 0.314955555556
TYR, 10, 26.969, 0.860959, -79710.867188, 0.270355555556
VAL, 6, 27.605, 0.845445, -80721.085938, 0.221659259259
