AMINO ACID, DSSP, SASA, GYRATE, ENERGY, RMSF
ALA, 4, 26.757, 0.822746, -80039.609375, 0.251659259259
ARG, 2, 27.323, 0.86219, -81164.882812, 0.298462962963
ASN, 14, 26.159, 0.8046, -80338.859375, 0.210481481481
ASP, 11, 26.280, 0.831954, -80784.875000, 0.207903703704
CYS, 13, 27.512, 0.846632, -79972.750000, 0.307162962963
GLN, 4, 28.477, 0.877198, -80035.265625, 0.290562962963
GLU, 7, 24.268, 0.825882, -80095.992188, 0.207940740741
GLY, 10, 23.952, 0.803838, -80220.859375, 0.230159259259
HIS, 6, 30.348, 0.886598, -80583.546875, 0.336788888889
ILE, 7, 26.533, 0.828364, -79301.312500, 0.278788888889
LEU, 7, 29.884, 0.913554, -80530.125000, 0.349325925926
LYS, 8, 28.264, 0.84513, -80169.031250, 0.242707407407
MET, 10, 26.221, 0.825059, -80262.187500, 0.221622222222
PHE, 8, 29.586, 0.941493, -79774.453125, 0.339081481481
PRO, 11, 25.329, 0.831005, -80145.648438, 0.268974074074
SER, 4, 27.656, 0.830966, -80077.812500, 0.234703703704
THR, 6, 26.187, 0.864614, -80304.515625, 0.375159259259
TRP, 2, 26.364, 0.850783, -79331.843750, 0.314955555556
TYR, 5, 26.470, 0.832435, -80439.679688, 0.270355555556
VAL, 7, 25.663, 0.820333, -79866.242188, 0.221659259259
