AMINO ACID, DSSP, SASA, GYRATE, ENERGY, RMSF
ALA, 4, 27.357, 0.825722, -80253.843750, 0.251659259259
ARG, 4, 27.156, 0.849156, -80333.726562, 0.298462962963
ASN, 12, 25.639, 0.802979, -81084.914062, 0.210481481481
ASP, 4, 27.029, 0.835032, -79343.390625, 0.207903703704
CYS, 10, 27.096, 0.847127, -80072.656250, 0.307162962963
GLN, 4, 28.602, 0.887544, -80391.937500, 0.290562962963
GLU, 11, 24.852, 0.820782, -80166.546875, 0.207940740741
GLY, 8, 23.896, 0.80303, -80819.328125, 0.230159259259
HIS, 4, 32.953, 0.934349, -79712.296875, 0.336788888889
ILE, 7, 24.547, 0.832554, -80882.031250, 0.278788888889
LEU, 11, 27.506, 0.916617, -80081.835938, 0.349325925926
LYS, 2, 28.660, 0.848627, -81046.601562, 0.242707407407
MET, 7, 26.148, 0.825556, -80881.500000, 0.221622222222
PHE, 4, 28.946, 0.977034, -80557.890625, 0.339081481481
PRO, 2, 26.986, 0.843971, -80519.484375, 0.268974074074
SER, 4, 26.055, 0.829827, -79598.531250, 0.234703703704
THR, 4, 26.364, 0.851005, -80709.968750, 0.375159259259
TRP, 0, 26.918, 0.85135, -79908.242188, 0.314955555556
TYR, 9, 28.244, 0.844481, -79923.484375, 0.270355555556
VAL, 9, 25.016, 0.816635, -81035.468750, 0.221659259259
