AMINO ACID, DSSP, SASA, GYRATE, ENERGY, RMSF
ALA, 4, 26.618, 0.828209, -80374.437500, 0.251659259259
ARG, 2, 29.324, 0.885242, -81308.296875, 0.298462962963
ASN, 10, 25.858, 0.809208, -79417.882812, 0.210481481481
ASP, 8, 26.414, 0.850553, -80192.476562, 0.207903703704
CYS, 12, 25.685, 0.835266, -79831.382812, 0.307162962963
GLN, 4, 27.292, 0.900907, -80642.757812, 0.290562962963
GLU, 9, 26.354, 0.833317, -80470.359375, 0.207940740741
GLY, 6, 25.173, 0.799008, -79760.984375, 0.230159259259
HIS, 4, 32.785, 0.967534, -79037.789062, 0.336788888889
ILE, 11, 26.244, 0.815033, -80798.187500, 0.278788888889
LEU, 3, 29.526, 0.950008, -80846.062500, 0.349325925926
LYS, 8, 27.979, 0.838268, -80171.359375, 0.242707407407
MET, 10, 25.909, 0.81754, -80384.648438, 0.221622222222
PHE, 6, 28.505, 0.960388, -80370.015625, 0.339081481481
PRO, 7, 25.778, 0.829507, -81448.546875, 0.268974074074
SER, 6, 26.804, 0.837116, -80356.796875, 0.234703703704
THR, 8, 26.326, 0.85379, -79605.296875, 0.375159259259
TRP, 0, 27.094, 0.845838, -80041.656250, 0.314955555556
TYR, 7, 26.980, 0.833218, -79783.796875, 0.270355555556
VAL, 9, 25.434, 0.804639, -80393.296875, 0.221659259259
