AMINO ACID, DSSP, SASA, GYRATE, ENERGY, RMSF
ALA, 4, 26.569, 0.82037, -79851.187500, 0.251659259259
ARG, 2, 29.617, 0.879276, -80229.796875, 0.298462962963
ASN, 8, 25.882, 0.804069, -80683.585938, 0.210481481481
ASP, 8, 26.538, 0.835132, -81202.742188, 0.207903703704
CYS, 15, 25.444, 0.834681, -80262.296875, 0.307162962963
GLN, 4, 28.470, 0.909482, -80160.726562, 0.290562962963
GLU, 9, 27.067, 0.828436, -80397.968750, 0.207940740741
GLY, 8, 24.584, 0.801901, -80332.742188, 0.230159259259
HIS, 4, 33.669, 0.971874, -79314.390625, 0.336788888889
ILE, 7, 26.685, 0.82658, -79919.125000, 0.278788888889
LEU, 7, 29.544, 0.941972, -79725.406250, 0.349325925926
LYS, 8, 28.002, 0.836601, -80938.890625, 0.242707407407
MET, 12, 25.129, 0.808283, -80142.828125, 0.221622222222
PHE, 4, 28.837, 0.94469, -79984.593750, 0.339081481481
PRO, 7, 26.491, 0.837648, -80702.578125, 0.268974074074
SER, 6, 26.704, 0.833528, -80287.640625, 0.234703703704
THR, 4, 26.622, 0.843712, -79006.343750, 0.375159259259
TRP, 0, 26.057, 0.852074, -80682.539062, 0.314955555556
TYR, 7, 26.863, 0.840736, -80675.054688, 0.270355555556
VAL, 10, 25.761, 0.80338, -80050.562500, 0.221659259259
