AMINO ACID, DSSP, SASA, GYRATE, ENERGY, RMSF
ALA, 4, 27.263, 0.834642, -80495.273438, 0.251659259259
ARG, 4, 28.187, 0.872155, -80837.695312, 0.298462962963
ASN, 8, 25.853, 0.816605, -79629.335938, 0.210481481481
ASP, 10, 27.592, 0.838463, -80459.289062, 0.207903703704
CYS, 12, 26.190, 0.831234, -80581.156250, 0.307162962963
GLN, 4, 29.643, 0.883617, -80696.539062, 0.290562962963
GLU, 9, 25.706, 0.825051, -80742.265625, 0.207940740741
GLY, 8, 23.732, 0.796152, -80367.242188, 0.230159259259
HIS, 6, 31.706, 0.975835, -80159.140625, 0.336788888889
ILE, 9, 25.929, 0.836284, -80813.421875, 0.278788888889
LEU, 4, 29.557, 0.962049, -80290.765625, 0.349325925926
LYS, 6, 27.677, 0.835958, -80130.328125, 0.242707407407
MET, 11, 25.829, 0.82074, -79793.687500, 0.221622222222
PHE, 8, 28.342, 0.978078, -79244.882812, 0.339081481481
PRO, 6, 26.427, 0.824577, -80200.125000, 0.268974074074
SER, 4, 26.391, 0.81692, -80938.093750, 0.234703703704
THR, 2, 27.986, 0.898382, -80015.515625, 0.375159259259
TRP, 0, 27.359, 0.85748, -79595.625000, 0.314955555556
TYR, 9, 27.529, 0.843235, -79954.117188, 0.270355555556
VAL, 13, 25.962, 0.810208, -80543.234375, 0.221659259259
