AMINO ACID, DSSP, SASA, GYRATE, ENERGY, RMSF
ALA, 6, 25.579, 0.813032, -80674.062500, 0.251659259259
ARG, 2, 27.760, 0.865176, -80418.546875, 0.298462962963
ASN, 8, 24.632, 0.790969, -80051.828125, 0.210481481481
ASP, 10, 27.090, 0.845825, -80070.046875, 0.207903703704
CYS, 7, 25.408, 0.830781, -79727.906250, 0.307162962963
GLN, 8, 28.050, 0.89117, -80783.507812, 0.290562962963
GLU, 10, 24.271, 0.813077, -80616.101562, 0.207940740741
GLY, 6, 25.616, 0.822803, -80729.828125, 0.230159259259
HIS, 4, 29.996, 0.966261, -79951.437500, 0.336788888889
ILE, 7, 25.417, 0.829807, -80261.976562, 0.278788888889
LEU, 7, 29.936, 0.933803, -80579.992188, 0.349325925926
LYS, 6, 28.247, 0.84967, -80692.906250, 0.242707407407
MET, 12, 26.529, 0.823577, -81333.617188, 0.221622222222
PHE, 6, 32.399, 0.957281, -80205.734375, 0.339081481481
PRO, 8, 26.725, 0.841062, -79090.765625, 0.268974074074
SER, 6, 26.806, 0.826748, -79979.648438, 0.234703703704
THR, 4, 27.695, 0.842811, -80684.640625, 0.375159259259
TRP, 2, 28.625, 0.872252, -79867.156250, 0.314955555556
TYR, 7, 27.367, 0.829394, -79912.664062, 0.270355555556
VAL, 9, 26.554, 0.813719, -80732.187500, 0.221659259259
