AMINO ACID, DSSP, SASA, GYRATE, ENERGY, RMSF
ALA, 4, 26.195, 0.812901, -80688.078125, 0.251659259259
ARG, 2, 29.808, 0.872835, -81083.039062, 0.298462962963
ASN, 10, 26.487, 0.807454, -80751.164062, 0.210481481481
ASP, 10, 27.381, 0.837875, -80199.203125, 0.207903703704
CYS, 7, 25.301, 0.830639, -80355.437500, 0.307162962963
GLN, 8, 28.703, 0.895862, -80165.875000, 0.290562962963
GLU, 9, 25.879, 0.828573, -80058.726562, 0.207940740741
GLY, 8, 26.423, 0.834655, -79547.687500, 0.230159259259
HIS, 4, 30.966, 0.927644, -79669.156250, 0.336788888889
ILE, 7, 26.315, 0.833394, -79691.515625, 0.278788888889
LEU, 7, 28.755, 0.90287, -80469.109375, 0.349325925926
LYS, 10, 28.374, 0.830433, -79810.078125, 0.242707407407
MET, 9, 25.961, 0.824006, -80881.289062, 0.221622222222
PHE, 0, 29.126, 0.967171, -79356.750000, 0.339081481481
PRO, 6, 26.329, 0.841144, -80220.921875, 0.268974074074
SER, 2, 25.795, 0.831827, -80466.906250, 0.234703703704
THR, 2, 27.507, 0.849989, -80283.109375, 0.375159259259
TRP, 4, 29.304, 0.869997, -79737.937500, 0.314955555556
TYR, 9, 26.782, 0.851785, -79897.890625, 0.270355555556
VAL, 6, 26.676, 0.806405, -80841.218750, 0.221659259259
