AMINO ACID, DSSP, SASA, GYRATE, ENERGY, RMSF
ALA, 4, 27.131, 0.838857, -81107.328125, 0.251659259259
ARG, 2, 29.027, 0.884729, -79621.328125, 0.298462962963
ASN, 6, 25.725, 0.7959, -80566.203125, 0.210481481481
ASP, 8, 25.106, 0.827839, -80712.546875, 0.207903703704
CYS, 5, 25.508, 0.831659, -80354.656250, 0.307162962963
GLN, 4, 27.643, 0.903894, -79862.539062, 0.290562962963
GLU, 9, 25.097, 0.814156, -80977.687500, 0.207940740741
GLY, 8, 26.438, 0.811526, -81309.687500, 0.230159259259
HIS, 4, 32.697, 0.933781, -80645.312500, 0.336788888889
ILE, 7, 24.722, 0.829362, -80353.398438, 0.278788888889
LEU, 4, 28.444, 0.901217, -80954.062500, 0.349325925926
LYS, 4, 27.754, 0.840337, -80235.875000, 0.242707407407
MET, 12, 28.076, 0.832668, -80309.609375, 0.221622222222
PHE, 2, 28.984, 0.961957, -80226.007812, 0.339081481481
PRO, 11, 26.515, 0.835132, -80198.781250, 0.268974074074
SER, 6, 26.003, 0.819895, -80819.109375, 0.234703703704
THR, 9, 28.550, 0.864044, -79960.875000, 0.375159259259
TRP, 0, 28.024, 0.854924, -80362.046875, 0.314955555556
TYR, 7, 27.476, 0.851705, -80407.203125, 0.270355555556
VAL, 9, 25.914, 0.800556, -80290.937500, 0.221659259259
