AMINO ACID, DSSP, SASA, GYRATE, ENERGY, RMSF
ALA, 4, 26.090, 0.836979, -80085.203125, 0.251659259259
ARG, 2, 27.981, 0.867341, -80882.984375, 0.298462962963
ASN, 8, 26.465, 0.800248, -80119.234375, 0.210481481481
ASP, 10, 26.069, 0.823504, -81236.671875, 0.207903703704
CYS, 7, 26.986, 0.844241, -79891.765625, 0.307162962963
GLN, 5, 27.287, 0.901824, -79909.984375, 0.290562962963
GLU, 9, 26.013, 0.82367, -80702.585938, 0.207940740741
GLY, 10, 25.112, 0.795186, -79366.593750, 0.230159259259
HIS, 6, 30.844, 0.906675, -80888.195312, 0.336788888889
ILE, 5, 24.544, 0.811292, -80669.054688, 0.278788888889
LEU, 4, 29.067, 0.899692, -80048.328125, 0.349325925926
LYS, 8, 27.898, 0.833729, -80774.593750, 0.242707407407
MET, 12, 26.119, 0.820373, -80759.914062, 0.221622222222
PHE, 2, 28.115, 0.960294, -79977.851562, 0.339081481481
PRO, 6, 26.717, 0.823532, -80348.906250, 0.268974074074
SER, 4, 25.524, 0.823043, -80312.781250, 0.234703703704
THR, 10, 27.331, 0.840385, -79079.359375, 0.375159259259
TRP, 0, 28.602, 0.877969, -80558.171875, 0.314955555556
TYR, 10, 28.978, 0.854906, -80063.671875, 0.270355555556
VAL, 5, 24.648, 0.798336, -80264.453125, 0.221659259259
