AMINO ACID, DSSP, SASA, GYRATE, ENERGY, RMSF
ALA, 6, 26.962, 0.833506, -80502.289062, 0.251659259259
ARG, 2, 27.139, 0.869066, -80480.585938, 0.298462962963
ASN, 10, 25.775, 0.802518, -80002.117188, 0.210481481481
ASP, 8, 26.029, 0.833194, -80716.710938, 0.207903703704
CYS, 7, 26.577, 0.837582, -79107.218750, 0.307162962963
GLN, 5, 27.671, 0.903452, -80112.492188, 0.290562962963
GLU, 10, 25.388, 0.817835, -80007.148438, 0.207940740741
GLY, 10, 24.003, 0.792227, -80022.171875, 0.230159259259
HIS, 4, 31.093, 0.922761, -79441.484375, 0.336788888889
ILE, 7, 25.516, 0.817729, -79950.687500, 0.278788888889
LEU, 5, 29.326, 0.916144, -81031.804688, 0.349325925926
LYS, 6, 27.253, 0.845379, -80510.718750, 0.242707407407
MET, 10, 27.311, 0.826043, -80165.000000, 0.221622222222
PHE, 4, 29.249, 0.973881, -79798.195312, 0.339081481481
PRO, 6, 26.507, 0.832059, -79827.781250, 0.268974074074
SER, 6, 25.098, 0.825872, -80791.554688, 0.234703703704
THR, 8, 27.028, 0.849426, -80573.273438, 0.375159259259
TRP, 0, 27.888, 0.868419, -80136.453125, 0.314955555556
TYR, 7, 27.532, 0.85649, -80553.343750, 0.270355555556
VAL, 7, 24.640, 0.799337, -79988.531250, 0.221659259259
