AMINO ACID, DSSP, SASA, GYRATE, ENERGY, RMSF
ALA, 2, 26.425, 0.814957, -80829.828125, 0.251659259259
ARG, 2, 27.279, 0.85638, -81932.000000, 0.298462962963
ASN, 8, 25.857, 0.802913, -79644.203125, 0.210481481481
ASP, 8, 28.495, 0.84387, -80803.062500, 0.207903703704
CYS, 5, 26.864, 0.840058, -79666.171875, 0.307162962963
GLN, 7, 29.190, 0.913919, -80509.421875, 0.290562962963
GLU, 10, 25.124, 0.816722, -79921.664062, 0.207940740741
GLY, 6, 24.778, 0.810958, -80740.812500, 0.230159259259
HIS, 4, 32.531, 0.960044, -79753.507812, 0.336788888889
ILE, 7, 25.730, 0.805433, -80630.406250, 0.278788888889
LEU, 5, 29.997, 0.942856, -80425.015625, 0.349325925926
LYS, 4, 28.987, 0.843918, -81362.414062, 0.242707407407
MET, 10, 27.383, 0.821554, -80267.375000, 0.221622222222
PHE, 4, 28.493, 0.991662, -79955.187500, 0.339081481481
PRO, 4, 26.959, 0.823743, -80778.015625, 0.268974074074
SER, 4, 25.314, 0.825802, -79976.648438, 0.234703703704
THR, 11, 25.471, 0.852841, -80349.515625, 0.375159259259
TRP, 0, 28.642, 0.870304, -80413.632812, 0.314955555556
TYR, 9, 29.845, 0.882079, -80197.359375, 0.270355555556
VAL, 7, 26.914, 0.82864, -80353.101562, 0.221659259259
