AMINO ACID, DSSP, SASA, GYRATE, ENERGY, RMSF
ALA, 4, 26.747, 0.813945, -80621.468750, 0.251659259259
ARG, 2, 26.989, 0.869378, -81162.000000, 0.298462962963
ASN, 12, 25.057, 0.796527, -79528.187500, 0.210481481481
ASP, 8, 27.121, 0.827606, -80635.546875, 0.207903703704
CYS, 5, 25.719, 0.828862, -81752.296875, 0.307162962963
GLN, 7, 27.893, 0.895392, -80537.367188, 0.290562962963
GLU, 9, 26.643, 0.823443, -79599.765625, 0.207940740741
GLY, 6, 24.550, 0.809485, -80063.250000, 0.230159259259
HIS, 4, 29.020, 0.919299, -80616.734375, 0.336788888889
ILE, 7, 25.368, 0.810647, -80358.007812, 0.278788888889
LEU, 5, 29.714, 0.93247, -80283.812500, 0.349325925926
LYS, 6, 29.436, 0.838811, -81102.406250, 0.242707407407
MET, 10, 26.608, 0.82158, -80187.828125, 0.221622222222
PHE, 6, 26.894, 0.943531, -79962.265625, 0.339081481481
PRO, 6, 26.855, 0.835163, -80224.531250, 0.268974074074
SER, 4, 27.012, 0.824207, -80068.187500, 0.234703703704
THR, 10, 27.784, 0.878474, -79057.203125, 0.375159259259
TRP, 2, 27.953, 0.868202, -79901.500000, 0.314955555556
TYR, 7, 28.660, 0.851145, -79568.601562, 0.270355555556
VAL, 7, 26.451, 0.82678, -80160.398438, 0.221659259259
