AMINO ACID, DSSP, SASA, GYRATE, ENERGY, RMSF
ALA, 4, 25.841, 0.815425, -80479.953125, 0.251659259259
ARG, 2, 25.999, 0.841955, -81233.031250, 0.298462962963
ASN, 8, 26.300, 0.806595, -79032.968750, 0.210481481481
ASP, 4, 27.554, 0.826401, -79943.203125, 0.207903703704
CYS, 5, 27.568, 0.840514, -80526.601562, 0.307162962963
GLN, 7, 29.271, 0.90941, -80416.320312, 0.290562962963
GLU, 8, 23.795, 0.819134, -79899.601562, 0.207940740741
GLY, 8, 23.991, 0.804862, -80463.640625, 0.230159259259
HIS, 6, 28.758, 0.971136, -79908.296875, 0.336788888889
ILE, 7, 25.702, 0.828936, -80704.531250, 0.278788888889
LEU, 7, 29.733, 0.938565, -81118.921875, 0.349325925926
LYS, 8, 28.320, 0.845616, -81023.953125, 0.242707407407
MET, 12, 26.271, 0.825145, -80650.640625, 0.221622222222
PHE, 4, 27.658, 0.95417, -79990.851562, 0.339081481481
PRO, 7, 26.342, 0.828101, -80000.609375, 0.268974074074
SER, 4, 24.681, 0.805113, -80490.546875, 0.234703703704
THR, 5, 27.147, 0.877625, -79992.875000, 0.375159259259
TRP, 0, 27.280, 0.859905, -79824.250000, 0.314955555556
TYR, 9, 27.264, 0.836194, -80069.078125, 0.270355555556
VAL, 7, 26.327, 0.803999, -80523.140625, 0.221659259259
