AMINO ACID, DSSP, SASA, GYRATE, ENERGY, RMSF
ALA, 4, 24.862, 0.8135, -79870.109375, 0.251659259259
ARG, 2, 27.536, 0.853291, -80796.765625, 0.298462962963
ASN, 8, 26.507, 0.801213, -81242.242188, 0.210481481481
ASP, 12, 26.552, 0.824872, -79998.289062, 0.207903703704
CYS, 3, 23.781, 0.827437, -80850.953125, 0.307162962963
GLN, 5, 28.429, 0.92274, -80197.250000, 0.290562962963
GLU, 9, 25.050, 0.818647, -80641.554688, 0.207940740741
GLY, 8, 23.444, 0.795234, -79450.687500, 0.230159259259
HIS, 4, 30.220, 0.974055, -80542.039062, 0.336788888889
ILE, 7, 24.874, 0.8172, -80472.664062, 0.278788888889
LEU, 7, 27.945, 0.919333, -80753.203125, 0.349325925926
LYS, 6, 28.367, 0.841285, -80657.023438, 0.242707407407
MET, 10, 26.571, 0.823156, -79681.078125, 0.221622222222
PHE, 8, 28.847, 0.949004, -80220.765625, 0.339081481481
PRO, 7, 24.926, 0.829391, -80011.125000, 0.268974074074
SER, 4, 26.577, 0.82335, -80388.890625, 0.234703703704
THR, 4, 26.841, 0.874185, -80796.375000, 0.375159259259
TRP, 6, 26.516, 0.850972, -79218.492188, 0.314955555556
TYR, 7, 26.791, 0.826088, -81430.554688, 0.270355555556
VAL, 5, 27.296, 0.809276, -79153.828125, 0.221659259259
