AMINO ACID, DSSP, SASA, GYRATE, ENERGY, RMSF
ALA, 4, 25.574, 0.817201, -79705.140625, 0.251659259259
ARG, 2, 29.328, 0.870502, -80429.156250, 0.298462962963
ASN, 11, 24.826, 0.795167, -80309.031250, 0.210481481481
ASP, 12, 28.949, 0.846822, -80750.156250, 0.207903703704
CYS, 10, 24.558, 0.827422, -80838.109375, 0.307162962963
GLN, 5, 29.659, 0.922463, -80361.890625, 0.290562962963
GLU, 9, 26.277, 0.819553, -80435.179688, 0.207940740741
GLY, 10, 24.654, 0.798957, -80589.445312, 0.230159259259
HIS, 4, 31.769, 0.985382, -79414.992188, 0.336788888889
ILE, 7, 26.002, 0.814974, -80255.781250, 0.278788888889
LEU, 7, 29.894, 0.937484, -80861.625000, 0.349325925926
LYS, 6, 29.183, 0.850211, -81750.593750, 0.242707407407
MET, 12, 25.166, 0.805776, -80403.078125, 0.221622222222
PHE, 6, 28.021, 0.956554, -80187.453125, 0.339081481481
PRO, 7, 25.650, 0.82713, -80424.734375, 0.268974074074
SER, 6, 25.731, 0.816484, -80881.250000, 0.234703703704
THR, 9, 26.863, 0.87548, -80223.781250, 0.375159259259
TRP, 2, 26.201, 0.84075, -80001.218750, 0.314955555556
TYR, 6, 28.070, 0.837157, -79806.250000, 0.270355555556
VAL, 7, 26.351, 0.804578, -81032.937500, 0.221659259259
