AMINO ACID, DSSP, SASA, GYRATE, ENERGY, RMSF
ALA, 4, 25.780, 0.819935, -80174.132812, 0.251659259259
ARG, 2, 29.386, 0.872091, -80109.742188, 0.298462962963
ASN, 8, 25.936, 0.808127, -79884.085938, 0.210481481481
ASP, 10, 26.549, 0.831374, -80446.789062, 0.207903703704
CYS, 12, 24.806, 0.821177, -80239.132812, 0.307162962963
GLN, 7, 28.852, 0.928316, -79836.390625, 0.290562962963
GLU, 8, 25.866, 0.821161, -80671.343750, 0.207940740741
GLY, 10, 25.142, 0.811261, -80442.625000, 0.230159259259
HIS, 4, 30.439, 1.03145, -79334.226562, 0.336788888889
ILE, 7, 25.926, 0.830537, -79501.929688, 0.278788888889
LEU, 5, 29.307, 0.905054, -80224.570312, 0.349325925926
LYS, 6, 29.404, 0.842854, -81118.351562, 0.242707407407
MET, 10, 25.376, 0.816661, -80339.328125, 0.221622222222
PHE, 8, 28.485, 0.956032, -80176.656250, 0.339081481481
PRO, 7, 23.574, 0.817354, -80895.703125, 0.268974074074
SER, 4, 25.579, 0.821609, -80665.929688, 0.234703703704
THR, 6, 26.397, 0.85896, -79702.593750, 0.375159259259
TRP, 0, 27.058, 0.855205, -79404.757812, 0.314955555556
TYR, 6, 27.480, 0.837419, -80949.070312, 0.270355555556
VAL, 7, 25.511, 0.80667, -80137.945312, 0.221659259259
