AMINO ACID, DSSP, SASA, GYRATE, ENERGY, RMSF
ALA, 6, 26.037, 0.819634, -80423.609375, 0.251659259259
ARG, 2, 29.963, 0.882057, -80090.101562, 0.298462962963
ASN, 8, 27.894, 0.815235, -80773.031250, 0.210481481481
ASP, 12, 28.507, 0.827753, -80695.945312, 0.207903703704
CYS, 7, 27.456, 0.841192, -80505.273438, 0.307162962963
GLN, 5, 29.068, 0.903751, -79392.296875, 0.290562962963
GLU, 9, 25.460, 0.820754, -79306.734375, 0.207940740741
GLY, 10, 25.116, 0.805441, -79768.218750, 0.230159259259
HIS, 6, 29.066, 0.993218, -80368.335938, 0.336788888889
ILE, 8, 25.601, 0.827795, -80413.335938, 0.278788888889
LEU, 7, 28.675, 0.908912, -81076.781250, 0.349325925926
LYS, 8, 29.385, 0.841477, -80596.625000, 0.242707407407
MET, 10, 26.486, 0.823086, -80175.218750, 0.221622222222
PHE, 6, 28.929, 0.930716, -79960.937500, 0.339081481481
PRO, 7, 25.865, 0.815565, -79238.562500, 0.268974074074
SER, 6, 25.860, 0.816846, -79901.281250, 0.234703703704
THR, 8, 25.919, 0.867893, -80691.007812, 0.375159259259
TRP, 2, 26.473, 0.846422, -80150.625000, 0.314955555556
TYR, 7, 27.967, 0.842382, -79630.812500, 0.270355555556
VAL, 10, 26.681, 0.80254, -79929.796875, 0.221659259259
