AMINO ACID, DSSP, SASA, GYRATE, ENERGY, RMSF
ALA, 2, 24.396, 0.812721, -80595.750000, 0.251659259259
ARG, 4, 29.079, 0.872994, -81763.343750, 0.298462962963
ASN, 7, 25.583, 0.796731, -80005.437500, 0.210481481481
ASP, 10, 28.409, 0.850311, -80292.640625, 0.207903703704
CYS, 5, 26.859, 0.842673, -80403.671875, 0.307162962963
GLN, 5, 29.046, 0.90166, -80195.531250, 0.290562962963
GLU, 10, 25.998, 0.822889, -80026.976562, 0.207940740741
GLY, 2, 25.516, 0.823086, -80776.625000, 0.230159259259
HIS, 6, 33.177, 1.00381, -79677.101562, 0.336788888889
ILE, 9, 26.465, 0.830828, -80073.414062, 0.278788888889
LEU, 7, 28.565, 0.920422, -80746.789062, 0.349325925926
LYS, 4, 28.681, 0.858561, -79668.609375, 0.242707407407
MET, 7, 26.331, 0.826058, -81103.687500, 0.221622222222
PHE, 6, 29.182, 0.908925, -79908.968750, 0.339081481481
PRO, 9, 27.371, 0.835672, -79555.140625, 0.268974074074
SER, 6, 25.636, 0.81508, -80222.617188, 0.234703703704
THR, 2, 26.524, 0.85609, -79772.296875, 0.375159259259
TRP, 0, 27.096, 0.850963, -79763.296875, 0.314955555556
TYR, 7, 28.566, 0.862861, -79890.859375, 0.270355555556
VAL, 7, 24.030, 0.789456, -80205.968750, 0.221659259259
