AMINO ACID, DSSP, SASA, GYRATE, ENERGY, RMSF
ALA, 6, 24.823, 0.815755, -79998.625000, 0.251659259259
ARG, 4, 28.411, 0.891382, -81452.984375, 0.298462962963
ASN, 11, 26.068, 0.800656, -80703.437500, 0.210481481481
ASP, 10, 26.398, 0.822608, -79218.328125, 0.207903703704
CYS, 5, 26.978, 0.844846, -80777.812500, 0.307162962963
GLN, 5, 28.624, 0.909072, -79897.109375, 0.290562962963
GLU, 6, 25.619, 0.842272, -79136.578125, 0.207940740741
GLY, 4, 25.808, 0.809285, -80001.109375, 0.230159259259
HIS, 2, 30.947, 1.00028, -80679.359375, 0.336788888889
ILE, 5, 27.656, 0.830975, -80396.335938, 0.278788888889
LEU, 5, 27.864, 0.906135, -79712.500000, 0.349325925926
LYS, 6, 30.168, 0.85145, -81277.687500, 0.242707407407
MET, 9, 27.416, 0.840823, -80892.468750, 0.221622222222
PHE, 10, 28.390, 0.943515, -80232.734375, 0.339081481481
PRO, 2, 25.538, 0.82634, -80146.984375, 0.268974074074
SER, 4, 26.495, 0.820527, -80515.296875, 0.234703703704
THR, 6, 29.360, 0.906657, -80982.625000, 0.375159259259
TRP, 0, 28.584, 0.852929, -79606.218750, 0.314955555556
TYR, 7, 26.657, 0.832368, -79038.234375, 0.270355555556
VAL, 5, 24.194, 0.780998, -79920.625000, 0.221659259259
