AMINO ACID, DSSP, SASA, GYRATE, ENERGY, RMSF
ALA, 8, 25.759, 0.813987, -80614.375000, 0.251659259259
ARG, 0, 28.268, 0.868619, -80849.289062, 0.298462962963
ASN, 13, 25.768, 0.796247, -79919.156250, 0.210481481481
ASP, 9, 26.814, 0.83048, -79649.265625, 0.207903703704
CYS, 10, 25.279, 0.828554, -80402.328125, 0.307162962963
GLN, 5, 29.138, 0.91019, -80416.156250, 0.290562962963
GLU, 4, 26.016, 0.825284, -79152.304688, 0.207940740741
GLY, 4, 25.037, 0.815542, -80195.875000, 0.230159259259
HIS, 4, 30.544, 1.00434, -80155.953125, 0.336788888889
ILE, 5, 27.078, 0.837802, -79713.984375, 0.278788888889
LEU, 7, 28.659, 0.925875, -80114.781250, 0.349325925926
LYS, 4, 29.070, 0.852456, -80966.781250, 0.242707407407
MET, 12, 27.009, 0.822101, -80558.468750, 0.221622222222
PHE, 6, 27.411, 0.943782, -79939.273438, 0.339081481481
PRO, 7, 26.320, 0.8325, -80391.140625, 0.268974074074
SER, 4, 26.479, 0.815363, -80036.406250, 0.234703703704
THR, 4, 29.726, 0.903884, -79944.796875, 0.375159259259
TRP, 0, 28.884, 0.860332, -79593.875000, 0.314955555556
TYR, 7, 28.443, 0.848907, -79301.437500, 0.270355555556
VAL, 7, 25.150, 0.793083, -80721.671875, 0.221659259259
