AMINO ACID, DSSP, SASA, GYRATE, ENERGY, RMSF
ALA, 8, 25.773, 0.810983, -79997.968750, 0.251659259259
ARG, 2, 29.245, 0.867103, -80835.203125, 0.298462962963
ASN, 10, 25.103, 0.795702, -80212.679688, 0.210481481481
ASP, 8, 25.065, 0.822354, -80422.656250, 0.207903703704
CYS, 7, 25.888, 0.849422, -79427.765625, 0.307162962963
GLN, 5, 28.749, 0.910264, -80767.234375, 0.290562962963
GLU, 9, 26.433, 0.824087, -80362.421875, 0.207940740741
GLY, 7, 26.208, 0.814034, -80722.179688, 0.230159259259
HIS, 8, 30.103, 0.999039, -80231.500000, 0.336788888889
ILE, 7, 27.099, 0.826761, -79653.343750, 0.278788888889
LEU, 5, 29.757, 0.910352, -80485.789062, 0.349325925926
LYS, 5, 26.688, 0.823031, -80168.671875, 0.242707407407
MET, 12, 26.464, 0.828519, -80361.476562, 0.221622222222
PHE, 6, 28.911, 0.927171, -80746.195312, 0.339081481481
PRO, 7, 25.057, 0.826569, -80019.882812, 0.268974074074
SER, 4, 27.020, 0.818564, -80774.875000, 0.234703703704
THR, 4, 28.035, 0.88939, -79919.523438, 0.375159259259
TRP, 0, 28.349, 0.865389, -80000.804688, 0.314955555556
TYR, 8, 27.481, 0.842392, -79879.437500, 0.270355555556
VAL, 9, 24.131, 0.782281, -80089.031250, 0.221659259259
