AMINO ACID, DSSP, SASA, GYRATE, ENERGY, RMSF
ALA, 2, 26.061, 0.815866, -79421.937500, 0.251659259259
ARG, 2, 28.787, 0.87799, -80969.351562, 0.298462962963
ASN, 9, 25.458, 0.785351, -79602.828125, 0.210481481481
ASP, 6, 25.668, 0.824655, -79997.281250, 0.207903703704
CYS, 8, 26.065, 0.841573, -80327.093750, 0.307162962963
GLN, 5, 28.201, 0.905774, -80470.609375, 0.290562962963
GLU, 6, 26.089, 0.83069, -80416.546875, 0.207940740741
GLY, 7, 26.334, 0.804225, -79909.804688, 0.230159259259
HIS, 4, 30.404, 0.981454, -79991.250000, 0.336788888889
ILE, 10, 26.720, 0.823883, -79874.835938, 0.278788888889
LEU, 7, 29.094, 0.916353, -80222.515625, 0.349325925926
LYS, 11, 27.042, 0.830825, -80433.406250, 0.242707407407
MET, 10, 25.906, 0.82819, -80120.781250, 0.221622222222
PHE, 6, 28.560, 0.936132, -79946.984375, 0.339081481481
PRO, 7, 25.761, 0.827214, -80104.843750, 0.268974074074
SER, 4, 27.026, 0.824774, -79268.984375, 0.234703703704
THR, 4, 27.127, 0.876589, -80100.187500, 0.375159259259
TRP, 0, 28.069, 0.856815, -80749.921875, 0.314955555556
TYR, 8, 27.822, 0.837552, -80094.984375, 0.270355555556
VAL, 7, 23.526, 0.782489, -79905.343750, 0.221659259259
