AMINO ACID, DSSP, SASA, GYRATE, ENERGY, RMSF
ALA, 2, 27.056, 0.816893, -79998.875000, 0.251659259259
ARG, 4, 27.029, 0.864618, -80501.781250, 0.298462962963
ASN, 8, 25.666, 0.797891, -81154.328125, 0.210481481481
ASP, 10, 27.601, 0.839537, -80674.859375, 0.207903703704
CYS, 3, 27.250, 0.865951, -80331.039062, 0.307162962963
GLN, 0, 28.150, 0.896533, -80958.679688, 0.290562962963
GLU, 7, 24.748, 0.804587, -80087.453125, 0.207940740741
GLY, 4, 24.099, 0.802633, -79741.062500, 0.230159259259
HIS, 4, 31.354, 1.00387, -80345.703125, 0.336788888889
ILE, 7, 26.779, 0.824847, -80378.750000, 0.278788888889
LEU, 7, 27.538, 0.933026, -79919.937500, 0.349325925926
LYS, 6, 26.547, 0.820846, -79944.695312, 0.242707407407
MET, 12, 25.466, 0.827182, -80696.960938, 0.221622222222
PHE, 6, 28.100, 0.932602, -79607.203125, 0.339081481481
PRO, 9, 24.977, 0.823027, -80204.093750, 0.268974074074
SER, 4, 27.413, 0.834399, -80999.015625, 0.234703703704
THR, 11, 28.830, 0.915691, -79925.960938, 0.375159259259
TRP, 0, 29.413, 0.861871, -79953.203125, 0.314955555556
TYR, 3, 29.139, 0.864833, -80138.101562, 0.270355555556
VAL, 9, 24.598, 0.78407, -80850.328125, 0.221659259259
