AMINO ACID, DSSP, SASA, GYRATE, ENERGY, RMSF
ALA, 4, 26.066, 0.813814, -80100.671875, 0.251659259259
ARG, 2, 26.854, 0.865598, -81164.742188, 0.298462962963
ASN, 8, 26.360, 0.807433, -80232.578125, 0.210481481481
ASP, 8, 27.443, 0.840548, -81190.312500, 0.207903703704
CYS, 3, 25.348, 0.861625, -80687.046875, 0.307162962963
GLN, 4, 28.496, 0.904837, -80391.781250, 0.290562962963
GLU, 9, 23.951, 0.817639, -80012.671875, 0.207940740741
GLY, 6, 25.151, 0.81197, -79906.500000, 0.230159259259
HIS, 6, 29.674, 0.971683, -80563.476562, 0.336788888889
ILE, 7, 26.349, 0.830586, -79687.968750, 0.278788888889
LEU, 5, 29.708, 0.938699, -79605.539062, 0.349325925926
LYS, 6, 26.172, 0.820049, -80325.968750, 0.242707407407
MET, 11, 26.768, 0.819492, -80488.000000, 0.221622222222
PHE, 4, 28.431, 0.952582, -80062.187500, 0.339081481481
PRO, 7, 26.141, 0.821002, -80214.171875, 0.268974074074
SER, 4, 25.934, 0.817823, -81196.921875, 0.234703703704
THR, 4, 28.304, 0.900798, -79834.351562, 0.375159259259
TRP, 0, 27.585, 0.858322, -80794.734375, 0.314955555556
TYR, 8, 28.595, 0.85298, -79535.648438, 0.270355555556
VAL, 7, 24.259, 0.788866, -81057.226562, 0.221659259259
