AMINO ACID, DSSP, SASA, GYRATE, ENERGY, RMSF
ALA, 6, 23.757, 0.796221, -81059.210938, 0.251659259259
ARG, 0, 29.077, 0.880655, -80588.468750, 0.298462962963
ASN, 8, 25.863, 0.801013, -80584.062500, 0.210481481481
ASP, 8, 27.838, 0.843989, -79871.773438, 0.207903703704
CYS, 3, 27.930, 0.873196, -80721.273438, 0.307162962963
GLN, 5, 29.293, 0.931493, -80792.078125, 0.290562962963
GLU, 10, 24.083, 0.821627, -79378.578125, 0.207940740741
GLY, 6, 25.551, 0.831711, -79961.304688, 0.230159259259
HIS, 6, 33.696, 1.07951, -80240.609375, 0.336788888889
ILE, 4, 27.153, 0.832333, -80985.093750, 0.278788888889
LEU, 4, 28.589, 0.920625, -79961.015625, 0.349325925926
LYS, 4, 29.103, 0.833307, -80972.500000, 0.242707407407
MET, 12, 26.622, 0.834488, -80386.125000, 0.221622222222
PHE, 8, 26.060, 0.937611, -78673.593750, 0.339081481481
PRO, 7, 25.405, 0.832223, -80000.828125, 0.268974074074
SER, 4, 26.162, 0.821954, -79641.968750, 0.234703703704
THR, 6, 26.766, 0.839755, -79751.148438, 0.375159259259
TRP, 2, 27.605, 0.857522, -79349.281250, 0.314955555556
TYR, 5, 26.597, 0.826174, -80673.187500, 0.270355555556
VAL, 12, 25.092, 0.802325, -80022.304688, 0.221659259259
