AMINO ACID, DSSP, SASA, GYRATE, ENERGY, RMSF
ALA, 7, 25.270, 0.796711, -81256.351562, 0.251659259259
ARG, 0, 26.691, 0.859579, -82272.781250, 0.298462962963
ASN, 6, 25.472, 0.797734, -81074.398438, 0.210481481481
ASP, 6, 27.697, 0.836103, -80997.742188, 0.207903703704
CYS, 3, 27.381, 0.86423, -79863.210938, 0.307162962963
GLN, 5, 28.636, 0.904359, -80705.453125, 0.290562962963
GLU, 10, 26.351, 0.832663, -80418.000000, 0.207940740741
GLY, 6, 24.999, 0.821268, -80448.703125, 0.230159259259
HIS, 2, 31.678, 1.06168, -80009.804688, 0.336788888889
ILE, 4, 28.198, 0.834848, -80386.031250, 0.278788888889
LEU, 5, 30.420, 0.900221, -79205.843750, 0.349325925926
LYS, 4, 26.922, 0.820535, -80368.093750, 0.242707407407
MET, 8, 27.111, 0.830065, -80005.648438, 0.221622222222
PHE, 6, 27.023, 0.944739, -80137.507812, 0.339081481481
PRO, 7, 27.004, 0.831636, -80576.218750, 0.268974074074
SER, 6, 26.091, 0.820382, -80797.937500, 0.234703703704
THR, 6, 28.595, 0.873167, -79864.703125, 0.375159259259
TRP, 4, 26.746, 0.844363, -79801.890625, 0.314955555556
TYR, 8, 28.370, 0.854388, -79343.085938, 0.270355555556
VAL, 7, 26.572, 0.807126, -79869.750000, 0.221659259259
