AMINO ACID, DSSP, SASA, GYRATE, ENERGY, RMSF
ALA, 6, 25.887, 0.823058, -80137.617188, 0.251659259259
ARG, 0, 27.451, 0.877938, -80386.414062, 0.298462962963
ASN, 8, 25.249, 0.819107, -81140.789062, 0.210481481481
ASP, 10, 27.217, 0.837762, -81258.437500, 0.207903703704
CYS, 3, 26.652, 0.864305, -80363.359375, 0.307162962963
GLN, 5, 28.367, 0.898273, -81883.515625, 0.290562962963
GLU, 6, 25.654, 0.825708, -80917.445312, 0.207940740741
GLY, 4, 25.967, 0.832218, -79745.304688, 0.230159259259
HIS, 6, 32.274, 1.07145, -81300.546875, 0.336788888889
ILE, 7, 26.625, 0.824388, -80334.218750, 0.278788888889
LEU, 2, 28.754, 0.912679, -79116.132812, 0.349325925926
LYS, 0, 27.726, 0.830288, -80793.031250, 0.242707407407
MET, 10, 26.579, 0.833741, -80636.375000, 0.221622222222
PHE, 8, 28.724, 0.927172, -80755.210938, 0.339081481481
PRO, 9, 27.735, 0.841537, -80412.109375, 0.268974074074
SER, 6, 25.279, 0.82482, -80183.859375, 0.234703703704
THR, 6, 28.942, 0.887828, -79824.125000, 0.375159259259
TRP, 4, 27.413, 0.849205, -79430.031250, 0.314955555556
TYR, 7, 28.058, 0.851255, -79782.273438, 0.270355555556
VAL, 4, 25.366, 0.804525, -80171.046875, 0.221659259259
