AMINO ACID, DSSP, SASA, GYRATE, ENERGY, RMSF
ALA, 4, 25.624, 0.809622, -79640.171875, 0.251659259259
ARG, 2, 27.758, 0.879202, -80890.421875, 0.298462962963
ASN, 6, 25.888, 0.816408, -80402.195312, 0.210481481481
ASP, 10, 26.193, 0.83586, -81093.062500, 0.207903703704
CYS, 3, 26.945, 0.864089, -80721.773438, 0.307162962963
GLN, 5, 28.395, 0.896828, -80756.578125, 0.290562962963
GLU, 9, 26.107, 0.828492, -79893.812500, 0.207940740741
GLY, 4, 26.214, 0.827282, -80544.562500, 0.230159259259
HIS, 4, 34.234, 1.1087, -80706.273438, 0.336788888889
ILE, 2, 27.514, 0.81432, -80095.953125, 0.278788888889
LEU, 5, 26.974, 0.928504, -79594.531250, 0.349325925926
LYS, 8, 26.416, 0.828445, -80475.695312, 0.242707407407
MET, 10, 25.726, 0.820448, -80305.812500, 0.221622222222
PHE, 8, 27.827, 0.926528, -80385.554688, 0.339081481481
PRO, 7, 26.811, 0.847569, -80598.343750, 0.268974074074
SER, 6, 25.540, 0.81986, -80136.539062, 0.234703703704
THR, 11, 26.813, 0.870064, -79610.125000, 0.375159259259
TRP, 2, 27.096, 0.84243, -80101.000000, 0.314955555556
TYR, 7, 27.580, 0.845723, -79416.710938, 0.270355555556
VAL, 9, 25.034, 0.797876, -80893.937500, 0.221659259259
