AMINO ACID, DSSP, SASA, GYRATE, ENERGY, RMSF
ALA, 4, 25.552, 0.808427, -79777.140625, 0.251659259259
ARG, 0, 29.898, 0.867228, -80552.000000, 0.298462962963
ASN, 8, 26.798, 0.815119, -80451.117188, 0.210481481481
ASP, 10, 26.170, 0.822837, -79652.648438, 0.207903703704
CYS, 2, 26.621, 0.874819, -80394.687500, 0.307162962963
GLN, 5, 28.382, 0.909162, -80399.421875, 0.290562962963
GLU, 6, 27.436, 0.845048, -79783.031250, 0.207940740741
GLY, 8, 25.235, 0.830321, -80509.773438, 0.230159259259
HIS, 8, 32.266, 1.00953, -80070.570312, 0.336788888889
ILE, 10, 27.650, 0.836743, -80102.570312, 0.278788888889
LEU, 5, 28.004, 0.91917, -79563.234375, 0.349325925926
LYS, 4, 28.186, 0.838659, -80226.757812, 0.242707407407
MET, 12, 25.587, 0.81205, -80792.843750, 0.221622222222
PHE, 6, 27.846, 0.922918, -79151.640625, 0.339081481481
PRO, 6, 28.176, 0.839101, -79534.250000, 0.268974074074
SER, 8, 24.670, 0.817649, -80395.328125, 0.234703703704
THR, 6, 27.485, 0.857757, -80379.843750, 0.375159259259
TRP, 2, 27.785, 0.857412, -79791.421875, 0.314955555556
TYR, 7, 28.556, 0.857527, -79883.265625, 0.270355555556
VAL, 8, 26.765, 0.816208, -79858.195312, 0.221659259259
