AMINO ACID, DSSP, SASA, GYRATE, ENERGY, RMSF
ALA, 4, 28.180, 0.834406, -79617.585938, 0.251659259259
ARG, 0, 30.906, 0.873736, -81601.578125, 0.298462962963
ASN, 6, 27.077, 0.826193, -80058.296875, 0.210481481481
ASP, 8, 25.278, 0.804443, -79225.406250, 0.207903703704
CYS, 4, 26.756, 0.868997, -79824.062500, 0.307162962963
GLN, 5, 27.561, 0.913195, -80115.406250, 0.290562962963
GLU, 4, 27.009, 0.845718, -80779.765625, 0.207940740741
GLY, 8, 26.713, 0.830759, -80639.671875, 0.230159259259
HIS, 6, 30.716, 0.93219, -79889.640625, 0.336788888889
ILE, 7, 27.620, 0.836489, -80062.437500, 0.278788888889
LEU, 5, 27.162, 0.902947, -80032.843750, 0.349325925926
LYS, 4, 27.628, 0.852184, -80815.835938, 0.242707407407
MET, 4, 27.102, 0.83715, -79348.343750, 0.221622222222
PHE, 6, 27.989, 0.92071, -80240.242188, 0.339081481481
PRO, 9, 27.830, 0.853954, -79176.984375, 0.268974074074
SER, 4, 24.804, 0.826486, -80328.218750, 0.234703703704
THR, 2, 27.167, 0.868698, -80829.171875, 0.375159259259
TRP, 2, 27.569, 0.844548, -80095.023438, 0.314955555556
TYR, 7, 27.029, 0.870597, -80267.437500, 0.270355555556
VAL, 8, 27.749, 0.819675, -80066.632812, 0.221659259259
