AMINO ACID, DSSP, SASA, GYRATE, ENERGY, RMSF
ALA, 4, 28.302, 0.838241, -80212.093750, 0.251659259259
ARG, 0, 28.244, 0.848437, -80778.031250, 0.298462962963
ASN, 9, 25.444, 0.80925, -79740.085938, 0.210481481481
ASP, 8, 25.553, 0.816617, -80453.968750, 0.207903703704
CYS, 6, 26.956, 0.869276, -80542.562500, 0.307162962963
GLN, 5, 28.480, 0.906367, -81069.820312, 0.290562962963
GLU, 4, 26.975, 0.839922, -79992.109375, 0.207940740741
GLY, 8, 25.713, 0.828961, -79912.359375, 0.230159259259
HIS, 4, 31.531, 0.947681, -80640.609375, 0.336788888889
ILE, 4, 28.272, 0.842156, -79648.257812, 0.278788888889
LEU, 2, 28.481, 0.899122, -79531.132812, 0.349325925926
LYS, 4, 27.008, 0.850222, -80273.062500, 0.242707407407
MET, 4, 27.504, 0.84091, -79503.921875, 0.221622222222
PHE, 6, 27.930, 0.933777, -80057.078125, 0.339081481481
PRO, 4, 26.667, 0.82794, -79027.710938, 0.268974074074
SER, 6, 26.305, 0.851777, -80171.828125, 0.234703703704
THR, 6, 26.558, 0.861024, -80229.851562, 0.375159259259
TRP, 2, 27.183, 0.842991, -79130.914062, 0.314955555556
TYR, 9, 27.057, 0.873677, -80306.359375, 0.270355555556
VAL, 8, 26.959, 0.825855, -80799.890625, 0.221659259259
