AMINO ACID, DSSP, SASA, GYRATE, ENERGY, RMSF
ALA, 8, 26.357, 0.825436, -80736.632812, 0.251659259259
ARG, 8, 28.128, 0.841132, -80808.140625, 0.298462962963
ASN, 8, 26.633, 0.834341, -80165.835938, 0.210481481481
ASP, 9, 27.205, 0.826043, -80592.914062, 0.207903703704
CYS, 8, 27.267, 0.856739, -79326.968750, 0.307162962963
GLN, 16, 26.232, 0.833801, -79012.039062, 0.290562962963
GLU, 13, 26.758, 0.821125, -80264.203125, 0.207940740741
GLY, 8, 23.440, 0.809161, -80464.312500, 0.230159259259
HIS, 8, 25.701, 0.842285, -80923.367188, 0.336788888889
ILE, 6, 27.257, 0.833725, -80803.406250, 0.278788888889
LEU, 8, 26.443, 0.81326, -79995.679688, 0.349325925926
LYS, 7, 26.257, 0.82133, -81152.718750, 0.242707407407
MET, 2, 26.246, 0.825651, -80123.750000, 0.221622222222
PHE, 10, 25.641, 0.801069, -80239.109375, 0.339081481481
PRO, 6, 26.286, 0.827221, -80576.062500, 0.268974074074
SER, 10, 23.489, 0.792694, -80386.914062, 0.234703703704
THR, 4, 26.294, 0.804904, -80758.164062, 0.375159259259
TRP, 6, 29.609, 0.873862, -79086.656250, 0.314955555556
TYR, 7, 27.496, 0.862496, -80557.796875, 0.270355555556
VAL, 10, 25.850, 0.828239, -79665.937500, 0.221659259259
