AMINO ACID, DSSP, SASA, GYRATE, ENERGY, RMSF
ALA, 6, 25.617, 0.811109, -79525.546875, 0.251659259259
ARG, 0, 28.319, 0.849957, -80797.117188, 0.298462962963
ASN, 8, 26.232, 0.811489, -80422.773438, 0.210481481481
ASP, 8, 25.549, 0.830431, -79966.609375, 0.207903703704
CYS, 2, 27.423, 0.879291, -80864.546875, 0.307162962963
GLN, 5, 28.824, 0.915552, -80215.148438, 0.290562962963
GLU, 8, 25.973, 0.837442, -80219.078125, 0.207940740741
GLY, 8, 24.193, 0.821582, -81066.976562, 0.230159259259
HIS, 2, 31.537, 0.95038, -80340.468750, 0.336788888889
ILE, 4, 26.438, 0.839676, -79582.281250, 0.278788888889
LEU, 3, 28.600, 0.913179, -80033.734375, 0.349325925926
LYS, 4, 27.427, 0.841145, -81015.257812, 0.242707407407
MET, 7, 26.409, 0.834132, -80592.992188, 0.221622222222
PHE, 6, 28.740, 0.937189, -80658.343750, 0.339081481481
PRO, 4, 27.487, 0.827619, -80115.320312, 0.268974074074
SER, 6, 26.539, 0.835203, -79995.929688, 0.234703703704
THR, 0, 26.452, 0.862495, -80511.757812, 0.375159259259
TRP, 2, 28.017, 0.85043, -80700.328125, 0.314955555556
TYR, 9, 27.258, 0.849124, -80116.656250, 0.270355555556
VAL, 6, 25.135, 0.810354, -80267.734375, 0.221659259259
