AMINO ACID, DSSP, SASA, GYRATE, ENERGY, RMSF
ALA, 6, 25.008, 0.802052, -79663.585938, 0.251659259259
ARG, 0, 29.654, 0.865348, -80469.265625, 0.298462962963
ASN, 8, 26.267, 0.803828, -80185.289062, 0.210481481481
ASP, 8, 25.207, 0.825649, -80061.328125, 0.207903703704
CYS, 4, 27.518, 0.889448, -80304.656250, 0.307162962963
GLN, 5, 29.723, 0.91891, -80312.750000, 0.290562962963
GLU, 6, 27.566, 0.85514, -80282.046875, 0.207940740741
GLY, 8, 24.906, 0.82852, -80682.093750, 0.230159259259
HIS, 8, 34.207, 0.988408, -80522.375000, 0.336788888889
ILE, 2, 27.524, 0.827746, -79991.976562, 0.278788888889
LEU, 3, 28.478, 0.910044, -79809.687500, 0.349325925926
LYS, 8, 28.575, 0.839019, -79847.140625, 0.242707407407
MET, 12, 26.687, 0.833411, -80417.859375, 0.221622222222
PHE, 6, 28.220, 0.931793, -80288.281250, 0.339081481481
PRO, 4, 26.203, 0.817272, -80384.875000, 0.268974074074
SER, 6, 25.692, 0.828115, -80799.453125, 0.234703703704
THR, 4, 28.000, 0.869281, -79674.453125, 0.375159259259
TRP, 2, 26.867, 0.828932, -80064.265625, 0.314955555556
TYR, 9, 27.023, 0.857895, -80035.062500, 0.270355555556
VAL, 8, 26.848, 0.815443, -79641.843750, 0.221659259259
