AMINO ACID, DSSP, SASA, GYRATE, ENERGY, RMSF
ALA, 6, 26.891, 0.830706, -79824.187500, 0.251659259259
ARG, 10, 28.840, 0.856011, -80336.125000, 0.298462962963
ASN, 8, 27.759, 0.835145, -80080.859375, 0.210481481481
ASP, 6, 26.279, 0.798314, -80300.421875, 0.207903703704
CYS, 12, 29.284, 0.87169, -81202.875000, 0.307162962963
GLN, 14, 26.950, 0.825271, -81054.296875, 0.290562962963
GLU, 8, 28.458, 0.846363, -81229.109375, 0.207940740741
GLY, 8, 27.152, 0.835116, -79843.250000, 0.230159259259
HIS, 8, 28.568, 0.877193, -81002.367188, 0.336788888889
ILE, 4, 28.129, 0.845923, -79573.085938, 0.278788888889
LEU, 10, 25.474, 0.818543, -79466.726562, 0.349325925926
LYS, 10, 26.008, 0.818364, -81438.468750, 0.242707407407
MET, 8, 27.506, 0.821483, -80374.281250, 0.221622222222
PHE, 8, 26.131, 0.820393, -78953.164062, 0.339081481481
PRO, 7, 27.192, 0.845885, -80771.765625, 0.268974074074
SER, 6, 26.245, 0.812388, -79806.812500, 0.234703703704
THR, 8, 26.326, 0.821412, -80657.890625, 0.375159259259
TRP, 10, 28.991, 0.853361, -79649.968750, 0.314955555556
TYR, 11, 26.956, 0.836315, -79996.304688, 0.270355555556
VAL, 6, 24.898, 0.798837, -80622.140625, 0.221659259259
