AMINO ACID, DSSP, SASA, GYRATE, ENERGY, RMSF
ALA, 6, 24.706, 0.81171, -80685.632812, 0.251659259259
ARG, 0, 28.404, 0.856296, -81112.414062, 0.298462962963
ASN, 6, 24.525, 0.804316, -80471.531250, 0.210481481481
ASP, 8, 26.201, 0.822862, -79953.625000, 0.207903703704
CYS, 3, 26.754, 0.863569, -80449.929688, 0.307162962963
GLN, 5, 30.901, 0.905589, -80449.437500, 0.290562962963
GLU, 9, 24.587, 0.831838, -80639.015625, 0.207940740741
GLY, 6, 24.661, 0.822262, -80390.664062, 0.230159259259
HIS, 4, 35.215, 1.01953, -80017.773438, 0.336788888889
ILE, 2, 28.360, 0.85735, -80093.562500, 0.278788888889
LEU, 3, 29.074, 0.920714, -79596.046875, 0.349325925926
LYS, 4, 28.659, 0.852521, -80325.187500, 0.242707407407
MET, 12, 26.185, 0.817504, -80743.000000, 0.221622222222
PHE, 4, 27.068, 0.88747, -80218.632812, 0.339081481481
PRO, 9, 26.762, 0.838072, -80080.234375, 0.268974074074
SER, 4, 26.317, 0.831005, -80721.828125, 0.234703703704
THR, 2, 29.933, 0.900132, -80490.328125, 0.375159259259
TRP, 2, 26.410, 0.83565, -79971.710938, 0.314955555556
TYR, 9, 26.877, 0.848367, -79023.875000, 0.270355555556
VAL, 10, 26.529, 0.824072, -79511.734375, 0.221659259259
