AMINO ACID, DSSP, SASA, GYRATE, ENERGY, RMSF
ALA, 6, 25.959, 0.81546, -79959.796875, 0.251659259259
ARG, 2, 27.638, 0.860529, -80842.218750, 0.298462962963
ASN, 8, 25.768, 0.806359, -81179.968750, 0.210481481481
ASP, 8, 25.555, 0.813772, -80166.796875, 0.207903703704
CYS, 10, 25.419, 0.843726, -80239.695312, 0.307162962963
GLN, 5, 29.618, 0.909371, -79821.296875, 0.290562962963
GLU, 9, 25.085, 0.825116, -80785.945312, 0.207940740741
GLY, 8, 24.371, 0.819461, -80258.312500, 0.230159259259
HIS, 8, 33.347, 1.0858, -79871.507812, 0.336788888889
ILE, 4, 28.398, 0.851134, -80560.656250, 0.278788888889
LEU, 3, 30.052, 0.9224, -79436.968750, 0.349325925926
LYS, 4, 26.992, 0.831478, -80494.531250, 0.242707407407
MET, 11, 25.854, 0.800328, -79952.218750, 0.221622222222
PHE, 4, 26.276, 0.874642, -80097.234375, 0.339081481481
PRO, 4, 26.038, 0.824329, -80787.773438, 0.268974074074
SER, 4, 26.014, 0.820416, -79548.070312, 0.234703703704
THR, 4, 25.610, 0.877967, -80835.859375, 0.375159259259
TRP, 0, 25.488, 0.838116, -80163.945312, 0.314955555556
TYR, 9, 28.270, 0.856788, -79863.578125, 0.270355555556
VAL, 8, 26.687, 0.819614, -79341.734375, 0.221659259259
