AMINO ACID, DSSP, SASA, GYRATE, ENERGY, RMSF
ALA, 6, 26.309, 0.816453, -80885.437500, 0.251659259259
ARG, 2, 28.565, 0.861929, -80893.539062, 0.298462962963
ASN, 8, 26.837, 0.805235, -79637.992188, 0.210481481481
ASP, 8, 26.255, 0.83351, -80489.781250, 0.207903703704
CYS, 6, 27.355, 0.858458, -80222.921875, 0.307162962963
GLN, 5, 29.761, 0.915523, -80028.914062, 0.290562962963
GLU, 9, 24.990, 0.827353, -79963.234375, 0.207940740741
GLY, 6, 26.107, 0.820004, -79978.906250, 0.230159259259
HIS, 4, 33.467, 1.06804, -80639.992188, 0.336788888889
ILE, 2, 28.509, 0.852184, -79995.765625, 0.278788888889
LEU, 3, 29.052, 0.917473, -80256.609375, 0.349325925926
LYS, 4, 26.659, 0.831196, -81021.484375, 0.242707407407
MET, 12, 25.348, 0.806773, -80557.843750, 0.221622222222
PHE, 6, 25.764, 0.872147, -80896.109375, 0.339081481481
PRO, 9, 26.286, 0.820334, -80062.828125, 0.268974074074
SER, 6, 25.996, 0.829211, -81117.328125, 0.234703703704
THR, 2, 28.268, 0.892017, -80671.820312, 0.375159259259
TRP, 0, 26.227, 0.836477, -79891.875000, 0.314955555556
TYR, 7, 28.608, 0.866925, -80938.765625, 0.270355555556
VAL, 8, 26.681, 0.823179, -80258.921875, 0.221659259259
