AMINO ACID, DSSP, SASA, GYRATE, ENERGY, RMSF
ALA, 4, 25.977, 0.822564, -80683.734375, 0.251659259259
ARG, 0, 26.325, 0.846536, -80324.437500, 0.298462962963
ASN, 6, 24.563, 0.796237, -80725.070312, 0.210481481481
ASP, 8, 24.480, 0.810822, -81234.921875, 0.207903703704
CYS, 3, 25.461, 0.856688, -79333.242188, 0.307162962963
GLN, 5, 30.081, 0.90854, -80049.125000, 0.290562962963
GLU, 9, 25.529, 0.82586, -79924.843750, 0.207940740741
GLY, 6, 26.096, 0.824642, -80631.070312, 0.230159259259
HIS, 5, 33.125, 1.08034, -80149.687500, 0.336788888889
ILE, 2, 27.870, 0.84102, -79856.265625, 0.278788888889
LEU, 3, 29.137, 0.917275, -80002.062500, 0.349325925926
LYS, 7, 27.712, 0.839526, -79979.539062, 0.242707407407
MET, 12, 26.222, 0.812266, -79973.578125, 0.221622222222
PHE, 4, 27.325, 0.886025, -80634.375000, 0.339081481481
PRO, 9, 25.620, 0.819701, -80235.625000, 0.268974074074
SER, 6, 26.042, 0.820037, -79388.546875, 0.234703703704
THR, 2, 27.448, 0.857672, -81074.312500, 0.375159259259
TRP, 0, 27.903, 0.852645, -79994.031250, 0.314955555556
TYR, 9, 26.867, 0.859089, -81097.703125, 0.270355555556
VAL, 6, 27.368, 0.837171, -80179.562500, 0.221659259259
