AMINO ACID, DSSP, SASA, GYRATE, ENERGY, RMSF
ALA, 4, 26.296, 0.825475, -80975.546875, 0.251659259259
ARG, 0, 25.702, 0.843875, -79710.234375, 0.298462962963
ASN, 11, 25.709, 0.813477, -80005.085938, 0.210481481481
ASP, 14, 25.607, 0.811196, -79963.203125, 0.207903703704
CYS, 5, 27.295, 0.862939, -79952.539062, 0.307162962963
GLN, 7, 30.537, 0.914719, -80278.445312, 0.290562962963
GLU, 9, 25.078, 0.814384, -80595.156250, 0.207940740741
GLY, 8, 24.583, 0.802518, -80136.250000, 0.230159259259
HIS, 7, 33.177, 1.06848, -80174.117188, 0.336788888889
ILE, 2, 27.614, 0.856597, -79741.992188, 0.278788888889
LEU, 3, 28.520, 0.895811, -80909.843750, 0.349325925926
LYS, 4, 27.319, 0.833881, -80669.984375, 0.242707407407
MET, 10, 27.764, 0.826689, -80697.250000, 0.221622222222
PHE, 4, 26.556, 0.883043, -79314.382812, 0.339081481481
PRO, 7, 26.791, 0.833475, -79487.093750, 0.268974074074
SER, 6, 25.471, 0.827257, -79718.898438, 0.234703703704
THR, 2, 28.281, 0.88256, -80315.515625, 0.375159259259
TRP, 2, 27.131, 0.832528, -80225.226562, 0.314955555556
TYR, 7, 29.001, 0.87045, -80687.390625, 0.270355555556
VAL, 6, 25.203, 0.814427, -80878.609375, 0.221659259259
