AMINO ACID, DSSP, SASA, GYRATE, ENERGY, RMSF
ALA, 6, 26.436, 0.81321, -79601.648438, 0.251659259259
ARG, 0, 27.004, 0.844036, -80755.929688, 0.298462962963
ASN, 6, 26.097, 0.804285, -81177.492188, 0.210481481481
ASP, 14, 25.749, 0.807666, -79933.875000, 0.207903703704
CYS, 3, 26.556, 0.868144, -80261.843750, 0.307162962963
GLN, 5, 28.630, 0.916881, -80252.578125, 0.290562962963
GLU, 9, 24.373, 0.810045, -79367.781250, 0.207940740741
GLY, 7, 25.907, 0.814047, -80607.789062, 0.230159259259
HIS, 8, 33.920, 1.05425, -80835.843750, 0.336788888889
ILE, 2, 27.579, 0.852688, -79772.914062, 0.278788888889
LEU, 5, 28.240, 0.894297, -80083.281250, 0.349325925926
LYS, 4, 28.747, 0.834835, -80937.460938, 0.242707407407
MET, 10, 28.144, 0.824359, -80288.812500, 0.221622222222
PHE, 2, 27.405, 0.894949, -79710.835938, 0.339081481481
PRO, 9, 27.115, 0.830651, -80230.742188, 0.268974074074
SER, 6, 25.866, 0.823485, -80031.296875, 0.234703703704
THR, 2, 26.624, 0.867494, -80268.093750, 0.375159259259
TRP, 2, 27.190, 0.829005, -79593.742188, 0.314955555556
TYR, 9, 26.877, 0.856192, -80503.390625, 0.270355555556
VAL, 8, 26.181, 0.820542, -80036.343750, 0.221659259259
