AMINO ACID, DSSP, SASA, GYRATE, ENERGY, RMSF
ALA, 2, 25.837, 0.815528, -80748.546875, 0.251659259259
ARG, 0, 26.023, 0.83377, -80131.625000, 0.298462962963
ASN, 8, 25.284, 0.816225, -81206.718750, 0.210481481481
ASP, 12, 26.743, 0.809087, -81132.257812, 0.207903703704
CYS, 3, 27.603, 0.865478, -80390.945312, 0.307162962963
GLN, 7, 30.124, 0.907015, -81249.351562, 0.290562962963
GLU, 8, 22.862, 0.812133, -80429.523438, 0.207940740741
GLY, 6, 23.854, 0.798203, -79428.875000, 0.230159259259
HIS, 7, 32.048, 1.03632, -80919.445312, 0.336788888889
ILE, 2, 27.812, 0.853428, -80153.968750, 0.278788888889
LEU, 5, 28.570, 0.928776, -80426.304688, 0.349325925926
LYS, 6, 28.146, 0.838668, -79912.093750, 0.242707407407
MET, 10, 27.124, 0.833459, -80047.351562, 0.221622222222
PHE, 8, 26.748, 0.868207, -80459.898438, 0.339081481481
PRO, 4, 27.248, 0.840666, -80043.968750, 0.268974074074
SER, 6, 26.700, 0.833181, -80260.460938, 0.234703703704
THR, 0, 27.761, 0.864324, -79856.695312, 0.375159259259
TRP, 0, 27.861, 0.840155, -80289.921875, 0.314955555556
TYR, 9, 27.238, 0.860757, -80345.875000, 0.270355555556
VAL, 8, 25.516, 0.811005, -80270.289062, 0.221659259259
