AMINO ACID, DSSP, SASA, GYRATE, ENERGY, RMSF
ALA, 2, 25.149, 0.794898, -80884.750000, 0.251659259259
ARG, 0, 26.593, 0.848684, -80818.656250, 0.298462962963
ASN, 4, 25.040, 0.797554, -80266.046875, 0.210481481481
ASP, 6, 25.057, 0.819844, -80277.382812, 0.207903703704
CYS, 6, 27.702, 0.860484, -79825.414062, 0.307162962963
GLN, 7, 28.464, 0.90377, -79870.835938, 0.290562962963
GLU, 9, 23.666, 0.808535, -78969.195312, 0.207940740741
GLY, 4, 24.300, 0.815972, -79390.234375, 0.230159259259
HIS, 4, 30.289, 1.00174, -79840.968750, 0.336788888889
ILE, 7, 27.367, 0.838603, -80489.765625, 0.278788888889
LEU, 5, 27.733, 0.912218, -80327.960938, 0.349325925926
LYS, 6, 26.503, 0.818715, -81327.546875, 0.242707407407
MET, 11, 26.820, 0.812534, -80333.046875, 0.221622222222
PHE, 8, 28.898, 0.890944, -79387.062500, 0.339081481481
PRO, 9, 27.636, 0.847849, -79982.796875, 0.268974074074
SER, 6, 24.758, 0.807969, -79491.265625, 0.234703703704
THR, 8, 26.048, 0.861728, -80883.156250, 0.375159259259
TRP, 0, 27.754, 0.855038, -79160.007812, 0.314955555556
TYR, 9, 28.459, 0.876918, -79610.515625, 0.270355555556
VAL, 8, 26.273, 0.820851, -80496.101562, 0.221659259259
