AMINO ACID, DSSP, SASA, GYRATE, ENERGY, RMSF
ALA, 8, 27.140, 0.823915, -80409.945312, 0.251659259259
ARG, 6, 28.758, 0.85533, -80305.210938, 0.298462962963
ASN, 8, 27.124, 0.834625, -80369.726562, 0.210481481481
ASP, 11, 27.359, 0.832017, -79666.515625, 0.207903703704
CYS, 10, 27.393, 0.85351, -80848.429688, 0.307162962963
GLN, 14, 27.029, 0.837387, -80105.132812, 0.290562962963
GLU, 10, 24.800, 0.804432, -80108.945312, 0.207940740741
GLY, 4, 25.326, 0.815701, -80554.578125, 0.230159259259
HIS, 8, 26.632, 0.856641, -79869.921875, 0.336788888889
ILE, 9, 27.079, 0.833281, -79876.312500, 0.278788888889
LEU, 10, 25.924, 0.809626, -80543.484375, 0.349325925926
LYS, 9, 26.829, 0.829993, -80927.468750, 0.242707407407
MET, 4, 26.758, 0.820995, -79882.492188, 0.221622222222
PHE, 12, 26.408, 0.8133, -80142.890625, 0.339081481481
PRO, 8, 26.168, 0.837903, -80309.546875, 0.268974074074
SER, 12, 25.967, 0.80864, -81051.820312, 0.234703703704
THR, 6, 26.637, 0.818617, -80788.796875, 0.375159259259
TRP, 2, 27.744, 0.858418, -81033.828125, 0.314955555556
TYR, 8, 27.870, 0.868589, -80945.765625, 0.270355555556
VAL, 10, 26.713, 0.857299, -80558.171875, 0.221659259259
