AMINO ACID, DSSP, SASA, GYRATE, ENERGY, RMSF
ALA, 6, 25.897, 0.823433, -79765.859375, 0.251659259259
ARG, 0, 25.910, 0.837469, -80600.000000, 0.298462962963
ASN, 4, 26.651, 0.808396, -81556.171875, 0.210481481481
ASP, 8, 24.498, 0.804738, -79700.406250, 0.207903703704
CYS, 3, 27.805, 0.882012, -80279.046875, 0.307162962963
GLN, 5, 29.435, 0.910761, -80700.968750, 0.290562962963
GLU, 12, 24.746, 0.80803, -79824.937500, 0.207940740741
GLY, 6, 25.184, 0.822321, -80697.867188, 0.230159259259
HIS, 4, 32.849, 1.09268, -80387.468750, 0.336788888889
ILE, 4, 27.410, 0.847092, -80022.148438, 0.278788888889
LEU, 5, 30.574, 0.928774, -79813.085938, 0.349325925926
LYS, 6, 28.063, 0.832649, -81716.500000, 0.242707407407
MET, 10, 27.328, 0.821869, -80045.375000, 0.221622222222
PHE, 4, 26.860, 0.880251, -81431.101562, 0.339081481481
PRO, 8, 27.100, 0.843003, -80337.546875, 0.268974074074
SER, 8, 26.301, 0.819573, -80641.304688, 0.234703703704
THR, 6, 26.790, 0.858413, -79777.125000, 0.375159259259
TRP, 2, 26.221, 0.836799, -80656.289062, 0.314955555556
TYR, 9, 28.206, 0.885922, -79895.796875, 0.270355555556
VAL, 8, 26.352, 0.82808, -80142.695312, 0.221659259259
