AMINO ACID, DSSP, SASA, GYRATE, ENERGY, RMSF
ALA, 6, 25.171, 0.811835, -79850.140625, 0.251659259259
ARG, 0, 26.394, 0.837804, -80252.859375, 0.298462962963
ASN, 11, 26.700, 0.813979, -79848.109375, 0.210481481481
ASP, 10, 25.553, 0.810709, -80898.007812, 0.207903703704
CYS, 5, 27.007, 0.871361, -80211.421875, 0.307162962963
GLN, 5, 28.351, 0.907699, -79835.187500, 0.290562962963
GLU, 11, 25.155, 0.821355, -79584.765625, 0.207940740741
GLY, 6, 24.870, 0.819974, -79864.335938, 0.230159259259
HIS, 8, 33.690, 1.08761, -80459.945312, 0.336788888889
ILE, 4, 26.717, 0.852584, -80247.906250, 0.278788888889
LEU, 5, 29.184, 0.929555, -80821.937500, 0.349325925926
LYS, 7, 27.344, 0.83413, -80668.343750, 0.242707407407
MET, 12, 26.991, 0.821773, -79990.796875, 0.221622222222
PHE, 4, 27.875, 0.880965, -80065.531250, 0.339081481481
PRO, 11, 27.688, 0.836907, -79995.554688, 0.268974074074
SER, 16, 26.039, 0.818196, -80420.578125, 0.234703703704
THR, 8, 25.941, 0.857948, -79950.921875, 0.375159259259
TRP, 0, 26.862, 0.84177, -79862.445312, 0.314955555556
TYR, 7, 27.917, 0.883718, -79815.429688, 0.270355555556
VAL, 8, 26.761, 0.83056, -80707.015625, 0.221659259259
