AMINO ACID, DSSP, SASA, GYRATE, ENERGY, RMSF
ALA, 4, 24.477, 0.800082, -80544.015625, 0.251659259259
ARG, 2, 26.903, 0.851276, -81026.890625, 0.298462962963
ASN, 4, 26.768, 0.822782, -81427.867188, 0.210481481481
ASP, 10, 24.742, 0.803041, -80497.953125, 0.207903703704
CYS, 3, 28.063, 0.880671, -80177.953125, 0.307162962963
GLN, 5, 28.178, 0.898192, -80195.375000, 0.290562962963
GLU, 12, 25.508, 0.82285, -81070.242188, 0.207940740741
GLY, 6, 24.367, 0.804689, -80004.257812, 0.230159259259
HIS, 4, 34.204, 1.11172, -79939.781250, 0.336788888889
ILE, 6, 26.178, 0.835714, -80038.757812, 0.278788888889
LEU, 4, 29.478, 0.923594, -80917.734375, 0.349325925926
LYS, 6, 27.570, 0.835918, -80530.437500, 0.242707407407
MET, 11, 27.190, 0.81664, -79249.101562, 0.221622222222
PHE, 4, 28.078, 0.884089, -80430.468750, 0.339081481481
PRO, 11, 26.443, 0.83768, -80124.476562, 0.268974074074
SER, 10, 27.198, 0.830637, -79486.406250, 0.234703703704
THR, 4, 26.523, 0.858597, -79714.984375, 0.375159259259
TRP, 2, 27.267, 0.831049, -79859.007812, 0.314955555556
TYR, 7, 27.475, 0.864346, -80192.953125, 0.270355555556
VAL, 6, 25.909, 0.819414, -80658.015625, 0.221659259259
