AMINO ACID, DSSP, SASA, GYRATE, ENERGY, RMSF
ALA, 6, 25.016, 0.813958, -80692.835938, 0.251659259259
ARG, 0, 26.663, 0.84724, -81144.984375, 0.298462962963
ASN, 8, 25.894, 0.806639, -80802.640625, 0.210481481481
ASP, 10, 25.417, 0.813746, -79264.750000, 0.207903703704
CYS, 5, 26.373, 0.851968, -79841.421875, 0.307162962963
GLN, 7, 27.242, 0.890349, -80101.812500, 0.290562962963
GLU, 12, 25.401, 0.819611, -79955.171875, 0.207940740741
GLY, 4, 24.520, 0.819749, -80036.492188, 0.230159259259
HIS, 0, 32.318, 1.02263, -79996.890625, 0.336788888889
ILE, 4, 27.121, 0.857329, -80497.875000, 0.278788888889
LEU, 7, 27.506, 0.897147, -79991.742188, 0.349325925926
LYS, 8, 27.560, 0.829106, -79595.265625, 0.242707407407
MET, 10, 26.463, 0.805809, -80389.468750, 0.221622222222
PHE, 6, 25.825, 0.887177, -80321.171875, 0.339081481481
PRO, 9, 25.382, 0.841716, -80576.546875, 0.268974074074
SER, 6, 26.228, 0.856247, -80702.695312, 0.234703703704
THR, 6, 27.672, 0.878271, -80426.617188, 0.375159259259
TRP, 2, 26.714, 0.84688, -79371.750000, 0.314955555556
TYR, 9, 28.468, 0.88929, -81394.085938, 0.270355555556
VAL, 8, 25.529, 0.809696, -80364.984375, 0.221659259259
