AMINO ACID, DSSP, SASA, GYRATE, ENERGY, RMSF
ALA, 6, 24.480, 0.79923, -79980.554688, 0.251659259259
ARG, 0, 27.751, 0.84907, -80108.953125, 0.298462962963
ASN, 6, 25.642, 0.810555, -80710.554688, 0.210481481481
ASP, 8, 25.828, 0.822838, -80630.156250, 0.207903703704
CYS, 6, 25.399, 0.855317, -80174.070312, 0.307162962963
GLN, 5, 28.408, 0.906457, -80280.242188, 0.290562962963
GLU, 11, 25.032, 0.838303, -80499.242188, 0.207940740741
GLY, 6, 24.594, 0.827245, -79770.914062, 0.230159259259
HIS, 4, 31.614, 1.0388, -80245.882812, 0.336788888889
ILE, 4, 28.286, 0.857698, -79434.289062, 0.278788888889
LEU, 4, 27.495, 0.895637, -79519.875000, 0.349325925926
LYS, 7, 26.309, 0.826506, -80649.195312, 0.242707407407
MET, 12, 24.987, 0.806657, -79698.976562, 0.221622222222
PHE, 4, 26.972, 0.875154, -80418.695312, 0.339081481481
PRO, 4, 25.546, 0.828985, -80191.203125, 0.268974074074
SER, 4, 27.318, 0.847555, -80346.554688, 0.234703703704
THR, 8, 27.726, 0.88666, -79938.265625, 0.375159259259
TRP, 0, 25.792, 0.84702, -79044.687500, 0.314955555556
TYR, 7, 29.027, 0.894233, -79720.671875, 0.270355555556
VAL, 10, 25.717, 0.812721, -79567.000000, 0.221659259259
