AMINO ACID, DSSP, SASA, GYRATE, ENERGY, RMSF
ALA, 8, 27.475, 0.825465, -79628.421875, 0.251659259259
ARG, 6, 29.060, 0.845244, -81799.937500, 0.298462962963
ASN, 8, 27.319, 0.84238, -80385.515625, 0.210481481481
ASP, 7, 26.673, 0.825469, -79541.015625, 0.207903703704
CYS, 11, 27.495, 0.859848, -79244.828125, 0.307162962963
GLN, 12, 25.798, 0.823465, -80456.281250, 0.290562962963
GLU, 12, 25.768, 0.816154, -79841.257812, 0.207940740741
GLY, 6, 25.894, 0.817299, -81581.007812, 0.230159259259
HIS, 4, 25.210, 0.83093, -80454.265625, 0.336788888889
ILE, 9, 28.515, 0.856143, -79966.187500, 0.278788888889
LEU, 10, 24.896, 0.799464, -79746.171875, 0.349325925926
LYS, 6, 26.571, 0.822654, -80653.890625, 0.242707407407
MET, 4, 26.502, 0.816212, -80405.664062, 0.221622222222
PHE, 10, 27.291, 0.803567, -79928.859375, 0.339081481481
PRO, 4, 26.388, 0.834884, -80531.375000, 0.268974074074
SER, 12, 26.554, 0.811029, -79528.546875, 0.234703703704
THR, 6, 27.250, 0.811149, -78956.734375, 0.375159259259
TRP, 6, 29.516, 0.853968, -80592.429688, 0.314955555556
TYR, 8, 27.731, 0.854528, -80543.015625, 0.270355555556
VAL, 10, 27.092, 0.844104, -80278.718750, 0.221659259259
