AMINO ACID, DSSP, SASA, GYRATE, ENERGY, RMSF
ALA, 6, 25.903, 0.815851, -80168.609375, 0.251659259259
ARG, 0, 27.121, 0.853778, -80593.757812, 0.298462962963
ASN, 9, 26.288, 0.808463, -79372.773438, 0.210481481481
ASP, 8, 27.307, 0.832489, -80459.132812, 0.207903703704
CYS, 3, 26.328, 0.875118, -79515.710938, 0.307162962963
GLN, 7, 27.847, 0.90058, -80111.234375, 0.290562962963
GLU, 10, 24.506, 0.80653, -79498.921875, 0.207940740741
GLY, 9, 24.922, 0.796535, -80426.140625, 0.230159259259
HIS, 4, 28.464, 0.916572, -80095.679688, 0.336788888889
ILE, 7, 26.088, 0.843962, -80119.828125, 0.278788888889
LEU, 7, 29.301, 0.918998, -79033.531250, 0.349325925926
LYS, 4, 28.195, 0.84815, -80637.851562, 0.242707407407
MET, 11, 26.869, 0.814299, -81119.398438, 0.221622222222
PHE, 2, 26.062, 0.901631, -79395.148438, 0.339081481481
PRO, 4, 27.499, 0.831873, -79424.835938, 0.268974074074
SER, 6, 25.284, 0.83533, -80360.859375, 0.234703703704
THR, 6, 27.682, 0.857145, -79716.015625, 0.375159259259
TRP, 2, 27.589, 0.848796, -80245.242188, 0.314955555556
TYR, 10, 26.920, 0.87043, -80210.554688, 0.270355555556
VAL, 6, 27.111, 0.821626, -80075.601562, 0.221659259259
