AMINO ACID, DSSP, SASA, GYRATE, ENERGY, RMSF
ALA, 6, 26.633, 0.8373, -79416.789062, 0.251659259259
ARG, 2, 27.397, 0.851411, -81281.070312, 0.298462962963
ASN, 6, 26.745, 0.809677, -79993.359375, 0.210481481481
ASP, 9, 28.572, 0.842065, -80287.257812, 0.207903703704
CYS, 5, 26.353, 0.856748, -81591.546875, 0.307162962963
GLN, 5, 27.852, 0.895323, -80267.328125, 0.290562962963
GLU, 10, 24.884, 0.83347, -80216.585938, 0.207940740741
GLY, 9, 24.863, 0.796146, -79865.078125, 0.230159259259
HIS, 4, 28.940, 0.933123, -80012.156250, 0.336788888889
ILE, 6, 27.085, 0.842818, -79386.062500, 0.278788888889
LEU, 5, 28.830, 0.922791, -81051.820312, 0.349325925926
LYS, 8, 28.893, 0.851002, -81218.593750, 0.242707407407
MET, 10, 25.552, 0.813234, -79910.796875, 0.221622222222
PHE, 6, 25.972, 0.89695, -79404.710938, 0.339081481481
PRO, 4, 28.437, 0.85043, -79687.843750, 0.268974074074
SER, 8, 25.664, 0.831389, -81188.718750, 0.234703703704
THR, 6, 28.268, 0.856787, -80547.859375, 0.375159259259
TRP, 0, 25.566, 0.853262, -79585.390625, 0.314955555556
TYR, 10, 28.477, 0.878276, -80185.515625, 0.270355555556
VAL, 6, 26.358, 0.823109, -80256.320312, 0.221659259259
