AMINO ACID, DSSP, SASA, GYRATE, ENERGY, RMSF
ALA, 6, 25.356, 0.800606, -80300.984375, 0.251659259259
ARG, 0, 28.054, 0.87121, -81389.031250, 0.298462962963
ASN, 10, 25.610, 0.806396, -79493.304688, 0.210481481481
ASP, 10, 27.601, 0.807413, -79893.718750, 0.207903703704
CYS, 6, 26.977, 0.860196, -80548.531250, 0.307162962963
GLN, 6, 27.605, 0.889302, -79896.593750, 0.290562962963
GLU, 7, 24.918, 0.825665, -80482.171875, 0.207940740741
GLY, 9, 24.740, 0.810743, -79563.812500, 0.230159259259
HIS, 4, 30.475, 0.972587, -80070.109375, 0.336788888889
ILE, 7, 27.463, 0.842054, -80537.796875, 0.278788888889
LEU, 7, 30.337, 0.940236, -80312.921875, 0.349325925926
LYS, 6, 28.407, 0.847151, -80541.828125, 0.242707407407
MET, 9, 27.008, 0.831124, -80023.828125, 0.221622222222
PHE, 6, 26.279, 0.873369, -80668.242188, 0.339081481481
PRO, 2, 27.671, 0.830302, -79425.906250, 0.268974074074
SER, 4, 27.193, 0.848056, -80199.664062, 0.234703703704
THR, 4, 26.541, 0.852212, -80018.093750, 0.375159259259
TRP, 2, 26.424, 0.840714, -80057.960938, 0.314955555556
TYR, 7, 26.957, 0.888741, -80344.210938, 0.270355555556
VAL, 6, 27.177, 0.829012, -79876.046875, 0.221659259259
