AMINO ACID, DSSP, SASA, GYRATE, ENERGY, RMSF
ALA, 4, 25.010, 0.803996, -80178.265625, 0.251659259259
ARG, 0, 27.132, 0.870108, -80956.703125, 0.298462962963
ASN, 12, 25.222, 0.800496, -80278.085938, 0.210481481481
ASP, 10, 27.638, 0.825353, -80831.500000, 0.207903703704
CYS, 2, 27.847, 0.862353, -79947.109375, 0.307162962963
GLN, 8, 28.950, 0.918585, -80392.304688, 0.290562962963
GLU, 11, 25.173, 0.821685, -80808.570312, 0.207940740741
GLY, 9, 24.233, 0.789407, -80064.070312, 0.230159259259
HIS, 2, 29.954, 0.951982, -79853.296875, 0.336788888889
ILE, 7, 26.845, 0.848958, -80769.523438, 0.278788888889
LEU, 7, 29.091, 0.935943, -80575.968750, 0.349325925926
LYS, 6, 26.761, 0.834386, -81639.437500, 0.242707407407
MET, 11, 27.107, 0.825148, -79932.359375, 0.221622222222
PHE, 6, 27.730, 0.889247, -80102.515625, 0.339081481481
PRO, 2, 27.077, 0.833621, -80534.828125, 0.268974074074
SER, 8, 26.671, 0.853369, -80660.046875, 0.234703703704
THR, 8, 27.170, 0.853082, -80616.187500, 0.375159259259
TRP, 2, 26.184, 0.832561, -80789.929688, 0.314955555556
TYR, 10, 28.219, 0.888811, -80683.937500, 0.270355555556
VAL, 6, 27.467, 0.831669, -79271.203125, 0.221659259259
