AMINO ACID, DSSP, SASA, GYRATE, ENERGY, RMSF
ALA, 6, 24.753, 0.795023, -80329.593750, 0.251659259259
ARG, 0, 27.227, 0.867439, -80110.007812, 0.298462962963
ASN, 12, 24.930, 0.802166, -79585.148438, 0.210481481481
ASP, 11, 27.965, 0.828398, -80459.984375, 0.207903703704
CYS, 3, 26.398, 0.855481, -80398.640625, 0.307162962963
GLN, 3, 27.210, 0.886737, -80260.937500, 0.290562962963
GLU, 7, 25.020, 0.826454, -79849.210938, 0.207940740741
GLY, 9, 24.971, 0.796636, -80282.359375, 0.230159259259
HIS, 6, 30.045, 0.943732, -80834.148438, 0.336788888889
ILE, 4, 26.416, 0.847215, -80077.601562, 0.278788888889
LEU, 7, 29.576, 0.955564, -79341.156250, 0.349325925926
LYS, 6, 27.429, 0.841796, -80796.820312, 0.242707407407
MET, 11, 26.820, 0.817876, -80728.351562, 0.221622222222
PHE, 8, 26.069, 0.89195, -80524.414062, 0.339081481481
PRO, 8, 27.634, 0.838899, -81186.656250, 0.268974074074
SER, 4, 27.836, 0.846986, -80583.382812, 0.234703703704
THR, 6, 27.391, 0.878105, -80447.195312, 0.375159259259
TRP, 4, 27.071, 0.842191, -80258.273438, 0.314955555556
TYR, 6, 28.838, 0.883396, -80359.656250, 0.270355555556
VAL, 6, 26.929, 0.829251, -78920.859375, 0.221659259259
