AMINO ACID, DSSP, SASA, GYRATE, ENERGY, RMSF
ALA, 4, 26.355, 0.81333, -79983.335938, 0.251659259259
ARG, 0, 26.648, 0.866535, -80250.109375, 0.298462962963
ASN, 8, 26.105, 0.810751, -80807.359375, 0.210481481481
ASP, 11, 26.124, 0.817767, -81980.382812, 0.207903703704
CYS, 3, 27.665, 0.874725, -79586.273438, 0.307162962963
GLN, 5, 29.319, 0.906744, -79493.812500, 0.290562962963
GLU, 6, 23.951, 0.821762, -80082.468750, 0.207940740741
GLY, 7, 24.136, 0.787659, -80608.039062, 0.230159259259
HIS, 4, 28.918, 0.953841, -80345.671875, 0.336788888889
ILE, 6, 26.147, 0.831706, -80300.664062, 0.278788888889
LEU, 7, 29.156, 0.926746, -79541.000000, 0.349325925926
LYS, 6, 27.203, 0.842505, -81191.421875, 0.242707407407
MET, 10, 26.306, 0.824868, -80029.906250, 0.221622222222
PHE, 6, 29.127, 0.888127, -80255.398438, 0.339081481481
PRO, 6, 26.549, 0.827342, -80040.648438, 0.268974074074
SER, 2, 27.699, 0.851856, -80410.453125, 0.234703703704
THR, 6, 26.281, 0.861663, -80303.093750, 0.375159259259
TRP, 2, 27.130, 0.847357, -79316.070312, 0.314955555556
TYR, 7, 28.358, 0.887219, -79474.773438, 0.270355555556
VAL, 8, 25.954, 0.824918, -79937.984375, 0.221659259259
