AMINO ACID, DSSP, SASA, GYRATE, ENERGY, RMSF
ALA, 6, 27.648, 0.836878, -79752.609375, 0.251659259259
ARG, 8, 29.545, 0.837879, -80976.906250, 0.298462962963
ASN, 8, 27.919, 0.833886, -80708.179688, 0.210481481481
ASP, 4, 28.869, 0.832574, -81157.562500, 0.207903703704
CYS, 11, 27.947, 0.857918, -80807.375000, 0.307162962963
GLN, 16, 27.361, 0.832246, -81396.359375, 0.290562962963
GLU, 14, 26.081, 0.802477, -80117.375000, 0.207940740741
GLY, 6, 25.644, 0.814184, -80556.921875, 0.230159259259
HIS, 4, 26.105, 0.845764, -79547.203125, 0.336788888889
ILE, 7, 28.451, 0.871963, -79991.296875, 0.278788888889
LEU, 11, 24.359, 0.788142, -80337.859375, 0.349325925926
LYS, 6, 27.120, 0.834506, -80383.179688, 0.242707407407
MET, 4, 26.865, 0.821223, -80827.468750, 0.221622222222
PHE, 10, 27.141, 0.806341, -81443.000000, 0.339081481481
PRO, 7, 25.886, 0.827565, -79751.632812, 0.268974074074
SER, 12, 25.515, 0.803824, -81142.757812, 0.234703703704
THR, 4, 25.808, 0.798718, -80722.343750, 0.375159259259
TRP, 8, 28.889, 0.841599, -80142.546875, 0.314955555556
TYR, 10, 27.034, 0.851651, -80827.601562, 0.270355555556
VAL, 10, 26.998, 0.854474, -80286.031250, 0.221659259259
