AMINO ACID, DSSP, SASA, GYRATE, ENERGY, RMSF
ALA, 4, 26.374, 0.822336, -79625.960938, 0.251659259259
ARG, 0, 28.553, 0.878436, -80732.523438, 0.298462962963
ASN, 12, 24.626, 0.79599, -80215.804688, 0.210481481481
ASP, 10, 26.690, 0.807572, -79769.101562, 0.207903703704
CYS, 6, 27.052, 0.877455, -79892.656250, 0.307162962963
GLN, 3, 27.269, 0.894161, -79641.375000, 0.290562962963
GLU, 8, 25.813, 0.822372, -81023.234375, 0.207940740741
GLY, 9, 24.198, 0.780546, -80389.460938, 0.230159259259
HIS, 4, 29.840, 0.954746, -80021.789062, 0.336788888889
ILE, 7, 26.685, 0.826677, -79536.054688, 0.278788888889
LEU, 4, 27.386, 0.928248, -79430.500000, 0.349325925926
LYS, 8, 26.901, 0.823447, -80181.539062, 0.242707407407
MET, 12, 26.865, 0.818808, -80360.695312, 0.221622222222
PHE, 8, 26.409, 0.88557, -79452.742188, 0.339081481481
PRO, 7, 26.423, 0.831676, -80303.304688, 0.268974074074
SER, 2, 25.916, 0.83526, -80021.507812, 0.234703703704
THR, 4, 27.105, 0.860539, -80323.546875, 0.375159259259
TRP, 4, 27.499, 0.853041, -80399.671875, 0.314955555556
TYR, 6, 29.571, 0.891808, -80275.523438, 0.270355555556
VAL, 8, 25.393, 0.811837, -81044.242188, 0.221659259259
