AMINO ACID, DSSP, SASA, GYRATE, ENERGY, RMSF
ALA, 6, 26.348, 0.823992, -80328.234375, 0.251659259259
ARG, 0, 29.186, 0.848937, -81050.687500, 0.298462962963
ASN, 12, 23.407, 0.789131, -79324.406250, 0.210481481481
ASP, 6, 25.145, 0.8139, -79886.140625, 0.207903703704
CYS, 5, 26.758, 0.876014, -80856.742188, 0.307162962963
GLN, 4, 27.784, 0.881926, -80499.765625, 0.290562962963
GLU, 8, 24.780, 0.831061, -79928.109375, 0.207940740741
GLY, 9, 25.466, 0.808621, -79304.718750, 0.230159259259
HIS, 4, 30.085, 0.937647, -81529.335938, 0.336788888889
ILE, 4, 26.520, 0.840391, -79396.226562, 0.278788888889
LEU, 5, 30.447, 0.950571, -80486.414062, 0.349325925926
LYS, 6, 27.071, 0.826888, -80747.835938, 0.242707407407
MET, 12, 25.897, 0.825504, -79795.171875, 0.221622222222
PHE, 6, 27.278, 0.890893, -80041.554688, 0.339081481481
PRO, 9, 27.208, 0.833965, -81051.312500, 0.268974074074
SER, 6, 27.599, 0.85087, -79753.546875, 0.234703703704
THR, 6, 26.625, 0.832725, -80297.453125, 0.375159259259
TRP, 2, 26.291, 0.836072, -79007.187500, 0.314955555556
TYR, 6, 29.928, 0.903607, -80187.257812, 0.270355555556
VAL, 6, 25.929, 0.817223, -80000.593750, 0.221659259259
