AMINO ACID, DSSP, SASA, GYRATE, ENERGY, RMSF
ALA, 4, 25.590, 0.83423, -80159.406250, 0.251659259259
ARG, 0, 29.349, 0.858807, -80662.437500, 0.298462962963
ASN, 13, 26.056, 0.816459, -79473.437500, 0.210481481481
ASP, 8, 24.987, 0.814709, -80374.171875, 0.207903703704
CYS, 5, 26.579, 0.85886, -80469.492188, 0.307162962963
GLN, 5, 27.526, 0.908375, -79395.187500, 0.290562962963
GLU, 9, 25.111, 0.826725, -80331.007812, 0.207940740741
GLY, 7, 25.987, 0.823238, -80345.062500, 0.230159259259
HIS, 6, 29.208, 0.941789, -79926.070312, 0.336788888889
ILE, 7, 25.696, 0.821597, -80692.281250, 0.278788888889
LEU, 7, 29.921, 0.936168, -79688.968750, 0.349325925926
LYS, 6, 27.662, 0.818436, -80856.671875, 0.242707407407
MET, 9, 25.697, 0.808822, -80257.609375, 0.221622222222
PHE, 4, 25.867, 0.871706, -79652.125000, 0.339081481481
PRO, 9, 27.362, 0.837768, -81042.656250, 0.268974074074
SER, 6, 27.673, 0.839265, -80635.320312, 0.234703703704
THR, 8, 27.432, 0.84629, -80446.406250, 0.375159259259
TRP, 5, 28.121, 0.8571, -79838.109375, 0.314955555556
TYR, 5, 27.924, 0.903165, -80431.203125, 0.270355555556
VAL, 8, 26.130, 0.82796, -80841.156250, 0.221659259259
