AMINO ACID, DSSP, SASA, GYRATE, ENERGY, RMSF
ALA, 4, 25.324, 0.819716, -81030.468750, 0.251659259259
ARG, 2, 29.762, 0.866868, -80294.046875, 0.298462962963
ASN, 8, 25.887, 0.809218, -79936.671875, 0.210481481481
ASP, 14, 24.773, 0.803714, -80231.953125, 0.207903703704
CYS, 4, 25.476, 0.86556, -80294.625000, 0.307162962963
GLN, 3, 27.076, 0.891757, -80582.671875, 0.290562962963
GLU, 9, 26.196, 0.830939, -80523.023438, 0.207940740741
GLY, 9, 26.403, 0.809751, -81093.804688, 0.230159259259
HIS, 4, 28.676, 0.930396, -79981.578125, 0.336788888889
ILE, 7, 26.410, 0.831461, -79644.453125, 0.278788888889
LEU, 7, 30.072, 0.942034, -79446.500000, 0.349325925926
LYS, 6, 27.469, 0.820707, -80785.750000, 0.242707407407
MET, 12, 27.207, 0.816524, -80529.843750, 0.221622222222
PHE, 4, 26.073, 0.878056, -80018.484375, 0.339081481481
PRO, 5, 28.254, 0.848106, -81326.062500, 0.268974074074
SER, 2, 27.551, 0.837144, -80205.734375, 0.234703703704
THR, 6, 26.079, 0.840105, -80629.093750, 0.375159259259
TRP, 2, 28.246, 0.849933, -80721.804688, 0.314955555556
TYR, 5, 29.322, 0.904739, -81591.906250, 0.270355555556
VAL, 6, 26.786, 0.827894, -80818.359375, 0.221659259259
