AMINO ACID, DSSP, SASA, GYRATE, ENERGY, RMSF
ALA, 2, 25.848, 0.831741, -79800.578125, 0.251659259259
ARG, 4, 27.912, 0.859389, -81039.796875, 0.298462962963
ASN, 10, 25.803, 0.80251, -79940.765625, 0.210481481481
ASP, 10, 24.492, 0.813839, -80870.164062, 0.207903703704
CYS, 3, 24.902, 0.860702, -79633.726562, 0.307162962963
GLN, 6, 28.267, 0.899649, -80530.609375, 0.290562962963
GLU, 7, 25.315, 0.823137, -80049.328125, 0.207940740741
GLY, 9, 25.108, 0.798827, -80571.929688, 0.230159259259
HIS, 0, 28.888, 0.917772, -80729.578125, 0.336788888889
ILE, 4, 25.994, 0.838534, -79449.703125, 0.278788888889
LEU, 5, 28.710, 0.917854, -79836.414062, 0.349325925926
LYS, 6, 26.255, 0.816708, -80505.882812, 0.242707407407
MET, 10, 25.846, 0.829955, -80242.562500, 0.221622222222
PHE, 6, 27.630, 0.882088, -79035.562500, 0.339081481481
PRO, 9, 24.726, 0.811537, -79263.609375, 0.268974074074
SER, 2, 27.607, 0.846856, -80333.367188, 0.234703703704
THR, 4, 27.385, 0.868115, -79603.343750, 0.375159259259
TRP, 7, 26.815, 0.855061, -79456.140625, 0.314955555556
TYR, 5, 29.702, 0.900735, -79574.132812, 0.270355555556
VAL, 6, 26.464, 0.829673, -79623.250000, 0.221659259259
