AMINO ACID, DSSP, SASA, GYRATE, ENERGY, RMSF
ALA, 2, 26.750, 0.837411, -79728.937500, 0.251659259259
ARG, 0, 26.939, 0.860756, -81539.578125, 0.298462962963
ASN, 10, 25.748, 0.798123, -80780.421875, 0.210481481481
ASP, 12, 24.445, 0.811264, -80546.054688, 0.207903703704
CYS, 11, 27.023, 0.848151, -81353.390625, 0.307162962963
GLN, 8, 28.112, 0.891762, -80558.945312, 0.290562962963
GLU, 8, 26.460, 0.835498, -80708.023438, 0.207940740741
GLY, 9, 24.243, 0.800755, -80465.687500, 0.230159259259
HIS, 2, 28.630, 0.943129, -79805.078125, 0.336788888889
ILE, 7, 25.883, 0.836508, -80051.531250, 0.278788888889
LEU, 5, 27.949, 0.905301, -79221.484375, 0.349325925926
LYS, 9, 25.481, 0.804397, -79669.664062, 0.242707407407
MET, 12, 25.868, 0.819488, -79651.882812, 0.221622222222
PHE, 2, 24.632, 0.856469, -79400.359375, 0.339081481481
PRO, 11, 25.049, 0.8098, -79727.976562, 0.268974074074
SER, 4, 27.295, 0.826882, -80729.554688, 0.234703703704
THR, 4, 27.714, 0.860852, -79881.414062, 0.375159259259
TRP, 4, 27.558, 0.843946, -80253.312500, 0.314955555556
TYR, 7, 28.235, 0.883927, -80222.648438, 0.270355555556
VAL, 6, 28.545, 0.843475, -79706.375000, 0.221659259259
