AMINO ACID, DSSP, SASA, GYRATE, ENERGY, RMSF
ALA, 4, 26.900, 0.852626, -79973.328125, 0.251659259259
ARG, 2, 28.819, 0.85212, -80394.937500, 0.298462962963
ASN, 8, 26.974, 0.812757, -80909.937500, 0.210481481481
ASP, 12, 25.725, 0.803663, -80686.554688, 0.207903703704
CYS, 5, 25.848, 0.843414, -80339.265625, 0.307162962963
GLN, 2, 30.024, 0.915326, -80686.671875, 0.290562962963
GLU, 6, 27.129, 0.847556, -80449.093750, 0.207940740741
GLY, 9, 24.151, 0.793218, -79957.828125, 0.230159259259
HIS, 2, 27.072, 0.912171, -81098.671875, 0.336788888889
ILE, 7, 26.738, 0.835697, -79761.312500, 0.278788888889
LEU, 7, 29.059, 0.920296, -79925.921875, 0.349325925926
LYS, 9, 25.953, 0.799031, -80995.531250, 0.242707407407
MET, 12, 25.872, 0.816931, -80261.796875, 0.221622222222
PHE, 2, 25.076, 0.863058, -80127.710938, 0.339081481481
PRO, 9, 25.040, 0.800013, -80118.226562, 0.268974074074
SER, 6, 28.716, 0.842343, -80801.195312, 0.234703703704
THR, 4, 27.746, 0.863947, -79969.617188, 0.375159259259
TRP, 2, 28.341, 0.850692, -79922.414062, 0.314955555556
TYR, 5, 27.854, 0.875518, -79708.078125, 0.270355555556
VAL, 4, 28.548, 0.837992, -79563.937500, 0.221659259259
