AMINO ACID, DSSP, SASA, GYRATE, ENERGY, RMSF
ALA, 4, 26.313, 0.845629, -79437.328125, 0.251659259259
ARG, 0, 29.552, 0.873218, -81339.890625, 0.298462962963
ASN, 10, 28.546, 0.825589, -79785.390625, 0.210481481481
ASP, 10, 25.175, 0.801657, -80214.632812, 0.207903703704
CYS, 8, 26.855, 0.84012, -80242.929688, 0.307162962963
GLN, 4, 29.050, 0.894662, -79355.703125, 0.290562962963
GLU, 9, 25.792, 0.82875, -80260.671875, 0.207940740741
GLY, 9, 24.355, 0.810401, -80162.484375, 0.230159259259
HIS, 5, 26.295, 0.910115, -80079.164062, 0.336788888889
ILE, 7, 27.204, 0.81044, -79580.890625, 0.278788888889
LEU, 7, 28.308, 0.912651, -80759.906250, 0.349325925926
LYS, 11, 27.758, 0.827879, -80486.171875, 0.242707407407
MET, 12, 26.643, 0.812565, -80785.343750, 0.221622222222
PHE, 2, 25.392, 0.879356, -80828.500000, 0.339081481481
PRO, 9, 26.306, 0.811503, -80895.359375, 0.268974074074
SER, 7, 28.186, 0.850468, -80640.539062, 0.234703703704
THR, 6, 25.246, 0.846399, -79948.468750, 0.375159259259
TRP, 2, 28.516, 0.852797, -79641.375000, 0.314955555556
TYR, 7, 28.471, 0.894722, -79529.156250, 0.270355555556
VAL, 4, 26.888, 0.834921, -80278.750000, 0.221659259259
