AMINO ACID, DSSP, SASA, GYRATE, ENERGY, RMSF
ALA, 6, 26.202, 0.832753, -80378.250000, 0.251659259259
ARG, 0, 27.264, 0.852561, -80976.265625, 0.298462962963
ASN, 12, 26.268, 0.820167, -79733.929688, 0.210481481481
ASP, 10, 25.069, 0.804567, -78881.679688, 0.207903703704
CYS, 7, 25.523, 0.823705, -79930.156250, 0.307162962963
GLN, 6, 29.677, 0.902476, -80054.750000, 0.290562962963
GLU, 8, 25.893, 0.827977, -79827.359375, 0.207940740741
GLY, 7, 24.998, 0.804559, -81250.515625, 0.230159259259
HIS, 4, 26.144, 0.913375, -80320.281250, 0.336788888889
ILE, 7, 25.715, 0.818178, -80469.125000, 0.278788888889
LEU, 7, 28.014, 0.922532, -81080.132812, 0.349325925926
LYS, 11, 27.073, 0.818913, -80712.421875, 0.242707407407
MET, 11, 26.400, 0.821137, -80182.164062, 0.221622222222
PHE, 6, 27.456, 0.900587, -79649.773438, 0.339081481481
PRO, 9, 25.591, 0.817562, -79827.859375, 0.268974074074
SER, 5, 27.330, 0.826945, -80420.031250, 0.234703703704
THR, 6, 26.312, 0.86831, -81070.757812, 0.375159259259
TRP, 2, 29.263, 0.844871, -79941.921875, 0.314955555556
TYR, 6, 28.050, 0.883096, -79667.226562, 0.270355555556
VAL, 2, 26.912, 0.832737, -80881.437500, 0.221659259259
