AMINO ACID, DSSP, SASA, GYRATE, ENERGY, RMSF
ALA, 6, 26.985, 0.826878, -79951.687500, 0.251659259259
ARG, 4, 29.164, 0.857072, -80175.343750, 0.298462962963
ASN, 8, 26.673, 0.828222, -81209.875000, 0.210481481481
ASP, 9, 26.618, 0.816067, -80764.906250, 0.207903703704
CYS, 11, 26.936, 0.860656, -80312.531250, 0.307162962963
GLN, 12, 25.923, 0.826256, -79733.437500, 0.290562962963
GLU, 10, 25.557, 0.810831, -79508.585938, 0.207940740741
GLY, 4, 25.584, 0.825494, -79799.148438, 0.230159259259
HIS, 7, 27.020, 0.839488, -80133.906250, 0.336788888889
ILE, 9, 28.205, 0.860034, -79973.109375, 0.278788888889
LEU, 10, 25.534, 0.80262, -80183.234375, 0.349325925926
LYS, 9, 29.330, 0.846423, -81894.062500, 0.242707407407
MET, 6, 26.406, 0.82663, -80745.898438, 0.221622222222
PHE, 8, 27.809, 0.819318, -79850.875000, 0.339081481481
PRO, 6, 25.751, 0.815284, -79937.500000, 0.268974074074
SER, 12, 25.254, 0.805709, -80825.015625, 0.234703703704
THR, 8, 27.557, 0.814277, -80090.312500, 0.375159259259
TRP, 4, 29.836, 0.871451, -79600.718750, 0.314955555556
TYR, 8, 28.658, 0.87857, -80041.359375, 0.270355555556
VAL, 8, 26.840, 0.83711, -80883.781250, 0.221659259259
