AMINO ACID, DSSP, SASA, GYRATE, ENERGY, RMSF
ALA, 4, 25.941, 0.82363, -80918.601562, 0.251659259259
ARG, 2, 28.158, 0.85593, -81200.859375, 0.298462962963
ASN, 12, 25.315, 0.799023, -79925.601562, 0.210481481481
ASP, 11, 24.328, 0.792088, -80907.625000, 0.207903703704
CYS, 5, 27.427, 0.855692, -80147.273438, 0.307162962963
GLN, 6, 29.724, 0.899861, -80183.882812, 0.290562962963
GLU, 9, 24.218, 0.818499, -80289.125000, 0.207940740741
GLY, 9, 24.411, 0.806164, -80830.031250, 0.230159259259
HIS, 4, 28.366, 0.91544, -80562.515625, 0.336788888889
ILE, 7, 25.520, 0.812952, -80522.359375, 0.278788888889
LEU, 5, 30.453, 0.906546, -80702.625000, 0.349325925926
LYS, 11, 26.604, 0.817645, -81917.179688, 0.242707407407
MET, 9, 26.526, 0.831662, -79371.242188, 0.221622222222
PHE, 4, 27.456, 0.879559, -79704.421875, 0.339081481481
PRO, 11, 26.443, 0.817992, -79904.414062, 0.268974074074
SER, 2, 26.202, 0.838601, -81309.351562, 0.234703703704
THR, 6, 28.510, 0.868954, -80581.437500, 0.375159259259
TRP, 6, 27.212, 0.843464, -79842.796875, 0.314955555556
TYR, 6, 28.756, 0.892396, -79822.304688, 0.270355555556
VAL, 4, 26.144, 0.817204, -80227.031250, 0.221659259259
