AMINO ACID, DSSP, SASA, GYRATE, ENERGY, RMSF
ALA, 6, 26.319, 0.829213, -80464.617188, 0.251659259259
ARG, 3, 28.123, 0.863834, -81313.968750, 0.298462962963
ASN, 10, 24.743, 0.785855, -80456.617188, 0.210481481481
ASP, 8, 25.195, 0.810047, -80526.476562, 0.207903703704
CYS, 9, 28.308, 0.857284, -80031.632812, 0.307162962963
GLN, 5, 29.613, 0.914441, -80309.953125, 0.290562962963
GLU, 9, 23.691, 0.81574, -79514.312500, 0.207940740741
GLY, 9, 25.506, 0.812159, -80446.335938, 0.230159259259
HIS, 4, 28.182, 0.932513, -79771.515625, 0.336788888889
ILE, 7, 25.810, 0.818907, -79518.390625, 0.278788888889
LEU, 5, 28.510, 0.917384, -79170.234375, 0.349325925926
LYS, 6, 27.853, 0.825429, -80719.546875, 0.242707407407
MET, 10, 25.849, 0.818057, -80178.078125, 0.221622222222
PHE, 6, 25.999, 0.886856, -79696.242188, 0.339081481481
PRO, 2, 25.771, 0.812793, -81042.953125, 0.268974074074
SER, 4, 26.124, 0.836454, -79766.250000, 0.234703703704
THR, 6, 28.305, 0.85628, -79905.070312, 0.375159259259
TRP, 6, 27.558, 0.851309, -80351.203125, 0.314955555556
TYR, 5, 28.371, 0.888942, -80516.953125, 0.270355555556
VAL, 2, 27.009, 0.826102, -79319.929688, 0.221659259259
