AMINO ACID, DSSP, SASA, GYRATE, ENERGY, RMSF
ALA, 4, 26.490, 0.84022, -80068.453125, 0.251659259259
ARG, 6, 28.259, 0.857851, -80252.460938, 0.298462962963
ASN, 10, 25.376, 0.806198, -80393.976562, 0.210481481481
ASP, 6, 23.028, 0.795657, -79521.914062, 0.207903703704
CYS, 7, 26.955, 0.83924, -80463.289062, 0.307162962963
GLN, 7, 27.545, 0.905173, -80824.343750, 0.290562962963
GLU, 9, 24.743, 0.82069, -80061.421875, 0.207940740741
GLY, 12, 24.611, 0.816241, -81120.046875, 0.230159259259
HIS, 4, 27.965, 0.917766, -80404.929688, 0.336788888889
ILE, 7, 25.666, 0.820915, -80489.640625, 0.278788888889
LEU, 7, 29.389, 0.9086, -79736.828125, 0.349325925926
LYS, 4, 26.388, 0.81629, -81100.851562, 0.242707407407
MET, 9, 27.620, 0.823941, -79156.601562, 0.221622222222
PHE, 4, 26.980, 0.892263, -80720.828125, 0.339081481481
PRO, 9, 25.664, 0.815413, -79308.281250, 0.268974074074
SER, 2, 28.145, 0.844907, -80229.000000, 0.234703703704
THR, 6, 25.889, 0.836012, -79532.632812, 0.375159259259
TRP, 6, 26.995, 0.83832, -80192.539062, 0.314955555556
TYR, 5, 27.919, 0.86915, -80046.242188, 0.270355555556
VAL, 4, 27.076, 0.821555, -79879.109375, 0.221659259259
