AMINO ACID, DSSP, SASA, GYRATE, ENERGY, RMSF
ALA, 4, 26.214, 0.833559, -80592.406250, 0.251659259259
ARG, 3, 28.674, 0.858049, -80697.039062, 0.298462962963
ASN, 12, 25.472, 0.801658, -80863.890625, 0.210481481481
ASP, 8, 24.323, 0.797588, -80720.015625, 0.207903703704
CYS, 5, 26.132, 0.841899, -80160.867188, 0.307162962963
GLN, 4, 28.698, 0.900258, -80140.312500, 0.290562962963
GLU, 10, 25.516, 0.835622, -80240.867188, 0.207940740741
GLY, 9, 25.139, 0.815766, -81082.101562, 0.230159259259
HIS, 4, 28.294, 0.926794, -79420.546875, 0.336788888889
ILE, 7, 25.779, 0.820641, -79699.812500, 0.278788888889
LEU, 7, 30.113, 0.912324, -81137.562500, 0.349325925926
LYS, 6, 27.548, 0.821862, -80544.992188, 0.242707407407
MET, 10, 27.603, 0.825055, -79562.875000, 0.221622222222
PHE, 2, 26.829, 0.882248, -79748.507812, 0.339081481481
PRO, 7, 26.695, 0.816734, -80202.898438, 0.268974074074
SER, 4, 27.320, 0.836902, -80148.960938, 0.234703703704
THR, 6, 26.410, 0.831147, -80213.257812, 0.375159259259
TRP, 4, 25.416, 0.828103, -79698.960938, 0.314955555556
TYR, 5, 27.509, 0.866841, -79999.468750, 0.270355555556
VAL, 2, 26.152, 0.826722, -79763.453125, 0.221659259259
