AMINO ACID, DSSP, SASA, GYRATE, ENERGY, RMSF
ALA, 4, 26.665, 0.836223, -80158.070312, 0.251659259259
ARG, 0, 27.394, 0.865014, -80255.281250, 0.298462962963
ASN, 12, 25.519, 0.789461, -79656.296875, 0.210481481481
ASP, 10, 23.789, 0.794256, -80496.015625, 0.207903703704
CYS, 10, 27.366, 0.843904, -80607.718750, 0.307162962963
GLN, 5, 28.989, 0.896712, -80347.023438, 0.290562962963
GLU, 10, 25.000, 0.83499, -80979.570312, 0.207940740741
GLY, 9, 25.344, 0.823184, -79919.156250, 0.230159259259
HIS, 4, 28.502, 0.940835, -80213.218750, 0.336788888889
ILE, 7, 25.382, 0.815432, -80315.976562, 0.278788888889
LEU, 7, 28.793, 0.91226, -78857.687500, 0.349325925926
LYS, 2, 26.710, 0.825623, -79972.335938, 0.242707407407
MET, 8, 27.112, 0.825775, -80639.632812, 0.221622222222
PHE, 6, 26.855, 0.888446, -80396.515625, 0.339081481481
PRO, 9, 26.758, 0.821142, -79327.906250, 0.268974074074
SER, 4, 27.693, 0.85622, -79843.617188, 0.234703703704
THR, 4, 24.306, 0.836482, -79939.500000, 0.375159259259
TRP, 4, 24.909, 0.821074, -79764.710938, 0.314955555556
TYR, 7, 27.580, 0.874267, -79803.109375, 0.270355555556
VAL, 4, 27.738, 0.828254, -79561.406250, 0.221659259259
