AMINO ACID, DSSP, SASA, GYRATE, ENERGY, RMSF
ALA, 4, 27.165, 0.837598, -79802.031250, 0.251659259259
ARG, 0, 27.500, 0.853342, -80850.640625, 0.298462962963
ASN, 12, 25.183, 0.798121, -80753.187500, 0.210481481481
ASP, 13, 25.272, 0.799028, -79841.312500, 0.207903703704
CYS, 7, 26.728, 0.844342, -80516.078125, 0.307162962963
GLN, 4, 30.092, 0.93202, -79039.664062, 0.290562962963
GLU, 5, 26.372, 0.852772, -80657.625000, 0.207940740741
GLY, 9, 25.860, 0.81968, -80627.484375, 0.230159259259
HIS, 4, 28.105, 0.930375, -80150.929688, 0.336788888889
ILE, 9, 25.871, 0.812311, -79336.039062, 0.278788888889
LEU, 5, 29.085, 0.919014, -81063.937500, 0.349325925926
LYS, 6, 27.177, 0.836827, -80281.882812, 0.242707407407
MET, 11, 25.756, 0.812286, -81129.625000, 0.221622222222
PHE, 8, 24.842, 0.851172, -79618.078125, 0.339081481481
PRO, 5, 26.405, 0.815963, -79238.570312, 0.268974074074
SER, 7, 26.059, 0.838276, -80844.460938, 0.234703703704
THR, 6, 27.284, 0.840659, -80281.414062, 0.375159259259
TRP, 4, 27.329, 0.853615, -79825.078125, 0.314955555556
TYR, 5, 29.037, 0.895997, -80452.046875, 0.270355555556
VAL, 2, 27.223, 0.841984, -80610.875000, 0.221659259259
