AMINO ACID, DSSP, SASA, GYRATE, ENERGY, RMSF
ALA, 8, 27.266, 0.835502, -80028.804688, 0.251659259259
ARG, 8, 28.240, 0.838169, -79811.718750, 0.298462962963
ASN, 8, 27.125, 0.829195, -80376.414062, 0.210481481481
ASP, 9, 27.313, 0.820654, -79597.898438, 0.207903703704
CYS, 10, 26.770, 0.850581, -80585.554688, 0.307162962963
GLN, 12, 26.292, 0.827929, -80298.632812, 0.290562962963
GLU, 8, 25.765, 0.80674, -80167.921875, 0.207940740741
GLY, 2, 26.202, 0.832557, -79744.679688, 0.230159259259
HIS, 6, 27.476, 0.841154, -80253.187500, 0.336788888889
ILE, 9, 26.495, 0.855501, -79357.335938, 0.278788888889
LEU, 11, 27.063, 0.819669, -80306.898438, 0.349325925926
LYS, 4, 27.557, 0.832067, -80803.515625, 0.242707407407
MET, 6, 26.851, 0.824986, -80462.601562, 0.221622222222
PHE, 10, 27.021, 0.821788, -79922.062500, 0.339081481481
PRO, 6, 26.304, 0.819705, -81277.789062, 0.268974074074
SER, 10, 25.629, 0.803265, -80648.453125, 0.234703703704
THR, 4, 26.728, 0.802173, -80758.406250, 0.375159259259
TRP, 2, 30.558, 0.875059, -79731.125000, 0.314955555556
TYR, 9, 28.459, 0.87471, -79468.953125, 0.270355555556
VAL, 10, 26.565, 0.838256, -79576.437500, 0.221659259259
