AMINO ACID, DSSP, SASA, GYRATE, ENERGY, RMSF
ALA, 6, 28.467, 0.845244, -80917.476562, 0.251659259259
ARG, 2, 28.582, 0.862744, -81487.890625, 0.298462962963
ASN, 12, 26.723, 0.800784, -81114.250000, 0.210481481481
ASP, 8, 25.464, 0.806414, -79604.125000, 0.207903703704
CYS, 7, 26.613, 0.842976, -80009.875000, 0.307162962963
GLN, 3, 30.674, 0.931613, -79653.765625, 0.290562962963
GLU, 8, 26.338, 0.8442, -80658.546875, 0.207940740741
GLY, 6, 25.841, 0.821287, -79676.304688, 0.230159259259
HIS, 4, 30.320, 0.953856, -80638.273438, 0.336788888889
ILE, 7, 25.254, 0.82458, -80603.546875, 0.278788888889
LEU, 5, 29.122, 0.930084, -80404.148438, 0.349325925926
LYS, 8, 26.906, 0.832278, -80211.984375, 0.242707407407
MET, 12, 26.554, 0.826592, -79113.578125, 0.221622222222
PHE, 8, 25.877, 0.886887, -80716.671875, 0.339081481481
PRO, 4, 25.033, 0.811019, -80261.320312, 0.268974074074
SER, 4, 26.570, 0.833811, -80979.531250, 0.234703703704
THR, 6, 26.240, 0.838133, -79829.812500, 0.375159259259
TRP, 4, 27.632, 0.860627, -79836.992188, 0.314955555556
TYR, 6, 26.783, 0.864854, -79800.750000, 0.270355555556
VAL, 4, 26.926, 0.836987, -79795.382812, 0.221659259259
