AMINO ACID, DSSP, SASA, GYRATE, ENERGY, RMSF
ALA, 4, 26.184, 0.829952, -80471.421875, 0.251659259259
ARG, 0, 28.725, 0.856457, -80202.437500, 0.298462962963
ASN, 16, 25.895, 0.803025, -80049.265625, 0.210481481481
ASP, 13, 25.012, 0.80289, -79980.921875, 0.207903703704
CYS, 7, 24.364, 0.830399, -80821.984375, 0.307162962963
GLN, 7, 29.494, 0.909439, -80439.671875, 0.290562962963
GLU, 3, 23.705, 0.822345, -80441.023438, 0.207940740741
GLY, 2, 25.919, 0.802855, -79896.359375, 0.230159259259
HIS, 4, 29.121, 0.979781, -80602.484375, 0.336788888889
ILE, 6, 25.633, 0.840985, -81638.429688, 0.278788888889
LEU, 5, 27.687, 0.929524, -79944.671875, 0.349325925926
LYS, 10, 26.741, 0.82914, -80854.835938, 0.242707407407
MET, 12, 26.973, 0.817454, -79606.531250, 0.221622222222
PHE, 6, 26.630, 0.9016, -80278.203125, 0.339081481481
PRO, 9, 27.450, 0.827207, -80037.148438, 0.268974074074
SER, 2, 27.059, 0.848659, -80998.593750, 0.234703703704
THR, 8, 26.170, 0.841076, -80709.562500, 0.375159259259
TRP, 4, 28.005, 0.849678, -79522.640625, 0.314955555556
TYR, 7, 28.904, 0.870754, -80052.617188, 0.270355555556
VAL, 4, 26.467, 0.833009, -80169.179688, 0.221659259259
