AMINO ACID, DSSP, SASA, GYRATE, ENERGY, RMSF
ALA, 4, 27.795, 0.852977, -80254.281250, 0.251659259259
ARG, 0, 29.185, 0.861959, -81339.437500, 0.298462962963
ASN, 12, 25.799, 0.80354, -80573.843750, 0.210481481481
ASP, 8, 24.936, 0.794369, -79347.367188, 0.207903703704
CYS, 5, 25.335, 0.826774, -80420.531250, 0.307162962963
GLN, 7, 29.354, 0.91648, -80206.046875, 0.290562962963
GLU, 5, 25.034, 0.830666, -79752.796875, 0.207940740741
GLY, 4, 24.877, 0.820208, -80589.523438, 0.230159259259
HIS, 2, 28.181, 0.935486, -80016.609375, 0.336788888889
ILE, 6, 25.895, 0.830564, -80574.882812, 0.278788888889
LEU, 7, 28.683, 0.920991, -80102.273438, 0.349325925926
LYS, 10, 26.458, 0.823599, -80904.968750, 0.242707407407
MET, 10, 25.545, 0.815409, -79865.226562, 0.221622222222
PHE, 4, 27.108, 0.879164, -79636.359375, 0.339081481481
PRO, 9, 25.654, 0.805183, -80035.546875, 0.268974074074
SER, 0, 27.411, 0.8337, -80369.312500, 0.234703703704
THR, 8, 26.567, 0.837943, -80611.140625, 0.375159259259
TRP, 9, 27.264, 0.834831, -80091.046875, 0.314955555556
TYR, 9, 28.891, 0.878519, -80241.718750, 0.270355555556
VAL, 2, 25.873, 0.825284, -80220.570312, 0.221659259259
