AMINO ACID, DSSP, SASA, GYRATE, ENERGY, RMSF
ALA, 4, 28.022, 0.850541, -79883.140625, 0.251659259259
ARG, 0, 28.737, 0.874101, -80555.992188, 0.298462962963
ASN, 12, 24.454, 0.808216, -81445.101562, 0.210481481481
ASP, 12, 24.868, 0.797273, -78962.492188, 0.207903703704
CYS, 7, 25.611, 0.831039, -80788.757812, 0.307162962963
GLN, 6, 30.554, 0.929215, -80109.765625, 0.290562962963
GLU, 5, 24.923, 0.834876, -81150.804688, 0.207940740741
GLY, 2, 25.072, 0.81379, -79891.851562, 0.230159259259
HIS, 4, 28.136, 0.975723, -80138.750000, 0.336788888889
ILE, 4, 27.618, 0.843686, -80247.203125, 0.278788888889
LEU, 7, 28.424, 0.904406, -79837.843750, 0.349325925926
LYS, 10, 26.434, 0.828278, -80625.757812, 0.242707407407
MET, 12, 25.721, 0.813778, -79880.539062, 0.221622222222
PHE, 2, 25.809, 0.887591, -79759.531250, 0.339081481481
PRO, 6, 26.622, 0.815265, -79762.406250, 0.268974074074
SER, 2, 26.553, 0.829327, -80188.445312, 0.234703703704
THR, 6, 26.992, 0.850918, -79598.148438, 0.375159259259
TRP, 4, 28.918, 0.856425, -80277.578125, 0.314955555556
TYR, 5, 30.638, 0.891563, -79206.375000, 0.270355555556
VAL, 6, 26.698, 0.814376, -80753.000000, 0.221659259259
