AMINO ACID, DSSP, SASA, GYRATE, ENERGY, RMSF
ALA, 4, 27.616, 0.852893, -79881.234375, 0.251659259259
ARG, 0, 27.996, 0.866957, -81871.695312, 0.298462962963
ASN, 12, 26.085, 0.830832, -79863.921875, 0.210481481481
ASP, 14, 25.887, 0.8116, -79295.898438, 0.207903703704
CYS, 9, 24.967, 0.840531, -80911.906250, 0.307162962963
GLN, 7, 29.148, 0.900725, -80133.734375, 0.290562962963
GLU, 5, 25.558, 0.838983, -79483.304688, 0.207940740741
GLY, 4, 25.911, 0.818334, -80274.726562, 0.230159259259
HIS, 4, 28.837, 0.9621, -80883.414062, 0.336788888889
ILE, 4, 26.053, 0.833352, -80258.460938, 0.278788888889
LEU, 4, 29.752, 0.929713, -80220.906250, 0.349325925926
LYS, 8, 27.886, 0.826599, -81633.515625, 0.242707407407
MET, 10, 25.731, 0.81534, -78781.203125, 0.221622222222
PHE, 8, 29.558, 0.923535, -81143.390625, 0.339081481481
PRO, 6, 26.652, 0.817149, -80094.203125, 0.268974074074
SER, 2, 27.317, 0.851805, -79546.171875, 0.234703703704
THR, 11, 27.505, 0.85683, -80180.203125, 0.375159259259
TRP, 4, 27.348, 0.829146, -79989.343750, 0.314955555556
TYR, 6, 29.671, 0.893652, -80631.421875, 0.270355555556
VAL, 4, 26.598, 0.811952, -79937.515625, 0.221659259259
