AMINO ACID, DSSP, SASA, GYRATE, ENERGY, RMSF
ALA, 4, 27.391, 0.851155, -79870.218750, 0.251659259259
ARG, 0, 28.190, 0.855104, -81659.148438, 0.298462962963
ASN, 6, 25.172, 0.829947, -79926.710938, 0.210481481481
ASP, 12, 23.507, 0.800641, -79858.281250, 0.207903703704
CYS, 7, 24.954, 0.857278, -79446.304688, 0.307162962963
GLN, 9, 29.705, 0.904918, -80465.671875, 0.290562962963
GLU, 5, 26.188, 0.836794, -80102.703125, 0.207940740741
GLY, 4, 26.302, 0.809176, -80213.156250, 0.230159259259
HIS, 2, 30.541, 1.00687, -80059.625000, 0.336788888889
ILE, 7, 26.295, 0.832258, -79565.210938, 0.278788888889
LEU, 7, 29.040, 0.929935, -80303.843750, 0.349325925926
LYS, 12, 26.531, 0.813981, -80492.687500, 0.242707407407
MET, 11, 25.108, 0.822382, -80923.468750, 0.221622222222
PHE, 6, 28.347, 0.929896, -80028.890625, 0.339081481481
PRO, 11, 25.955, 0.822305, -80592.992188, 0.268974074074
SER, 4, 25.794, 0.838863, -80586.359375, 0.234703703704
THR, 4, 27.376, 0.86789, -79905.265625, 0.375159259259
TRP, 4, 27.558, 0.858881, -80435.507812, 0.314955555556
TYR, 5, 28.898, 0.890649, -79826.921875, 0.270355555556
VAL, 6, 27.370, 0.823091, -79872.140625, 0.221659259259
