AMINO ACID, DSSP, SASA, GYRATE, ENERGY, RMSF
ALA, 4, 26.357, 0.848234, -79903.960938, 0.251659259259
ARG, 0, 27.806, 0.855521, -80330.164062, 0.298462962963
ASN, 10, 26.432, 0.827656, -80992.882812, 0.210481481481
ASP, 10, 25.195, 0.797698, -80620.437500, 0.207903703704
CYS, 9, 24.722, 0.843787, -79951.515625, 0.307162962963
GLN, 9, 29.079, 0.90165, -80644.398438, 0.290562962963
GLU, 6, 25.258, 0.832383, -80246.875000, 0.207940740741
GLY, 4, 27.794, 0.821039, -80888.617188, 0.230159259259
HIS, 2, 28.280, 0.968189, -80613.992188, 0.336788888889
ILE, 5, 27.166, 0.836949, -80218.796875, 0.278788888889
LEU, 5, 28.579, 0.911452, -80560.453125, 0.349325925926
LYS, 10, 26.161, 0.820676, -80520.273438, 0.242707407407
MET, 12, 24.823, 0.816715, -80320.960938, 0.221622222222
PHE, 4, 27.303, 0.894935, -80439.585938, 0.339081481481
PRO, 11, 26.103, 0.821059, -79609.617188, 0.268974074074
SER, 4, 25.756, 0.831828, -80173.054688, 0.234703703704
THR, 4, 28.021, 0.868747, -80452.890625, 0.375159259259
TRP, 6, 27.127, 0.841727, -80211.140625, 0.314955555556
TYR, 6, 28.369, 0.883692, -80596.562500, 0.270355555556
VAL, 4, 27.272, 0.81219, -80266.296875, 0.221659259259
