AMINO ACID, DSSP, SASA, GYRATE, ENERGY, RMSF
ALA, 4, 27.152, 0.830314, -80580.429688, 0.251659259259
ARG, 4, 27.730, 0.85851, -80254.445312, 0.298462962963
ASN, 8, 26.998, 0.837199, -80788.171875, 0.210481481481
ASP, 14, 27.011, 0.816071, -79562.710938, 0.207903703704
CYS, 8, 27.087, 0.857721, -79713.453125, 0.307162962963
GLN, 6, 28.660, 0.898194, -80643.804688, 0.290562962963
GLU, 4, 25.810, 0.835152, -79763.492188, 0.207940740741
GLY, 4, 25.746, 0.81324, -80027.671875, 0.230159259259
HIS, 4, 28.266, 0.946288, -79308.125000, 0.336788888889
ILE, 7, 25.559, 0.806393, -79840.015625, 0.278788888889
LEU, 7, 29.710, 0.931724, -80056.320312, 0.349325925926
LYS, 7, 25.821, 0.810463, -81043.234375, 0.242707407407
MET, 7, 28.130, 0.838831, -80787.812500, 0.221622222222
PHE, 6, 27.436, 0.889408, -80290.093750, 0.339081481481
PRO, 9, 25.028, 0.812103, -80286.835938, 0.268974074074
SER, 4, 28.014, 0.852831, -81448.195312, 0.234703703704
THR, 6, 26.606, 0.850498, -79765.906250, 0.375159259259
TRP, 10, 27.171, 0.832973, -80058.765625, 0.314955555556
TYR, 7, 27.897, 0.876723, -80420.406250, 0.270355555556
VAL, 8, 26.685, 0.808912, -80876.484375, 0.221659259259
