AMINO ACID, DSSP, SASA, GYRATE, ENERGY, RMSF
ALA, 4, 27.692, 0.852258, -80556.109375, 0.251659259259
ARG, 2, 26.302, 0.858627, -81075.437500, 0.298462962963
ASN, 6, 27.412, 0.840566, -80539.937500, 0.210481481481
ASP, 11, 26.407, 0.824155, -80370.273438, 0.207903703704
CYS, 9, 25.580, 0.864829, -79739.703125, 0.307162962963
GLN, 6, 29.430, 0.906797, -80288.453125, 0.290562962963
GLU, 9, 25.480, 0.839284, -79975.148438, 0.207940740741
GLY, 9, 26.237, 0.8184, -80368.843750, 0.230159259259
HIS, 4, 28.055, 0.943218, -80343.718750, 0.336788888889
ILE, 7, 26.749, 0.848907, -81223.875000, 0.278788888889
LEU, 5, 27.473, 0.906988, -80587.906250, 0.349325925926
LYS, 6, 25.371, 0.813313, -80796.375000, 0.242707407407
MET, 10, 27.016, 0.830499, -79738.296875, 0.221622222222
PHE, 6, 27.830, 0.899148, -81036.000000, 0.339081481481
PRO, 4, 25.499, 0.811631, -79502.468750, 0.268974074074
SER, 6, 26.297, 0.837354, -79806.914062, 0.234703703704
THR, 6, 26.523, 0.845538, -80567.968750, 0.375159259259
TRP, 2, 27.743, 0.843861, -80543.773438, 0.314955555556
TYR, 7, 27.854, 0.876609, -80530.273438, 0.270355555556
VAL, 8, 27.261, 0.810661, -79786.906250, 0.221659259259
