AMINO ACID, DSSP, SASA, GYRATE, ENERGY, RMSF
ALA, 4, 26.610, 0.843352, -80102.953125, 0.251659259259
ARG, 0, 26.800, 0.85981, -80246.390625, 0.298462962963
ASN, 10, 25.826, 0.824923, -80518.328125, 0.210481481481
ASP, 12, 25.035, 0.813341, -80292.039062, 0.207903703704
CYS, 12, 26.973, 0.870392, -79913.000000, 0.307162962963
GLN, 6, 28.902, 0.899589, -80278.656250, 0.290562962963
GLU, 10, 24.480, 0.840881, -79453.367188, 0.207940740741
GLY, 9, 25.601, 0.81909, -81097.000000, 0.230159259259
HIS, 2, 28.609, 0.944215, -79613.671875, 0.336788888889
ILE, 7, 27.384, 0.83555, -80950.125000, 0.278788888889
LEU, 5, 26.718, 0.922719, -80376.992188, 0.349325925926
LYS, 6, 27.753, 0.823463, -80606.046875, 0.242707407407
MET, 11, 26.472, 0.829445, -79872.687500, 0.221622222222
PHE, 8, 26.195, 0.881367, -80502.585938, 0.339081481481
PRO, 4, 25.176, 0.811397, -81107.640625, 0.268974074074
SER, 4, 26.979, 0.842078, -80394.203125, 0.234703703704
THR, 6, 26.618, 0.854487, -79578.156250, 0.375159259259
TRP, 7, 26.598, 0.83917, -80129.171875, 0.314955555556
TYR, 8, 26.814, 0.865715, -80717.531250, 0.270355555556
VAL, 6, 26.010, 0.803821, -80448.406250, 0.221659259259
