AMINO ACID, DSSP, SASA, GYRATE, ENERGY, RMSF
ALA, 4, 27.029, 0.83563, -81325.609375, 0.251659259259
ARG, 2, 28.574, 0.873664, -81068.289062, 0.298462962963
ASN, 8, 26.149, 0.822299, -80029.882812, 0.210481481481
ASP, 8, 25.558, 0.816916, -80761.398438, 0.207903703704
CYS, 9, 27.339, 0.878583, -80927.968750, 0.307162962963
GLN, 4, 27.924, 0.905935, -80311.625000, 0.290562962963
GLU, 10, 23.556, 0.814707, -80360.429688, 0.207940740741
GLY, 9, 24.479, 0.809992, -79659.117188, 0.230159259259
HIS, 2, 27.710, 0.94057, -80092.015625, 0.336788888889
ILE, 4, 29.635, 0.855843, -80649.593750, 0.278788888889
LEU, 5, 29.001, 0.93046, -80165.265625, 0.349325925926
LYS, 12, 26.244, 0.813186, -80415.414062, 0.242707407407
MET, 12, 25.177, 0.816081, -80176.468750, 0.221622222222
PHE, 6, 26.149, 0.877845, -80744.976562, 0.339081481481
PRO, 11, 25.731, 0.805209, -79514.445312, 0.268974074074
SER, 6, 26.825, 0.836666, -81218.226562, 0.234703703704
THR, 11, 28.259, 0.860371, -80637.203125, 0.375159259259
TRP, 5, 27.783, 0.833288, -79725.085938, 0.314955555556
TYR, 9, 26.209, 0.864847, -80446.679688, 0.270355555556
VAL, 8, 26.317, 0.813323, -80272.250000, 0.221659259259
