AMINO ACID, DSSP, SASA, GYRATE, ENERGY, RMSF
ALA, 4, 26.885, 0.841903, -80477.562500, 0.251659259259
ARG, 0, 28.647, 0.86901, -81236.250000, 0.298462962963
ASN, 10, 26.464, 0.838317, -80819.070312, 0.210481481481
ASP, 15, 25.200, 0.80683, -79477.812500, 0.207903703704
CYS, 12, 27.394, 0.851863, -81133.679688, 0.307162962963
GLN, 0, 29.572, 0.894246, -80110.539062, 0.290562962963
GLU, 7, 26.037, 0.832829, -81232.031250, 0.207940740741
GLY, 12, 26.089, 0.805627, -80963.718750, 0.230159259259
HIS, 2, 29.523, 0.990521, -81003.578125, 0.336788888889
ILE, 6, 27.506, 0.846462, -79855.273438, 0.278788888889
LEU, 5, 27.411, 0.892607, -80014.968750, 0.349325925926
LYS, 6, 26.079, 0.815865, -80538.851562, 0.242707407407
MET, 9, 25.438, 0.820193, -80593.125000, 0.221622222222
PHE, 6, 27.049, 0.879537, -80086.601562, 0.339081481481
PRO, 7, 24.965, 0.8138, -80568.445312, 0.268974074074
SER, 4, 27.239, 0.840801, -79673.703125, 0.234703703704
THR, 6, 28.079, 0.857815, -80480.718750, 0.375159259259
TRP, 2, 27.472, 0.854198, -79722.679688, 0.314955555556
TYR, 8, 27.162, 0.860237, -79145.625000, 0.270355555556
VAL, 8, 25.648, 0.807892, -80619.734375, 0.221659259259
