AMINO ACID, DSSP, SASA, GYRATE, ENERGY, RMSF
ALA, 4, 27.873, 0.847446, -79168.828125, 0.251659259259
ARG, 0, 27.198, 0.860634, -81671.625000, 0.298462962963
ASN, 10, 26.745, 0.812307, -81144.101562, 0.210481481481
ASP, 13, 23.654, 0.802737, -80159.578125, 0.207903703704
CYS, 7, 28.481, 0.854695, -80325.218750, 0.307162962963
GLN, 0, 30.013, 0.912958, -80422.398438, 0.290562962963
GLU, 8, 25.593, 0.824779, -79812.570312, 0.207940740741
GLY, 9, 26.103, 0.818064, -80102.250000, 0.230159259259
HIS, 2, 30.925, 0.980907, -79909.703125, 0.336788888889
ILE, 2, 28.203, 0.854927, -79196.531250, 0.278788888889
LEU, 7, 30.159, 0.917974, -79528.453125, 0.349325925926
LYS, 4, 25.866, 0.809111, -81069.960938, 0.242707407407
MET, 11, 25.344, 0.806498, -79837.015625, 0.221622222222
PHE, 6, 26.680, 0.884235, -80678.859375, 0.339081481481
PRO, 2, 24.667, 0.814582, -80857.437500, 0.268974074074
SER, 4, 26.324, 0.848556, -80495.687500, 0.234703703704
THR, 6, 28.230, 0.84892, -79656.835938, 0.375159259259
TRP, 6, 27.412, 0.847403, -79678.515625, 0.314955555556
TYR, 2, 28.614, 0.880985, -80159.117188, 0.270355555556
VAL, 6, 24.856, 0.803891, -79973.914062, 0.221659259259
