AMINO ACID, DSSP, SASA, GYRATE, ENERGY, RMSF
ALA, 4, 27.435, 0.841768, -80181.796875, 0.251659259259
ARG, 0, 27.670, 0.874716, -81681.351562, 0.298462962963
ASN, 9, 26.312, 0.795776, -80026.234375, 0.210481481481
ASP, 8, 25.777, 0.809442, -80978.687500, 0.207903703704
CYS, 7, 27.806, 0.856402, -80312.484375, 0.307162962963
GLN, 0, 29.410, 0.897764, -80786.703125, 0.290562962963
GLU, 10, 25.704, 0.831093, -80121.437500, 0.207940740741
GLY, 4, 25.447, 0.824263, -80259.226562, 0.230159259259
HIS, 4, 31.506, 0.997456, -80545.203125, 0.336788888889
ILE, 7, 26.351, 0.836131, -79675.101562, 0.278788888889
LEU, 5, 29.281, 0.899177, -80962.890625, 0.349325925926
LYS, 10, 27.398, 0.845274, -80666.046875, 0.242707407407
MET, 11, 26.683, 0.828526, -80560.062500, 0.221622222222
PHE, 4, 26.447, 0.881153, -79799.273438, 0.339081481481
PRO, 7, 25.906, 0.809355, -80603.601562, 0.268974074074
SER, 6, 26.867, 0.84791, -80728.343750, 0.234703703704
THR, 8, 26.407, 0.855244, -80969.625000, 0.375159259259
TRP, 6, 27.652, 0.842431, -79762.570312, 0.314955555556
TYR, 11, 27.840, 0.873894, -79749.218750, 0.270355555556
VAL, 8, 26.458, 0.806446, -79845.968750, 0.221659259259
