AMINO ACID, DSSP, SASA, GYRATE, ENERGY, RMSF
ALA, 4, 27.191, 0.840543, -79655.609375, 0.251659259259
ARG, 2, 27.566, 0.886581, -81456.937500, 0.298462962963
ASN, 10, 26.389, 0.808067, -80739.484375, 0.210481481481
ASP, 11, 25.597, 0.803257, -79494.703125, 0.207903703704
CYS, 13, 26.795, 0.859695, -79924.562500, 0.307162962963
GLN, 0, 29.008, 0.904915, -79417.031250, 0.290562962963
GLU, 10, 25.356, 0.828575, -80071.000000, 0.207940740741
GLY, 4, 24.949, 0.827639, -79822.375000, 0.230159259259
HIS, 4, 30.402, 0.956518, -80205.953125, 0.336788888889
ILE, 7, 26.124, 0.819504, -80210.640625, 0.278788888889
LEU, 5, 27.487, 0.902218, -79457.640625, 0.349325925926
LYS, 8, 26.720, 0.831126, -80867.562500, 0.242707407407
MET, 10, 26.046, 0.820946, -80234.859375, 0.221622222222
PHE, 8, 27.619, 0.899441, -80484.570312, 0.339081481481
PRO, 7, 25.774, 0.798515, -79920.101562, 0.268974074074
SER, 2, 26.400, 0.841941, -80529.531250, 0.234703703704
THR, 6, 26.511, 0.848141, -78973.765625, 0.375159259259
TRP, 6, 28.311, 0.845478, -80400.007812, 0.314955555556
TYR, 10, 28.597, 0.88518, -79918.421875, 0.270355555556
VAL, 8, 26.294, 0.807769, -80853.453125, 0.221659259259
