AMINO ACID, DSSP, SASA, GYRATE, ENERGY, RMSF
ALA, 4, 26.077, 0.829872, -80133.171875, 0.251659259259
ARG, 0, 29.561, 0.888713, -79831.054688, 0.298462962963
ASN, 10, 26.954, 0.813394, -80142.976562, 0.210481481481
ASP, 8, 25.606, 0.809225, -80863.968750, 0.207903703704
CYS, 5, 27.102, 0.858239, -80608.601562, 0.307162962963
GLN, 2, 28.852, 0.903222, -80511.882812, 0.290562962963
GLU, 8, 26.607, 0.830721, -79473.234375, 0.207940740741
GLY, 7, 24.898, 0.825421, -79532.968750, 0.230159259259
HIS, 4, 28.684, 0.963976, -79899.328125, 0.336788888889
ILE, 7, 27.484, 0.853366, -80056.437500, 0.278788888889
LEU, 5, 27.737, 0.905158, -80123.546875, 0.349325925926
LYS, 10, 25.152, 0.815438, -81387.921875, 0.242707407407
MET, 8, 26.259, 0.819079, -80227.828125, 0.221622222222
PHE, 10, 26.505, 0.884715, -79928.140625, 0.339081481481
PRO, 11, 24.922, 0.805778, -80318.609375, 0.268974074074
SER, 6, 25.545, 0.834722, -80977.546875, 0.234703703704
THR, 4, 25.898, 0.843282, -79518.453125, 0.375159259259
TRP, 2, 29.476, 0.852155, -80064.757812, 0.314955555556
TYR, 9, 28.114, 0.872081, -78697.812500, 0.270355555556
VAL, 8, 26.581, 0.801203, -80017.031250, 0.221659259259
