AMINO ACID, DSSP, SASA, GYRATE, ENERGY, RMSF
ALA, 4, 26.233, 0.839351, -80402.718750, 0.251659259259
ARG, 2, 29.216, 0.873338, -81116.968750, 0.298462962963
ASN, 10, 28.173, 0.816712, -80308.093750, 0.210481481481
ASP, 10, 24.830, 0.805751, -79384.500000, 0.207903703704
CYS, 12, 27.224, 0.854234, -80416.906250, 0.307162962963
GLN, 2, 30.522, 0.941862, -80607.601562, 0.290562962963
GLU, 8, 25.925, 0.819267, -80373.687500, 0.207940740741
GLY, 7, 25.859, 0.839365, -80926.468750, 0.230159259259
HIS, 6, 28.779, 0.964042, -79522.921875, 0.336788888889
ILE, 9, 26.928, 0.836567, -80114.851562, 0.278788888889
LEU, 5, 29.660, 0.917044, -80122.812500, 0.349325925926
LYS, 6, 27.066, 0.836287, -81166.093750, 0.242707407407
MET, 6, 25.238, 0.833285, -80447.250000, 0.221622222222
PHE, 8, 27.413, 0.904488, -80185.671875, 0.339081481481
PRO, 9, 25.123, 0.798544, -80261.578125, 0.268974074074
SER, 2, 27.273, 0.836153, -80500.117188, 0.234703703704
THR, 9, 27.118, 0.859214, -79403.328125, 0.375159259259
TRP, 4, 26.291, 0.839009, -80803.062500, 0.314955555556
TYR, 10, 27.726, 0.865305, -79567.078125, 0.270355555556
VAL, 8, 27.513, 0.825339, -79163.765625, 0.221659259259
