AMINO ACID, DSSP, SASA, GYRATE, ENERGY, RMSF
ALA, 4, 25.598, 0.832129, -80391.421875, 0.251659259259
ARG, 2, 31.020, 0.888344, -80525.312500, 0.298462962963
ASN, 10, 27.525, 0.819965, -80796.906250, 0.210481481481
ASP, 10, 24.651, 0.817364, -79655.859375, 0.207903703704
CYS, 7, 26.944, 0.859877, -80503.351562, 0.307162962963
GLN, 2, 29.952, 0.925037, -80207.835938, 0.290562962963
GLU, 7, 25.705, 0.829997, -79807.007812, 0.207940740741
GLY, 7, 25.596, 0.832744, -79973.562500, 0.230159259259
HIS, 6, 29.329, 0.975183, -80009.609375, 0.336788888889
ILE, 7, 26.663, 0.842179, -80243.140625, 0.278788888889
LEU, 5, 29.447, 0.915177, -81016.367188, 0.349325925926
LYS, 6, 27.149, 0.828398, -80924.445312, 0.242707407407
MET, 10, 25.301, 0.827491, -80359.281250, 0.221622222222
PHE, 6, 26.836, 0.870773, -81167.546875, 0.339081481481
PRO, 4, 24.665, 0.812226, -80747.187500, 0.268974074074
SER, 2, 25.205, 0.822122, -80221.421875, 0.234703703704
THR, 4, 26.050, 0.860102, -80713.132812, 0.375159259259
TRP, 4, 26.366, 0.835871, -80691.031250, 0.314955555556
TYR, 6, 28.011, 0.87402, -79907.843750, 0.270355555556
VAL, 8, 27.793, 0.831224, -79857.703125, 0.221659259259
