AMINO ACID, DSSP, SASA, GYRATE, ENERGY, RMSF
ALA, 4, 25.939, 0.836591, -80273.867188, 0.251659259259
ARG, 2, 29.049, 0.87258, -80536.031250, 0.298462962963
ASN, 8, 27.224, 0.819372, -80616.062500, 0.210481481481
ASP, 11, 25.374, 0.801397, -79387.468750, 0.207903703704
CYS, 10, 28.887, 0.874027, -81137.992188, 0.307162962963
GLN, 0, 27.374, 0.908811, -80076.500000, 0.290562962963
GLU, 9, 24.251, 0.820975, -79989.875000, 0.207940740741
GLY, 7, 26.826, 0.848875, -80841.609375, 0.230159259259
HIS, 4, 28.855, 0.953971, -80112.953125, 0.336788888889
ILE, 7, 26.616, 0.844877, -81159.210938, 0.278788888889
LEU, 7, 28.980, 0.90471, -79433.796875, 0.349325925926
LYS, 10, 26.728, 0.825769, -80508.757812, 0.242707407407
MET, 8, 25.713, 0.817128, -81034.593750, 0.221622222222
PHE, 6, 29.355, 0.916055, -79653.039062, 0.339081481481
PRO, 9, 25.254, 0.812989, -79659.562500, 0.268974074074
SER, 4, 28.188, 0.847903, -81138.328125, 0.234703703704
THR, 4, 27.272, 0.857875, -79653.898438, 0.375159259259
TRP, 4, 27.630, 0.843861, -80388.945312, 0.314955555556
TYR, 9, 27.775, 0.86853, -79460.171875, 0.270355555556
VAL, 8, 26.945, 0.811699, -80595.781250, 0.221659259259
