AMINO ACID, DSSP, SASA, GYRATE, ENERGY, RMSF
ALA, 4, 25.728, 0.81605, -79799.390625, 0.251659259259
ARG, 2, 27.085, 0.848542, -80493.398438, 0.298462962963
ASN, 8, 26.641, 0.818231, -81180.703125, 0.210481481481
ASP, 14, 25.240, 0.809902, -79746.593750, 0.207903703704
CYS, 5, 25.146, 0.850713, -80285.437500, 0.307162962963
GLN, 2, 27.886, 0.888903, -80242.414062, 0.290562962963
GLU, 10, 24.416, 0.829249, -80247.375000, 0.207940740741
GLY, 8, 25.895, 0.820963, -80028.742188, 0.230159259259
HIS, 4, 30.554, 0.940101, -80134.687500, 0.336788888889
ILE, 7, 25.720, 0.822261, -79827.984375, 0.278788888889
LEU, 9, 28.404, 0.895121, -79126.421875, 0.349325925926
LYS, 6, 26.208, 0.813211, -80521.687500, 0.242707407407
MET, 8, 26.394, 0.835053, -80848.453125, 0.221622222222
PHE, 6, 28.655, 0.899766, -80747.921875, 0.339081481481
PRO, 11, 25.412, 0.804555, -80599.460938, 0.268974074074
SER, 2, 28.105, 0.838457, -80107.125000, 0.234703703704
THR, 6, 26.913, 0.838496, -80705.171875, 0.375159259259
TRP, 4, 26.074, 0.826031, -79066.101562, 0.314955555556
TYR, 10, 28.952, 0.879893, -79630.015625, 0.270355555556
VAL, 8, 26.517, 0.808196, -79858.437500, 0.221659259259
