AMINO ACID, DSSP, SASA, GYRATE, ENERGY, RMSF
ALA, 4, 25.014, 0.818118, -80059.515625, 0.251659259259
ARG, 2, 26.444, 0.837246, -82112.328125, 0.298462962963
ASN, 8, 26.831, 0.819262, -80847.593750, 0.210481481481
ASP, 13, 24.909, 0.811865, -80270.218750, 0.207903703704
CYS, 5, 27.628, 0.869053, -80476.296875, 0.307162962963
GLN, 2, 28.206, 0.886082, -80378.960938, 0.290562962963
GLU, 9, 25.801, 0.837657, -80354.789062, 0.207940740741
GLY, 10, 26.080, 0.830966, -80334.218750, 0.230159259259
HIS, 4, 29.226, 0.932355, -79891.226562, 0.336788888889
ILE, 7, 25.567, 0.819569, -80384.593750, 0.278788888889
LEU, 9, 28.662, 0.892074, -79985.976562, 0.349325925926
LYS, 8, 26.869, 0.822439, -81107.187500, 0.242707407407
MET, 10, 25.036, 0.813501, -80290.976562, 0.221622222222
PHE, 8, 27.868, 0.8944, -80006.000000, 0.339081481481
PRO, 9, 25.542, 0.802394, -79542.921875, 0.268974074074
SER, 0, 27.154, 0.851218, -79918.484375, 0.234703703704
THR, 8, 27.322, 0.848042, -79329.343750, 0.375159259259
TRP, 4, 26.112, 0.825717, -79262.695312, 0.314955555556
TYR, 7, 28.521, 0.881702, -80174.234375, 0.270355555556
VAL, 6, 26.362, 0.813124, -80697.500000, 0.221659259259
