AMINO ACID, DSSP, SASA, GYRATE, ENERGY, RMSF
ALA, 4, 26.040, 0.81191, -80115.039062, 0.251659259259
ARG, 2, 27.574, 0.838566, -80437.265625, 0.298462962963
ASN, 8, 25.891, 0.826672, -80307.695312, 0.210481481481
ASP, 8, 25.445, 0.816296, -79890.406250, 0.207903703704
CYS, 5, 25.519, 0.862977, -80728.867188, 0.307162962963
GLN, 2, 28.678, 0.905976, -79697.195312, 0.290562962963
GLU, 9, 24.608, 0.819322, -80599.468750, 0.207940740741
GLY, 6, 25.960, 0.833682, -80899.765625, 0.230159259259
HIS, 4, 28.035, 0.918301, -79202.273438, 0.336788888889
ILE, 7, 25.545, 0.810546, -81160.289062, 0.278788888889
LEU, 9, 27.727, 0.896018, -80787.554688, 0.349325925926
LYS, 8, 27.729, 0.813967, -81019.031250, 0.242707407407
MET, 11, 25.132, 0.818941, -80102.015625, 0.221622222222
PHE, 4, 27.628, 0.899296, -80043.851562, 0.339081481481
PRO, 11, 25.817, 0.80533, -80207.882812, 0.268974074074
SER, 4, 28.523, 0.852527, -80808.390625, 0.234703703704
THR, 4, 28.269, 0.856513, -79732.875000, 0.375159259259
TRP, 4, 28.108, 0.842207, -80220.687500, 0.314955555556
TYR, 9, 28.474, 0.885432, -80615.437500, 0.270355555556
VAL, 8, 26.159, 0.816567, -80757.859375, 0.221659259259
