AMINO ACID, DSSP, SASA, GYRATE, ENERGY, RMSF
ALA, 4, 26.159, 0.821952, -81030.226562, 0.251659259259
ARG, 0, 28.046, 0.865531, -80333.609375, 0.298462962963
ASN, 10, 27.466, 0.824804, -80487.820312, 0.210481481481
ASP, 6, 25.651, 0.830875, -81733.328125, 0.207903703704
CYS, 10, 27.083, 0.863973, -80157.945312, 0.307162962963
GLN, 7, 27.643, 0.878847, -80256.234375, 0.290562962963
GLU, 11, 24.599, 0.823359, -79774.351562, 0.207940740741
GLY, 8, 26.727, 0.835533, -81194.132812, 0.230159259259
HIS, 6, 29.705, 0.960706, -80759.757812, 0.336788888889
ILE, 7, 26.622, 0.835585, -79366.062500, 0.278788888889
LEU, 9, 27.862, 0.881547, -80273.859375, 0.349325925926
LYS, 9, 27.191, 0.808664, -79648.257812, 0.242707407407
MET, 10, 26.228, 0.833138, -80209.187500, 0.221622222222
PHE, 6, 27.145, 0.887786, -79832.281250, 0.339081481481
PRO, 2, 25.830, 0.814421, -80934.000000, 0.268974074074
SER, 6, 26.641, 0.839665, -79631.054688, 0.234703703704
THR, 4, 27.066, 0.858431, -80363.953125, 0.375159259259
TRP, 4, 27.018, 0.84781, -80467.664062, 0.314955555556
TYR, 9, 28.454, 0.895387, -79738.718750, 0.270355555556
VAL, 8, 26.589, 0.797472, -79412.859375, 0.221659259259
