AMINO ACID, DSSP, SASA, GYRATE, ENERGY, RMSF
ALA, 4, 25.689, 0.827021, -80603.976562, 0.251659259259
ARG, 0, 27.291, 0.864915, -80137.984375, 0.298462962963
ASN, 10, 27.655, 0.820307, -81843.656250, 0.210481481481
ASP, 8, 25.049, 0.832746, -79250.515625, 0.207903703704
CYS, 13, 26.718, 0.850547, -80932.039062, 0.307162962963
GLN, 4, 27.312, 0.876917, -80056.718750, 0.290562962963
GLU, 9, 25.843, 0.833268, -80032.265625, 0.207940740741
GLY, 6, 25.456, 0.820983, -79921.859375, 0.230159259259
HIS, 4, 28.563, 0.919945, -80004.015625, 0.336788888889
ILE, 7, 26.971, 0.838646, -81263.007812, 0.278788888889
LEU, 5, 28.562, 0.908365, -80057.812500, 0.349325925926
LYS, 9, 26.471, 0.813398, -81060.460938, 0.242707407407
MET, 9, 24.964, 0.823358, -80722.875000, 0.221622222222
PHE, 8, 27.289, 0.882642, -79483.703125, 0.339081481481
PRO, 11, 25.802, 0.814289, -80817.625000, 0.268974074074
SER, 4, 26.003, 0.846856, -80390.484375, 0.234703703704
THR, 4, 27.099, 0.84198, -80997.156250, 0.375159259259
TRP, 4, 25.670, 0.815869, -80147.445312, 0.314955555556
TYR, 6, 28.958, 0.89542, -80075.062500, 0.270355555556
VAL, 8, 26.118, 0.812903, -80123.273438, 0.221659259259
