AMINO ACID, DSSP, SASA, GYRATE, ENERGY, RMSF
ALA, 4, 26.608, 0.831534, -80102.812500, 0.251659259259
ARG, 2, 29.498, 0.873518, -80287.203125, 0.298462962963
ASN, 10, 27.168, 0.829121, -80611.468750, 0.210481481481
ASP, 6, 26.356, 0.831148, -80673.250000, 0.207903703704
CYS, 5, 26.699, 0.842252, -80049.046875, 0.307162962963
GLN, 4, 27.200, 0.86973, -80635.054688, 0.290562962963
GLU, 4, 26.465, 0.849471, -80240.476562, 0.207940740741
GLY, 6, 26.218, 0.827365, -80411.375000, 0.230159259259
HIS, 4, 28.408, 0.928383, -80271.023438, 0.336788888889
ILE, 7, 26.651, 0.839359, -80051.359375, 0.278788888889
LEU, 7, 28.568, 0.899936, -80668.281250, 0.349325925926
LYS, 9, 26.014, 0.807984, -81451.656250, 0.242707407407
MET, 11, 27.091, 0.824662, -79406.984375, 0.221622222222
PHE, 6, 27.200, 0.877235, -80177.234375, 0.339081481481
PRO, 11, 26.053, 0.818851, -79703.531250, 0.268974074074
SER, 6, 26.774, 0.833902, -80272.523438, 0.234703703704
THR, 2, 27.106, 0.852797, -80617.031250, 0.375159259259
TRP, 4, 23.571, 0.801203, -79742.343750, 0.314955555556
TYR, 7, 28.828, 0.885812, -80618.921875, 0.270355555556
VAL, 8, 25.347, 0.808213, -81585.359375, 0.221659259259
