AMINO ACID, DSSP, SASA, GYRATE, ENERGY, RMSF
ALA, 4, 26.713, 0.837748, -80695.687500, 0.251659259259
ARG, 0, 28.044, 0.87352, -80760.937500, 0.298462962963
ASN, 10, 25.558, 0.808586, -79759.804688, 0.210481481481
ASP, 10, 26.480, 0.852013, -80067.750000, 0.207903703704
CYS, 3, 27.373, 0.872274, -79871.656250, 0.307162962963
GLN, 4, 28.490, 0.883453, -80257.750000, 0.290562962963
GLU, 8, 25.346, 0.811785, -80336.484375, 0.207940740741
GLY, 6, 25.540, 0.833022, -79895.437500, 0.230159259259
HIS, 6, 28.321, 0.925347, -80799.546875, 0.336788888889
ILE, 7, 26.700, 0.816235, -79888.765625, 0.278788888889
LEU, 9, 28.369, 0.916286, -80351.257812, 0.349325925926
LYS, 7, 26.925, 0.816684, -81009.625000, 0.242707407407
MET, 9, 24.814, 0.816263, -80388.015625, 0.221622222222
PHE, 6, 28.496, 0.894621, -80237.078125, 0.339081481481
PRO, 9, 24.997, 0.811375, -80230.843750, 0.268974074074
SER, 6, 27.569, 0.844809, -79441.070312, 0.234703703704
THR, 8, 26.767, 0.845101, -80247.171875, 0.375159259259
TRP, 0, 26.394, 0.82787, -80165.109375, 0.314955555556
TYR, 9, 27.985, 0.878664, -79882.921875, 0.270355555556
VAL, 8, 26.865, 0.826092, -81218.968750, 0.221659259259
