AMINO ACID, DSSP, SASA, GYRATE, ENERGY, RMSF
ALA, 4, 26.898, 0.833377, -81220.281250, 0.251659259259
ARG, 2, 29.746, 0.887264, -80384.468750, 0.298462962963
ASN, 14, 25.513, 0.818404, -80009.500000, 0.210481481481
ASP, 4, 26.143, 0.827667, -80628.679688, 0.207903703704
CYS, 5, 29.687, 0.867408, -80567.796875, 0.307162962963
GLN, 4, 27.010, 0.886661, -80151.390625, 0.290562962963
GLU, 8, 26.063, 0.840507, -79841.765625, 0.207940740741
GLY, 7, 24.986, 0.816511, -80358.046875, 0.230159259259
HIS, 6, 28.290, 0.914017, -79603.148438, 0.336788888889
ILE, 7, 26.243, 0.828704, -80399.367188, 0.278788888889
LEU, 7, 28.552, 0.896957, -80513.242188, 0.349325925926
LYS, 11, 27.726, 0.831775, -79987.085938, 0.242707407407
MET, 6, 27.155, 0.838453, -80282.750000, 0.221622222222
PHE, 6, 27.798, 0.888866, -79978.062500, 0.339081481481
PRO, 9, 25.652, 0.816744, -80516.015625, 0.268974074074
SER, 4, 27.868, 0.849344, -80030.585938, 0.234703703704
THR, 6, 28.240, 0.867042, -79763.000000, 0.375159259259
TRP, 4, 25.505, 0.830678, -80210.906250, 0.314955555556
TYR, 11, 30.373, 0.87698, -79737.312500, 0.270355555556
VAL, 8, 26.390, 0.819607, -80665.953125, 0.221659259259
