AMINO ACID, DSSP, SASA, GYRATE, ENERGY, RMSF
ALA, 2, 26.792, 0.83548, -80817.093750, 0.251659259259
ARG, 0, 28.205, 0.884181, -81188.500000, 0.298462962963
ASN, 12, 26.360, 0.823101, -80608.289062, 0.210481481481
ASP, 6, 27.114, 0.830512, -79986.859375, 0.207903703704
CYS, 7, 29.137, 0.863724, -81369.578125, 0.307162962963
GLN, 4, 28.065, 0.884389, -80859.164062, 0.290562962963
GLU, 9, 25.960, 0.828091, -79593.843750, 0.207940740741
GLY, 8, 23.686, 0.817342, -79041.765625, 0.230159259259
HIS, 6, 28.607, 0.91386, -80386.257812, 0.336788888889
ILE, 7, 25.518, 0.822317, -80537.171875, 0.278788888889
LEU, 9, 28.780, 0.901412, -79892.867188, 0.349325925926
LYS, 9, 27.256, 0.827259, -80637.812500, 0.242707407407
MET, 8, 27.665, 0.83418, -79618.281250, 0.221622222222
PHE, 8, 27.110, 0.904689, -79996.468750, 0.339081481481
PRO, 11, 25.834, 0.814199, -80326.164062, 0.268974074074
SER, 7, 27.783, 0.846405, -80150.023438, 0.234703703704
THR, 6, 28.335, 0.874815, -79875.812500, 0.375159259259
TRP, 0, 26.525, 0.826127, -79930.007812, 0.314955555556
TYR, 11, 29.420, 0.866581, -79837.781250, 0.270355555556
VAL, 8, 25.440, 0.809496, -79613.148438, 0.221659259259
