AMINO ACID, DSSP, SASA, GYRATE, ENERGY, RMSF
ALA, 8, 28.271, 0.85483, -79695.625000, 0.251659259259
ARG, 4, 28.774, 0.851469, -81162.203125, 0.298462962963
ASN, 8, 26.989, 0.834603, -80759.351562, 0.210481481481
ASP, 7, 24.524, 0.798328, -80247.820312, 0.207903703704
CYS, 10, 25.883, 0.836213, -79289.546875, 0.307162962963
GLN, 12, 27.602, 0.854009, -80886.640625, 0.290562962963
GLU, 15, 24.463, 0.80616, -79274.132812, 0.207940740741
GLY, 8, 25.631, 0.828186, -79948.757812, 0.230159259259
HIS, 13, 26.901, 0.837354, -79979.976562, 0.336788888889
ILE, 9, 28.974, 0.896268, -80028.945312, 0.278788888889
LEU, 11, 25.561, 0.792521, -79960.109375, 0.349325925926
LYS, 9, 26.469, 0.827974, -80668.570312, 0.242707407407
MET, 8, 26.431, 0.816553, -79902.937500, 0.221622222222
PHE, 8, 26.948, 0.805924, -80591.828125, 0.339081481481
PRO, 6, 26.673, 0.814521, -80537.687500, 0.268974074074
SER, 12, 26.662, 0.8118, -80264.226562, 0.234703703704
THR, 8, 25.978, 0.812069, -79933.484375, 0.375159259259
TRP, 6, 29.222, 0.860922, -79841.875000, 0.314955555556
TYR, 8, 27.834, 0.8638, -79963.718750, 0.270355555556
VAL, 10, 26.945, 0.848405, -80132.781250, 0.221659259259
