AMINO ACID, DSSP, SASA, GYRATE, ENERGY, RMSF
ALA, 8, 28.114, 0.84709, -80115.757812, 0.251659259259
ARG, 2, 28.656, 0.852962, -81506.054688, 0.298462962963
ASN, 8, 26.976, 0.832445, -81578.882812, 0.210481481481
ASP, 7, 25.406, 0.797377, -79787.460938, 0.207903703704
CYS, 10, 24.477, 0.841135, -79714.500000, 0.307162962963
GLN, 10, 28.100, 0.85065, -80948.085938, 0.290562962963
GLU, 12, 25.444, 0.804852, -79993.742188, 0.207940740741
GLY, 4, 25.399, 0.829068, -80384.328125, 0.230159259259
HIS, 10, 27.954, 0.834388, -80295.648438, 0.336788888889
ILE, 6, 27.853, 0.887744, -80099.406250, 0.278788888889
LEU, 11, 25.834, 0.802078, -80824.929688, 0.349325925926
LYS, 9, 27.600, 0.82398, -81005.171875, 0.242707407407
MET, 8, 25.495, 0.821169, -79877.546875, 0.221622222222
PHE, 12, 25.962, 0.8051, -80480.398438, 0.339081481481
PRO, 6, 26.358, 0.823649, -80770.562500, 0.268974074074
SER, 12, 26.284, 0.813197, -79955.312500, 0.234703703704
THR, 6, 25.940, 0.812053, -79710.296875, 0.375159259259
TRP, 9, 28.540, 0.862426, -79873.617188, 0.314955555556
TYR, 7, 27.778, 0.871509, -80323.093750, 0.270355555556
VAL, 10, 26.965, 0.837341, -80164.742188, 0.221659259259
