AMINO ACID, DSSP, SASA, GYRATE, ENERGY, RMSF
ALA, 4, 25.665, 0.811589, -79377.507812, 0.251659259259
ARG, 0, 27.511, 0.861494, -81028.007812, 0.298462962963
ASN, 8, 26.737, 0.820808, -80611.828125, 0.210481481481
ASP, 9, 25.431, 0.810213, -80339.375000, 0.207903703704
CYS, 7, 27.278, 0.849142, -79971.281250, 0.307162962963
GLN, 6, 27.278, 0.886315, -81869.953125, 0.290562962963
GLU, 8, 24.704, 0.830516, -78883.781250, 0.207940740741
GLY, 6, 25.289, 0.819996, -79791.078125, 0.230159259259
HIS, 4, 29.959, 0.931908, -79728.664062, 0.336788888889
ILE, 7, 27.059, 0.826973, -79854.234375, 0.278788888889
LEU, 9, 28.207, 0.894864, -79686.140625, 0.349325925926
LYS, 7, 25.610, 0.800358, -79714.421875, 0.242707407407
MET, 10, 26.998, 0.841661, -80002.515625, 0.221622222222
PHE, 8, 29.082, 0.894945, -80640.140625, 0.339081481481
PRO, 2, 25.868, 0.807022, -80403.468750, 0.268974074074
SER, 4, 27.606, 0.847528, -80585.132812, 0.234703703704
THR, 6, 29.062, 0.869114, -80682.968750, 0.375159259259
TRP, 2, 26.712, 0.827479, -79622.765625, 0.314955555556
TYR, 7, 27.483, 0.862085, -78702.109375, 0.270355555556
VAL, 4, 25.980, 0.822705, -80963.992188, 0.221659259259
