AMINO ACID, DSSP, SASA, GYRATE, ENERGY, RMSF
ALA, 4, 26.266, 0.822846, -80576.742188, 0.251659259259
ARG, 0, 27.595, 0.854462, -80971.367188, 0.298462962963
ASN, 12, 25.690, 0.818369, -80438.906250, 0.210481481481
ASP, 10, 27.377, 0.844368, -79419.460938, 0.207903703704
CYS, 10, 27.466, 0.843879, -79799.968750, 0.307162962963
GLN, 9, 27.621, 0.885154, -80089.390625, 0.290562962963
GLU, 9, 26.204, 0.828663, -80618.687500, 0.207940740741
GLY, 6, 24.729, 0.807259, -80107.156250, 0.230159259259
HIS, 4, 29.123, 0.940714, -79436.070312, 0.336788888889
ILE, 7, 26.770, 0.823625, -80756.242188, 0.278788888889
LEU, 7, 29.078, 0.904651, -80682.812500, 0.349325925926
LYS, 9, 26.728, 0.813942, -79560.906250, 0.242707407407
MET, 8, 27.046, 0.843175, -79616.664062, 0.221622222222
PHE, 8, 29.740, 0.912888, -80031.921875, 0.339081481481
PRO, 9, 25.280, 0.810901, -79969.890625, 0.268974074074
SER, 4, 27.434, 0.837939, -80057.953125, 0.234703703704
THR, 8, 26.695, 0.840656, -79751.953125, 0.375159259259
TRP, 2, 27.748, 0.831193, -79943.937500, 0.314955555556
TYR, 5, 30.861, 0.911504, -79575.078125, 0.270355555556
VAL, 7, 26.507, 0.817623, -80647.890625, 0.221659259259
