AMINO ACID, DSSP, SASA, GYRATE, ENERGY, RMSF
ALA, 4, 26.237, 0.84324, -80190.757812, 0.251659259259
ARG, 2, 29.864, 0.884605, -79954.343750, 0.298462962963
ASN, 12, 26.413, 0.813237, -81035.007812, 0.210481481481
ASP, 10, 26.205, 0.843039, -80018.617188, 0.207903703704
CYS, 7, 26.081, 0.860962, -81018.992188, 0.307162962963
GLN, 6, 29.466, 0.885663, -80221.804688, 0.290562962963
GLU, 7, 25.809, 0.814763, -79534.203125, 0.207940740741
GLY, 4, 25.843, 0.818836, -80103.093750, 0.230159259259
HIS, 4, 28.829, 0.940096, -80820.554688, 0.336788888889
ILE, 9, 26.484, 0.823554, -79238.242188, 0.278788888889
LEU, 7, 28.658, 0.902816, -80789.437500, 0.349325925926
LYS, 7, 26.228, 0.816538, -81128.148438, 0.242707407407
MET, 6, 26.494, 0.838758, -80215.734375, 0.221622222222
PHE, 8, 26.980, 0.863294, -79677.859375, 0.339081481481
PRO, 6, 26.539, 0.810992, -80053.078125, 0.268974074074
SER, 4, 27.449, 0.8455, -79606.656250, 0.234703703704
THR, 2, 28.415, 0.874223, -80261.695312, 0.375159259259
TRP, 2, 27.159, 0.855327, -80350.445312, 0.314955555556
TYR, 7, 27.885, 0.898888, -80050.171875, 0.270355555556
VAL, 8, 25.972, 0.809816, -80814.781250, 0.221659259259
