AMINO ACID, DSSP, SASA, GYRATE, ENERGY, RMSF
ALA, 4, 25.923, 0.823641, -80266.890625, 0.251659259259
ARG, 6, 29.093, 0.868869, -80860.414062, 0.298462962963
ASN, 8, 26.753, 0.824842, -80946.226562, 0.210481481481
ASP, 8, 26.120, 0.825743, -80304.765625, 0.207903703704
CYS, 9, 27.664, 0.844938, -79812.500000, 0.307162962963
GLN, 2, 27.551, 0.890776, -80253.617188, 0.290562962963
GLU, 7, 25.601, 0.819549, -79528.906250, 0.207940740741
GLY, 6, 24.176, 0.795373, -79574.242188, 0.230159259259
HIS, 4, 29.030, 0.947104, -79859.156250, 0.336788888889
ILE, 7, 25.757, 0.83294, -79882.015625, 0.278788888889
LEU, 9, 28.877, 0.911021, -80076.085938, 0.349325925926
LYS, 9, 26.586, 0.808226, -81561.632812, 0.242707407407
MET, 8, 27.107, 0.844948, -80377.765625, 0.221622222222
PHE, 8, 27.404, 0.879922, -79746.875000, 0.339081481481
PRO, 7, 24.348, 0.800588, -79839.875000, 0.268974074074
SER, 2, 27.977, 0.850572, -80014.023438, 0.234703703704
THR, 6, 26.923, 0.841809, -80904.750000, 0.375159259259
TRP, 2, 26.795, 0.846812, -80061.078125, 0.314955555556
TYR, 6, 27.762, 0.872752, -79979.890625, 0.270355555556
VAL, 6, 26.781, 0.824376, -79559.445312, 0.221659259259
