AMINO ACID, DSSP, SASA, GYRATE, ENERGY, RMSF
ALA, 4, 25.774, 0.82653, -79850.976562, 0.251659259259
ARG, 4, 27.632, 0.851641, -81168.703125, 0.298462962963
ASN, 13, 27.577, 0.827085, -80962.593750, 0.210481481481
ASP, 6, 25.755, 0.816816, -79670.039062, 0.207903703704
CYS, 5, 25.638, 0.839896, -80059.195312, 0.307162962963
GLN, 2, 27.897, 0.889254, -80598.500000, 0.290562962963
GLU, 6, 25.909, 0.82534, -80368.468750, 0.207940740741
GLY, 8, 25.431, 0.809506, -79853.859375, 0.230159259259
HIS, 2, 27.985, 0.917684, -79769.468750, 0.336788888889
ILE, 7, 25.835, 0.823793, -80828.578125, 0.278788888889
LEU, 7, 28.511, 0.898222, -80348.273438, 0.349325925926
LYS, 7, 26.147, 0.802932, -81157.195312, 0.242707407407
MET, 6, 26.977, 0.828621, -80134.937500, 0.221622222222
PHE, 4, 26.049, 0.864906, -80333.007812, 0.339081481481
PRO, 0, 27.041, 0.819836, -79746.507812, 0.268974074074
SER, 2, 28.682, 0.845032, -80102.031250, 0.234703703704
THR, 6, 26.382, 0.847028, -80153.875000, 0.375159259259
TRP, 0, 27.144, 0.828372, -78955.031250, 0.314955555556
TYR, 5, 28.792, 0.887491, -79900.617188, 0.270355555556
VAL, 8, 29.273, 0.84623, -80119.187500, 0.221659259259
