AMINO ACID, DSSP, SASA, GYRATE, ENERGY, RMSF
ALA, 2, 26.103, 0.832091, -80185.468750, 0.251659259259
ARG, 2, 27.395, 0.862411, -79864.656250, 0.298462962963
ASN, 14, 26.769, 0.830345, -79542.640625, 0.210481481481
ASP, 10, 28.352, 0.830109, -80432.304688, 0.207903703704
CYS, 5, 27.336, 0.857836, -80730.539062, 0.307162962963
GLN, 6, 26.156, 0.877828, -79863.906250, 0.290562962963
GLU, 11, 24.614, 0.817639, -80215.695312, 0.207940740741
GLY, 10, 23.513, 0.79242, -81322.796875, 0.230159259259
HIS, 4, 29.247, 0.932794, -80398.851562, 0.336788888889
ILE, 4, 26.731, 0.840804, -80164.453125, 0.278788888889
LEU, 9, 28.139, 0.89788, -80331.875000, 0.349325925926
LYS, 5, 25.900, 0.803911, -80873.726562, 0.242707407407
MET, 9, 26.686, 0.827435, -80341.671875, 0.221622222222
PHE, 2, 27.215, 0.859694, -79077.093750, 0.339081481481
PRO, 9, 26.587, 0.810767, -80395.546875, 0.268974074074
SER, 4, 27.616, 0.843118, -79233.703125, 0.234703703704
THR, 9, 26.580, 0.853939, -80628.093750, 0.375159259259
TRP, 4, 27.954, 0.856384, -79450.929688, 0.314955555556
TYR, 7, 27.953, 0.847128, -80206.179688, 0.270355555556
VAL, 4, 26.639, 0.838889, -80376.976562, 0.221659259259
