AMINO ACID, DSSP, SASA, GYRATE, ENERGY, RMSF
ALA, 4, 25.030, 0.822142, -80929.523438, 0.251659259259
ARG, 0, 27.452, 0.862397, -81178.328125, 0.298462962963
ASN, 14, 25.862, 0.847079, -80263.867188, 0.210481481481
ASP, 10, 27.890, 0.826772, -81188.484375, 0.207903703704
CYS, 5, 26.395, 0.85061, -80797.429688, 0.307162962963
GLN, 5, 25.882, 0.856637, -80812.117188, 0.290562962963
GLU, 9, 23.595, 0.818222, -80249.421875, 0.207940740741
GLY, 7, 23.105, 0.799946, -79894.531250, 0.230159259259
HIS, 6, 28.463, 0.916511, -80489.875000, 0.336788888889
ILE, 6, 29.314, 0.855951, -79840.281250, 0.278788888889
LEU, 9, 27.433, 0.896286, -80146.671875, 0.349325925926
LYS, 9, 26.061, 0.79957, -79641.664062, 0.242707407407
MET, 9, 26.956, 0.832248, -79357.203125, 0.221622222222
PHE, 4, 26.819, 0.863063, -80056.570312, 0.339081481481
PRO, 9, 25.869, 0.812797, -80122.390625, 0.268974074074
SER, 4, 26.836, 0.830233, -79522.406250, 0.234703703704
THR, 6, 28.324, 0.84874, -80354.382812, 0.375159259259
TRP, 2, 27.293, 0.843181, -79331.890625, 0.314955555556
TYR, 10, 28.069, 0.846854, -79764.226562, 0.270355555556
VAL, 7, 27.265, 0.85271, -80164.281250, 0.221659259259
