AMINO ACID, DSSP, SASA, GYRATE, ENERGY, RMSF
ALA, 4, 25.460, 0.82201, -79153.859375, 0.251659259259
ARG, 2, 28.140, 0.862594, -81727.070312, 0.298462962963
ASN, 7, 27.239, 0.82118, -80644.132812, 0.210481481481
ASP, 6, 26.527, 0.811395, -78998.554688, 0.207903703704
CYS, 7, 25.955, 0.843097, -80016.398438, 0.307162962963
GLN, 2, 27.639, 0.861963, -79865.234375, 0.290562962963
GLU, 9, 22.944, 0.811867, -79647.812500, 0.207940740741
GLY, 8, 25.781, 0.808381, -79836.328125, 0.230159259259
HIS, 6, 27.888, 0.903396, -80658.125000, 0.336788888889
ILE, 7, 26.663, 0.821591, -80721.312500, 0.278788888889
LEU, 7, 28.311, 0.915304, -80140.539062, 0.349325925926
LYS, 9, 27.259, 0.810865, -81295.632812, 0.242707407407
MET, 4, 27.690, 0.833672, -80727.187500, 0.221622222222
PHE, 8, 25.355, 0.880887, -79217.445312, 0.339081481481
PRO, 7, 26.368, 0.823967, -79420.335938, 0.268974074074
SER, 8, 26.755, 0.842023, -81248.554688, 0.234703703704
THR, 2, 26.149, 0.830439, -80915.625000, 0.375159259259
TRP, 4, 29.003, 0.861115, -80004.867188, 0.314955555556
TYR, 10, 28.426, 0.854152, -79429.671875, 0.270355555556
VAL, 6, 27.068, 0.856079, -80137.585938, 0.221659259259
