AMINO ACID, DSSP, SASA, GYRATE, ENERGY, RMSF
ALA, 4, 26.879, 0.828564, -80595.101562, 0.251659259259
ARG, 4, 28.397, 0.86683, -80982.460938, 0.298462962963
ASN, 12, 26.119, 0.823344, -81144.515625, 0.210481481481
ASP, 8, 26.504, 0.819026, -80414.796875, 0.207903703704
CYS, 7, 27.146, 0.840892, -79513.335938, 0.307162962963
GLN, 7, 27.484, 0.88017, -80597.476562, 0.290562962963
GLU, 12, 24.995, 0.81752, -79299.453125, 0.207940740741
GLY, 4, 24.817, 0.829121, -80198.281250, 0.230159259259
HIS, 6, 30.103, 0.92175, -80678.406250, 0.336788888889
ILE, 5, 26.671, 0.818048, -80888.781250, 0.278788888889
LEU, 9, 28.794, 0.902105, -80019.375000, 0.349325925926
LYS, 9, 26.963, 0.80646, -80707.960938, 0.242707407407
MET, 5, 27.525, 0.845753, -80150.156250, 0.221622222222
PHE, 8, 28.115, 0.877011, -79949.250000, 0.339081481481
PRO, 7, 24.826, 0.808264, -80948.898438, 0.268974074074
SER, 6, 26.677, 0.845941, -80045.468750, 0.234703703704
THR, 2, 26.263, 0.842562, -80274.265625, 0.375159259259
TRP, 2, 27.666, 0.85335, -79883.226562, 0.314955555556
TYR, 9, 25.602, 0.847539, -80993.726562, 0.270355555556
VAL, 8, 26.133, 0.832445, -80001.757812, 0.221659259259
