AMINO ACID, DSSP, SASA, GYRATE, ENERGY, RMSF
ALA, 8, 28.628, 0.851959, -80071.101562, 0.251659259259
ARG, 6, 28.304, 0.858659, -80241.492188, 0.298462962963
ASN, 8, 28.019, 0.838583, -81145.484375, 0.210481481481
ASP, 12, 24.921, 0.800437, -80519.570312, 0.207903703704
CYS, 4, 27.302, 0.845307, -80713.531250, 0.307162962963
GLN, 8, 28.336, 0.831741, -80303.484375, 0.290562962963
GLU, 15, 26.697, 0.822048, -80615.296875, 0.207940740741
GLY, 4, 24.847, 0.828337, -79414.789062, 0.230159259259
HIS, 6, 27.592, 0.859799, -80244.820312, 0.336788888889
ILE, 6, 27.897, 0.877458, -80384.093750, 0.278788888889
LEU, 12, 26.360, 0.806191, -80043.109375, 0.349325925926
LYS, 9, 25.902, 0.826543, -81823.406250, 0.242707407407
MET, 6, 26.403, 0.824678, -80821.359375, 0.221622222222
PHE, 10, 25.567, 0.809365, -79805.375000, 0.339081481481
PRO, 6, 26.413, 0.833427, -80205.351562, 0.268974074074
SER, 12, 25.826, 0.807795, -80344.742188, 0.234703703704
THR, 9, 28.089, 0.815422, -80004.585938, 0.375159259259
TRP, 4, 28.985, 0.867078, -79673.109375, 0.314955555556
TYR, 7, 28.403, 0.860684, -80164.507812, 0.270355555556
VAL, 10, 27.750, 0.840647, -80263.078125, 0.221659259259
