AMINO ACID, DSSP, SASA, GYRATE, ENERGY, RMSF
ALA, 4, 27.483, 0.846532, -80747.281250, 0.251659259259
ARG, 6, 28.666, 0.864023, -80670.046875, 0.298462962963
ASN, 10, 26.905, 0.820367, -79972.867188, 0.210481481481
ASP, 8, 25.485, 0.807122, -80075.796875, 0.207903703704
CYS, 7, 25.101, 0.836138, -80450.453125, 0.307162962963
GLN, 2, 27.918, 0.883966, -80673.109375, 0.290562962963
GLU, 6, 25.056, 0.81704, -79852.125000, 0.207940740741
GLY, 9, 24.849, 0.822404, -80418.453125, 0.230159259259
HIS, 6, 30.211, 0.933489, -80161.406250, 0.336788888889
ILE, 7, 25.271, 0.806755, -80211.390625, 0.278788888889
LEU, 7, 28.671, 0.892171, -80724.593750, 0.349325925926
LYS, 7, 26.943, 0.803269, -80568.234375, 0.242707407407
MET, 11, 26.482, 0.821314, -80228.484375, 0.221622222222
PHE, 10, 27.223, 0.871217, -79626.929688, 0.339081481481
PRO, 9, 25.524, 0.806585, -81104.429688, 0.268974074074
SER, 4, 26.050, 0.837404, -80394.578125, 0.234703703704
THR, 2, 26.370, 0.838931, -79829.734375, 0.375159259259
TRP, 2, 27.250, 0.842343, -79359.515625, 0.314955555556
TYR, 5, 28.099, 0.854448, -80365.593750, 0.270355555556
VAL, 4, 26.960, 0.842959, -80451.015625, 0.221659259259
