AMINO ACID, DSSP, SASA, GYRATE, ENERGY, RMSF
ALA, 4, 26.928, 0.836496, -79370.851562, 0.251659259259
ARG, 0, 28.209, 0.862197, -81169.617188, 0.298462962963
ASN, 10, 26.747, 0.820652, -80421.406250, 0.210481481481
ASP, 12, 25.817, 0.811046, -80596.546875, 0.207903703704
CYS, 5, 25.619, 0.856007, -80805.609375, 0.307162962963
GLN, 5, 27.335, 0.874124, -80534.203125, 0.290562962963
GLU, 9, 25.483, 0.821205, -80232.015625, 0.207940740741
GLY, 8, 25.046, 0.810821, -80314.625000, 0.230159259259
HIS, 6, 28.883, 0.95153, -81050.273438, 0.336788888889
ILE, 7, 26.956, 0.831431, -80334.242188, 0.278788888889
LEU, 5, 28.575, 0.928709, -78635.734375, 0.349325925926
LYS, 9, 25.440, 0.803923, -80643.281250, 0.242707407407
MET, 8, 27.802, 0.829908, -79440.187500, 0.221622222222
PHE, 4, 26.401, 0.858615, -79586.054688, 0.339081481481
PRO, 5, 25.691, 0.815073, -79980.882812, 0.268974074074
SER, 8, 26.691, 0.820791, -80787.187500, 0.234703703704
THR, 6, 25.097, 0.84239, -80235.812500, 0.375159259259
TRP, 2, 27.451, 0.850217, -80874.468750, 0.314955555556
TYR, 7, 26.863, 0.853333, -79632.406250, 0.270355555556
VAL, 6, 27.518, 0.848509, -80309.742188, 0.221659259259
