AMINO ACID, DSSP, SASA, GYRATE, ENERGY, RMSF
ALA, 8, 28.227, 0.854626, -80346.234375, 0.251659259259
ARG, 10, 28.688, 0.836117, -81000.507812, 0.298462962963
ASN, 6, 27.387, 0.837173, -80077.445312, 0.210481481481
ASP, 7, 25.202, 0.791103, -79664.296875, 0.207903703704
CYS, 6, 27.628, 0.840778, -81107.546875, 0.307162962963
GLN, 10, 28.820, 0.844089, -80121.101562, 0.290562962963
GLU, 13, 26.949, 0.833375, -79871.531250, 0.207940740741
GLY, 10, 26.300, 0.833056, -80858.882812, 0.230159259259
HIS, 11, 26.906, 0.842337, -79463.210938, 0.336788888889
ILE, 4, 27.941, 0.859849, -79389.687500, 0.278788888889
LEU, 7, 25.603, 0.807486, -79881.234375, 0.349325925926
LYS, 7, 26.268, 0.819946, -80900.750000, 0.242707407407
MET, 9, 26.384, 0.820263, -80442.539062, 0.221622222222
PHE, 10, 25.513, 0.808025, -80131.515625, 0.339081481481
PRO, 4, 24.847, 0.825372, -80174.257812, 0.268974074074
SER, 10, 25.684, 0.798826, -80236.375000, 0.234703703704
THR, 6, 26.901, 0.809701, -80498.484375, 0.375159259259
TRP, 8, 28.365, 0.846898, -80966.359375, 0.314955555556
TYR, 7, 29.088, 0.876612, -79745.125000, 0.270355555556
VAL, 12, 24.588, 0.821751, -80413.507812, 0.221659259259
