AMINO ACID, DSSP, SASA, GYRATE, ENERGY, RMSF
ALA, 4, 27.986, 0.813788, -80396.062500, 0.251659259259
ARG, 0, 28.887, 0.864658, -80506.343750, 0.298462962963
ASN, 8, 27.776, 0.826996, -79445.156250, 0.210481481481
ASP, 10, 25.864, 0.808889, -80000.031250, 0.207903703704
CYS, 9, 25.223, 0.849817, -80435.859375, 0.307162962963
GLN, 5, 27.689, 0.881883, -80294.148438, 0.290562962963
GLU, 9, 24.979, 0.81401, -80423.828125, 0.207940740741
GLY, 6, 28.006, 0.832338, -80964.531250, 0.230159259259
HIS, 2, 30.486, 0.985404, -79907.328125, 0.336788888889
ILE, 7, 28.497, 0.848434, -79835.148438, 0.278788888889
LEU, 9, 28.109, 0.89441, -80575.125000, 0.349325925926
LYS, 7, 27.936, 0.817742, -80294.031250, 0.242707407407
MET, 8, 26.483, 0.841497, -80698.781250, 0.221622222222
PHE, 4, 24.833, 0.850368, -80136.367188, 0.339081481481
PRO, 2, 26.264, 0.829515, -80394.640625, 0.268974074074
SER, 6, 25.858, 0.823934, -80377.429688, 0.234703703704
THR, 2, 26.732, 0.853386, -80423.789062, 0.375159259259
TRP, 2, 27.251, 0.847107, -79840.500000, 0.314955555556
TYR, 7, 26.789, 0.857353, -79477.398438, 0.270355555556
VAL, 8, 26.368, 0.837034, -79474.734375, 0.221659259259
