AMINO ACID, DSSP, SASA, GYRATE, ENERGY, RMSF
ALA, 4, 26.201, 0.816356, -80057.562500, 0.251659259259
ARG, 0, 28.478, 0.861975, -80788.375000, 0.298462962963
ASN, 14, 26.822, 0.815727, -80100.992188, 0.210481481481
ASP, 10, 26.174, 0.828227, -80903.656250, 0.207903703704
CYS, 7, 25.547, 0.857868, -80895.320312, 0.307162962963
GLN, 5, 28.726, 0.870786, -80311.750000, 0.290562962963
GLU, 12, 24.408, 0.815966, -80017.593750, 0.207940740741
GLY, 6, 26.273, 0.822111, -80298.875000, 0.230159259259
HIS, 8, 28.053, 0.930855, -80989.757812, 0.336788888889
ILE, 6, 29.815, 0.850285, -80529.570312, 0.278788888889
LEU, 10, 27.365, 0.879804, -79127.179688, 0.349325925926
LYS, 9, 27.344, 0.804561, -80367.375000, 0.242707407407
MET, 9, 26.460, 0.840433, -80609.492188, 0.221622222222
PHE, 4, 26.608, 0.853686, -80131.781250, 0.339081481481
PRO, 9, 27.474, 0.824398, -80212.906250, 0.268974074074
SER, 6, 27.013, 0.842234, -80697.578125, 0.234703703704
THR, 2, 25.999, 0.843318, -80823.750000, 0.375159259259
TRP, 2, 27.122, 0.843834, -79426.015625, 0.314955555556
TYR, 6, 27.624, 0.858348, -80905.500000, 0.270355555556
VAL, 9, 26.183, 0.829092, -80410.546875, 0.221659259259
