AMINO ACID, DSSP, SASA, GYRATE, ENERGY, RMSF
ALA, 4, 26.233, 0.820882, -79955.843750, 0.251659259259
ARG, 2, 27.573, 0.869797, -81313.445312, 0.298462962963
ASN, 12, 25.509, 0.816869, -79841.156250, 0.210481481481
ASP, 8, 26.304, 0.824543, -79857.500000, 0.207903703704
CYS, 7, 26.053, 0.848253, -80611.820312, 0.307162962963
GLN, 5, 27.878, 0.882177, -80897.882812, 0.290562962963
GLU, 9, 25.378, 0.820652, -79607.671875, 0.207940740741
GLY, 6, 24.738, 0.816645, -79737.203125, 0.230159259259
HIS, 4, 28.980, 0.944176, -80494.601562, 0.336788888889
ILE, 4, 27.293, 0.828485, -80023.781250, 0.278788888889
LEU, 7, 28.366, 0.918278, -79675.937500, 0.349325925926
LYS, 11, 27.993, 0.816252, -79869.867188, 0.242707407407
MET, 6, 25.118, 0.822511, -80023.765625, 0.221622222222
PHE, 7, 26.096, 0.845946, -80336.140625, 0.339081481481
PRO, 9, 25.431, 0.811102, -79601.062500, 0.268974074074
SER, 2, 26.794, 0.826776, -80213.203125, 0.234703703704
THR, 4, 28.608, 0.870076, -79273.062500, 0.375159259259
TRP, 2, 28.903, 0.849228, -80027.070312, 0.314955555556
TYR, 10, 26.839, 0.84158, -80327.679688, 0.270355555556
VAL, 8, 27.107, 0.830377, -79876.203125, 0.221659259259
