AMINO ACID, DSSP, SASA, GYRATE, ENERGY, RMSF
ALA, 4, 27.034, 0.827917, -80252.593750, 0.251659259259
ARG, 0, 28.233, 0.880772, -81358.500000, 0.298462962963
ASN, 10, 26.243, 0.812958, -80812.609375, 0.210481481481
ASP, 8, 27.351, 0.813787, -81064.656250, 0.207903703704
CYS, 9, 27.336, 0.857271, -80284.343750, 0.307162962963
GLN, 7, 27.963, 0.875695, -80452.890625, 0.290562962963
GLU, 9, 26.990, 0.829868, -80458.570312, 0.207940740741
GLY, 6, 25.273, 0.811517, -80802.015625, 0.230159259259
HIS, 4, 29.219, 0.949747, -79919.859375, 0.336788888889
ILE, 4, 27.242, 0.827312, -80398.187500, 0.278788888889
LEU, 9, 28.483, 0.903094, -80468.046875, 0.349325925926
LYS, 7, 28.379, 0.818381, -81176.062500, 0.242707407407
MET, 6, 24.700, 0.828342, -80873.828125, 0.221622222222
PHE, 6, 25.255, 0.842135, -79920.429688, 0.339081481481
PRO, 11, 25.503, 0.808095, -79678.750000, 0.268974074074
SER, 4, 26.937, 0.826763, -80052.125000, 0.234703703704
THR, 6, 29.453, 0.894082, -80064.289062, 0.375159259259
TRP, 2, 28.319, 0.853155, -79081.484375, 0.314955555556
TYR, 7, 28.028, 0.858484, -79596.937500, 0.270355555556
VAL, 4, 25.105, 0.826147, -80221.437500, 0.221659259259
