AMINO ACID, DSSP, SASA, GYRATE, ENERGY, RMSF
ALA, 8, 28.173, 0.85342, -80473.437500, 0.251659259259
ARG, 6, 30.135, 0.853238, -80996.296875, 0.298462962963
ASN, 6, 27.327, 0.830409, -80605.726562, 0.210481481481
ASP, 5, 26.731, 0.794157, -80632.328125, 0.207903703704
CYS, 6, 26.493, 0.830193, -78723.640625, 0.307162962963
GLN, 10, 28.856, 0.842278, -79717.601562, 0.290562962963
GLU, 13, 26.576, 0.818993, -80929.031250, 0.207940740741
GLY, 8, 24.866, 0.837292, -81715.367188, 0.230159259259
HIS, 6, 26.420, 0.842288, -79297.546875, 0.336788888889
ILE, 2, 29.755, 0.901879, -80800.687500, 0.278788888889
LEU, 7, 24.511, 0.791963, -80481.140625, 0.349325925926
LYS, 9, 28.238, 0.827907, -81341.039062, 0.242707407407
MET, 2, 28.212, 0.837789, -80160.273438, 0.221622222222
PHE, 12, 25.306, 0.803841, -78931.359375, 0.339081481481
PRO, 6, 25.121, 0.822648, -81071.492188, 0.268974074074
SER, 10, 26.067, 0.809765, -79681.804688, 0.234703703704
THR, 8, 26.610, 0.816541, -80410.953125, 0.375159259259
TRP, 4, 28.727, 0.848135, -79992.312500, 0.314955555556
TYR, 7, 27.568, 0.862705, -80447.632812, 0.270355555556
VAL, 10, 27.326, 0.850812, -80454.203125, 0.221659259259
