AMINO ACID, DSSP, SASA, GYRATE, ENERGY, RMSF
ALA, 2, 27.186, 0.861047, -79855.976562, 0.251659259259
ARG, 4, 28.067, 0.867354, -81005.500000, 0.298462962963
ASN, 8, 26.783, 0.829693, -80494.187500, 0.210481481481
ASP, 8, 26.334, 0.824316, -80012.953125, 0.207903703704
CYS, 7, 26.583, 0.875917, -80383.429688, 0.307162962963
GLN, 5, 31.181, 0.905375, -80770.507812, 0.290562962963
GLU, 9, 24.515, 0.805253, -79722.195312, 0.207940740741
GLY, 2, 26.085, 0.822732, -80462.000000, 0.230159259259
HIS, 6, 28.735, 0.904542, -80176.140625, 0.336788888889
ILE, 2, 27.432, 0.841634, -80564.968750, 0.278788888889
LEU, 9, 26.387, 0.877609, -79515.968750, 0.349325925926
LYS, 9, 27.403, 0.82149, -79870.500000, 0.242707407407
MET, 8, 25.525, 0.817009, -80290.687500, 0.221622222222
PHE, 6, 26.545, 0.874332, -79941.515625, 0.339081481481
PRO, 9, 27.591, 0.829706, -81297.726562, 0.268974074074
SER, 6, 26.955, 0.834953, -80414.968750, 0.234703703704
THR, 8, 27.031, 0.886459, -79653.406250, 0.375159259259
TRP, 2, 28.112, 0.845896, -79871.507812, 0.314955555556
TYR, 9, 27.573, 0.85142, -79556.046875, 0.270355555556
VAL, 6, 25.741, 0.821331, -80824.375000, 0.221659259259
