AMINO ACID, DSSP, SASA, GYRATE, ENERGY, RMSF
ALA, 4, 26.296, 0.84876, -80234.000000, 0.251659259259
ARG, 4, 28.146, 0.866585, -80461.750000, 0.298462962963
ASN, 8, 25.807, 0.819232, -79961.593750, 0.210481481481
ASP, 10, 25.853, 0.813426, -80524.609375, 0.207903703704
CYS, 7, 27.964, 0.857531, -79686.828125, 0.307162962963
GLN, 7, 30.963, 0.899831, -79718.507812, 0.290562962963
GLU, 9, 24.519, 0.819063, -80343.093750, 0.207940740741
GLY, 8, 24.393, 0.811253, -80104.484375, 0.230159259259
HIS, 9, 28.131, 0.893329, -79632.023438, 0.336788888889
ILE, 4, 27.331, 0.838904, -80109.804688, 0.278788888889
LEU, 9, 29.212, 0.891433, -79819.062500, 0.349325925926
LYS, 11, 29.323, 0.819121, -80155.593750, 0.242707407407
MET, 4, 25.776, 0.826376, -79972.781250, 0.221622222222
PHE, 6, 25.658, 0.867385, -80054.703125, 0.339081481481
PRO, 11, 28.170, 0.837266, -80100.898438, 0.268974074074
SER, 6, 26.682, 0.835599, -79425.140625, 0.234703703704
THR, 8, 28.074, 0.861732, -80689.414062, 0.375159259259
TRP, 2, 28.959, 0.854426, -79811.546875, 0.314955555556
TYR, 8, 27.447, 0.855063, -79678.507812, 0.270355555556
VAL, 6, 26.996, 0.83499, -80146.414062, 0.221659259259
