AMINO ACID, DSSP, SASA, GYRATE, ENERGY, RMSF
ALA, 5, 27.041, 0.842981, -80628.273438, 0.251659259259
ARG, 2, 28.036, 0.874192, -80267.742188, 0.298462962963
ASN, 12, 25.544, 0.810922, -80182.609375, 0.210481481481
ASP, 10, 25.619, 0.809269, -80468.781250, 0.207903703704
CYS, 7, 27.517, 0.872528, -80557.125000, 0.307162962963
GLN, 5, 27.862, 0.873254, -80122.710938, 0.290562962963
GLU, 11, 24.320, 0.815172, -79919.734375, 0.207940740741
GLY, 8, 24.609, 0.81478, -80471.664062, 0.230159259259
HIS, 4, 28.273, 0.962057, -81055.906250, 0.336788888889
ILE, 2, 26.896, 0.842567, -80141.125000, 0.278788888889
LEU, 9, 29.034, 0.912569, -79594.992188, 0.349325925926
LYS, 9, 26.152, 0.807413, -79918.921875, 0.242707407407
MET, 6, 25.319, 0.820334, -80414.718750, 0.221622222222
PHE, 2, 26.858, 0.874385, -79572.617188, 0.339081481481
PRO, 9, 25.306, 0.816577, -80702.992188, 0.268974074074
SER, 8, 25.242, 0.825033, -81069.312500, 0.234703703704
THR, 8, 27.013, 0.878178, -80144.109375, 0.375159259259
TRP, 2, 28.430, 0.83816, -80688.000000, 0.314955555556
TYR, 9, 28.256, 0.861005, -79801.078125, 0.270355555556
VAL, 6, 25.076, 0.836248, -79380.351562, 0.221659259259
