AMINO ACID, DSSP, SASA, GYRATE, ENERGY, RMSF
ALA, 2, 27.784, 0.831845, -79898.500000, 0.251659259259
ARG, 4, 28.574, 0.879222, -80894.328125, 0.298462962963
ASN, 12, 26.240, 0.823188, -79682.742188, 0.210481481481
ASP, 12, 25.508, 0.81665, -79815.710938, 0.207903703704
CYS, 9, 28.205, 0.869799, -80261.031250, 0.307162962963
GLN, 7, 29.292, 0.908535, -80222.804688, 0.290562962963
GLU, 7, 25.295, 0.829289, -80439.812500, 0.207940740741
GLY, 4, 25.155, 0.815221, -79786.234375, 0.230159259259
HIS, 6, 28.738, 0.948148, -80252.765625, 0.336788888889
ILE, 4, 26.612, 0.864726, -80327.265625, 0.278788888889
LEU, 5, 29.574, 0.931203, -79856.960938, 0.349325925926
LYS, 9, 26.627, 0.802808, -80432.546875, 0.242707407407
MET, 6, 26.099, 0.82541, -80125.695312, 0.221622222222
PHE, 4, 26.988, 0.865094, -80222.515625, 0.339081481481
PRO, 9, 25.614, 0.812499, -81516.015625, 0.268974074074
SER, 6, 26.332, 0.839267, -80705.101562, 0.234703703704
THR, 6, 27.719, 0.874997, -80151.468750, 0.375159259259
TRP, 2, 29.113, 0.850796, -79670.898438, 0.314955555556
TYR, 9, 28.541, 0.865983, -80757.750000, 0.270355555556
VAL, 6, 26.218, 0.834105, -80280.125000, 0.221659259259
