AMINO ACID, DSSP, SASA, GYRATE, ENERGY, RMSF
ALA, 2, 26.583, 0.834457, -79542.921875, 0.251659259259
ARG, 4, 28.359, 0.883497, -80024.234375, 0.298462962963
ASN, 12, 25.200, 0.816492, -80380.867188, 0.210481481481
ASP, 10, 25.547, 0.812197, -79508.257812, 0.207903703704
CYS, 9, 27.601, 0.864494, -80771.585938, 0.307162962963
GLN, 9, 29.853, 0.895393, -80577.468750, 0.290562962963
GLU, 7, 25.686, 0.825838, -80335.031250, 0.207940740741
GLY, 6, 24.103, 0.809849, -80830.125000, 0.230159259259
HIS, 10, 28.622, 0.965001, -79773.109375, 0.336788888889
ILE, 4, 27.180, 0.868409, -80483.375000, 0.278788888889
LEU, 5, 28.907, 0.912353, -80295.398438, 0.349325925926
LYS, 9, 27.425, 0.80987, -80733.000000, 0.242707407407
MET, 6, 26.271, 0.823304, -80409.437500, 0.221622222222
PHE, 4, 27.151, 0.86718, -80175.820312, 0.339081481481
PRO, 7, 27.172, 0.818727, -80233.703125, 0.268974074074
SER, 6, 27.026, 0.839422, -80398.117188, 0.234703703704
THR, 4, 28.603, 0.883625, -79723.976562, 0.375159259259
TRP, 2, 29.193, 0.860838, -80637.234375, 0.314955555556
TYR, 10, 28.032, 0.864579, -80528.984375, 0.270355555556
VAL, 6, 26.583, 0.836415, -79718.828125, 0.221659259259
