AMINO ACID, DSSP, SASA, GYRATE, ENERGY, RMSF
ALA, 2, 27.071, 0.844358, -80573.140625, 0.251659259259
ARG, 2, 28.859, 0.884876, -81255.210938, 0.298462962963
ASN, 14, 25.643, 0.820401, -80660.132812, 0.210481481481
ASP, 10, 25.388, 0.806996, -79947.593750, 0.207903703704
CYS, 7, 28.526, 0.870714, -80330.078125, 0.307162962963
GLN, 5, 30.054, 0.905924, -80328.812500, 0.290562962963
GLU, 13, 26.731, 0.821321, -80244.843750, 0.207940740741
GLY, 6, 26.035, 0.818716, -80421.062500, 0.230159259259
HIS, 8, 28.049, 0.946891, -79747.023438, 0.336788888889
ILE, 4, 26.922, 0.834442, -80454.429688, 0.278788888889
LEU, 7, 28.788, 0.922019, -80452.656250, 0.349325925926
LYS, 9, 26.336, 0.811866, -80962.921875, 0.242707407407
MET, 9, 26.082, 0.827842, -79943.937500, 0.221622222222
PHE, 8, 24.891, 0.829639, -79903.000000, 0.339081481481
PRO, 11, 26.919, 0.828642, -79208.250000, 0.268974074074
SER, 6, 26.722, 0.834563, -79376.531250, 0.234703703704
THR, 6, 27.667, 0.874439, -80409.875000, 0.375159259259
TRP, 2, 26.920, 0.844217, -80485.109375, 0.314955555556
TYR, 9, 28.706, 0.87022, -80086.210938, 0.270355555556
VAL, 6, 25.379, 0.831973, -80459.476562, 0.221659259259
