AMINO ACID, DSSP, SASA, GYRATE, ENERGY, RMSF
ALA, 2, 26.954, 0.846196, -79759.859375, 0.251659259259
ARG, 0, 28.468, 0.8902, -80772.484375, 0.298462962963
ASN, 10, 27.683, 0.825175, -80145.367188, 0.210481481481
ASP, 12, 25.239, 0.81917, -79877.000000, 0.207903703704
CYS, 10, 27.691, 0.883634, -79840.515625, 0.307162962963
GLN, 5, 29.838, 0.905855, -80533.296875, 0.290562962963
GLU, 7, 26.473, 0.839087, -79897.835938, 0.207940740741
GLY, 6, 25.404, 0.810833, -80772.968750, 0.230159259259
HIS, 8, 29.762, 0.969005, -80287.085938, 0.336788888889
ILE, 2, 27.191, 0.8419, -80440.195312, 0.278788888889
LEU, 7, 28.750, 0.919689, -79976.640625, 0.349325925926
LYS, 9, 25.584, 0.797388, -80580.632812, 0.242707407407
MET, 11, 25.434, 0.81762, -81417.500000, 0.221622222222
PHE, 8, 25.543, 0.839458, -79558.421875, 0.339081481481
PRO, 9, 28.138, 0.828411, -80168.046875, 0.268974074074
SER, 6, 26.549, 0.839045, -80170.773438, 0.234703703704
THR, 6, 27.762, 0.870517, -78927.718750, 0.375159259259
TRP, 2, 27.212, 0.851604, -80287.148438, 0.314955555556
TYR, 7, 27.694, 0.870711, -80136.531250, 0.270355555556
VAL, 6, 26.414, 0.829618, -80399.218750, 0.221659259259
