AMINO ACID, DSSP, SASA, GYRATE, ENERGY, RMSF
ALA, 2, 25.310, 0.824218, -79973.046875, 0.251659259259
ARG, 6, 28.903, 0.884717, -79966.437500, 0.298462962963
ASN, 8, 26.003, 0.821722, -80134.359375, 0.210481481481
ASP, 10, 26.566, 0.824898, -79522.992188, 0.207903703704
CYS, 9, 26.896, 0.870575, -81424.734375, 0.307162962963
GLN, 5, 29.220, 0.915756, -79706.679688, 0.290562962963
GLU, 9, 26.830, 0.827752, -80184.312500, 0.207940740741
GLY, 6, 23.435, 0.801867, -80898.031250, 0.230159259259
HIS, 8, 29.448, 0.958833, -79933.343750, 0.336788888889
ILE, 4, 29.192, 0.864768, -80747.640625, 0.278788888889
LEU, 5, 28.476, 0.911053, -80547.656250, 0.349325925926
LYS, 7, 26.403, 0.804345, -80135.242188, 0.242707407407
MET, 11, 27.904, 0.821334, -80265.437500, 0.221622222222
PHE, 4, 24.507, 0.842315, -79150.515625, 0.339081481481
PRO, 7, 26.547, 0.817847, -79552.468750, 0.268974074074
SER, 2, 26.592, 0.848162, -80441.648438, 0.234703703704
THR, 8, 29.751, 0.890501, -79642.890625, 0.375159259259
TRP, 4, 28.833, 0.881087, -80235.898438, 0.314955555556
TYR, 7, 26.810, 0.841096, -80308.734375, 0.270355555556
VAL, 4, 26.215, 0.828783, -79694.367188, 0.221659259259
