AMINO ACID, DSSP, SASA, GYRATE, ENERGY, RMSF
ALA, 2, 25.717, 0.829617, -80569.812500, 0.251659259259
ARG, 0, 29.129, 0.877505, -81021.414062, 0.298462962963
ASN, 8, 25.541, 0.833484, -80773.312500, 0.210481481481
ASP, 8, 25.124, 0.820432, -79699.406250, 0.207903703704
CYS, 7, 27.073, 0.879189, -79905.609375, 0.307162962963
GLN, 5, 29.195, 0.88723, -79194.414062, 0.290562962963
GLU, 9, 25.077, 0.816024, -79917.046875, 0.207940740741
GLY, 7, 23.211, 0.802241, -80169.828125, 0.230159259259
HIS, 6, 28.245, 0.941545, -80416.515625, 0.336788888889
ILE, 7, 26.509, 0.824426, -80172.656250, 0.278788888889
LEU, 9, 28.168, 0.900302, -80522.039062, 0.349325925926
LYS, 9, 26.085, 0.806246, -80971.546875, 0.242707407407
MET, 11, 24.465, 0.817234, -80266.257812, 0.221622222222
PHE, 4, 25.201, 0.857381, -80126.312500, 0.339081481481
PRO, 7, 26.986, 0.82352, -79477.679688, 0.268974074074
SER, 6, 27.338, 0.847714, -81194.265625, 0.234703703704
THR, 6, 29.343, 0.881237, -80098.929688, 0.375159259259
TRP, 4, 29.844, 0.861042, -80720.015625, 0.314955555556
TYR, 9, 28.196, 0.854978, -80213.828125, 0.270355555556
VAL, 4, 25.884, 0.822244, -79978.203125, 0.221659259259
