AMINO ACID, DSSP, SASA, GYRATE, ENERGY, RMSF
ALA, 2, 27.253, 0.849453, -79774.390625, 0.251659259259
ARG, 4, 27.405, 0.850788, -80645.734375, 0.298462962963
ASN, 8, 25.488, 0.810883, -80944.023438, 0.210481481481
ASP, 12, 23.873, 0.804615, -80239.132812, 0.207903703704
CYS, 9, 27.249, 0.868995, -80348.015625, 0.307162962963
GLN, 5, 29.430, 0.923162, -80793.632812, 0.290562962963
GLU, 9, 26.911, 0.834416, -80812.187500, 0.207940740741
GLY, 4, 25.189, 0.816699, -80027.000000, 0.230159259259
HIS, 8, 30.870, 0.98803, -80180.812500, 0.336788888889
ILE, 4, 25.581, 0.832811, -80623.015625, 0.278788888889
LEU, 7, 28.795, 0.898328, -80711.773438, 0.349325925926
LYS, 10, 25.136, 0.79894, -79805.054688, 0.242707407407
MET, 9, 27.123, 0.84367, -79291.656250, 0.221622222222
PHE, 6, 26.027, 0.882914, -81025.265625, 0.339081481481
PRO, 5, 25.374, 0.804948, -80036.523438, 0.268974074074
SER, 6, 27.672, 0.848037, -80880.203125, 0.234703703704
THR, 4, 28.508, 0.889027, -80312.289062, 0.375159259259
TRP, 4, 29.395, 0.871807, -79620.343750, 0.314955555556
TYR, 8, 27.632, 0.855158, -80171.531250, 0.270355555556
VAL, 2, 26.069, 0.836882, -79991.976562, 0.221659259259
