AMINO ACID, DSSP, SASA, GYRATE, ENERGY, RMSF
ALA, 2, 28.228, 0.854456, -80965.773438, 0.251659259259
ARG, 0, 29.665, 0.881254, -81036.843750, 0.298462962963
ASN, 12, 25.454, 0.808772, -80249.570312, 0.210481481481
ASP, 8, 25.879, 0.807816, -79936.609375, 0.207903703704
CYS, 7, 28.173, 0.872712, -80338.468750, 0.307162962963
GLN, 5, 27.520, 0.894563, -79641.984375, 0.290562962963
GLU, 9, 26.208, 0.839503, -79739.320312, 0.207940740741
GLY, 4, 25.356, 0.807084, -80254.703125, 0.230159259259
HIS, 8, 30.378, 0.979053, -80736.148438, 0.336788888889
ILE, 7, 25.618, 0.832366, -80228.179688, 0.278788888889
LEU, 9, 28.567, 0.900093, -80289.406250, 0.349325925926
LYS, 11, 25.061, 0.805231, -80719.359375, 0.242707407407
MET, 9, 25.994, 0.821222, -79891.312500, 0.221622222222
PHE, 8, 26.631, 0.895869, -80359.796875, 0.339081481481
PRO, 7, 26.754, 0.816642, -80438.085938, 0.268974074074
SER, 4, 27.550, 0.839743, -80557.765625, 0.234703703704
THR, 4, 27.697, 0.896615, -79752.734375, 0.375159259259
TRP, 4, 28.686, 0.872605, -80291.398438, 0.314955555556
TYR, 10, 28.777, 0.851113, -80309.203125, 0.270355555556
VAL, 2, 25.228, 0.82397, -80964.523438, 0.221659259259
