AMINO ACID, DSSP, SASA, GYRATE, ENERGY, RMSF
ALA, 2, 26.915, 0.841099, -80147.562500, 0.251659259259
ARG, 4, 28.413, 0.851529, -80418.703125, 0.298462962963
ASN, 8, 25.403, 0.820534, -80342.859375, 0.210481481481
ASP, 8, 27.139, 0.826856, -80165.234375, 0.207903703704
CYS, 7, 30.110, 0.875822, -81203.335938, 0.307162962963
GLN, 2, 30.477, 0.922234, -80344.875000, 0.290562962963
GLU, 11, 25.310, 0.825732, -80090.171875, 0.207940740741
GLY, 9, 24.015, 0.788435, -80044.406250, 0.230159259259
HIS, 8, 30.156, 0.987082, -81358.812500, 0.336788888889
ILE, 7, 27.296, 0.824489, -79694.015625, 0.278788888889
LEU, 7, 26.911, 0.903399, -79844.632812, 0.349325925926
LYS, 9, 25.703, 0.795454, -80017.703125, 0.242707407407
MET, 11, 26.041, 0.824682, -80213.390625, 0.221622222222
PHE, 6, 25.461, 0.891024, -80188.984375, 0.339081481481
PRO, 9, 25.868, 0.817568, -80369.609375, 0.268974074074
SER, 4, 26.819, 0.827549, -80415.085938, 0.234703703704
THR, 4, 27.516, 0.889279, -80335.148438, 0.375159259259
TRP, 4, 29.342, 0.870388, -79068.570312, 0.314955555556
TYR, 8, 27.765, 0.847847, -80022.367188, 0.270355555556
VAL, 4, 27.024, 0.841915, -80554.414062, 0.221659259259
