AMINO ACID, DSSP, SASA, GYRATE, ENERGY, RMSF
ALA, 2, 27.068, 0.856095, -80577.070312, 0.251659259259
ARG, 2, 26.593, 0.841735, -80154.656250, 0.298462962963
ASN, 12, 25.815, 0.804803, -80753.359375, 0.210481481481
ASP, 6, 26.598, 0.820865, -80289.656250, 0.207903703704
CYS, 9, 28.560, 0.884772, -79968.218750, 0.307162962963
GLN, 5, 29.250, 0.894811, -80462.148438, 0.290562962963
GLU, 10, 24.522, 0.796232, -79709.226562, 0.207940740741
GLY, 6, 23.631, 0.811956, -80395.234375, 0.230159259259
HIS, 4, 30.751, 0.939408, -80544.562500, 0.336788888889
ILE, 7, 26.020, 0.823118, -80769.078125, 0.278788888889
LEU, 9, 28.135, 0.891736, -80257.265625, 0.349325925926
LYS, 9, 25.443, 0.801565, -80455.125000, 0.242707407407
MET, 9, 26.552, 0.821146, -79911.257812, 0.221622222222
PHE, 4, 25.349, 0.880646, -80371.539062, 0.339081481481
PRO, 7, 27.615, 0.829181, -79600.250000, 0.268974074074
SER, 2, 28.064, 0.849496, -80362.609375, 0.234703703704
THR, 4, 28.270, 0.898627, -80564.937500, 0.375159259259
TRP, 2, 30.070, 0.873183, -79623.429688, 0.314955555556
TYR, 7, 28.193, 0.862368, -80474.632812, 0.270355555556
VAL, 2, 24.450, 0.810482, -80349.875000, 0.221659259259
