AMINO ACID, DSSP, SASA, GYRATE, ENERGY, RMSF
ALA, 2, 27.727, 0.843207, -80810.203125, 0.251659259259
ARG, 6, 27.164, 0.843492, -80299.000000, 0.298462962963
ASN, 11, 27.774, 0.871917, -80903.828125, 0.210481481481
ASP, 8, 27.552, 0.832407, -79910.023438, 0.207903703704
CYS, 7, 27.263, 0.865858, -80232.171875, 0.307162962963
GLN, 2, 28.411, 0.868775, -81031.828125, 0.290562962963
GLU, 9, 24.834, 0.825928, -80484.906250, 0.207940740741
GLY, 6, 24.884, 0.823424, -79863.609375, 0.230159259259
HIS, 8, 26.083, 0.859227, -80545.984375, 0.336788888889
ILE, 7, 27.299, 0.846244, -79629.078125, 0.278788888889
LEU, 7, 27.083, 0.884104, -79765.515625, 0.349325925926
LYS, 7, 27.056, 0.826527, -81175.968750, 0.242707407407
MET, 9, 26.825, 0.825088, -80330.257812, 0.221622222222
PHE, 8, 28.488, 0.890018, -79564.031250, 0.339081481481
PRO, 7, 26.162, 0.813467, -79746.843750, 0.268974074074
SER, 3, 28.971, 0.856025, -80577.015625, 0.234703703704
THR, 4, 27.299, 0.851522, -79789.304688, 0.375159259259
TRP, 4, 29.264, 0.890986, -80006.179688, 0.314955555556
TYR, 8, 28.488, 0.876208, -79039.164062, 0.270355555556
VAL, 4, 24.249, 0.815386, -79982.234375, 0.221659259259
