AMINO ACID, DSSP, SASA, GYRATE, ENERGY, RMSF
ALA, 2, 27.127, 0.843732, -80224.257812, 0.251659259259
ARG, 2, 28.098, 0.877471, -80506.976562, 0.298462962963
ASN, 12, 26.600, 0.824148, -80196.171875, 0.210481481481
ASP, 12, 26.905, 0.82018, -80774.242188, 0.207903703704
CYS, 7, 27.388, 0.884617, -80333.601562, 0.307162962963
GLN, 5, 30.068, 0.883409, -80097.234375, 0.290562962963
GLU, 6, 25.393, 0.819895, -80372.492188, 0.207940740741
GLY, 10, 25.673, 0.818208, -80433.171875, 0.230159259259
HIS, 8, 27.599, 0.852553, -80490.437500, 0.336788888889
ILE, 7, 26.152, 0.822446, -79452.375000, 0.278788888889
LEU, 9, 29.550, 0.892707, -80512.000000, 0.349325925926
LYS, 5, 25.714, 0.817169, -80756.718750, 0.242707407407
MET, 9, 26.081, 0.828266, -80821.125000, 0.221622222222
PHE, 6, 26.195, 0.851284, -80354.906250, 0.339081481481
PRO, 7, 26.980, 0.812554, -80467.929688, 0.268974074074
SER, 2, 26.966, 0.844019, -80376.203125, 0.234703703704
THR, 6, 27.515, 0.867208, -80881.054688, 0.375159259259
TRP, 6, 28.166, 0.882192, -79859.585938, 0.314955555556
TYR, 7, 27.219, 0.847454, -80153.578125, 0.270355555556
VAL, 8, 25.828, 0.822385, -80321.234375, 0.221659259259
