AMINO ACID, DSSP, SASA, GYRATE, ENERGY, RMSF
ALA, 2, 27.733, 0.838839, -80739.109375, 0.251659259259
ARG, 2, 28.426, 0.861462, -80342.796875, 0.298462962963
ASN, 10, 24.512, 0.813418, -79913.656250, 0.210481481481
ASP, 8, 25.784, 0.835934, -80835.179688, 0.207903703704
CYS, 9, 27.575, 0.87451, -80530.953125, 0.307162962963
GLN, 5, 27.849, 0.886592, -80128.734375, 0.290562962963
GLU, 6, 24.602, 0.810051, -79462.882812, 0.207940740741
GLY, 5, 25.586, 0.815228, -80225.289062, 0.230159259259
HIS, 8, 26.959, 0.889602, -80036.156250, 0.336788888889
ILE, 4, 27.215, 0.822612, -80338.007812, 0.278788888889
LEU, 7, 28.415, 0.892059, -80282.539062, 0.349325925926
LYS, 7, 26.077, 0.806755, -79982.875000, 0.242707407407
MET, 9, 27.168, 0.850981, -80430.414062, 0.221622222222
PHE, 4, 26.725, 0.862725, -80882.375000, 0.339081481481
PRO, 7, 26.942, 0.82696, -79818.453125, 0.268974074074
SER, 2, 25.362, 0.830612, -81011.546875, 0.234703703704
THR, 4, 28.631, 0.862238, -79426.531250, 0.375159259259
TRP, 2, 28.592, 0.882376, -79574.812500, 0.314955555556
TYR, 7, 28.153, 0.849576, -79300.640625, 0.270355555556
VAL, 6, 25.694, 0.813548, -80380.500000, 0.221659259259
