AMINO ACID, DSSP, SASA, GYRATE, ENERGY, RMSF
ALA, 8, 28.222, 0.857526, -80798.242188, 0.251659259259
ARG, 4, 29.217, 0.847286, -80551.898438, 0.298462962963
ASN, 14, 26.426, 0.823214, -80823.953125, 0.210481481481
ASP, 10, 26.372, 0.80396, -79551.960938, 0.207903703704
CYS, 10, 25.776, 0.843985, -80670.671875, 0.307162962963
GLN, 12, 25.579, 0.823561, -80913.007812, 0.290562962963
GLU, 13, 26.247, 0.817068, -79088.593750, 0.207940740741
GLY, 10, 24.633, 0.82216, -81656.734375, 0.230159259259
HIS, 8, 28.919, 0.851543, -79885.593750, 0.336788888889
ILE, 10, 27.163, 0.882107, -80032.250000, 0.278788888889
LEU, 7, 24.691, 0.790362, -79717.812500, 0.349325925926
LYS, 7, 25.898, 0.820687, -80075.000000, 0.242707407407
MET, 6, 28.213, 0.839803, -79703.578125, 0.221622222222
PHE, 12, 26.432, 0.804624, -79948.250000, 0.339081481481
PRO, 6, 24.381, 0.821945, -80643.648438, 0.268974074074
SER, 11, 24.964, 0.795403, -80612.617188, 0.234703703704
THR, 7, 26.254, 0.806535, -80437.937500, 0.375159259259
TRP, 4, 30.449, 0.877521, -79216.320312, 0.314955555556
TYR, 11, 27.481, 0.859574, -80597.671875, 0.270355555556
VAL, 8, 26.727, 0.837353, -79855.812500, 0.221659259259
