AMINO ACID, DSSP, SASA, GYRATE, ENERGY, RMSF
ALA, 2, 26.737, 0.833159, -80440.976562, 0.251659259259
ARG, 0, 28.692, 0.859527, -80843.695312, 0.298462962963
ASN, 14, 25.258, 0.797628, -80643.375000, 0.210481481481
ASP, 12, 28.031, 0.833813, -80330.953125, 0.207903703704
CYS, 7, 26.810, 0.878831, -80834.460938, 0.307162962963
GLN, 5, 27.609, 0.886488, -79885.632812, 0.290562962963
GLU, 7, 25.066, 0.828153, -79150.671875, 0.207940740741
GLY, 4, 26.032, 0.823766, -80234.312500, 0.230159259259
HIS, 6, 26.760, 0.887981, -80148.953125, 0.336788888889
ILE, 4, 26.841, 0.811325, -80425.359375, 0.278788888889
LEU, 4, 29.027, 0.916925, -80276.218750, 0.349325925926
LYS, 9, 24.969, 0.789561, -81202.625000, 0.242707407407
MET, 7, 26.430, 0.827848, -80007.625000, 0.221622222222
PHE, 4, 25.946, 0.857379, -79308.500000, 0.339081481481
PRO, 5, 26.709, 0.818671, -80043.445312, 0.268974074074
SER, 4, 27.352, 0.839098, -79829.453125, 0.234703703704
THR, 6, 27.421, 0.877163, -80892.343750, 0.375159259259
TRP, 4, 28.091, 0.871193, -79559.875000, 0.314955555556
TYR, 7, 27.127, 0.853494, -80377.500000, 0.270355555556
VAL, 6, 26.179, 0.833581, -81062.234375, 0.221659259259
