AMINO ACID, DSSP, SASA, GYRATE, ENERGY, RMSF
ALA, 2, 26.786, 0.831838, -80465.945312, 0.251659259259
ARG, 2, 28.155, 0.863306, -80998.468750, 0.298462962963
ASN, 12, 25.263, 0.799494, -80559.750000, 0.210481481481
ASP, 12, 28.000, 0.835383, -80007.906250, 0.207903703704
CYS, 7, 27.591, 0.887791, -79449.703125, 0.307162962963
GLN, 5, 29.182, 0.903779, -79935.062500, 0.290562962963
GLU, 7, 25.231, 0.825924, -81128.679688, 0.207940740741
GLY, 6, 24.269, 0.801101, -80855.375000, 0.230159259259
HIS, 6, 27.796, 0.903313, -80016.218750, 0.336788888889
ILE, 5, 26.792, 0.835176, -80066.906250, 0.278788888889
LEU, 9, 29.897, 0.918685, -80035.187500, 0.349325925926
LYS, 9, 25.601, 0.796289, -81085.296875, 0.242707407407
MET, 11, 26.761, 0.829739, -80140.015625, 0.221622222222
PHE, 4, 26.196, 0.860054, -80407.664062, 0.339081481481
PRO, 5, 25.912, 0.821591, -79841.703125, 0.268974074074
SER, 2, 26.966, 0.839405, -81739.726562, 0.234703703704
THR, 4, 27.720, 0.863159, -80122.171875, 0.375159259259
TRP, 4, 27.622, 0.884872, -79868.875000, 0.314955555556
TYR, 7, 27.042, 0.852691, -79726.828125, 0.270355555556
VAL, 6, 26.756, 0.832931, -79423.070312, 0.221659259259
