AMINO ACID, DSSP, SASA, GYRATE, ENERGY, RMSF
ALA, 4, 26.741, 0.847813, -80257.937500, 0.251659259259
ARG, 0, 29.328, 0.867979, -80327.734375, 0.298462962963
ASN, 10, 25.676, 0.82535, -79362.390625, 0.210481481481
ASP, 12, 25.848, 0.808859, -80470.554688, 0.207903703704
CYS, 7, 26.845, 0.875798, -80325.375000, 0.307162962963
GLN, 5, 26.674, 0.869137, -79847.609375, 0.290562962963
GLU, 6, 25.562, 0.820614, -79510.125000, 0.207940740741
GLY, 7, 25.045, 0.800856, -80386.421875, 0.230159259259
HIS, 6, 29.121, 0.915057, -80425.195312, 0.336788888889
ILE, 5, 27.696, 0.842933, -79722.492188, 0.278788888889
LEU, 7, 29.816, 0.932304, -80216.703125, 0.349325925926
LYS, 9, 26.493, 0.809851, -80450.171875, 0.242707407407
MET, 7, 27.634, 0.844638, -79941.039062, 0.221622222222
PHE, 4, 26.332, 0.856674, -79957.546875, 0.339081481481
PRO, 5, 28.213, 0.837547, -80345.906250, 0.268974074074
SER, 4, 26.652, 0.833694, -79840.664062, 0.234703703704
THR, 4, 26.884, 0.892677, -80588.953125, 0.375159259259
TRP, 2, 27.923, 0.906246, -79122.859375, 0.314955555556
TYR, 7, 28.599, 0.879528, -79696.359375, 0.270355555556
VAL, 6, 24.070, 0.821362, -79532.289062, 0.221659259259
