AMINO ACID, DSSP, SASA, GYRATE, ENERGY, RMSF
ALA, 2, 27.622, 0.845187, -80896.187500, 0.251659259259
ARG, 2, 30.253, 0.871575, -81070.742188, 0.298462962963
ASN, 10, 25.218, 0.820289, -80860.242188, 0.210481481481
ASP, 12, 26.264, 0.817427, -79609.875000, 0.207903703704
CYS, 7, 27.421, 0.879733, -80687.804688, 0.307162962963
GLN, 5, 27.497, 0.871295, -79776.164062, 0.290562962963
GLU, 8, 24.080, 0.819148, -80971.296875, 0.207940740741
GLY, 6, 25.361, 0.803492, -80061.156250, 0.230159259259
HIS, 6, 27.745, 0.890831, -80342.250000, 0.336788888889
ILE, 5, 27.807, 0.843871, -80941.437500, 0.278788888889
LEU, 7, 30.200, 0.944276, -80303.171875, 0.349325925926
LYS, 9, 25.474, 0.815192, -81130.367188, 0.242707407407
MET, 9, 25.869, 0.824459, -80267.078125, 0.221622222222
PHE, 13, 25.395, 0.844537, -80189.476562, 0.339081481481
PRO, 7, 26.667, 0.830102, -79189.429688, 0.268974074074
SER, 2, 25.416, 0.836726, -80169.796875, 0.234703703704
THR, 4, 27.564, 0.885247, -79756.578125, 0.375159259259
TRP, 4, 28.201, 0.903884, -80237.734375, 0.314955555556
TYR, 7, 29.153, 0.887308, -79760.546875, 0.270355555556
VAL, 4, 25.658, 0.811659, -80409.968750, 0.221659259259
