AMINO ACID, DSSP, SASA, GYRATE, ENERGY, RMSF
ALA, 4, 26.537, 0.834073, -80396.000000, 0.251659259259
ARG, 2, 27.912, 0.853125, -81101.562500, 0.298462962963
ASN, 10, 26.221, 0.823426, -80373.101562, 0.210481481481
ASP, 10, 27.241, 0.817764, -80759.101562, 0.207903703704
CYS, 9, 28.355, 0.89747, -80438.328125, 0.307162962963
GLN, 5, 27.892, 0.880824, -80226.093750, 0.290562962963
GLU, 6, 26.362, 0.825679, -80027.195312, 0.207940740741
GLY, 6, 24.123, 0.818801, -80619.648438, 0.230159259259
HIS, 8, 27.397, 0.88359, -79984.945312, 0.336788888889
ILE, 5, 26.329, 0.824627, -80635.062500, 0.278788888889
LEU, 7, 30.308, 0.924733, -80099.609375, 0.349325925926
LYS, 9, 27.736, 0.845068, -81115.062500, 0.242707407407
MET, 7, 26.647, 0.825556, -80245.343750, 0.221622222222
PHE, 11, 25.402, 0.843502, -79435.132812, 0.339081481481
PRO, 7, 26.718, 0.823696, -81072.882812, 0.268974074074
SER, 6, 28.026, 0.85381, -79530.109375, 0.234703703704
THR, 4, 26.688, 0.893344, -80835.132812, 0.375159259259
TRP, 4, 28.173, 0.897092, -80277.070312, 0.314955555556
TYR, 7, 28.970, 0.880114, -80075.851562, 0.270355555556
VAL, 4, 25.536, 0.818719, -80023.531250, 0.221659259259
