AMINO ACID, DSSP, SASA, GYRATE, ENERGY, RMSF
ALA, 0, 27.639, 0.8461, -80559.406250, 0.251659259259
ARG, 4, 27.843, 0.859603, -80204.125000, 0.298462962963
ASN, 13, 26.025, 0.828864, -80427.359375, 0.210481481481
ASP, 12, 26.664, 0.814987, -80049.406250, 0.207903703704
CYS, 7, 27.790, 0.899027, -80296.828125, 0.307162962963
GLN, 5, 29.220, 0.917589, -80160.140625, 0.290562962963
GLU, 6, 25.582, 0.833173, -80492.250000, 0.207940740741
GLY, 8, 23.560, 0.792898, -81143.312500, 0.230159259259
HIS, 6, 28.817, 0.91139, -79705.593750, 0.336788888889
ILE, 7, 26.535, 0.824523, -80170.851562, 0.278788888889
LEU, 5, 28.172, 0.901995, -79818.695312, 0.349325925926
LYS, 9, 26.954, 0.833286, -80315.554688, 0.242707407407
MET, 7, 28.442, 0.838755, -80716.281250, 0.221622222222
PHE, 2, 26.564, 0.854997, -80321.132812, 0.339081481481
PRO, 6, 27.015, 0.852015, -80063.539062, 0.268974074074
SER, 4, 29.467, 0.866289, -80631.882812, 0.234703703704
THR, 6, 28.793, 0.879797, -80800.835938, 0.375159259259
TRP, 4, 29.608, 0.909824, -80001.843750, 0.314955555556
TYR, 5, 29.353, 0.882537, -80728.250000, 0.270355555556
VAL, 9, 26.775, 0.830279, -80099.117188, 0.221659259259
