AMINO ACID, DSSP, SASA, GYRATE, ENERGY, RMSF
ALA, 4, 27.120, 0.843529, -80109.921875, 0.251659259259
ARG, 2, 28.144, 0.875438, -81002.140625, 0.298462962963
ASN, 8, 26.917, 0.827745, -80629.937500, 0.210481481481
ASP, 10, 27.885, 0.810636, -80128.593750, 0.207903703704
CYS, 8, 28.655, 0.886273, -79924.031250, 0.307162962963
GLN, 2, 26.734, 0.869237, -81118.312500, 0.290562962963
GLU, 6, 26.806, 0.84674, -80524.882812, 0.207940740741
GLY, 8, 24.858, 0.803926, -79886.101562, 0.230159259259
HIS, 4, 28.248, 0.906679, -80517.062500, 0.336788888889
ILE, 9, 25.928, 0.817739, -80339.765625, 0.278788888889
LEU, 7, 29.142, 0.892353, -79823.296875, 0.349325925926
LYS, 9, 28.885, 0.845287, -79995.085938, 0.242707407407
MET, 5, 27.350, 0.836529, -80124.242188, 0.221622222222
PHE, 6, 28.658, 0.92343, -79178.281250, 0.339081481481
PRO, 5, 28.255, 0.842683, -80663.273438, 0.268974074074
SER, 4, 28.456, 0.866403, -79622.843750, 0.234703703704
THR, 7, 27.118, 0.865339, -80570.554688, 0.375159259259
TRP, 2, 28.615, 0.871024, -79868.671875, 0.314955555556
TYR, 6, 28.256, 0.881546, -80802.937500, 0.270355555556
VAL, 7, 25.802, 0.818156, -80976.546875, 0.221659259259
