AMINO ACID, DSSP, SASA, GYRATE, ENERGY, RMSF
ALA, 2, 27.024, 0.847661, -80094.539062, 0.251659259259
ARG, 2, 27.811, 0.858909, -80815.335938, 0.298462962963
ASN, 10, 28.421, 0.816363, -81335.156250, 0.210481481481
ASP, 10, 27.147, 0.813303, -80262.429688, 0.207903703704
CYS, 5, 27.708, 0.886913, -79992.218750, 0.307162962963
GLN, 5, 27.278, 0.887483, -80623.734375, 0.290562962963
GLU, 8, 25.255, 0.82364, -80361.078125, 0.207940740741
GLY, 5, 24.519, 0.804161, -80703.609375, 0.230159259259
HIS, 8, 27.497, 0.909883, -80385.453125, 0.336788888889
ILE, 9, 25.449, 0.819362, -79635.429688, 0.278788888889
LEU, 6, 28.635, 0.898533, -80010.421875, 0.349325925926
LYS, 9, 27.358, 0.830395, -80813.156250, 0.242707407407
MET, 4, 26.471, 0.831483, -81361.796875, 0.221622222222
PHE, 8, 29.198, 0.937625, -79906.296875, 0.339081481481
PRO, 5, 27.671, 0.838314, -79804.750000, 0.268974074074
SER, 4, 28.004, 0.852164, -79723.062500, 0.234703703704
THR, 6, 27.319, 0.863615, -80947.156250, 0.375159259259
TRP, 6, 30.191, 0.896549, -80658.484375, 0.314955555556
TYR, 5, 28.470, 0.879732, -79802.859375, 0.270355555556
VAL, 7, 26.096, 0.818803, -79272.109375, 0.221659259259
