AMINO ACID, DSSP, SASA, GYRATE, ENERGY, RMSF
ALA, 2, 26.692, 0.839828, -81025.007812, 0.251659259259
ARG, 2, 28.322, 0.871505, -80740.562500, 0.298462962963
ASN, 8, 27.173, 0.822666, -79936.312500, 0.210481481481
ASP, 8, 27.344, 0.826352, -79342.296875, 0.207903703704
CYS, 7, 27.214, 0.881442, -80424.445312, 0.307162962963
GLN, 5, 28.785, 0.896008, -80575.906250, 0.290562962963
GLU, 6, 25.441, 0.818605, -79569.132812, 0.207940740741
GLY, 10, 23.156, 0.807718, -80397.203125, 0.230159259259
HIS, 8, 28.048, 0.903062, -81114.289062, 0.336788888889
ILE, 9, 26.204, 0.813953, -80133.750000, 0.278788888889
LEU, 9, 28.389, 0.905862, -79701.539062, 0.349325925926
LYS, 11, 28.114, 0.839151, -80228.554688, 0.242707407407
MET, 7, 27.034, 0.83296, -79852.203125, 0.221622222222
PHE, 6, 29.145, 0.932941, -80855.742188, 0.339081481481
PRO, 7, 27.188, 0.840689, -80029.171875, 0.268974074074
SER, 6, 28.388, 0.851465, -80535.710938, 0.234703703704
THR, 2, 26.742, 0.858994, -79494.562500, 0.375159259259
TRP, 2, 28.363, 0.875206, -79580.656250, 0.314955555556
TYR, 6, 28.048, 0.892256, -79686.273438, 0.270355555556
VAL, 7, 26.881, 0.827138, -80666.296875, 0.221659259259
