AMINO ACID, DSSP, SASA, GYRATE, ENERGY, RMSF
ALA, 4, 27.046, 0.834011, -79474.164062, 0.251659259259
ARG, 2, 28.434, 0.866863, -80211.617188, 0.298462962963
ASN, 8, 27.827, 0.831719, -80419.976562, 0.210481481481
ASP, 10, 26.680, 0.824062, -80451.187500, 0.207903703704
CYS, 9, 26.336, 0.871501, -80251.414062, 0.307162962963
GLN, 5, 28.376, 0.898624, -79608.968750, 0.290562962963
GLU, 6, 25.157, 0.823366, -80397.906250, 0.207940740741
GLY, 6, 23.799, 0.803171, -80031.320312, 0.230159259259
HIS, 6, 28.012, 0.904254, -80195.906250, 0.336788888889
ILE, 7, 27.135, 0.830418, -79545.843750, 0.278788888889
LEU, 6, 27.288, 0.893059, -80011.968750, 0.349325925926
LYS, 9, 28.632, 0.861982, -80686.695312, 0.242707407407
MET, 7, 27.414, 0.840341, -80061.820312, 0.221622222222
PHE, 6, 28.946, 0.949377, -80319.906250, 0.339081481481
PRO, 7, 28.658, 0.846011, -80964.093750, 0.268974074074
SER, 2, 29.615, 0.872849, -80604.734375, 0.234703703704
THR, 4, 28.146, 0.88164, -81151.367188, 0.375159259259
TRP, 2, 29.642, 0.89584, -80176.578125, 0.314955555556
TYR, 6, 28.344, 0.865544, -79835.757812, 0.270355555556
VAL, 7, 27.023, 0.829457, -79538.125000, 0.221659259259
