AMINO ACID, DSSP, SASA, GYRATE, ENERGY, RMSF
ALA, 2, 26.132, 0.831486, -80804.359375, 0.251659259259
ARG, 4, 27.797, 0.870605, -80797.835938, 0.298462962963
ASN, 10, 26.916, 0.825056, -80575.000000, 0.210481481481
ASP, 6, 26.435, 0.820386, -80656.101562, 0.207903703704
CYS, 7, 27.904, 0.872095, -80882.281250, 0.307162962963
GLN, 2, 27.855, 0.877444, -80593.304688, 0.290562962963
GLU, 4, 25.966, 0.824837, -80126.203125, 0.207940740741
GLY, 7, 24.745, 0.807208, -80493.671875, 0.230159259259
HIS, 6, 29.674, 0.919669, -80904.062500, 0.336788888889
ILE, 7, 26.938, 0.815484, -78935.718750, 0.278788888889
LEU, 7, 28.002, 0.896401, -80705.164062, 0.349325925926
LYS, 9, 28.301, 0.851134, -81020.093750, 0.242707407407
MET, 5, 26.067, 0.823632, -80610.500000, 0.221622222222
PHE, 6, 29.415, 0.943258, -79616.226562, 0.339081481481
PRO, 7, 27.379, 0.829498, -80301.117188, 0.268974074074
SER, 2, 27.009, 0.848789, -80572.273438, 0.234703703704
THR, 4, 28.555, 0.869545, -80694.382812, 0.375159259259
TRP, 2, 29.575, 0.903147, -80491.265625, 0.314955555556
TYR, 6, 27.552, 0.87178, -80095.507812, 0.270355555556
VAL, 7, 26.536, 0.828115, -80897.039062, 0.221659259259
