AMINO ACID, DSSP, SASA, GYRATE, ENERGY, RMSF
ALA, 4, 25.926, 0.830202, -80248.734375, 0.251659259259
ARG, 4, 28.918, 0.869019, -80261.093750, 0.298462962963
ASN, 8, 27.777, 0.830433, -80326.578125, 0.210481481481
ASP, 8, 26.091, 0.822709, -80130.710938, 0.207903703704
CYS, 10, 28.904, 0.85994, -80687.773438, 0.307162962963
GLN, 6, 28.533, 0.888309, -80434.734375, 0.290562962963
GLU, 6, 26.455, 0.831708, -80643.640625, 0.207940740741
GLY, 6, 25.665, 0.818254, -80051.171875, 0.230159259259
HIS, 6, 28.850, 0.907946, -80175.234375, 0.336788888889
ILE, 7, 26.322, 0.813967, -80282.117188, 0.278788888889
LEU, 7, 28.752, 0.896353, -80939.593750, 0.349325925926
LYS, 11, 28.124, 0.843258, -80705.562500, 0.242707407407
MET, 5, 26.307, 0.827325, -80362.375000, 0.221622222222
PHE, 6, 28.549, 0.954074, -79444.000000, 0.339081481481
PRO, 7, 26.823, 0.830384, -79989.703125, 0.268974074074
SER, 4, 27.408, 0.846839, -79670.351562, 0.234703703704
THR, 4, 28.500, 0.865468, -79849.281250, 0.375159259259
TRP, 4, 28.819, 0.887483, -80437.523438, 0.314955555556
TYR, 5, 27.440, 0.874571, -79914.757812, 0.270355555556
VAL, 7, 26.779, 0.837046, -80382.109375, 0.221659259259
