AMINO ACID, DSSP, SASA, GYRATE, ENERGY, RMSF
ALA, 4, 25.854, 0.825323, -80737.992188, 0.251659259259
ARG, 0, 28.334, 0.866171, -81176.828125, 0.298462962963
ASN, 10, 27.188, 0.845893, -80208.312500, 0.210481481481
ASP, 12, 26.372, 0.806441, -80028.281250, 0.207903703704
CYS, 9, 26.832, 0.866394, -80294.875000, 0.307162962963
GLN, 7, 28.423, 0.872889, -80444.953125, 0.290562962963
GLU, 6, 25.946, 0.814364, -80355.398438, 0.207940740741
GLY, 8, 26.270, 0.822458, -80123.718750, 0.230159259259
HIS, 10, 28.868, 0.899402, -80529.117188, 0.336788888889
ILE, 7, 27.013, 0.821624, -80671.406250, 0.278788888889
LEU, 9, 26.596, 0.894812, -80340.929688, 0.349325925926
LYS, 7, 28.423, 0.827735, -80569.148438, 0.242707407407
MET, 5, 27.923, 0.845231, -79497.117188, 0.221622222222
PHE, 8, 28.003, 0.926642, -80083.546875, 0.339081481481
PRO, 7, 26.937, 0.829632, -79465.843750, 0.268974074074
SER, 4, 25.979, 0.832498, -80624.734375, 0.234703703704
THR, 2, 26.660, 0.866906, -80340.375000, 0.375159259259
TRP, 2, 28.670, 0.897712, -78733.078125, 0.314955555556
TYR, 8, 27.303, 0.862683, -80273.359375, 0.270355555556
VAL, 7, 26.308, 0.834295, -79923.906250, 0.221659259259
