AMINO ACID, DSSP, SASA, GYRATE, ENERGY, RMSF
ALA, 2, 27.015, 0.831633, -79611.812500, 0.251659259259
ARG, 2, 28.303, 0.877702, -80880.843750, 0.298462962963
ASN, 10, 26.748, 0.83252, -81080.093750, 0.210481481481
ASP, 10, 26.420, 0.813824, -80582.515625, 0.207903703704
CYS, 7, 26.397, 0.883943, -80166.171875, 0.307162962963
GLN, 7, 28.227, 0.88799, -80541.695312, 0.290562962963
GLU, 10, 24.495, 0.818435, -80609.546875, 0.207940740741
GLY, 5, 22.896, 0.803806, -79750.484375, 0.230159259259
HIS, 10, 27.850, 0.88717, -80728.718750, 0.336788888889
ILE, 7, 25.987, 0.821857, -79957.359375, 0.278788888889
LEU, 9, 28.007, 0.884794, -79277.507812, 0.349325925926
LYS, 9, 28.527, 0.840396, -79594.398438, 0.242707407407
MET, 5, 26.024, 0.842144, -79823.914062, 0.221622222222
PHE, 8, 26.810, 0.91455, -79953.531250, 0.339081481481
PRO, 5, 27.954, 0.839514, -80136.406250, 0.268974074074
SER, 4, 25.386, 0.828186, -81464.117188, 0.234703703704
THR, 4, 28.262, 0.875232, -80070.015625, 0.375159259259
TRP, 4, 27.308, 0.910249, -79370.476562, 0.314955555556
TYR, 5, 26.866, 0.870528, -79686.085938, 0.270355555556
VAL, 7, 26.657, 0.833699, -79704.453125, 0.221659259259
