AMINO ACID, DSSP, SASA, GYRATE, ENERGY, RMSF
ALA, 4, 25.763, 0.824447, -79805.062500, 0.251659259259
ARG, 4, 26.750, 0.849779, -80358.609375, 0.298462962963
ASN, 10, 28.803, 0.8238, -80249.992188, 0.210481481481
ASP, 10, 24.578, 0.794735, -80491.937500, 0.207903703704
CYS, 4, 26.333, 0.858458, -80001.250000, 0.307162962963
GLN, 2, 28.510, 0.890835, -79778.437500, 0.290562962963
GLU, 6, 26.327, 0.815129, -81567.648438, 0.207940740741
GLY, 4, 25.378, 0.825113, -79392.695312, 0.230159259259
HIS, 8, 29.224, 0.902062, -79839.835938, 0.336788888889
ILE, 7, 26.701, 0.816726, -80374.031250, 0.278788888889
LEU, 9, 26.859, 0.882911, -80830.390625, 0.349325925926
LYS, 7, 26.351, 0.81642, -80109.421875, 0.242707407407
MET, 7, 26.390, 0.825003, -80958.375000, 0.221622222222
PHE, 8, 27.936, 0.941129, -80041.906250, 0.339081481481
PRO, 7, 27.632, 0.830579, -80369.710938, 0.268974074074
SER, 4, 25.871, 0.842525, -80604.335938, 0.234703703704
THR, 4, 29.320, 0.866874, -79696.609375, 0.375159259259
TRP, 2, 29.172, 0.893577, -79701.507812, 0.314955555556
TYR, 5, 28.263, 0.881863, -80641.703125, 0.270355555556
VAL, 5, 25.195, 0.832428, -80401.593750, 0.221659259259
