AMINO ACID, DSSP, SASA, GYRATE, ENERGY, RMSF
ALA, 4, 25.526, 0.820551, -79971.890625, 0.251659259259
ARG, 5, 27.556, 0.859162, -80793.984375, 0.298462962963
ASN, 10, 28.538, 0.819914, -80669.750000, 0.210481481481
ASP, 8, 24.803, 0.808035, -79752.218750, 0.207903703704
CYS, 4, 25.856, 0.853168, -80595.101562, 0.307162962963
GLN, 5, 29.666, 0.916126, -79594.554688, 0.290562962963
GLU, 6, 25.071, 0.813055, -79995.640625, 0.207940740741
GLY, 6, 25.143, 0.80664, -80547.000000, 0.230159259259
HIS, 8, 28.585, 0.879306, -79974.984375, 0.336788888889
ILE, 6, 26.672, 0.821796, -79497.203125, 0.278788888889
LEU, 9, 27.879, 0.903953, -80304.703125, 0.349325925926
LYS, 9, 27.197, 0.818181, -79699.742188, 0.242707407407
MET, 9, 26.929, 0.838227, -80322.093750, 0.221622222222
PHE, 4, 26.982, 0.923454, -79959.109375, 0.339081481481
PRO, 0, 27.994, 0.837064, -81584.203125, 0.268974074074
SER, 6, 25.918, 0.83047, -80904.937500, 0.234703703704
THR, 0, 27.979, 0.890411, -81282.125000, 0.375159259259
TRP, 2, 28.578, 0.886251, -80375.195312, 0.314955555556
TYR, 9, 29.914, 0.902954, -80314.492188, 0.270355555556
VAL, 7, 26.811, 0.812102, -80434.062500, 0.221659259259
