AMINO ACID, DSSP, SASA, GYRATE, ENERGY, RMSF
ALA, 4, 25.620, 0.829414, -80601.125000, 0.251659259259
ARG, 4, 28.136, 0.855133, -80022.593750, 0.298462962963
ASN, 9, 26.520, 0.816423, -79916.281250, 0.210481481481
ASP, 10, 26.576, 0.820518, -79615.742188, 0.207903703704
CYS, 4, 26.802, 0.864184, -80252.906250, 0.307162962963
GLN, 2, 28.217, 0.890206, -80174.484375, 0.290562962963
GLU, 4, 24.153, 0.802931, -80215.468750, 0.207940740741
GLY, 4, 25.617, 0.816854, -80772.781250, 0.230159259259
HIS, 10, 30.902, 0.913691, -79927.406250, 0.336788888889
ILE, 7, 27.758, 0.842949, -79882.171875, 0.278788888889
LEU, 9, 29.255, 0.909424, -78411.343750, 0.349325925926
LYS, 7, 29.544, 0.845146, -80680.437500, 0.242707407407
MET, 9, 26.308, 0.8228, -79989.195312, 0.221622222222
PHE, 6, 28.303, 0.9332, -80016.453125, 0.339081481481
PRO, 5, 27.269, 0.833648, -80601.890625, 0.268974074074
SER, 4, 26.873, 0.848759, -80237.796875, 0.234703703704
THR, 0, 29.286, 0.883331, -80116.585938, 0.375159259259
TRP, 2, 29.148, 0.900004, -80130.281250, 0.314955555556
TYR, 7, 28.449, 0.868917, -78606.250000, 0.270355555556
VAL, 4, 25.666, 0.818047, -79775.617188, 0.221659259259
