AMINO ACID, DSSP, SASA, GYRATE, ENERGY, RMSF
ALA, 4, 26.518, 0.825433, -80605.687500, 0.251659259259
ARG, 7, 28.635, 0.866139, -80828.445312, 0.298462962963
ASN, 10, 27.211, 0.824263, -80891.242188, 0.210481481481
ASP, 8, 26.340, 0.820191, -80258.781250, 0.207903703704
CYS, 6, 28.337, 0.865344, -79878.820312, 0.307162962963
GLN, 5, 28.652, 0.879067, -81017.234375, 0.290562962963
GLU, 6, 24.211, 0.819161, -79568.750000, 0.207940740741
GLY, 6, 25.367, 0.829929, -80485.234375, 0.230159259259
HIS, 8, 28.690, 0.87401, -79814.601562, 0.336788888889
ILE, 9, 26.569, 0.813875, -79892.960938, 0.278788888889
LEU, 2, 28.443, 0.901793, -80099.992188, 0.349325925926
LYS, 7, 27.441, 0.82381, -80638.140625, 0.242707407407
MET, 7, 27.875, 0.842066, -79536.781250, 0.221622222222
PHE, 6, 27.430, 0.929402, -80780.171875, 0.339081481481
PRO, 7, 27.634, 0.836706, -80421.765625, 0.268974074074
SER, 2, 25.671, 0.840171, -81485.578125, 0.234703703704
THR, 2, 29.398, 0.895013, -79471.781250, 0.375159259259
TRP, 2, 28.121, 0.923888, -79758.421875, 0.314955555556
TYR, 7, 28.577, 0.868097, -80256.812500, 0.270355555556
VAL, 7, 26.125, 0.813607, -79922.781250, 0.221659259259
