AMINO ACID, DSSP, SASA, GYRATE, ENERGY, RMSF
ALA, 4, 27.394, 0.832345, -80521.281250, 0.251659259259
ARG, 2, 29.140, 0.864401, -80574.718750, 0.298462962963
ASN, 10, 27.228, 0.81564, -80455.703125, 0.210481481481
ASP, 8, 27.269, 0.823362, -79324.828125, 0.207903703704
CYS, 6, 27.160, 0.849589, -80330.710938, 0.307162962963
GLN, 5, 27.886, 0.88495, -80613.867188, 0.290562962963
GLU, 6, 24.607, 0.806105, -81227.976562, 0.207940740741
GLY, 5, 24.486, 0.814572, -79853.921875, 0.230159259259
HIS, 6, 28.251, 0.893477, -80817.031250, 0.336788888889
ILE, 9, 25.260, 0.819299, -81100.031250, 0.278788888889
LEU, 6, 27.330, 0.890761, -80377.609375, 0.349325925926
LYS, 7, 28.144, 0.832177, -80818.703125, 0.242707407407
MET, 9, 27.170, 0.83162, -80202.945312, 0.221622222222
PHE, 6, 28.245, 0.927517, -79721.765625, 0.339081481481
PRO, 5, 26.673, 0.822831, -80361.804688, 0.268974074074
SER, 4, 25.460, 0.831547, -79856.828125, 0.234703703704
THR, 0, 27.678, 0.884686, -80636.906250, 0.375159259259
TRP, 2, 29.450, 0.915057, -79675.343750, 0.314955555556
TYR, 5, 30.557, 0.916663, -79909.734375, 0.270355555556
VAL, 7, 26.026, 0.812761, -80741.843750, 0.221659259259
