AMINO ACID, DSSP, SASA, GYRATE, ENERGY, RMSF
ALA, 8, 27.549, 0.848978, -81572.031250, 0.251659259259
ARG, 4, 28.121, 0.848644, -80395.890625, 0.298462962963
ASN, 8, 27.425, 0.825812, -80544.890625, 0.210481481481
ASP, 12, 23.902, 0.80627, -80209.460938, 0.207903703704
CYS, 8, 27.255, 0.834614, -79789.320312, 0.307162962963
GLN, 15, 23.702, 0.800782, -79968.500000, 0.290562962963
GLU, 7, 25.885, 0.806448, -80544.375000, 0.207940740741
GLY, 4, 24.955, 0.837471, -80383.140625, 0.230159259259
HIS, 11, 29.539, 0.864266, -80933.289062, 0.336788888889
ILE, 6, 28.104, 0.859723, -80396.875000, 0.278788888889
LEU, 7, 25.549, 0.802407, -79705.890625, 0.349325925926
LYS, 9, 28.277, 0.838053, -80654.875000, 0.242707407407
MET, 6, 26.754, 0.853128, -80232.484375, 0.221622222222
PHE, 12, 27.505, 0.814648, -78974.578125, 0.339081481481
PRO, 6, 24.956, 0.813186, -79634.695312, 0.268974074074
SER, 12, 25.232, 0.816509, -80339.031250, 0.234703703704
THR, 8, 28.774, 0.857843, -79668.468750, 0.375159259259
TRP, 6, 28.747, 0.861669, -79322.625000, 0.314955555556
TYR, 9, 28.541, 0.87081, -80137.382812, 0.270355555556
VAL, 10, 26.367, 0.826252, -80255.890625, 0.221659259259
