AMINO ACID, DSSP, SASA, GYRATE, ENERGY, RMSF
ALA, 2, 26.541, 0.82522, -79780.421875, 0.251659259259
ARG, 7, 28.865, 0.86183, -81033.382812, 0.298462962963
ASN, 12, 24.996, 0.800219, -81096.562500, 0.210481481481
ASP, 10, 26.786, 0.817929, -79904.281250, 0.207903703704
CYS, 7, 27.540, 0.883219, -79985.101562, 0.307162962963
GLN, 5, 27.935, 0.881873, -79976.132812, 0.290562962963
GLU, 4, 24.512, 0.811396, -80593.710938, 0.207940740741
GLY, 4, 25.855, 0.837044, -80024.257812, 0.230159259259
HIS, 8, 28.063, 0.880132, -80532.523438, 0.336788888889
ILE, 7, 26.408, 0.847429, -79775.703125, 0.278788888889
LEU, 9, 28.630, 0.912066, -78919.515625, 0.349325925926
LYS, 6, 29.506, 0.841897, -80413.375000, 0.242707407407
MET, 9, 24.961, 0.827509, -80320.992188, 0.221622222222
PHE, 6, 27.732, 0.926832, -79904.726562, 0.339081481481
PRO, 0, 25.278, 0.807297, -80534.812500, 0.268974074074
SER, 4, 24.824, 0.827324, -80784.875000, 0.234703703704
THR, 4, 27.108, 0.883869, -80081.015625, 0.375159259259
TRP, 2, 29.708, 0.897566, -79517.632812, 0.314955555556
TYR, 6, 29.167, 0.867726, -80077.039062, 0.270355555556
VAL, 8, 25.170, 0.812088, -79830.132812, 0.221659259259
