AMINO ACID, DSSP, SASA, GYRATE, ENERGY, RMSF
ALA, 8, 28.262, 0.855607, -80076.687500, 0.251659259259
ARG, 4, 28.974, 0.855085, -81190.640625, 0.298462962963
ASN, 13, 27.396, 0.818534, -80875.515625, 0.210481481481
ASP, 9, 25.112, 0.798094, -79271.234375, 0.207903703704
CYS, 9, 26.884, 0.834977, -80786.593750, 0.307162962963
GLN, 16, 24.606, 0.80877, -79854.734375, 0.290562962963
GLU, 9, 26.186, 0.81798, -80998.765625, 0.207940740741
GLY, 4, 26.515, 0.842423, -79936.671875, 0.230159259259
HIS, 11, 29.092, 0.855587, -79957.078125, 0.336788888889
ILE, 4, 28.239, 0.861223, -80395.476562, 0.278788888889
LEU, 7, 23.953, 0.795759, -79813.546875, 0.349325925926
LYS, 9, 28.589, 0.844302, -81244.218750, 0.242707407407
MET, 6, 26.364, 0.852958, -80242.609375, 0.221622222222
PHE, 10, 27.123, 0.818319, -80178.203125, 0.339081481481
PRO, 6, 25.165, 0.816329, -79802.835938, 0.268974074074
SER, 9, 24.054, 0.800678, -80780.125000, 0.234703703704
THR, 8, 27.828, 0.847484, -81074.609375, 0.375159259259
TRP, 4, 28.180, 0.854711, -79057.968750, 0.314955555556
TYR, 11, 28.042, 0.866037, -80500.843750, 0.270355555556
VAL, 8, 25.753, 0.830764, -80528.664062, 0.221659259259
