AMINO ACID, DSSP, SASA, GYRATE, ENERGY, RMSF
ALA, 8, 27.281, 0.850296, -79744.023438, 0.251659259259
ARG, 2, 27.646, 0.855085, -81676.820312, 0.298462962963
ASN, 10, 27.337, 0.828154, -80409.960938, 0.210481481481
ASP, 10, 26.156, 0.80601, -79965.101562, 0.207903703704
CYS, 9, 26.575, 0.836584, -80733.031250, 0.307162962963
GLN, 16, 24.158, 0.799921, -79721.953125, 0.290562962963
GLU, 9, 27.486, 0.824778, -80520.648438, 0.207940740741
GLY, 6, 25.980, 0.831937, -80322.000000, 0.230159259259
HIS, 6, 27.830, 0.843109, -80040.765625, 0.336788888889
ILE, 6, 27.611, 0.859284, -79926.312500, 0.278788888889
LEU, 7, 25.119, 0.802911, -79938.164062, 0.349325925926
LYS, 9, 27.964, 0.8394, -80237.335938, 0.242707407407
MET, 6, 27.158, 0.856472, -80379.804688, 0.221622222222
PHE, 8, 27.145, 0.819221, -80857.664062, 0.339081481481
PRO, 6, 24.908, 0.815632, -79758.781250, 0.268974074074
SER, 7, 24.934, 0.809, -79449.382812, 0.234703703704
THR, 8, 27.191, 0.838786, -80828.234375, 0.375159259259
TRP, 4, 27.740, 0.849861, -80334.640625, 0.314955555556
TYR, 12, 27.216, 0.872469, -79217.437500, 0.270355555556
VAL, 10, 25.997, 0.823756, -80007.203125, 0.221659259259
