AMINO ACID, DSSP, SASA, GYRATE, ENERGY, RMSF
ALA, 4, 25.424, 0.822056, -80129.453125, 0.251659259259
ARG, 2, 26.164, 0.847725, -80769.195312, 0.298462962963
ASN, 10, 25.950, 0.816005, -79606.226562, 0.210481481481
ASP, 6, 24.954, 0.803476, -79511.656250, 0.207903703704
CYS, 4, 29.013, 0.875006, -79619.343750, 0.307162962963
GLN, 4, 25.789, 0.88655, -80724.921875, 0.290562962963
GLU, 8, 25.139, 0.80868, -79835.500000, 0.207940740741
GLY, 6, 24.823, 0.820521, -80456.679688, 0.230159259259
HIS, 8, 29.393, 0.894153, -80361.132812, 0.336788888889
ILE, 7, 25.466, 0.822487, -79999.585938, 0.278788888889
LEU, 9, 26.687, 0.885297, -80163.851562, 0.349325925926
LYS, 5, 30.429, 0.859587, -80841.757812, 0.242707407407
MET, 13, 26.474, 0.837773, -81391.343750, 0.221622222222
PHE, 10, 26.220, 0.939686, -80168.851562, 0.339081481481
PRO, 3, 26.669, 0.830211, -80390.218750, 0.268974074074
SER, 2, 25.636, 0.833159, -81161.726562, 0.234703703704
THR, 2, 27.557, 0.878988, -80253.664062, 0.375159259259
TRP, 2, 28.792, 0.895923, -79805.890625, 0.314955555556
TYR, 8, 26.489, 0.851525, -80732.078125, 0.270355555556
VAL, 6, 24.807, 0.815997, -80093.734375, 0.221659259259
