AMINO ACID, DSSP, SASA, GYRATE, ENERGY, RMSF
ALA, 4, 27.340, 0.830876, -79837.468750, 0.251659259259
ARG, 4, 27.718, 0.846845, -80720.328125, 0.298462962963
ASN, 12, 24.669, 0.802357, -80204.429688, 0.210481481481
ASP, 8, 25.405, 0.812052, -79988.578125, 0.207903703704
CYS, 4, 27.199, 0.86501, -80282.664062, 0.307162962963
GLN, 2, 26.240, 0.868577, -81267.625000, 0.290562962963
GLU, 4, 24.977, 0.808794, -80219.406250, 0.207940740741
GLY, 4, 26.716, 0.82494, -81035.054688, 0.230159259259
HIS, 6, 28.343, 0.867583, -80550.703125, 0.336788888889
ILE, 7, 26.082, 0.826887, -79639.421875, 0.278788888889
LEU, 6, 28.294, 0.900889, -79489.390625, 0.349325925926
LYS, 6, 28.834, 0.846177, -81268.171875, 0.242707407407
MET, 9, 26.403, 0.828278, -80851.031250, 0.221622222222
PHE, 8, 26.582, 0.911205, -80251.179688, 0.339081481481
PRO, 7, 26.405, 0.826877, -81046.609375, 0.268974074074
SER, 4, 26.134, 0.835059, -79654.562500, 0.234703703704
THR, 8, 26.926, 0.892899, -80572.070312, 0.375159259259
TRP, 2, 27.485, 0.894169, -79855.812500, 0.314955555556
TYR, 6, 27.673, 0.870302, -80007.843750, 0.270355555556
VAL, 8, 25.752, 0.821856, -80256.898438, 0.221659259259
