AMINO ACID, DSSP, SASA, GYRATE, ENERGY, RMSF
ALA, 6, 25.796, 0.830563, -79674.093750, 0.251659259259
ARG, 2, 28.530, 0.863538, -80707.851562, 0.298462962963
ASN, 10, 23.264, 0.794195, -79934.609375, 0.210481481481
ASP, 10, 26.761, 0.821851, -80056.585938, 0.207903703704
CYS, 4, 27.166, 0.871938, -80592.968750, 0.307162962963
GLN, 5, 26.192, 0.855914, -80305.281250, 0.290562962963
GLU, 10, 25.017, 0.818925, -79696.820312, 0.207940740741
GLY, 4, 26.323, 0.827678, -80496.726562, 0.230159259259
HIS, 8, 28.229, 0.868192, -80010.750000, 0.336788888889
ILE, 7, 26.220, 0.813764, -79953.328125, 0.278788888889
LEU, 6, 28.713, 0.902884, -79810.203125, 0.349325925926
LYS, 7, 28.035, 0.840661, -80894.406250, 0.242707407407
MET, 9, 27.605, 0.836453, -81769.421875, 0.221622222222
PHE, 6, 26.847, 0.908977, -79320.937500, 0.339081481481
PRO, 5, 27.476, 0.832565, -79357.234375, 0.268974074074
SER, 4, 25.725, 0.834638, -79708.343750, 0.234703703704
THR, 2, 25.111, 0.87987, -79995.109375, 0.375159259259
TRP, 2, 28.475, 0.917816, -80315.375000, 0.314955555556
TYR, 8, 28.831, 0.882832, -79512.664062, 0.270355555556
VAL, 8, 24.969, 0.815039, -80186.179688, 0.221659259259
