AMINO ACID, DSSP, SASA, GYRATE, ENERGY, RMSF
ALA, 6, 26.687, 0.831023, -80363.734375, 0.251659259259
ARG, 2, 27.139, 0.84953, -80311.140625, 0.298462962963
ASN, 12, 24.796, 0.807418, -80048.359375, 0.210481481481
ASP, 8, 25.519, 0.811231, -80788.203125, 0.207903703704
CYS, 5, 28.031, 0.875833, -80785.289062, 0.307162962963
GLN, 7, 25.182, 0.857951, -80745.210938, 0.290562962963
GLU, 6, 24.342, 0.806518, -80335.320312, 0.207940740741
GLY, 4, 26.519, 0.844233, -80598.890625, 0.230159259259
HIS, 6, 28.832, 0.881355, -78908.539062, 0.336788888889
ILE, 7, 25.538, 0.82002, -79535.328125, 0.278788888889
LEU, 6, 27.934, 0.904477, -79945.132812, 0.349325925926
LYS, 5, 29.707, 0.858596, -79964.804688, 0.242707407407
MET, 11, 25.944, 0.831349, -80479.515625, 0.221622222222
PHE, 6, 27.084, 0.902293, -79886.328125, 0.339081481481
PRO, 7, 26.099, 0.830387, -79949.898438, 0.268974074074
SER, 4, 25.039, 0.822397, -80059.671875, 0.234703703704
THR, 6, 26.349, 0.888323, -80123.265625, 0.375159259259
TRP, 2, 29.935, 0.912748, -80754.179688, 0.314955555556
TYR, 12, 27.857, 0.871623, -80206.695312, 0.270355555556
VAL, 10, 24.713, 0.814318, -79399.312500, 0.221659259259
