AMINO ACID, DSSP, SASA, GYRATE, ENERGY, RMSF
ALA, 2, 25.069, 0.823496, -80870.000000, 0.251659259259
ARG, 2, 27.434, 0.846978, -80855.140625, 0.298462962963
ASN, 14, 24.872, 0.808076, -79498.476562, 0.210481481481
ASP, 8, 27.111, 0.820903, -80132.500000, 0.207903703704
CYS, 9, 29.166, 0.891896, -80409.195312, 0.307162962963
GLN, 5, 26.799, 0.872528, -80894.226562, 0.290562962963
GLU, 8, 25.154, 0.804591, -79960.968750, 0.207940740741
GLY, 2, 25.315, 0.831475, -80297.968750, 0.230159259259
HIS, 6, 27.174, 0.878326, -80109.054688, 0.336788888889
ILE, 7, 27.624, 0.828528, -80940.046875, 0.278788888889
LEU, 6, 28.385, 0.89731, -79046.421875, 0.349325925926
LYS, 7, 28.850, 0.853812, -80643.156250, 0.242707407407
MET, 11, 25.977, 0.839044, -80713.164062, 0.221622222222
PHE, 6, 26.749, 0.926886, -80921.218750, 0.339081481481
PRO, 7, 26.195, 0.824624, -79170.968750, 0.268974074074
SER, 4, 26.221, 0.840788, -80105.546875, 0.234703703704
THR, 4, 25.290, 0.862005, -80211.351562, 0.375159259259
TRP, 2, 28.721, 0.892034, -80168.468750, 0.314955555556
TYR, 6, 28.112, 0.883733, -79580.125000, 0.270355555556
VAL, 8, 24.493, 0.793851, -80152.031250, 0.221659259259
