AMINO ACID, DSSP, SASA, GYRATE, ENERGY, RMSF
ALA, 4, 25.528, 0.821631, -80016.593750, 0.251659259259
ARG, 5, 27.559, 0.855428, -81013.781250, 0.298462962963
ASN, 6, 27.233, 0.817201, -79892.250000, 0.210481481481
ASP, 6, 25.673, 0.809525, -79072.609375, 0.207903703704
CYS, 6, 29.482, 0.886817, -80949.367188, 0.307162962963
GLN, 5, 26.537, 0.85932, -80507.656250, 0.290562962963
GLU, 8, 24.517, 0.801593, -80055.234375, 0.207940740741
GLY, 6, 25.511, 0.83435, -81057.671875, 0.230159259259
HIS, 6, 29.600, 0.893032, -80373.500000, 0.336788888889
ILE, 7, 25.706, 0.829309, -80240.335938, 0.278788888889
LEU, 9, 28.368, 0.883586, -80203.796875, 0.349325925926
LYS, 5, 27.636, 0.845807, -80220.531250, 0.242707407407
MET, 11, 25.249, 0.824177, -79332.140625, 0.221622222222
PHE, 6, 27.724, 0.922859, -80886.109375, 0.339081481481
PRO, 7, 25.617, 0.813553, -80873.875000, 0.268974074074
SER, 4, 25.108, 0.811816, -80510.210938, 0.234703703704
THR, 8, 26.639, 0.867558, -80438.390625, 0.375159259259
TRP, 2, 28.700, 0.906216, -79791.718750, 0.314955555556
TYR, 8, 27.625, 0.894584, -79648.531250, 0.270355555556
VAL, 8, 23.887, 0.804464, -80337.703125, 0.221659259259
