AMINO ACID, DSSP, SASA, GYRATE, ENERGY, RMSF
ALA, 4, 26.522, 0.819697, -80485.234375, 0.251659259259
ARG, 4, 28.567, 0.85917, -80184.304688, 0.298462962963
ASN, 6, 28.853, 0.831724, -80500.726562, 0.210481481481
ASP, 10, 26.298, 0.813439, -80424.476562, 0.207903703704
CYS, 7, 27.488, 0.884201, -80062.617188, 0.307162962963
GLN, 5, 27.038, 0.86467, -80050.445312, 0.290562962963
GLU, 10, 23.577, 0.794896, -80511.109375, 0.207940740741
GLY, 6, 25.741, 0.83201, -80582.367188, 0.230159259259
HIS, 10, 29.349, 0.884028, -80331.976562, 0.336788888889
ILE, 7, 26.057, 0.819708, -79834.804688, 0.278788888889
LEU, 9, 27.418, 0.890129, -79840.531250, 0.349325925926
LYS, 2, 27.682, 0.837048, -80342.421875, 0.242707407407
MET, 11, 26.639, 0.813561, -80419.109375, 0.221622222222
PHE, 6, 27.805, 0.933803, -79475.289062, 0.339081481481
PRO, 7, 25.276, 0.809702, -79797.351562, 0.268974074074
SER, 4, 26.115, 0.833796, -81336.437500, 0.234703703704
THR, 10, 25.856, 0.865355, -80516.312500, 0.375159259259
TRP, 2, 30.194, 0.909923, -79976.234375, 0.314955555556
TYR, 5, 27.086, 0.875386, -80421.968750, 0.270355555556
VAL, 10, 24.910, 0.808455, -79873.968750, 0.221659259259
