AMINO ACID, DSSP, SASA, GYRATE, ENERGY, RMSF
ALA, 6, 25.721, 0.845778, -79974.500000, 0.251659259259
ARG, 6, 29.289, 0.863159, -80636.945312, 0.298462962963
ASN, 6, 27.264, 0.820362, -81303.921875, 0.210481481481
ASP, 6, 26.976, 0.81673, -80541.585938, 0.207903703704
CYS, 8, 29.208, 0.889114, -80917.671875, 0.307162962963
GLN, 8, 24.904, 0.806607, -80700.140625, 0.290562962963
GLU, 6, 27.193, 0.850576, -81007.812500, 0.207940740741
GLY, 8, 27.408, 0.843509, -79826.875000, 0.230159259259
HIS, 8, 27.905, 0.857507, -80672.914062, 0.336788888889
ILE, 8, 26.882, 0.818267, -80179.445312, 0.278788888889
LEU, 8, 26.154, 0.815695, -78978.765625, 0.349325925926
LYS, 6, 27.643, 0.820184, -80891.218750, 0.242707407407
MET, 9, 27.593, 0.850245, -79810.078125, 0.221622222222
PHE, 8, 26.472, 0.813761, -79600.648438, 0.339081481481
PRO, 6, 28.102, 0.855611, -80507.507812, 0.268974074074
SER, 8, 27.295, 0.832855, -79371.109375, 0.234703703704
THR, 10, 26.332, 0.81116, -79651.125000, 0.375159259259
TRP, 8, 27.950, 0.838247, -79896.984375, 0.314955555556
TYR, 7, 27.999, 0.858323, -78886.453125, 0.270355555556
VAL, 8, 26.611, 0.813048, -79717.382812, 0.221659259259
