AMINO ACID, DSSP, SASA, GYRATE, ENERGY, RMSF
ALA, 8, 27.800, 0.856102, -80357.617188, 0.251659259259
ARG, 2, 30.742, 0.863548, -80901.859375, 0.298462962963
ASN, 11, 28.063, 0.841444, -81365.015625, 0.210481481481
ASP, 9, 24.990, 0.795516, -80957.968750, 0.207903703704
CYS, 10, 27.416, 0.839816, -80778.226562, 0.307162962963
GLN, 16, 24.427, 0.795714, -81076.656250, 0.290562962963
GLU, 7, 26.162, 0.813355, -79351.554688, 0.207940740741
GLY, 9, 25.154, 0.82896, -80612.765625, 0.230159259259
HIS, 8, 27.281, 0.861551, -80360.562500, 0.336788888889
ILE, 4, 27.387, 0.873557, -80723.843750, 0.278788888889
LEU, 10, 25.900, 0.807441, -80061.085938, 0.349325925926
LYS, 9, 27.953, 0.845212, -80885.945312, 0.242707407407
MET, 4, 26.854, 0.8422, -80308.687500, 0.221622222222
PHE, 8, 26.852, 0.822124, -79701.070312, 0.339081481481
PRO, 4, 24.879, 0.81148, -81036.281250, 0.268974074074
SER, 7, 24.539, 0.810067, -79385.656250, 0.234703703704
THR, 10, 27.052, 0.845933, -79873.390625, 0.375159259259
TRP, 6, 27.483, 0.849965, -79705.703125, 0.314955555556
TYR, 12, 26.367, 0.858298, -80308.328125, 0.270355555556
VAL, 8, 25.585, 0.825548, -79663.375000, 0.221659259259
