AMINO ACID, DSSP, SASA, GYRATE, ENERGY, RMSF
ALA, 4, 26.301, 0.836809, -80193.687500, 0.251659259259
ARG, 2, 26.908, 0.855774, -80233.984375, 0.298462962963
ASN, 8, 27.467, 0.827205, -80306.078125, 0.210481481481
ASP, 6, 27.752, 0.837231, -79942.375000, 0.207903703704
CYS, 4, 28.107, 0.892225, -79798.328125, 0.307162962963
GLN, 2, 27.625, 0.876155, -80472.882812, 0.290562962963
GLU, 8, 23.809, 0.793143, -80109.585938, 0.207940740741
GLY, 6, 24.729, 0.824995, -80893.078125, 0.230159259259
HIS, 6, 29.878, 0.933936, -79428.343750, 0.336788888889
ILE, 7, 25.744, 0.823604, -80435.781250, 0.278788888889
LEU, 9, 29.416, 0.897674, -80445.460938, 0.349325925926
LYS, 5, 27.317, 0.838066, -81421.351562, 0.242707407407
MET, 11, 25.949, 0.822836, -80616.132812, 0.221622222222
PHE, 6, 28.395, 0.95923, -79460.375000, 0.339081481481
PRO, 7, 27.631, 0.836857, -80458.781250, 0.268974074074
SER, 2, 25.145, 0.822026, -80430.148438, 0.234703703704
THR, 8, 27.301, 0.887861, -80451.921875, 0.375159259259
TRP, 0, 29.372, 0.898246, -80161.859375, 0.314955555556
TYR, 5, 28.546, 0.873008, -78976.343750, 0.270355555556
VAL, 10, 26.971, 0.825011, -80674.164062, 0.221659259259
