AMINO ACID, DSSP, SASA, GYRATE, ENERGY, RMSF
ALA, 6, 28.075, 0.844262, -79967.203125, 0.251659259259
ARG, 2, 28.793, 0.861661, -80710.781250, 0.298462962963
ASN, 6, 27.284, 0.818301, -81198.773438, 0.210481481481
ASP, 10, 25.607, 0.811487, -79617.445312, 0.207903703704
CYS, 4, 27.028, 0.86368, -80974.648438, 0.307162962963
GLN, 0, 27.901, 0.867343, -80944.437500, 0.290562962963
GLU, 6, 26.040, 0.825327, -80760.875000, 0.207940740741
GLY, 4, 25.116, 0.822722, -79473.406250, 0.230159259259
HIS, 6, 28.984, 0.890673, -79130.953125, 0.336788888889
ILE, 7, 26.958, 0.829559, -81246.617188, 0.278788888889
LEU, 9, 28.774, 0.893536, -79619.062500, 0.349325925926
LYS, 7, 28.158, 0.836895, -80532.765625, 0.242707407407
MET, 9, 27.241, 0.863968, -79905.875000, 0.221622222222
PHE, 6, 27.696, 0.941423, -80451.703125, 0.339081481481
PRO, 0, 27.112, 0.836959, -79954.531250, 0.268974074074
SER, 4, 26.625, 0.844882, -79652.953125, 0.234703703704
THR, 6, 26.133, 0.85794, -80369.968750, 0.375159259259
TRP, 2, 29.504, 0.872644, -80835.757812, 0.314955555556
TYR, 11, 29.527, 0.911795, -79802.429688, 0.270355555556
VAL, 8, 25.956, 0.818615, -80934.093750, 0.221659259259
