AMINO ACID, DSSP, SASA, GYRATE, ENERGY, RMSF
ALA, 8, 26.670, 0.837315, -80029.671875, 0.251659259259
ARG, 2, 28.083, 0.859681, -80164.718750, 0.298462962963
ASN, 9, 27.834, 0.823166, -80455.250000, 0.210481481481
ASP, 10, 25.443, 0.814704, -79295.453125, 0.207903703704
CYS, 4, 27.836, 0.870823, -80383.343750, 0.307162962963
GLN, 0, 27.084, 0.86844, -80363.007812, 0.290562962963
GLU, 10, 24.722, 0.811655, -80159.718750, 0.207940740741
GLY, 4, 24.452, 0.818121, -80372.718750, 0.230159259259
HIS, 6, 30.920, 0.928997, -79275.609375, 0.336788888889
ILE, 9, 25.626, 0.818956, -80252.023438, 0.278788888889
LEU, 9, 29.358, 0.924393, -80405.109375, 0.349325925926
LYS, 7, 26.983, 0.831759, -80039.148438, 0.242707407407
MET, 9, 25.896, 0.841469, -80197.960938, 0.221622222222
PHE, 6, 28.067, 0.955034, -79652.062500, 0.339081481481
PRO, 5, 26.209, 0.818737, -80529.000000, 0.268974074074
SER, 6, 25.738, 0.826261, -79937.171875, 0.234703703704
THR, 8, 26.260, 0.878084, -80569.750000, 0.375159259259
TRP, 2, 28.813, 0.884161, -79995.187500, 0.314955555556
TYR, 9, 28.692, 0.891652, -80035.750000, 0.270355555556
VAL, 10, 25.290, 0.817087, -80154.257812, 0.221659259259
