AMINO ACID, DSSP, SASA, GYRATE, ENERGY, RMSF
ALA, 8, 26.957, 0.825116, -80073.390625, 0.251659259259
ARG, 2, 28.587, 0.853012, -80228.515625, 0.298462962963
ASN, 10, 27.245, 0.835633, -80206.156250, 0.210481481481
ASP, 10, 26.404, 0.815589, -81117.875000, 0.207903703704
CYS, 2, 27.372, 0.863389, -80407.320312, 0.307162962963
GLN, 7, 25.056, 0.864522, -79959.835938, 0.290562962963
GLU, 8, 23.629, 0.799721, -80220.515625, 0.207940740741
GLY, 6, 25.424, 0.808326, -80641.718750, 0.230159259259
HIS, 6, 30.665, 0.93826, -79500.320312, 0.336788888889
ILE, 7, 25.325, 0.826462, -80237.414062, 0.278788888889
LEU, 7, 27.222, 0.880935, -80202.234375, 0.349325925926
LYS, 7, 26.786, 0.840607, -80645.210938, 0.242707407407
MET, 9, 24.902, 0.833762, -80133.156250, 0.221622222222
PHE, 6, 26.281, 0.925637, -80229.562500, 0.339081481481
PRO, 7, 26.117, 0.822313, -80877.296875, 0.268974074074
SER, 6, 26.647, 0.855293, -79941.828125, 0.234703703704
THR, 8, 25.813, 0.868693, -79988.562500, 0.375159259259
TRP, 2, 29.481, 0.879755, -80692.851562, 0.314955555556
TYR, 7, 29.993, 0.904519, -79899.375000, 0.270355555556
VAL, 10, 25.998, 0.822485, -79780.937500, 0.221659259259
