AMINO ACID, DSSP, SASA, GYRATE, ENERGY, RMSF
ALA, 4, 26.125, 0.825396, -80880.140625, 0.251659259259
ARG, 4, 28.716, 0.865268, -80229.765625, 0.298462962963
ASN, 8, 26.422, 0.829038, -80917.039062, 0.210481481481
ASP, 10, 26.620, 0.819962, -79833.968750, 0.207903703704
CYS, 4, 27.647, 0.882448, -80400.000000, 0.307162962963
GLN, 5, 26.040, 0.871371, -80107.812500, 0.290562962963
GLU, 14, 26.850, 0.820353, -79847.664062, 0.207940740741
GLY, 9, 26.008, 0.819989, -79987.781250, 0.230159259259
HIS, 6, 27.505, 0.899117, -80150.679688, 0.336788888889
ILE, 4, 25.945, 0.81052, -80153.593750, 0.278788888889
LEU, 6, 29.145, 0.891117, -80168.242188, 0.349325925926
LYS, 7, 26.736, 0.842423, -81405.312500, 0.242707407407
MET, 9, 24.661, 0.825124, -80952.140625, 0.221622222222
PHE, 6, 27.491, 0.958901, -80543.843750, 0.339081481481
PRO, 0, 26.187, 0.824035, -79483.546875, 0.268974074074
SER, 4, 25.319, 0.835307, -80466.734375, 0.234703703704
THR, 6, 26.296, 0.858502, -80030.046875, 0.375159259259
TRP, 2, 28.975, 0.890895, -79744.773438, 0.314955555556
TYR, 9, 29.219, 0.87349, -79277.664062, 0.270355555556
VAL, 6, 26.045, 0.81686, -80034.046875, 0.221659259259
