AMINO ACID, DSSP, SASA, GYRATE, ENERGY, RMSF
ALA, 8, 26.327, 0.839667, -80805.054688, 0.251659259259
ARG, 2, 28.651, 0.883666, -80915.015625, 0.298462962963
ASN, 4, 27.082, 0.83141, -80659.101562, 0.210481481481
ASP, 10, 25.881, 0.818253, -79276.476562, 0.207903703704
CYS, 9, 27.488, 0.861592, -80366.281250, 0.307162962963
GLN, 3, 27.086, 0.867618, -81481.171875, 0.290562962963
GLU, 10, 24.557, 0.808285, -80479.734375, 0.207940740741
GLY, 6, 25.919, 0.823344, -79877.101562, 0.230159259259
HIS, 4, 28.222, 0.892748, -80843.468750, 0.336788888889
ILE, 7, 26.394, 0.818701, -79458.710938, 0.278788888889
LEU, 6, 28.514, 0.899976, -79640.492188, 0.349325925926
LYS, 7, 27.136, 0.839861, -81282.039062, 0.242707407407
MET, 9, 25.718, 0.829854, -79804.406250, 0.221622222222
PHE, 6, 26.837, 0.94387, -79813.773438, 0.339081481481
PRO, 7, 26.399, 0.815318, -80046.093750, 0.268974074074
SER, 2, 24.779, 0.823207, -80283.312500, 0.234703703704
THR, 4, 25.998, 0.87212, -79816.437500, 0.375159259259
TRP, 0, 29.845, 0.897489, -80362.726562, 0.314955555556
TYR, 9, 28.608, 0.85816, -80233.171875, 0.270355555556
VAL, 6, 26.986, 0.820283, -79903.710938, 0.221659259259
