AMINO ACID, DSSP, SASA, GYRATE, ENERGY, RMSF
ALA, 6, 26.950, 0.847928, -80756.984375, 0.251659259259
ARG, 4, 28.591, 0.878337, -80713.632812, 0.298462962963
ASN, 6, 26.604, 0.841701, -80626.820312, 0.210481481481
ASP, 8, 26.683, 0.822324, -79793.546875, 0.207903703704
CYS, 11, 27.591, 0.853964, -79640.515625, 0.307162962963
GLN, 2, 27.928, 0.870733, -79992.007812, 0.290562962963
GLU, 12, 23.590, 0.806028, -80351.890625, 0.207940740741
GLY, 6, 25.982, 0.818474, -80406.031250, 0.230159259259
HIS, 8, 29.586, 0.924041, -80530.671875, 0.336788888889
ILE, 7, 25.224, 0.809853, -79806.312500, 0.278788888889
LEU, 9, 28.142, 0.901394, -80378.234375, 0.349325925926
LYS, 7, 26.276, 0.849, -81010.054688, 0.242707407407
MET, 9, 26.118, 0.831018, -79774.531250, 0.221622222222
PHE, 4, 27.671, 0.926777, -79982.742188, 0.339081481481
PRO, 5, 26.856, 0.833865, -79669.406250, 0.268974074074
SER, 4, 24.331, 0.81606, -79878.812500, 0.234703703704
THR, 8, 27.590, 0.887086, -79539.578125, 0.375159259259
TRP, 2, 29.597, 0.896267, -79010.164062, 0.314955555556
TYR, 8, 29.453, 0.885975, -80035.335938, 0.270355555556
VAL, 6, 26.521, 0.825015, -80461.140625, 0.221659259259
