AMINO ACID, DSSP, SASA, GYRATE, ENERGY, RMSF
ALA, 10, 26.761, 0.843764, -80277.296875, 0.251659259259
ARG, 4, 28.281, 0.868838, -80985.031250, 0.298462962963
ASN, 6, 26.696, 0.835277, -81313.742188, 0.210481481481
ASP, 6, 25.626, 0.821296, -80760.906250, 0.207903703704
CYS, 11, 27.144, 0.857709, -80139.250000, 0.307162962963
GLN, 2, 28.697, 0.871689, -80230.351562, 0.290562962963
GLU, 12, 23.331, 0.800631, -80558.375000, 0.207940740741
GLY, 7, 24.456, 0.809039, -81229.664062, 0.230159259259
HIS, 8, 30.716, 0.924478, -80373.968750, 0.336788888889
ILE, 4, 26.884, 0.837798, -81094.156250, 0.278788888889
LEU, 9, 27.753, 0.899665, -80177.156250, 0.349325925926
LYS, 6, 26.913, 0.844407, -80613.843750, 0.242707407407
MET, 9, 26.739, 0.832599, -80775.578125, 0.221622222222
PHE, 6, 27.797, 0.926419, -79737.632812, 0.339081481481
PRO, 5, 26.736, 0.833963, -79861.179688, 0.268974074074
SER, 4, 25.560, 0.822994, -81015.765625, 0.234703703704
THR, 8, 26.103, 0.881377, -79304.109375, 0.375159259259
TRP, 2, 30.337, 0.919307, -80426.187500, 0.314955555556
TYR, 6, 29.114, 0.892008, -79268.296875, 0.270355555556
VAL, 6, 26.670, 0.821785, -80392.835938, 0.221659259259
