AMINO ACID, DSSP, SASA, GYRATE, ENERGY, RMSF
ALA, 8, 27.607, 0.841262, -80015.984375, 0.251659259259
ARG, 8, 26.944, 0.859882, -80701.312500, 0.298462962963
ASN, 4, 24.641, 0.809574, -80188.109375, 0.210481481481
ASP, 8, 25.567, 0.817068, -79995.828125, 0.207903703704
CYS, 11, 27.780, 0.860195, -79930.007812, 0.307162962963
GLN, 9, 29.404, 0.871713, -79909.765625, 0.290562962963
GLU, 12, 24.125, 0.797421, -79642.796875, 0.207940740741
GLY, 6, 25.304, 0.812026, -79917.070312, 0.230159259259
HIS, 8, 30.280, 0.941281, -80886.031250, 0.336788888889
ILE, 7, 26.376, 0.827457, -81040.671875, 0.278788888889
LEU, 9, 28.605, 0.899885, -80052.890625, 0.349325925926
LYS, 7, 26.448, 0.85177, -81366.929688, 0.242707407407
MET, 9, 26.873, 0.843638, -79952.664062, 0.221622222222
PHE, 4, 26.997, 0.921473, -79575.765625, 0.339081481481
PRO, 5, 26.202, 0.830813, -80171.507812, 0.268974074074
SER, 4, 24.478, 0.814164, -80814.593750, 0.234703703704
THR, 6, 27.269, 0.882896, -79913.609375, 0.375159259259
TRP, 2, 30.554, 0.923025, -79788.859375, 0.314955555556
TYR, 7, 30.204, 0.901377, -79189.335938, 0.270355555556
VAL, 8, 25.772, 0.826427, -80858.343750, 0.221659259259
