AMINO ACID, DSSP, SASA, GYRATE, ENERGY, RMSF
ALA, 10, 26.900, 0.82709, -79944.445312, 0.251659259259
ARG, 2, 29.636, 0.861477, -80197.468750, 0.298462962963
ASN, 8, 26.891, 0.834949, -80766.828125, 0.210481481481
ASP, 4, 25.325, 0.804202, -80185.031250, 0.207903703704
CYS, 12, 27.676, 0.823009, -80769.398438, 0.307162962963
GLN, 17, 25.080, 0.815035, -80750.734375, 0.290562962963
GLU, 7, 25.687, 0.817633, -80468.468750, 0.207940740741
GLY, 6, 26.951, 0.858911, -80547.828125, 0.230159259259
HIS, 8, 26.788, 0.84865, -80081.875000, 0.336788888889
ILE, 6, 27.126, 0.861347, -80498.187500, 0.278788888889
LEU, 8, 26.557, 0.809244, -80488.500000, 0.349325925926
LYS, 11, 27.845, 0.831805, -80875.046875, 0.242707407407
MET, 4, 27.143, 0.837591, -80768.093750, 0.221622222222
PHE, 10, 26.190, 0.80557, -79644.156250, 0.339081481481
PRO, 7, 24.471, 0.822673, -80849.367188, 0.268974074074
SER, 9, 25.163, 0.815612, -80786.242188, 0.234703703704
THR, 10, 27.571, 0.836147, -79791.015625, 0.375159259259
TRP, 6, 26.636, 0.834187, -79917.718750, 0.314955555556
TYR, 8, 29.069, 0.877812, -80037.367188, 0.270355555556
VAL, 8, 26.652, 0.830257, -80816.906250, 0.221659259259
