AMINO ACID, DSSP, SASA, GYRATE, ENERGY, RMSF
ALA, 6, 27.934, 0.844623, -80834.484375, 0.251659259259
ARG, 2, 26.907, 0.852409, -80636.273438, 0.298462962963
ASN, 4, 28.807, 0.854306, -80370.125000, 0.210481481481
ASP, 11, 26.614, 0.811669, -80821.179688, 0.207903703704
CYS, 9, 27.001, 0.855123, -79536.492188, 0.307162962963
GLN, 2, 28.101, 0.882504, -79756.359375, 0.290562962963
GLU, 12, 23.943, 0.798843, -79787.773438, 0.207940740741
GLY, 8, 25.810, 0.808388, -80796.070312, 0.230159259259
HIS, 8, 30.041, 0.930539, -79772.421875, 0.336788888889
ILE, 6, 25.977, 0.849758, -80518.226562, 0.278788888889
LEU, 9, 28.275, 0.902474, -80455.500000, 0.349325925926
LYS, 7, 26.742, 0.832116, -79744.609375, 0.242707407407
MET, 6, 27.164, 0.841041, -80475.445312, 0.221622222222
PHE, 6, 30.593, 0.994795, -79899.328125, 0.339081481481
PRO, 5, 26.608, 0.827529, -80506.703125, 0.268974074074
SER, 4, 26.147, 0.831614, -79466.875000, 0.234703703704
THR, 6, 24.893, 0.856923, -79976.500000, 0.375159259259
TRP, 2, 28.729, 0.878127, -79786.656250, 0.314955555556
TYR, 11, 29.483, 0.892828, -80415.000000, 0.270355555556
VAL, 6, 26.927, 0.836675, -80134.796875, 0.221659259259
