AMINO ACID, DSSP, SASA, GYRATE, ENERGY, RMSF
ALA, 4, 26.276, 0.824005, -79528.296875, 0.251659259259
ARG, 4, 29.117, 0.86602, -80831.890625, 0.298462962963
ASN, 6, 28.611, 0.855895, -80139.000000, 0.210481481481
ASP, 10, 26.457, 0.813739, -80890.062500, 0.207903703704
CYS, 12, 26.141, 0.863486, -81052.359375, 0.307162962963
GLN, 2, 28.017, 0.883521, -80991.390625, 0.290562962963
GLU, 8, 23.323, 0.802288, -80387.289062, 0.207940740741
GLY, 6, 23.451, 0.803065, -79818.460938, 0.230159259259
HIS, 6, 28.929, 0.95117, -80923.687500, 0.336788888889
ILE, 7, 25.355, 0.818281, -80500.765625, 0.278788888889
LEU, 9, 27.304, 0.890153, -80430.312500, 0.349325925926
LYS, 5, 27.141, 0.841537, -80915.828125, 0.242707407407
MET, 9, 27.034, 0.835894, -80165.031250, 0.221622222222
PHE, 6, 29.194, 0.969706, -80609.953125, 0.339081481481
PRO, 2, 27.791, 0.827897, -79857.093750, 0.268974074074
SER, 4, 25.359, 0.836367, -80327.304688, 0.234703703704
THR, 6, 24.710, 0.838884, -80316.609375, 0.375159259259
TRP, 2, 28.799, 0.898087, -80306.906250, 0.314955555556
TYR, 11, 29.363, 0.879131, -80193.765625, 0.270355555556
VAL, 8, 27.740, 0.823119, -79401.609375, 0.221659259259
