AMINO ACID, DSSP, SASA, GYRATE, ENERGY, RMSF
ALA, 8, 25.178, 0.806521, -80420.242188, 0.251659259259
ARG, 2, 27.868, 0.853621, -80553.585938, 0.298462962963
ASN, 10, 26.486, 0.817088, -80399.601562, 0.210481481481
ASP, 8, 27.583, 0.822912, -79983.851562, 0.207903703704
CYS, 9, 28.245, 0.869576, -80256.000000, 0.307162962963
GLN, 6, 27.825, 0.874161, -79672.671875, 0.290562962963
GLU, 8, 25.687, 0.821094, -79881.359375, 0.207940740741
GLY, 6, 25.531, 0.809821, -80007.109375, 0.230159259259
HIS, 4, 29.465, 0.944317, -80360.062500, 0.336788888889
ILE, 7, 26.923, 0.828311, -79597.125000, 0.278788888889
LEU, 9, 28.890, 0.904432, -80559.914062, 0.349325925926
LYS, 7, 27.234, 0.840613, -81214.289062, 0.242707407407
MET, 9, 25.247, 0.827989, -79884.398438, 0.221622222222
PHE, 6, 27.804, 0.960388, -80927.523438, 0.339081481481
PRO, 7, 28.247, 0.846031, -80334.359375, 0.268974074074
SER, 2, 26.127, 0.840971, -79769.453125, 0.234703703704
THR, 6, 24.915, 0.861609, -80329.070312, 0.375159259259
TRP, 4, 29.821, 0.914682, -79645.390625, 0.314955555556
TYR, 9, 29.049, 0.907583, -79578.125000, 0.270355555556
VAL, 6, 26.341, 0.833408, -80405.664062, 0.221659259259
