AMINO ACID, DSSP, SASA, GYRATE, ENERGY, RMSF
ALA, 2, 26.097, 0.828831, -80454.429688, 0.251659259259
ARG, 6, 29.332, 0.85209, -81888.156250, 0.298462962963
ASN, 6, 27.806, 0.840772, -80766.343750, 0.210481481481
ASP, 10, 24.919, 0.800412, -80550.359375, 0.207903703704
CYS, 13, 26.767, 0.826824, -79889.867188, 0.307162962963
GLN, 14, 25.239, 0.815505, -80344.718750, 0.290562962963
GLU, 13, 26.269, 0.833726, -80238.312500, 0.207940740741
GLY, 6, 27.529, 0.84917, -80421.375000, 0.230159259259
HIS, 11, 28.827, 0.869906, -80031.109375, 0.336788888889
ILE, 8, 26.774, 0.857766, -79817.617188, 0.278788888889
LEU, 7, 26.693, 0.818201, -80360.640625, 0.349325925926
LYS, 9, 26.984, 0.821975, -81791.984375, 0.242707407407
MET, 6, 26.073, 0.83239, -80102.421875, 0.221622222222
PHE, 8, 25.130, 0.804091, -80317.375000, 0.339081481481
PRO, 6, 25.656, 0.828269, -79554.320312, 0.268974074074
SER, 8, 24.750, 0.810677, -81217.218750, 0.234703703704
THR, 6, 26.350, 0.830104, -81476.593750, 0.375159259259
TRP, 6, 27.169, 0.846767, -79717.562500, 0.314955555556
TYR, 8, 29.890, 0.888652, -80058.984375, 0.270355555556
VAL, 8, 27.377, 0.835539, -79803.382812, 0.221659259259
