AMINO ACID, DSSP, SASA, GYRATE, ENERGY, RMSF
ALA, 6, 25.913, 0.814139, -80495.234375, 0.251659259259
ARG, 5, 29.405, 0.868337, -79977.070312, 0.298462962963
ASN, 10, 27.056, 0.825279, -80719.898438, 0.210481481481
ASP, 10, 24.940, 0.811114, -79190.531250, 0.207903703704
CYS, 9, 26.893, 0.851582, -79970.242188, 0.307162962963
GLN, 3, 28.666, 0.895851, -80551.531250, 0.290562962963
GLU, 6, 26.981, 0.837939, -80459.312500, 0.207940740741
GLY, 6, 23.084, 0.803252, -80598.414062, 0.230159259259
HIS, 4, 30.502, 0.983204, -80471.195312, 0.336788888889
ILE, 7, 26.976, 0.829057, -80598.937500, 0.278788888889
LEU, 9, 29.689, 0.903518, -80740.859375, 0.349325925926
LYS, 7, 27.120, 0.823376, -81421.562500, 0.242707407407
MET, 7, 27.771, 0.840111, -80078.437500, 0.221622222222
PHE, 6, 28.679, 0.96037, -80278.132812, 0.339081481481
PRO, 7, 27.451, 0.841094, -80382.625000, 0.268974074074
SER, 4, 26.340, 0.82234, -80174.468750, 0.234703703704
THR, 6, 27.769, 0.874633, -80405.992188, 0.375159259259
TRP, 2, 30.838, 0.904483, -80491.156250, 0.314955555556
TYR, 9, 28.418, 0.892907, -80496.804688, 0.270355555556
VAL, 6, 27.039, 0.824658, -78723.023438, 0.221659259259
