AMINO ACID, DSSP, SASA, GYRATE, ENERGY, RMSF
ALA, 6, 24.718, 0.79898, -79203.281250, 0.251659259259
ARG, 6, 25.651, 0.839528, -79615.023438, 0.298462962963
ASN, 13, 27.662, 0.822944, -80520.156250, 0.210481481481
ASP, 10, 25.536, 0.813398, -80704.609375, 0.207903703704
CYS, 14, 26.582, 0.856803, -80388.171875, 0.307162962963
GLN, 7, 27.418, 0.851851, -80106.171875, 0.290562962963
GLU, 8, 26.440, 0.826215, -80920.695312, 0.207940740741
GLY, 6, 26.179, 0.819073, -80443.656250, 0.230159259259
HIS, 8, 27.115, 0.890607, -81262.171875, 0.336788888889
ILE, 7, 25.988, 0.826122, -79744.015625, 0.278788888889
LEU, 9, 27.737, 0.890046, -80936.453125, 0.349325925926
LYS, 7, 27.531, 0.831129, -80870.750000, 0.242707407407
MET, 9, 26.108, 0.82673, -80553.265625, 0.221622222222
PHE, 6, 28.436, 0.944584, -79649.531250, 0.339081481481
PRO, 5, 27.723, 0.825306, -79415.906250, 0.268974074074
SER, 4, 25.022, 0.808578, -80636.429688, 0.234703703704
THR, 6, 26.447, 0.860045, -80385.906250, 0.375159259259
TRP, 4, 28.927, 0.890903, -80106.468750, 0.314955555556
TYR, 9, 28.776, 0.891832, -79667.593750, 0.270355555556
VAL, 8, 25.782, 0.822417, -80561.156250, 0.221659259259
