AMINO ACID, DSSP, SASA, GYRATE, ENERGY, RMSF
ALA, 11, 28.130, 0.847366, -80287.054688, 0.251659259259
ARG, 8, 29.230, 0.851139, -80596.421875, 0.298462962963
ASN, 12, 26.461, 0.830138, -80930.203125, 0.210481481481
ASP, 7, 25.561, 0.793425, -79780.726562, 0.207903703704
CYS, 10, 26.805, 0.837064, -79888.640625, 0.307162962963
GLN, 15, 26.857, 0.817608, -81005.109375, 0.290562962963
GLU, 7, 26.430, 0.819025, -80158.765625, 0.207940740741
GLY, 2, 25.551, 0.84266, -80963.156250, 0.230159259259
HIS, 6, 28.816, 0.885553, -79976.578125, 0.336788888889
ILE, 4, 26.098, 0.82228, -80608.507812, 0.278788888889
LEU, 7, 26.189, 0.816348, -80431.468750, 0.349325925926
LYS, 9, 26.200, 0.818489, -80410.945312, 0.242707407407
MET, 6, 26.569, 0.840772, -80598.140625, 0.221622222222
PHE, 6, 27.005, 0.821983, -79800.148438, 0.339081481481
PRO, 6, 24.415, 0.819854, -79918.968750, 0.268974074074
SER, 9, 26.218, 0.817985, -80139.617188, 0.234703703704
THR, 12, 27.832, 0.831378, -79774.742188, 0.375159259259
TRP, 4, 26.866, 0.845642, -80114.015625, 0.314955555556
TYR, 7, 28.287, 0.859936, -79793.656250, 0.270355555556
VAL, 8, 27.513, 0.837789, -80193.843750, 0.221659259259
