AMINO ACID, DSSP, SASA, GYRATE, ENERGY, RMSF
ALA, 8, 26.755, 0.822344, -80253.187500, 0.251659259259
ARG, 6, 28.281, 0.854475, -80954.593750, 0.298462962963
ASN, 13, 26.102, 0.812836, -80594.960938, 0.210481481481
ASP, 12, 24.346, 0.795436, -79576.078125, 0.207903703704
CYS, 9, 26.372, 0.878515, -81214.343750, 0.307162962963
GLN, 5, 26.866, 0.865727, -80436.000000, 0.290562962963
GLU, 8, 25.200, 0.815336, -79259.296875, 0.207940740741
GLY, 6, 25.395, 0.817537, -80636.187500, 0.230159259259
HIS, 4, 29.218, 0.960244, -79719.257812, 0.336788888889
ILE, 7, 27.467, 0.837829, -79871.906250, 0.278788888889
LEU, 9, 27.352, 0.873126, -80559.320312, 0.349325925926
LYS, 5, 27.904, 0.83387, -80485.218750, 0.242707407407
MET, 9, 26.358, 0.837871, -80424.500000, 0.221622222222
PHE, 6, 28.234, 0.932061, -79656.953125, 0.339081481481
PRO, 7, 25.873, 0.819689, -80470.296875, 0.268974074074
SER, 4, 25.623, 0.822246, -79832.773438, 0.234703703704
THR, 6, 27.707, 0.879585, -80924.117188, 0.375159259259
TRP, 4, 30.431, 0.897911, -80012.343750, 0.314955555556
TYR, 9, 28.966, 0.884134, -79646.304688, 0.270355555556
VAL, 8, 25.762, 0.817794, -80106.523438, 0.221659259259
