AMINO ACID, DSSP, SASA, GYRATE, ENERGY, RMSF
ALA, 8, 27.232, 0.82965, -80580.718750, 0.251659259259
ARG, 4, 27.051, 0.843426, -81352.226562, 0.298462962963
ASN, 8, 28.262, 0.828316, -80249.546875, 0.210481481481
ASP, 10, 27.643, 0.815582, -79869.976562, 0.207903703704
CYS, 9, 27.474, 0.8737, -80534.078125, 0.307162962963
GLN, 5, 26.840, 0.860312, -80315.843750, 0.290562962963
GLU, 6, 24.439, 0.800745, -79585.281250, 0.207940740741
GLY, 6, 26.126, 0.807919, -80391.507812, 0.230159259259
HIS, 4, 30.039, 0.994437, -80583.109375, 0.336788888889
ILE, 7, 26.265, 0.839632, -79962.460938, 0.278788888889
LEU, 6, 27.750, 0.876463, -79932.031250, 0.349325925926
LYS, 7, 27.037, 0.817634, -81463.710938, 0.242707407407
MET, 11, 26.388, 0.822866, -79887.507812, 0.221622222222
PHE, 4, 27.772, 0.903916, -80021.468750, 0.339081481481
PRO, 7, 27.734, 0.831745, -79364.851562, 0.268974074074
SER, 4, 26.268, 0.836421, -79456.140625, 0.234703703704
THR, 6, 27.953, 0.874765, -80386.226562, 0.375159259259
TRP, 0, 29.082, 0.882634, -80483.343750, 0.314955555556
TYR, 7, 29.690, 0.897031, -80056.328125, 0.270355555556
VAL, 8, 26.744, 0.819163, -80849.320312, 0.221659259259
