AMINO ACID, DSSP, SASA, GYRATE, ENERGY, RMSF
ALA, 6, 26.984, 0.840452, -80350.070312, 0.251659259259
ARG, 4, 28.141, 0.844272, -80138.929688, 0.298462962963
ASN, 14, 27.291, 0.819738, -80795.593750, 0.210481481481
ASP, 8, 26.110, 0.814436, -81032.117188, 0.207903703704
CYS, 7, 26.565, 0.85468, -80211.171875, 0.307162962963
GLN, 5, 25.091, 0.846051, -79600.414062, 0.290562962963
GLU, 6, 24.514, 0.804023, -79632.539062, 0.207940740741
GLY, 5, 26.204, 0.812973, -79877.078125, 0.230159259259
HIS, 6, 30.419, 1.00314, -80668.695312, 0.336788888889
ILE, 5, 26.277, 0.840258, -81010.921875, 0.278788888889
LEU, 7, 27.451, 0.87962, -80648.312500, 0.349325925926
LYS, 5, 27.081, 0.824536, -80029.328125, 0.242707407407
MET, 11, 25.513, 0.82554, -80127.867188, 0.221622222222
PHE, 6, 28.470, 0.927524, -81358.828125, 0.339081481481
PRO, 5, 26.153, 0.827073, -79619.812500, 0.268974074074
SER, 4, 25.447, 0.822474, -80486.390625, 0.234703703704
THR, 6, 28.163, 0.870455, -80168.414062, 0.375159259259
TRP, 2, 27.817, 0.857741, -80510.687500, 0.314955555556
TYR, 7, 27.274, 0.867339, -80028.484375, 0.270355555556
VAL, 8, 25.924, 0.835068, -79173.750000, 0.221659259259
