AMINO ACID, DSSP, SASA, GYRATE, ENERGY, RMSF
ALA, 6, 26.924, 0.837033, -80249.203125, 0.251659259259
ARG, 6, 26.478, 0.831059, -80343.695312, 0.298462962963
ASN, 10, 25.164, 0.80027, -79823.390625, 0.210481481481
ASP, 10, 26.138, 0.826181, -80464.437500, 0.207903703704
CYS, 7, 27.376, 0.867559, -79597.968750, 0.307162962963
GLN, 4, 26.473, 0.863296, -80350.421875, 0.290562962963
GLU, 6, 25.012, 0.820355, -80430.828125, 0.207940740741
GLY, 5, 27.744, 0.817919, -80111.945312, 0.230159259259
HIS, 6, 29.724, 1.02208, -81695.476562, 0.336788888889
ILE, 7, 27.914, 0.858003, -79120.734375, 0.278788888889
LEU, 9, 28.948, 0.901418, -80407.640625, 0.349325925926
LYS, 5, 26.160, 0.842602, -80907.812500, 0.242707407407
MET, 9, 25.841, 0.829735, -80460.203125, 0.221622222222
PHE, 6, 26.638, 0.900389, -80479.226562, 0.339081481481
PRO, 2, 26.122, 0.822822, -80586.265625, 0.268974074074
SER, 4, 26.024, 0.822188, -80514.203125, 0.234703703704
THR, 8, 27.075, 0.860897, -80257.468750, 0.375159259259
TRP, 2, 28.230, 0.858722, -79450.828125, 0.314955555556
TYR, 7, 28.031, 0.869269, -79999.195312, 0.270355555556
VAL, 6, 25.886, 0.827806, -80843.125000, 0.221659259259
