AMINO ACID, DSSP, SASA, GYRATE, ENERGY, RMSF
ALA, 8, 26.853, 0.820563, -79868.039062, 0.251659259259
ARG, 2, 26.503, 0.84732, -81276.296875, 0.298462962963
ASN, 6, 27.017, 0.811086, -81284.210938, 0.210481481481
ASP, 8, 25.253, 0.812823, -79999.812500, 0.207903703704
CYS, 10, 26.113, 0.84972, -81237.796875, 0.307162962963
GLN, 5, 26.854, 0.860881, -79851.804688, 0.290562962963
GLU, 6, 26.507, 0.834988, -80745.812500, 0.207940740741
GLY, 7, 24.695, 0.784076, -81007.195312, 0.230159259259
HIS, 6, 28.810, 0.946799, -79526.804688, 0.336788888889
ILE, 7, 27.986, 0.84728, -80353.796875, 0.278788888889
LEU, 9, 28.399, 0.904884, -80714.187500, 0.349325925926
LYS, 7, 26.608, 0.834151, -80357.062500, 0.242707407407
MET, 7, 27.223, 0.850737, -80432.468750, 0.221622222222
PHE, 6, 26.665, 0.913256, -79761.523438, 0.339081481481
PRO, 0, 26.330, 0.832662, -79618.367188, 0.268974074074
SER, 4, 26.917, 0.840507, -79532.562500, 0.234703703704
THR, 8, 26.475, 0.868929, -79945.812500, 0.375159259259
TRP, 2, 27.955, 0.876923, -79673.437500, 0.314955555556
TYR, 7, 28.649, 0.854219, -80281.609375, 0.270355555556
VAL, 8, 25.940, 0.828134, -80718.984375, 0.221659259259
