AMINO ACID, DSSP, SASA, GYRATE, ENERGY, RMSF
ALA, 8, 24.522, 0.802013, -80855.062500, 0.251659259259
ARG, 2, 26.997, 0.845967, -80800.218750, 0.298462962963
ASN, 12, 26.289, 0.809769, -80993.546875, 0.210481481481
ASP, 10, 26.727, 0.828647, -79957.578125, 0.207903703704
CYS, 9, 26.813, 0.84903, -80275.054688, 0.307162962963
GLN, 3, 26.470, 0.863077, -81026.015625, 0.290562962963
GLU, 4, 26.167, 0.818314, -80109.117188, 0.207940740741
GLY, 9, 24.459, 0.778514, -80214.195312, 0.230159259259
HIS, 4, 30.461, 0.972972, -80033.507812, 0.336788888889
ILE, 7, 25.592, 0.817525, -79758.625000, 0.278788888889
LEU, 7, 29.529, 0.911684, -79952.570312, 0.349325925926
LYS, 5, 28.036, 0.842553, -80793.765625, 0.242707407407
MET, 9, 26.984, 0.825535, -79618.421875, 0.221622222222
PHE, 6, 27.034, 0.926437, -80714.875000, 0.339081481481
PRO, 5, 25.552, 0.814823, -80293.734375, 0.268974074074
SER, 4, 26.045, 0.822441, -79985.203125, 0.234703703704
THR, 8, 24.791, 0.83695, -81146.593750, 0.375159259259
TRP, 2, 29.270, 0.899504, -80469.656250, 0.314955555556
TYR, 7, 27.020, 0.849831, -80176.117188, 0.270355555556
VAL, 6, 26.081, 0.834271, -79843.757812, 0.221659259259
