AMINO ACID, DSSP, SASA, GYRATE, ENERGY, RMSF
ALA, 6, 23.788, 0.795136, -79276.664062, 0.251659259259
ARG, 5, 26.932, 0.86224, -80156.804688, 0.298462962963
ASN, 10, 26.568, 0.809077, -80650.593750, 0.210481481481
ASP, 10, 25.889, 0.813536, -80124.531250, 0.207903703704
CYS, 13, 27.432, 0.856366, -80052.312500, 0.307162962963
GLN, 5, 24.918, 0.839975, -80911.554688, 0.290562962963
GLU, 6, 25.875, 0.824359, -80659.437500, 0.207940740741
GLY, 7, 24.892, 0.798223, -80986.023438, 0.230159259259
HIS, 4, 29.247, 0.934479, -80323.593750, 0.336788888889
ILE, 7, 27.091, 0.842648, -79317.218750, 0.278788888889
LEU, 9, 28.869, 0.909612, -80385.703125, 0.349325925926
LYS, 5, 28.452, 0.853226, -81163.468750, 0.242707407407
MET, 9, 26.448, 0.831144, -79538.984375, 0.221622222222
PHE, 4, 28.262, 0.931881, -79725.203125, 0.339081481481
PRO, 5, 27.068, 0.827055, -80292.796875, 0.268974074074
SER, 4, 25.040, 0.820233, -79893.843750, 0.234703703704
THR, 6, 27.378, 0.87144, -81373.781250, 0.375159259259
TRP, 2, 27.966, 0.876157, -79640.179688, 0.314955555556
TYR, 10, 27.163, 0.849616, -79826.539062, 0.270355555556
VAL, 6, 27.739, 0.834432, -80113.890625, 0.221659259259
