AMINO ACID, DSSP, SASA, GYRATE, ENERGY, RMSF
ALA, 6, 25.469, 0.820739, -80716.765625, 0.251659259259
ARG, 2, 28.400, 0.859642, -80991.500000, 0.298462962963
ASN, 8, 25.920, 0.802086, -79844.734375, 0.210481481481
ASP, 10, 25.532, 0.819558, -80201.023438, 0.207903703704
CYS, 6, 26.996, 0.847234, -80270.593750, 0.307162962963
GLN, 5, 27.351, 0.874634, -80551.054688, 0.290562962963
GLU, 6, 25.179, 0.828046, -80288.359375, 0.207940740741
GLY, 7, 25.247, 0.798468, -80877.445312, 0.230159259259
HIS, 10, 26.958, 0.979112, -80517.328125, 0.336788888889
ILE, 7, 26.421, 0.825153, -80667.109375, 0.278788888889
LEU, 7, 27.720, 0.920216, -80255.562500, 0.349325925926
LYS, 5, 26.943, 0.847324, -80886.171875, 0.242707407407
MET, 11, 25.061, 0.822009, -80337.218750, 0.221622222222
PHE, 4, 26.342, 0.889558, -80299.453125, 0.339081481481
PRO, 7, 25.561, 0.814426, -80763.062500, 0.268974074074
SER, 4, 25.733, 0.825014, -80580.390625, 0.234703703704
THR, 2, 25.930, 0.842906, -81237.906250, 0.375159259259
TRP, 0, 29.252, 0.909118, -80477.726562, 0.314955555556
TYR, 7, 28.448, 0.866255, -80038.375000, 0.270355555556
VAL, 8, 27.211, 0.836168, -79982.656250, 0.221659259259
