AMINO ACID, DSSP, SASA, GYRATE, ENERGY, RMSF
ALA, 6, 25.410, 0.825074, -80784.140625, 0.251659259259
ARG, 8, 28.526, 0.865262, -80546.500000, 0.298462962963
ASN, 4, 27.541, 0.837194, -81309.734375, 0.210481481481
ASP, 8, 25.824, 0.806358, -79835.156250, 0.207903703704
CYS, 8, 30.733, 0.892898, -80629.765625, 0.307162962963
GLN, 10, 26.731, 0.822824, -80788.664062, 0.290562962963
GLU, 4, 26.900, 0.853282, -79953.609375, 0.207940740741
GLY, 8, 28.153, 0.844386, -80246.453125, 0.230159259259
HIS, 8, 30.163, 0.871137, -80608.187500, 0.336788888889
ILE, 6, 26.843, 0.826198, -81277.820312, 0.278788888889
LEU, 10, 27.035, 0.821891, -79628.781250, 0.349325925926
LYS, 6, 26.862, 0.82118, -81495.742188, 0.242707407407
MET, 6, 28.183, 0.84946, -79074.210938, 0.221622222222
PHE, 10, 27.439, 0.8196, -79978.054688, 0.339081481481
PRO, 8, 28.282, 0.842857, -80129.609375, 0.268974074074
SER, 8, 26.700, 0.814345, -80320.593750, 0.234703703704
THR, 8, 25.881, 0.811455, -79795.437500, 0.375159259259
TRP, 8, 29.351, 0.843514, -79964.093750, 0.314955555556
TYR, 5, 28.249, 0.873515, -79551.906250, 0.270355555556
VAL, 8, 25.133, 0.81492, -80404.750000, 0.221659259259
