AMINO ACID, DSSP, SASA, GYRATE, ENERGY, RMSF
ALA, 8, 27.445, 0.819427, -80039.406250, 0.251659259259
ARG, 4, 29.266, 0.864322, -80613.546875, 0.298462962963
ASN, 8, 27.749, 0.819391, -80770.687500, 0.210481481481
ASP, 12, 26.296, 0.815815, -79632.976562, 0.207903703704
CYS, 5, 27.725, 0.840649, -79934.625000, 0.307162962963
GLN, 8, 26.512, 0.840905, -79999.156250, 0.290562962963
GLU, 6, 26.345, 0.838737, -79181.296875, 0.207940740741
GLY, 7, 23.810, 0.802773, -80693.789062, 0.230159259259
HIS, 6, 28.560, 0.943018, -80061.625000, 0.336788888889
ILE, 7, 25.843, 0.827258, -79594.203125, 0.278788888889
LEU, 5, 27.924, 0.899423, -79420.726562, 0.349325925926
LYS, 6, 28.192, 0.829693, -81076.437500, 0.242707407407
MET, 7, 26.431, 0.826842, -80063.039062, 0.221622222222
PHE, 6, 27.183, 0.91586, -79553.492188, 0.339081481481
PRO, 7, 26.309, 0.816294, -79931.148438, 0.268974074074
SER, 2, 26.121, 0.832233, -80170.445312, 0.234703703704
THR, 8, 28.835, 0.864356, -80371.351562, 0.375159259259
TRP, 2, 29.124, 0.88983, -80077.500000, 0.314955555556
TYR, 9, 28.734, 0.86576, -80100.304688, 0.270355555556
VAL, 8, 26.748, 0.824937, -79768.296875, 0.221659259259
