AMINO ACID, DSSP, SASA, GYRATE, ENERGY, RMSF
ALA, 8, 26.401, 0.826383, -80551.640625, 0.251659259259
ARG, 0, 29.097, 0.864436, -80226.843750, 0.298462962963
ASN, 10, 25.388, 0.820436, -80715.460938, 0.210481481481
ASP, 10, 26.033, 0.817001, -80463.578125, 0.207903703704
CYS, 9, 25.926, 0.859708, -80851.421875, 0.307162962963
GLN, 5, 26.799, 0.853335, -80232.257812, 0.290562962963
GLU, 6, 26.097, 0.827273, -79933.945312, 0.207940740741
GLY, 7, 24.370, 0.793875, -79725.921875, 0.230159259259
HIS, 6, 29.954, 0.94806, -79586.484375, 0.336788888889
ILE, 7, 25.931, 0.816838, -80461.054688, 0.278788888889
LEU, 5, 28.239, 0.901244, -80422.859375, 0.349325925926
LYS, 9, 28.980, 0.833568, -80609.437500, 0.242707407407
MET, 10, 26.115, 0.819409, -80350.593750, 0.221622222222
PHE, 6, 25.520, 0.878478, -80042.218750, 0.339081481481
PRO, 4, 27.979, 0.864664, -79097.773438, 0.268974074074
SER, 2, 25.798, 0.825651, -79844.312500, 0.234703703704
THR, 8, 28.805, 0.875801, -80066.992188, 0.375159259259
TRP, 2, 28.859, 0.895815, -79174.640625, 0.314955555556
TYR, 9, 27.664, 0.842548, -80089.359375, 0.270355555556
VAL, 4, 26.297, 0.822964, -80640.906250, 0.221659259259
