AMINO ACID, DSSP, SASA, GYRATE, ENERGY, RMSF
ALA, 8, 26.830, 0.816637, -80344.242188, 0.251659259259
ARG, 5, 28.668, 0.860764, -79292.781250, 0.298462962963
ASN, 11, 27.238, 0.824987, -80676.125000, 0.210481481481
ASP, 10, 26.559, 0.813207, -80024.992188, 0.207903703704
CYS, 7, 25.781, 0.845753, -79854.796875, 0.307162962963
GLN, 9, 27.416, 0.842889, -80008.984375, 0.290562962963
GLU, 4, 25.629, 0.8207, -80348.328125, 0.207940740741
GLY, 5, 25.203, 0.806919, -80320.593750, 0.230159259259
HIS, 8, 27.861, 0.922959, -79947.476562, 0.336788888889
ILE, 6, 26.164, 0.833923, -80075.687500, 0.278788888889
LEU, 7, 28.640, 0.91092, -80439.781250, 0.349325925926
LYS, 9, 26.296, 0.804857, -81303.703125, 0.242707407407
MET, 11, 26.461, 0.83004, -80790.640625, 0.221622222222
PHE, 6, 26.061, 0.891847, -80359.640625, 0.339081481481
PRO, 6, 27.446, 0.8636, -79162.437500, 0.268974074074
SER, 2, 25.077, 0.83096, -80595.164062, 0.234703703704
THR, 6, 26.859, 0.86711, -79297.328125, 0.375159259259
TRP, 4, 27.904, 0.892513, -79954.656250, 0.314955555556
TYR, 8, 27.815, 0.851437, -80142.195312, 0.270355555556
VAL, 4, 27.119, 0.829779, -80057.835938, 0.221659259259
