AMINO ACID, DSSP, SASA, GYRATE, ENERGY, RMSF
ALA, 12, 27.781, 0.83863, -79986.734375, 0.251659259259
ARG, 6, 30.399, 0.857972, -79986.359375, 0.298462962963
ASN, 6, 25.479, 0.819013, -79843.453125, 0.210481481481
ASP, 9, 25.071, 0.798421, -81631.585938, 0.207903703704
CYS, 10, 25.921, 0.811502, -80383.726562, 0.307162962963
GLN, 16, 25.109, 0.816085, -79889.546875, 0.290562962963
GLU, 5, 24.485, 0.81024, -80643.625000, 0.207940740741
GLY, 8, 25.733, 0.840373, -79851.710938, 0.230159259259
HIS, 6, 30.359, 0.868738, -79773.742188, 0.336788888889
ILE, 4, 26.504, 0.857515, -80786.406250, 0.278788888889
LEU, 9, 25.201, 0.814755, -79809.757812, 0.349325925926
LYS, 9, 27.182, 0.826933, -80396.656250, 0.242707407407
MET, 6, 24.582, 0.820212, -79475.968750, 0.221622222222
PHE, 6, 25.854, 0.787683, -79837.570312, 0.339081481481
PRO, 4, 24.915, 0.825719, -80862.085938, 0.268974074074
SER, 10, 24.681, 0.796546, -80281.296875, 0.234703703704
THR, 9, 27.705, 0.828362, -80008.117188, 0.375159259259
TRP, 4, 28.130, 0.846854, -79445.679688, 0.314955555556
TYR, 10, 28.650, 0.862379, -80011.414062, 0.270355555556
VAL, 8, 26.249, 0.830278, -80424.812500, 0.221659259259
