AMINO ACID, DSSP, SASA, GYRATE, ENERGY, RMSF
ALA, 8, 26.408, 0.817751, -80344.515625, 0.251659259259
ARG, 2, 28.005, 0.855412, -80438.250000, 0.298462962963
ASN, 10, 27.015, 0.821847, -79605.000000, 0.210481481481
ASP, 10, 25.885, 0.815047, -79917.250000, 0.207903703704
CYS, 7, 25.244, 0.8451, -80432.382812, 0.307162962963
GLN, 7, 27.880, 0.850147, -80556.937500, 0.290562962963
GLU, 6, 23.863, 0.811706, -80185.671875, 0.207940740741
GLY, 13, 23.918, 0.793071, -79272.179688, 0.230159259259
HIS, 8, 28.257, 0.950535, -80324.234375, 0.336788888889
ILE, 7, 25.224, 0.821015, -80468.484375, 0.278788888889
LEU, 5, 28.155, 0.910802, -80242.265625, 0.349325925926
LYS, 8, 27.854, 0.830256, -80783.625000, 0.242707407407
MET, 9, 28.063, 0.837971, -80246.515625, 0.221622222222
PHE, 6, 27.647, 0.888748, -80303.164062, 0.339081481481
PRO, 4, 27.467, 0.872895, -81189.593750, 0.268974074074
SER, 4, 25.804, 0.829226, -79896.890625, 0.234703703704
THR, 8, 27.072, 0.849875, -80324.546875, 0.375159259259
TRP, 0, 28.449, 0.877146, -79921.234375, 0.314955555556
TYR, 10, 28.881, 0.874828, -79763.671875, 0.270355555556
VAL, 2, 26.296, 0.841314, -79901.351562, 0.221659259259
