AMINO ACID, DSSP, SASA, GYRATE, ENERGY, RMSF
ALA, 6, 27.525, 0.839124, -80730.812500, 0.251659259259
ARG, 2, 25.969, 0.845662, -80740.796875, 0.298462962963
ASN, 10, 27.879, 0.835369, -80567.554688, 0.210481481481
ASP, 8, 26.508, 0.819176, -80328.414062, 0.207903703704
CYS, 7, 27.574, 0.876744, -80143.492188, 0.307162962963
GLN, 5, 26.978, 0.846531, -80513.703125, 0.290562962963
GLU, 6, 25.025, 0.8194, -81055.468750, 0.207940740741
GLY, 7, 26.345, 0.807999, -80053.406250, 0.230159259259
HIS, 10, 27.892, 0.958541, -80263.234375, 0.336788888889
ILE, 7, 25.424, 0.823806, -80585.046875, 0.278788888889
LEU, 5, 28.088, 0.876194, -79805.453125, 0.349325925926
LYS, 9, 26.601, 0.817025, -80886.734375, 0.242707407407
MET, 9, 27.496, 0.843926, -80681.921875, 0.221622222222
PHE, 6, 27.690, 0.950633, -79487.132812, 0.339081481481
PRO, 10, 28.536, 0.854962, -79734.234375, 0.268974074074
SER, 2, 27.630, 0.859259, -79802.859375, 0.234703703704
THR, 6, 27.933, 0.880493, -80836.906250, 0.375159259259
TRP, 4, 29.364, 0.92312, -80941.992188, 0.314955555556
TYR, 7, 27.615, 0.838932, -79992.500000, 0.270355555556
VAL, 4, 25.259, 0.825508, -80475.078125, 0.221659259259
