AMINO ACID, DSSP, SASA, GYRATE, ENERGY, RMSF
ALA, 6, 27.376, 0.834777, -80821.976562, 0.251659259259
ARG, 2, 27.820, 0.85067, -81023.914062, 0.298462962963
ASN, 8, 29.486, 0.859112, -80784.421875, 0.210481481481
ASP, 8, 24.544, 0.801735, -80592.390625, 0.207903703704
CYS, 5, 27.217, 0.89101, -80350.281250, 0.307162962963
GLN, 5, 28.057, 0.862466, -80314.578125, 0.290562962963
GLU, 8, 24.665, 0.812647, -80183.984375, 0.207940740741
GLY, 7, 25.480, 0.806376, -80612.812500, 0.230159259259
HIS, 8, 28.722, 0.933838, -81089.296875, 0.336788888889
ILE, 7, 26.935, 0.835937, -79996.000000, 0.278788888889
LEU, 3, 29.768, 0.900271, -79327.742188, 0.349325925926
LYS, 9, 27.332, 0.809519, -81244.585938, 0.242707407407
MET, 9, 27.194, 0.844159, -80339.312500, 0.221622222222
PHE, 6, 28.020, 0.935786, -79848.906250, 0.339081481481
PRO, 4, 27.441, 0.842618, -79637.734375, 0.268974074074
SER, 4, 27.667, 0.86906, -80842.031250, 0.234703703704
THR, 6, 28.321, 0.896478, -80039.734375, 0.375159259259
TRP, 2, 29.111, 0.903905, -80043.367188, 0.314955555556
TYR, 3, 28.358, 0.856741, -79490.203125, 0.270355555556
VAL, 6, 27.359, 0.843239, -80172.273438, 0.221659259259
