AMINO ACID, DSSP, SASA, GYRATE, ENERGY, RMSF
ALA, 8, 27.771, 0.850372, -80738.765625, 0.251659259259
ARG, 6, 28.528, 0.855618, -80381.937500, 0.298462962963
ASN, 8, 26.683, 0.827207, -80275.070312, 0.210481481481
ASP, 9, 24.412, 0.795968, -80566.015625, 0.207903703704
CYS, 6, 26.182, 0.819876, -81189.671875, 0.307162962963
GLN, 17, 25.763, 0.822628, -78716.710938, 0.290562962963
GLU, 9, 24.486, 0.800772, -79845.796875, 0.207940740741
GLY, 4, 24.850, 0.841202, -79054.343750, 0.230159259259
HIS, 11, 28.162, 0.869871, -81005.734375, 0.336788888889
ILE, 6, 27.046, 0.849621, -79645.664062, 0.278788888889
LEU, 7, 27.470, 0.81169, -80532.054688, 0.349325925926
LYS, 9, 27.462, 0.830982, -79986.593750, 0.242707407407
MET, 6, 24.216, 0.821043, -79711.812500, 0.221622222222
PHE, 8, 23.983, 0.798085, -79735.960938, 0.339081481481
PRO, 4, 24.697, 0.823124, -79909.804688, 0.268974074074
SER, 10, 24.666, 0.803123, -79994.929688, 0.234703703704
THR, 7, 28.501, 0.837786, -79730.296875, 0.375159259259
TRP, 9, 27.277, 0.829951, -79564.000000, 0.314955555556
TYR, 9, 28.623, 0.861912, -79674.140625, 0.270355555556
VAL, 8, 25.178, 0.830124, -80456.218750, 0.221659259259
