AMINO ACID, DSSP, SASA, GYRATE, ENERGY, RMSF
ALA, 6, 27.391, 0.820161, -80439.390625, 0.251659259259
ARG, 4, 29.285, 0.864528, -81329.601562, 0.298462962963
ASN, 13, 26.022, 0.820149, -80919.578125, 0.210481481481
ASP, 6, 24.987, 0.802215, -80464.390625, 0.207903703704
CYS, 7, 28.000, 0.905301, -81010.859375, 0.307162962963
GLN, 7, 28.219, 0.8642, -80772.265625, 0.290562962963
GLU, 6, 24.577, 0.818603, -80648.203125, 0.207940740741
GLY, 7, 24.205, 0.792726, -79659.320312, 0.230159259259
HIS, 6, 28.010, 0.89858, -80618.390625, 0.336788888889
ILE, 9, 25.496, 0.824829, -81160.578125, 0.278788888889
LEU, 2, 29.417, 0.939059, -79939.546875, 0.349325925926
LYS, 5, 25.147, 0.788128, -81425.609375, 0.242707407407
MET, 6, 29.573, 0.862701, -80072.601562, 0.221622222222
PHE, 8, 27.672, 0.958675, -80037.132812, 0.339081481481
PRO, 2, 26.258, 0.840963, -80380.531250, 0.268974074074
SER, 2, 26.026, 0.844154, -79990.390625, 0.234703703704
THR, 6, 26.912, 0.861585, -80541.484375, 0.375159259259
TRP, 2, 30.355, 0.901375, -80514.820312, 0.314955555556
TYR, 6, 27.500, 0.85103, -79724.835938, 0.270355555556
VAL, 6, 27.253, 0.829082, -79642.484375, 0.221659259259
