AMINO ACID, DSSP, SASA, GYRATE, ENERGY, RMSF
ALA, 4, 26.222, 0.82568, -79907.031250, 0.251659259259
ARG, 2, 28.667, 0.859863, -80269.062500, 0.298462962963
ASN, 10, 26.281, 0.824141, -80578.609375, 0.210481481481
ASP, 10, 26.282, 0.817765, -80280.593750, 0.207903703704
CYS, 7, 27.927, 0.890151, -80495.953125, 0.307162962963
GLN, 2, 26.846, 0.855875, -80452.757812, 0.290562962963
GLU, 8, 23.956, 0.798962, -80714.156250, 0.207940740741
GLY, 7, 23.698, 0.785839, -80051.437500, 0.230159259259
HIS, 8, 27.948, 0.916945, -80313.234375, 0.336788888889
ILE, 4, 25.447, 0.840549, -79899.320312, 0.278788888889
LEU, 3, 31.550, 0.940483, -80520.796875, 0.349325925926
LYS, 9, 24.650, 0.794174, -80533.984375, 0.242707407407
MET, 9, 27.801, 0.846493, -80050.953125, 0.221622222222
PHE, 4, 29.118, 0.968394, -80126.125000, 0.339081481481
PRO, 6, 27.893, 0.855461, -79999.421875, 0.268974074074
SER, 4, 26.743, 0.848366, -80378.710938, 0.234703703704
THR, 8, 26.543, 0.843221, -80047.078125, 0.375159259259
TRP, 2, 28.733, 0.897639, -80214.570312, 0.314955555556
TYR, 5, 27.217, 0.864522, -79762.750000, 0.270355555556
VAL, 10, 26.852, 0.836304, -79519.609375, 0.221659259259
