AMINO ACID, DSSP, SASA, GYRATE, ENERGY, RMSF
ALA, 6, 27.317, 0.837645, -80773.843750, 0.251659259259
ARG, 2, 28.575, 0.862789, -81543.421875, 0.298462962963
ASN, 10, 26.454, 0.815645, -80190.281250, 0.210481481481
ASP, 6, 27.562, 0.837518, -79810.445312, 0.207903703704
CYS, 7, 27.868, 0.872535, -80582.156250, 0.307162962963
GLN, 5, 28.800, 0.868633, -80610.492188, 0.290562962963
GLU, 8, 25.370, 0.814564, -79461.296875, 0.207940740741
GLY, 7, 24.780, 0.804883, -80407.421875, 0.230159259259
HIS, 8, 28.488, 0.958138, -79835.710938, 0.336788888889
ILE, 7, 25.978, 0.846317, -79714.468750, 0.278788888889
LEU, 5, 29.645, 0.900817, -80539.203125, 0.349325925926
LYS, 11, 25.104, 0.796715, -80262.078125, 0.242707407407
MET, 9, 27.907, 0.851014, -80475.531250, 0.221622222222
PHE, 2, 28.085, 0.956906, -79942.906250, 0.339081481481
PRO, 4, 25.265, 0.832655, -80139.492188, 0.268974074074
SER, 0, 28.231, 0.850976, -80612.203125, 0.234703703704
THR, 6, 26.645, 0.858054, -80836.000000, 0.375159259259
TRP, 2, 28.092, 0.878745, -79323.750000, 0.314955555556
TYR, 9, 28.677, 0.851265, -80176.515625, 0.270355555556
VAL, 4, 27.075, 0.819645, -79886.375000, 0.221659259259
