AMINO ACID, DSSP, SASA, GYRATE, ENERGY, RMSF
ALA, 6, 24.874, 0.81687, -80722.664062, 0.251659259259
ARG, 2, 28.693, 0.8546, -80462.312500, 0.298462962963
ASN, 8, 26.770, 0.816391, -81018.906250, 0.210481481481
ASP, 8, 28.573, 0.840943, -80748.812500, 0.207903703704
CYS, 5, 27.664, 0.872091, -80028.000000, 0.307162962963
GLN, 4, 27.747, 0.86052, -80109.906250, 0.290562962963
GLU, 8, 24.326, 0.805015, -80877.414062, 0.207940740741
GLY, 9, 24.799, 0.787732, -79996.156250, 0.230159259259
HIS, 6, 28.031, 0.94753, -80416.468750, 0.336788888889
ILE, 7, 26.978, 0.848621, -79692.320312, 0.278788888889
LEU, 7, 30.781, 0.902229, -80084.484375, 0.349325925926
LYS, 7, 24.634, 0.794656, -80377.242188, 0.242707407407
MET, 9, 26.665, 0.848046, -79089.109375, 0.221622222222
PHE, 6, 27.991, 0.953932, -79795.304688, 0.339081481481
PRO, 4, 25.966, 0.842823, -80097.437500, 0.268974074074
SER, 2, 27.254, 0.852174, -80866.671875, 0.234703703704
THR, 4, 27.798, 0.866627, -80328.390625, 0.375159259259
TRP, 4, 27.968, 0.887125, -80020.039062, 0.314955555556
TYR, 8, 28.737, 0.845215, -78962.796875, 0.270355555556
VAL, 4, 27.443, 0.832024, -79994.992188, 0.221659259259
