AMINO ACID, DSSP, SASA, GYRATE, ENERGY, RMSF
ALA, 8, 26.794, 0.837459, -80052.898438, 0.251659259259
ARG, 6, 27.841, 0.853409, -80685.398438, 0.298462962963
ASN, 10, 26.492, 0.818068, -80453.890625, 0.210481481481
ASP, 6, 27.311, 0.814131, -79866.171875, 0.207903703704
CYS, 5, 27.732, 0.880404, -79953.648438, 0.307162962963
GLN, 7, 28.751, 0.867755, -80336.484375, 0.290562962963
GLU, 6, 23.891, 0.79512, -79297.773438, 0.207940740741
GLY, 7, 22.973, 0.775148, -80454.367188, 0.230159259259
HIS, 6, 28.927, 0.969757, -80116.960938, 0.336788888889
ILE, 7, 26.104, 0.836782, -81376.687500, 0.278788888889
LEU, 5, 29.000, 0.9099, -80233.453125, 0.349325925926
LYS, 9, 24.364, 0.777167, -80652.140625, 0.242707407407
MET, 9, 28.324, 0.854445, -80786.171875, 0.221622222222
PHE, 4, 26.788, 0.910652, -79875.453125, 0.339081481481
PRO, 4, 27.456, 0.836409, -80250.109375, 0.268974074074
SER, 2, 27.066, 0.849798, -79207.015625, 0.234703703704
THR, 5, 26.738, 0.86059, -80566.968750, 0.375159259259
TRP, 0, 28.900, 0.883908, -79615.484375, 0.314955555556
TYR, 7, 27.585, 0.849426, -80224.093750, 0.270355555556
VAL, 2, 27.004, 0.842896, -80383.000000, 0.221659259259
