AMINO ACID, DSSP, SASA, GYRATE, ENERGY, RMSF
ALA, 8, 24.695, 0.806305, -80135.546875, 0.251659259259
ARG, 4, 27.085, 0.850166, -80635.218750, 0.298462962963
ASN, 8, 28.118, 0.827183, -80588.726562, 0.210481481481
ASP, 10, 25.665, 0.800821, -80653.875000, 0.207903703704
CYS, 5, 26.365, 0.859969, -80406.890625, 0.307162962963
GLN, 9, 26.388, 0.854348, -80198.156250, 0.290562962963
GLU, 12, 25.357, 0.817248, -79875.906250, 0.207940740741
GLY, 9, 24.229, 0.800308, -80547.062500, 0.230159259259
HIS, 8, 29.770, 0.928234, -80288.015625, 0.336788888889
ILE, 9, 26.531, 0.837048, -80963.171875, 0.278788888889
LEU, 5, 29.811, 0.941502, -79957.601562, 0.349325925926
LYS, 5, 23.762, 0.773781, -81281.679688, 0.242707407407
MET, 9, 26.622, 0.825678, -80401.632812, 0.221622222222
PHE, 4, 27.418, 0.895083, -79612.875000, 0.339081481481
PRO, 7, 25.905, 0.837423, -79945.843750, 0.268974074074
SER, 2, 26.878, 0.82941, -79152.046875, 0.234703703704
THR, 6, 27.718, 0.873695, -79936.484375, 0.375159259259
TRP, 2, 27.792, 0.88665, -79393.312500, 0.314955555556
TYR, 10, 28.065, 0.846373, -80300.554688, 0.270355555556
VAL, 4, 27.782, 0.83661, -80414.468750, 0.221659259259
