AMINO ACID, DSSP, SASA, GYRATE, ENERGY, RMSF
ALA, 9, 25.190, 0.800738, -80348.421875, 0.251659259259
ARG, 7, 28.394, 0.858815, -81505.132812, 0.298462962963
ASN, 12, 27.513, 0.818349, -81030.843750, 0.210481481481
ASP, 10, 26.920, 0.805961, -80830.210938, 0.207903703704
CYS, 7, 27.157, 0.86079, -80684.539062, 0.307162962963
GLN, 5, 26.834, 0.861883, -80807.390625, 0.290562962963
GLU, 8, 26.011, 0.824883, -79673.546875, 0.207940740741
GLY, 7, 24.394, 0.803071, -79893.687500, 0.230159259259
HIS, 6, 30.672, 0.971603, -80614.828125, 0.336788888889
ILE, 7, 26.282, 0.835311, -81094.585938, 0.278788888889
LEU, 5, 28.835, 0.932546, -80058.625000, 0.349325925926
LYS, 9, 25.562, 0.792728, -80226.921875, 0.242707407407
MET, 7, 28.052, 0.835496, -81262.718750, 0.221622222222
PHE, 4, 27.287, 0.900746, -80253.265625, 0.339081481481
PRO, 9, 26.778, 0.857562, -80368.437500, 0.268974074074
SER, 2, 26.687, 0.823716, -80581.914062, 0.234703703704
THR, 8, 25.866, 0.836831, -81494.414062, 0.375159259259
TRP, 2, 28.895, 0.904177, -79952.125000, 0.314955555556
TYR, 10, 27.635, 0.837814, -79620.851562, 0.270355555556
VAL, 6, 25.917, 0.823931, -80730.265625, 0.221659259259
