AMINO ACID, DSSP, SASA, GYRATE, ENERGY, RMSF
ALA, 9, 23.717, 0.799813, -80091.945312, 0.251659259259
ARG, 2, 28.373, 0.848873, -80776.000000, 0.298462962963
ASN, 8, 25.583, 0.808729, -80609.593750, 0.210481481481
ASP, 6, 26.512, 0.826949, -80028.875000, 0.207903703704
CYS, 7, 26.194, 0.865263, -79896.867188, 0.307162962963
GLN, 7, 26.297, 0.849414, -80279.250000, 0.290562962963
GLU, 10, 25.643, 0.818832, -80508.570312, 0.207940740741
GLY, 6, 25.374, 0.798925, -80436.375000, 0.230159259259
HIS, 6, 30.847, 0.987041, -80007.429688, 0.336788888889
ILE, 5, 25.160, 0.832113, -79541.390625, 0.278788888889
LEU, 9, 29.228, 0.944849, -79950.445312, 0.349325925926
LYS, 7, 24.584, 0.79185, -79608.765625, 0.242707407407
MET, 7, 29.045, 0.866188, -80467.531250, 0.221622222222
PHE, 6, 27.127, 0.913286, -79704.882812, 0.339081481481
PRO, 4, 25.876, 0.84153, -80141.781250, 0.268974074074
SER, 4, 24.386, 0.814189, -79680.390625, 0.234703703704
THR, 4, 26.328, 0.835102, -80803.390625, 0.375159259259
TRP, 2, 27.860, 0.90246, -79771.710938, 0.314955555556
TYR, 6, 28.562, 0.840961, -79510.476562, 0.270355555556
VAL, 2, 26.171, 0.842835, -80290.359375, 0.221659259259
