AMINO ACID, DSSP, SASA, GYRATE, ENERGY, RMSF
ALA, 9, 24.635, 0.787189, -80469.625000, 0.251659259259
ARG, 2, 26.606, 0.840532, -80180.703125, 0.298462962963
ASN, 8, 26.681, 0.816831, -80749.828125, 0.210481481481
ASP, 10, 25.613, 0.807627, -79482.601562, 0.207903703704
CYS, 7, 26.742, 0.872379, -80893.953125, 0.307162962963
GLN, 5, 25.931, 0.83733, -80937.687500, 0.290562962963
GLU, 8, 24.373, 0.813868, -80481.984375, 0.207940740741
GLY, 7, 24.070, 0.795569, -79981.125000, 0.230159259259
HIS, 6, 30.201, 0.986797, -80199.070312, 0.336788888889
ILE, 11, 26.378, 0.828443, -79305.679688, 0.278788888889
LEU, 7, 28.935, 0.916605, -79938.570312, 0.349325925926
LYS, 5, 25.366, 0.79821, -81436.984375, 0.242707407407
MET, 7, 29.284, 0.857908, -79598.625000, 0.221622222222
PHE, 4, 25.854, 0.876267, -80950.046875, 0.339081481481
PRO, 4, 27.233, 0.849672, -79614.125000, 0.268974074074
SER, 2, 24.847, 0.808372, -79292.718750, 0.234703703704
THR, 8, 26.001, 0.844116, -80679.406250, 0.375159259259
TRP, 2, 27.769, 0.910932, -79890.335938, 0.314955555556
TYR, 6, 26.788, 0.839791, -79757.929688, 0.270355555556
VAL, 2, 26.315, 0.835576, -79891.843750, 0.221659259259
