AMINO ACID, DSSP, SASA, GYRATE, ENERGY, RMSF
ALA, 11, 26.087, 0.817651, -79808.781250, 0.251659259259
ARG, 0, 26.998, 0.843006, -80031.851562, 0.298462962963
ASN, 12, 27.028, 0.823506, -79771.609375, 0.210481481481
ASP, 10, 26.248, 0.816967, -80308.554688, 0.207903703704
CYS, 7, 28.725, 0.938618, -80374.953125, 0.307162962963
GLN, 4, 27.541, 0.837934, -80266.742188, 0.290562962963
GLU, 6, 25.721, 0.80766, -80921.382812, 0.207940740741
GLY, 7, 24.436, 0.803998, -81073.671875, 0.230159259259
HIS, 6, 29.473, 1.0316, -79215.937500, 0.336788888889
ILE, 7, 27.288, 0.836492, -79626.914062, 0.278788888889
LEU, 5, 29.802, 0.93376, -81024.515625, 0.349325925926
LYS, 7, 25.599, 0.79681, -80858.062500, 0.242707407407
MET, 7, 27.284, 0.827425, -79901.703125, 0.221622222222
PHE, 6, 26.647, 0.88339, -79521.617188, 0.339081481481
PRO, 9, 27.264, 0.845844, -79885.562500, 0.268974074074
SER, 0, 25.602, 0.837502, -81024.851562, 0.234703703704
THR, 6, 27.464, 0.868278, -80699.125000, 0.375159259259
TRP, 4, 28.577, 0.873114, -80548.609375, 0.314955555556
TYR, 8, 26.856, 0.851139, -80756.578125, 0.270355555556
VAL, 6, 25.867, 0.818466, -80310.914062, 0.221659259259
