AMINO ACID, DSSP, SASA, GYRATE, ENERGY, RMSF
ALA, 11, 25.554, 0.822252, -80179.890625, 0.251659259259
ARG, 4, 26.078, 0.830283, -80504.351562, 0.298462962963
ASN, 8, 27.432, 0.820789, -80567.593750, 0.210481481481
ASP, 10, 26.919, 0.821544, -80312.750000, 0.207903703704
CYS, 7, 27.040, 0.921428, -79270.859375, 0.307162962963
GLN, 2, 27.992, 0.853438, -80485.710938, 0.290562962963
GLU, 6, 25.662, 0.812088, -80616.078125, 0.207940740741
GLY, 7, 23.506, 0.786268, -79682.265625, 0.230159259259
HIS, 8, 29.184, 1.02361, -80102.570312, 0.336788888889
ILE, 9, 25.588, 0.816284, -80773.648438, 0.278788888889
LEU, 5, 29.686, 0.915624, -80559.125000, 0.349325925926
LYS, 8, 24.858, 0.804938, -80015.812500, 0.242707407407
MET, 7, 27.157, 0.834016, -79668.304688, 0.221622222222
PHE, 2, 28.476, 0.887022, -80275.703125, 0.339081481481
PRO, 6, 25.385, 0.836017, -79914.609375, 0.268974074074
SER, 2, 24.601, 0.829444, -79676.476562, 0.234703703704
THR, 8, 26.192, 0.865252, -79163.382812, 0.375159259259
TRP, 2, 28.940, 0.877607, -79861.375000, 0.314955555556
TYR, 9, 26.943, 0.851939, -80389.460938, 0.270355555556
VAL, 8, 25.720, 0.820082, -80477.437500, 0.221659259259
