AMINO ACID, DSSP, SASA, GYRATE, ENERGY, RMSF
ALA, 13, 26.261, 0.806395, -80633.203125, 0.251659259259
ARG, 5, 26.674, 0.848772, -80768.203125, 0.298462962963
ASN, 8, 26.673, 0.817216, -80243.937500, 0.210481481481
ASP, 8, 24.777, 0.817359, -80731.070312, 0.207903703704
CYS, 7, 28.921, 0.919039, -79038.218750, 0.307162962963
GLN, 2, 28.590, 0.857194, -80859.781250, 0.290562962963
GLU, 8, 25.420, 0.819386, -80497.765625, 0.207940740741
GLY, 7, 23.459, 0.783225, -80288.343750, 0.230159259259
HIS, 4, 29.439, 1.01307, -79717.085938, 0.336788888889
ILE, 9, 26.736, 0.822834, -80411.609375, 0.278788888889
LEU, 4, 29.213, 0.915648, -79663.804688, 0.349325925926
LYS, 9, 24.403, 0.793411, -80330.859375, 0.242707407407
MET, 7, 26.803, 0.84008, -80403.078125, 0.221622222222
PHE, 6, 26.990, 0.863175, -79811.578125, 0.339081481481
PRO, 11, 26.649, 0.844265, -80418.859375, 0.268974074074
SER, 4, 25.385, 0.836798, -78869.265625, 0.234703703704
THR, 6, 28.492, 0.869834, -81019.039062, 0.375159259259
TRP, 2, 29.019, 0.855149, -80095.765625, 0.314955555556
TYR, 8, 27.711, 0.854468, -81017.257812, 0.270355555556
VAL, 6, 25.780, 0.812519, -79629.296875, 0.221659259259
