AMINO ACID, DSSP, SASA, GYRATE, ENERGY, RMSF
ALA, 13, 24.889, 0.796694, -79654.328125, 0.251659259259
ARG, 4, 27.475, 0.84713, -81387.765625, 0.298462962963
ASN, 9, 25.288, 0.814816, -80128.875000, 0.210481481481
ASP, 10, 27.959, 0.819391, -79623.398438, 0.207903703704
CYS, 9, 27.318, 0.898241, -80166.414062, 0.307162962963
GLN, 2, 29.774, 0.869777, -80352.718750, 0.290562962963
GLU, 6, 24.457, 0.805911, -79732.726562, 0.207940740741
GLY, 7, 25.034, 0.799917, -80111.476562, 0.230159259259
HIS, 6, 31.040, 1.04276, -80857.164062, 0.336788888889
ILE, 9, 26.321, 0.82422, -79432.554688, 0.278788888889
LEU, 5, 29.636, 0.937725, -79975.218750, 0.349325925926
LYS, 6, 24.686, 0.801212, -79696.375000, 0.242707407407
MET, 7, 26.636, 0.835005, -79590.968750, 0.221622222222
PHE, 6, 28.258, 0.906241, -80755.882812, 0.339081481481
PRO, 9, 26.092, 0.853471, -79871.335938, 0.268974074074
SER, 0, 25.804, 0.826604, -79183.617188, 0.234703703704
THR, 6, 27.090, 0.867143, -80518.453125, 0.375159259259
TRP, 2, 27.667, 0.870562, -79900.648438, 0.314955555556
TYR, 9, 28.384, 0.864645, -80637.835938, 0.270355555556
VAL, 6, 24.410, 0.798776, -79866.171875, 0.221659259259
