AMINO ACID, DSSP, SASA, GYRATE, ENERGY, RMSF
ALA, 13, 24.846, 0.795191, -80383.000000, 0.251659259259
ARG, 4, 27.117, 0.836067, -80476.796875, 0.298462962963
ASN, 10, 27.357, 0.831633, -79615.554688, 0.210481481481
ASP, 10, 26.348, 0.821492, -80213.554688, 0.207903703704
CYS, 7, 26.790, 0.895164, -80038.312500, 0.307162962963
GLN, 2, 29.541, 0.864415, -80011.937500, 0.290562962963
GLU, 10, 24.989, 0.805632, -80282.968750, 0.207940740741
GLY, 7, 24.410, 0.797242, -79990.000000, 0.230159259259
HIS, 6, 30.633, 1.01459, -80090.539062, 0.336788888889
ILE, 5, 28.017, 0.827482, -79214.125000, 0.278788888889
LEU, 7, 28.660, 0.934788, -79767.437500, 0.349325925926
LYS, 4, 24.093, 0.791856, -80472.843750, 0.242707407407
MET, 7, 27.645, 0.832386, -80518.851562, 0.221622222222
PHE, 6, 28.746, 0.923228, -80074.656250, 0.339081481481
PRO, 7, 27.706, 0.838744, -80821.093750, 0.268974074074
SER, 0, 24.361, 0.817096, -80152.148438, 0.234703703704
THR, 4, 27.091, 0.880307, -80517.015625, 0.375159259259
TRP, 2, 27.389, 0.8668, -80000.132812, 0.314955555556
TYR, 7, 27.278, 0.871936, -80251.929688, 0.270355555556
VAL, 6, 24.686, 0.799816, -80169.765625, 0.221659259259
