AMINO ACID, DSSP, SASA, GYRATE, ENERGY, RMSF
ALA, 13, 24.983, 0.798665, -80184.210938, 0.251659259259
ARG, 2, 26.135, 0.838241, -80849.304688, 0.298462962963
ASN, 9, 25.472, 0.803813, -81096.929688, 0.210481481481
ASP, 8, 26.726, 0.832328, -80405.742188, 0.207903703704
CYS, 7, 27.370, 0.888136, -80574.593750, 0.307162962963
GLN, 2, 28.189, 0.865255, -80397.445312, 0.290562962963
GLU, 10, 25.131, 0.809569, -81291.500000, 0.207940740741
GLY, 7, 24.437, 0.787763, -80141.203125, 0.230159259259
HIS, 2, 30.354, 0.972374, -79932.500000, 0.336788888889
ILE, 7, 26.883, 0.830129, -79777.210938, 0.278788888889
LEU, 7, 29.952, 0.930761, -79490.421875, 0.349325925926
LYS, 6, 24.090, 0.782487, -80588.515625, 0.242707407407
MET, 7, 27.273, 0.831304, -79952.062500, 0.221622222222
PHE, 6, 28.128, 0.869388, -80533.281250, 0.339081481481
PRO, 9, 27.084, 0.854725, -80652.382812, 0.268974074074
SER, 0, 23.746, 0.823163, -79862.976562, 0.234703703704
THR, 6, 27.849, 0.884383, -79725.609375, 0.375159259259
TRP, 4, 28.713, 0.8728, -80693.484375, 0.314955555556
TYR, 7, 28.659, 0.852641, -80419.234375, 0.270355555556
VAL, 4, 25.994, 0.825401, -80496.984375, 0.221659259259
