AMINO ACID, DSSP, SASA, GYRATE, ENERGY, RMSF
ALA, 11, 25.382, 0.799603, -80174.679688, 0.251659259259
ARG, 4, 27.821, 0.860865, -80070.687500, 0.298462962963
ASN, 8, 26.071, 0.812643, -81166.429688, 0.210481481481
ASP, 8, 26.453, 0.833434, -80279.476562, 0.207903703704
CYS, 7, 27.292, 0.895888, -80322.781250, 0.307162962963
GLN, 4, 27.841, 0.877668, -80689.765625, 0.290562962963
GLU, 10, 25.975, 0.824215, -79836.937500, 0.207940740741
GLY, 6, 23.904, 0.784386, -80500.929688, 0.230159259259
HIS, 6, 31.244, 0.935981, -80501.148438, 0.336788888889
ILE, 7, 27.531, 0.829833, -80474.937500, 0.278788888889
LEU, 7, 29.845, 0.903023, -79212.421875, 0.349325925926
LYS, 7, 25.147, 0.800558, -80732.062500, 0.242707407407
MET, 7, 27.527, 0.836906, -80619.796875, 0.221622222222
PHE, 6, 28.299, 0.898452, -80273.562500, 0.339081481481
PRO, 4, 26.984, 0.857877, -79688.718750, 0.268974074074
SER, 0, 26.002, 0.821109, -80764.093750, 0.234703703704
THR, 8, 27.106, 0.858177, -80695.218750, 0.375159259259
TRP, 2, 28.330, 0.854642, -80658.750000, 0.314955555556
TYR, 9, 28.419, 0.84158, -80371.796875, 0.270355555556
VAL, 2, 26.418, 0.835139, -79770.718750, 0.221659259259
