AMINO ACID, DSSP, SASA, GYRATE, ENERGY, RMSF
ALA, 7, 23.720, 0.785167, -79847.921875, 0.251659259259
ARG, 2, 28.659, 0.867378, -79447.781250, 0.298462962963
ASN, 10, 25.555, 0.803993, -79739.882812, 0.210481481481
ASP, 6, 25.240, 0.828852, -80404.343750, 0.207903703704
CYS, 7, 27.767, 0.892221, -80472.554688, 0.307162962963
GLN, 4, 27.805, 0.873069, -79989.226562, 0.290562962963
GLU, 8, 25.739, 0.816183, -80750.140625, 0.207940740741
GLY, 9, 23.033, 0.781038, -79914.648438, 0.230159259259
HIS, 6, 31.269, 0.938878, -80670.859375, 0.336788888889
ILE, 9, 27.389, 0.83211, -79847.125000, 0.278788888889
LEU, 5, 29.094, 0.919348, -80677.171875, 0.349325925926
LYS, 9, 25.684, 0.794389, -80891.304688, 0.242707407407
MET, 7, 28.621, 0.842331, -80022.445312, 0.221622222222
PHE, 8, 27.991, 0.896869, -79983.734375, 0.339081481481
PRO, 6, 27.070, 0.853759, -79880.875000, 0.268974074074
SER, 2, 25.220, 0.822674, -80511.101562, 0.234703703704
THR, 6, 26.397, 0.860167, -79823.562500, 0.375159259259
TRP, 2, 29.018, 0.856714, -80255.101562, 0.314955555556
TYR, 8, 28.404, 0.845935, -79518.296875, 0.270355555556
VAL, 2, 26.113, 0.831059, -81429.031250, 0.221659259259
