AMINO ACID, DSSP, SASA, GYRATE, ENERGY, RMSF
ALA, 13, 24.296, 0.79815, -80464.710938, 0.251659259259
ARG, 2, 26.961, 0.850142, -80822.828125, 0.298462962963
ASN, 12, 25.377, 0.805302, -80409.390625, 0.210481481481
ASP, 14, 25.726, 0.839855, -80183.460938, 0.207903703704
CYS, 9, 27.666, 0.889751, -80721.250000, 0.307162962963
GLN, 2, 27.188, 0.853175, -79431.687500, 0.290562962963
GLU, 8, 23.659, 0.803508, -79469.679688, 0.207940740741
GLY, 9, 24.043, 0.794104, -81084.484375, 0.230159259259
HIS, 2, 28.957, 0.954301, -79524.492188, 0.336788888889
ILE, 8, 25.831, 0.815709, -79875.390625, 0.278788888889
LEU, 7, 29.005, 0.923011, -79948.828125, 0.349325925926
LYS, 7, 27.505, 0.818141, -80563.750000, 0.242707407407
MET, 7, 27.430, 0.831568, -79576.031250, 0.221622222222
PHE, 4, 27.796, 0.895219, -79858.664062, 0.339081481481
PRO, 6, 27.789, 0.851679, -80913.687500, 0.268974074074
SER, 4, 24.054, 0.826411, -80319.843750, 0.234703703704
THR, 6, 26.254, 0.853941, -80038.609375, 0.375159259259
TRP, 4, 27.842, 0.86232, -79663.062500, 0.314955555556
TYR, 4, 28.079, 0.854125, -80807.375000, 0.270355555556
VAL, 4, 26.862, 0.824061, -80326.046875, 0.221659259259
