AMINO ACID, DSSP, SASA, GYRATE, ENERGY, RMSF
ALA, 9, 24.386, 0.805078, -81509.390625, 0.251659259259
ARG, 4, 28.468, 0.851905, -81268.281250, 0.298462962963
ASN, 13, 26.084, 0.818733, -81216.609375, 0.210481481481
ASP, 6, 24.972, 0.832443, -80228.812500, 0.207903703704
CYS, 7, 25.331, 0.859264, -80616.234375, 0.307162962963
GLN, 0, 27.882, 0.871875, -79113.609375, 0.290562962963
GLU, 8, 25.233, 0.803352, -81128.796875, 0.207940740741
GLY, 7, 25.304, 0.795609, -80516.921875, 0.230159259259
HIS, 0, 31.197, 0.970035, -79736.578125, 0.336788888889
ILE, 9, 27.096, 0.832812, -79468.765625, 0.278788888889
LEU, 3, 29.524, 0.933429, -79511.539062, 0.349325925926
LYS, 7, 24.985, 0.797179, -80787.421875, 0.242707407407
MET, 7, 26.730, 0.837535, -79703.140625, 0.221622222222
PHE, 6, 28.276, 0.918993, -80439.031250, 0.339081481481
PRO, 6, 26.378, 0.852272, -79173.500000, 0.268974074074
SER, 6, 24.068, 0.816406, -79637.804688, 0.234703703704
THR, 6, 24.232, 0.842828, -80285.093750, 0.375159259259
TRP, 4, 28.131, 0.870552, -80169.992188, 0.314955555556
TYR, 7, 28.575, 0.859337, -80503.085938, 0.270355555556
VAL, 4, 25.452, 0.832755, -81091.140625, 0.221659259259
