AMINO ACID, DSSP, SASA, GYRATE, ENERGY, RMSF
ALA, 7, 25.476, 0.816088, -79655.039062, 0.251659259259
ARG, 6, 27.493, 0.835218, -81144.234375, 0.298462962963
ASN, 12, 26.162, 0.808251, -79764.281250, 0.210481481481
ASP, 12, 26.360, 0.810978, -79657.632812, 0.207903703704
CYS, 9, 26.808, 0.888193, -79409.414062, 0.307162962963
GLN, 4, 27.306, 0.853301, -80119.062500, 0.290562962963
GLU, 6, 25.911, 0.807704, -80414.843750, 0.207940740741
GLY, 7, 24.982, 0.796719, -80591.203125, 0.230159259259
HIS, 6, 29.930, 0.919886, -79553.539062, 0.336788888889
ILE, 4, 26.277, 0.828201, -80035.351562, 0.278788888889
LEU, 7, 29.430, 0.931243, -79878.515625, 0.349325925926
LYS, 9, 26.965, 0.804733, -81417.914062, 0.242707407407
MET, 7, 27.143, 0.841444, -79911.671875, 0.221622222222
PHE, 4, 29.389, 0.935956, -80174.132812, 0.339081481481
PRO, 4, 25.837, 0.856129, -80590.000000, 0.268974074074
SER, 6, 25.050, 0.839479, -79577.531250, 0.234703703704
THR, 6, 24.196, 0.855015, -80149.281250, 0.375159259259
TRP, 2, 28.434, 0.879397, -79517.679688, 0.314955555556
TYR, 6, 27.564, 0.838436, -80772.695312, 0.270355555556
VAL, 6, 26.501, 0.831722, -79736.101562, 0.221659259259
