AMINO ACID, DSSP, SASA, GYRATE, ENERGY, RMSF
ALA, 11, 25.255, 0.806076, -80508.984375, 0.251659259259
ARG, 2, 27.588, 0.837202, -81290.281250, 0.298462962963
ASN, 10, 25.673, 0.806039, -80789.328125, 0.210481481481
ASP, 10, 27.154, 0.821927, -79498.171875, 0.207903703704
CYS, 5, 26.494, 0.88238, -79533.640625, 0.307162962963
GLN, 0, 26.535, 0.859165, -80183.234375, 0.290562962963
GLU, 8, 26.160, 0.816296, -79302.625000, 0.207940740741
GLY, 7, 26.134, 0.802041, -79566.968750, 0.230159259259
HIS, 6, 29.602, 0.903752, -79651.414062, 0.336788888889
ILE, 8, 26.976, 0.839837, -80485.515625, 0.278788888889
LEU, 7, 30.563, 0.954255, -79706.515625, 0.349325925926
LYS, 9, 26.364, 0.803872, -81585.859375, 0.242707407407
MET, 7, 28.075, 0.833272, -80627.320312, 0.221622222222
PHE, 4, 29.399, 0.917906, -79650.484375, 0.339081481481
PRO, 4, 25.892, 0.833618, -80467.796875, 0.268974074074
SER, 6, 24.788, 0.825498, -78982.101562, 0.234703703704
THR, 6, 25.581, 0.858836, -80573.296875, 0.375159259259
TRP, 2, 28.587, 0.877144, -80119.226562, 0.314955555556
TYR, 10, 27.979, 0.852522, -79113.085938, 0.270355555556
VAL, 6, 26.334, 0.836321, -81037.414062, 0.221659259259
