AMINO ACID, DSSP, SASA, GYRATE, ENERGY, RMSF
ALA, 6, 27.907, 0.832369, -79951.953125, 0.251659259259
ARG, 5, 29.262, 0.863625, -80530.046875, 0.298462962963
ASN, 8, 26.751, 0.823587, -80586.218750, 0.210481481481
ASP, 9, 25.221, 0.800963, -79905.539062, 0.207903703704
CYS, 10, 26.391, 0.829896, -79498.914062, 0.307162962963
GLN, 18, 25.229, 0.809855, -79886.265625, 0.290562962963
GLU, 7, 26.111, 0.823862, -80114.000000, 0.207940740741
GLY, 9, 24.374, 0.835466, -80415.250000, 0.230159259259
HIS, 8, 27.504, 0.839269, -79950.718750, 0.336788888889
ILE, 6, 26.517, 0.839542, -79883.398438, 0.278788888889
LEU, 10, 24.799, 0.799789, -80893.437500, 0.349325925926
LYS, 7, 27.403, 0.82976, -80705.570312, 0.242707407407
MET, 6, 24.958, 0.810336, -80321.328125, 0.221622222222
PHE, 8, 24.360, 0.788329, -79842.265625, 0.339081481481
PRO, 6, 25.152, 0.815773, -80467.882812, 0.268974074074
SER, 10, 25.646, 0.809298, -80385.640625, 0.234703703704
THR, 11, 24.746, 0.784248, -80101.085938, 0.375159259259
TRP, 4, 26.387, 0.836762, -79316.125000, 0.314955555556
TYR, 7, 27.438, 0.852097, -79586.078125, 0.270355555556
VAL, 14, 26.936, 0.826, -80257.835938, 0.221659259259
