AMINO ACID, DSSP, SASA, GYRATE, ENERGY, RMSF
ALA, 9, 24.692, 0.793524, -80884.007812, 0.251659259259
ARG, 2, 27.781, 0.86014, -80609.609375, 0.298462962963
ASN, 6, 26.523, 0.812922, -79632.085938, 0.210481481481
ASP, 10, 26.801, 0.829848, -80106.296875, 0.207903703704
CYS, 7, 26.182, 0.862446, -80644.992188, 0.307162962963
GLN, 5, 28.300, 0.850062, -79752.476562, 0.290562962963
GLU, 6, 24.658, 0.809224, -80480.234375, 0.207940740741
GLY, 7, 24.491, 0.807805, -81217.882812, 0.230159259259
HIS, 6, 29.883, 0.914617, -80012.070312, 0.336788888889
ILE, 5, 26.673, 0.832389, -80559.335938, 0.278788888889
LEU, 5, 30.217, 0.914069, -79942.109375, 0.349325925926
LYS, 7, 25.328, 0.792798, -80859.046875, 0.242707407407
MET, 9, 27.950, 0.843303, -80616.328125, 0.221622222222
PHE, 4, 29.770, 0.910955, -80354.601562, 0.339081481481
PRO, 8, 27.387, 0.83733, -80491.125000, 0.268974074074
SER, 4, 25.148, 0.82855, -81200.234375, 0.234703703704
THR, 4, 27.521, 0.911457, -80024.632812, 0.375159259259
TRP, 0, 28.683, 0.853198, -79847.539062, 0.314955555556
TYR, 7, 27.778, 0.847741, -80007.617188, 0.270355555556
VAL, 10, 25.907, 0.822731, -79723.312500, 0.221659259259
