AMINO ACID, DSSP, SASA, GYRATE, ENERGY, RMSF
ALA, 9, 25.009, 0.793161, -80670.390625, 0.251659259259
ARG, 2, 28.635, 0.861665, -79821.093750, 0.298462962963
ASN, 8, 25.318, 0.802021, -80689.984375, 0.210481481481
ASP, 10, 27.370, 0.828443, -79914.187500, 0.207903703704
CYS, 7, 26.400, 0.868704, -80576.078125, 0.307162962963
GLN, 7, 26.516, 0.838929, -80753.539062, 0.290562962963
GLU, 8, 24.771, 0.826963, -79431.929688, 0.207940740741
GLY, 7, 24.968, 0.798161, -80456.781250, 0.230159259259
HIS, 6, 29.738, 0.933885, -80185.484375, 0.336788888889
ILE, 7, 27.085, 0.832124, -79909.312500, 0.278788888889
LEU, 5, 30.120, 0.927029, -80682.195312, 0.349325925926
LYS, 5, 25.508, 0.80801, -80325.531250, 0.242707407407
MET, 7, 27.316, 0.833621, -79885.898438, 0.221622222222
PHE, 6, 28.049, 0.895452, -79423.054688, 0.339081481481
PRO, 10, 26.689, 0.809792, -79589.531250, 0.268974074074
SER, 4, 25.811, 0.84099, -79448.257812, 0.234703703704
THR, 4, 29.104, 0.898248, -79674.085938, 0.375159259259
TRP, 4, 26.806, 0.845993, -80426.242188, 0.314955555556
TYR, 10, 27.326, 0.839247, -80498.351562, 0.270355555556
VAL, 6, 26.267, 0.814809, -80543.734375, 0.221659259259
