AMINO ACID, DSSP, SASA, GYRATE, ENERGY, RMSF
ALA, 13, 24.450, 0.800135, -80383.000000, 0.251659259259
ARG, 2, 28.136, 0.873306, -80957.429688, 0.298462962963
ASN, 6, 25.055, 0.788948, -80479.101562, 0.210481481481
ASP, 6, 27.200, 0.815863, -80651.421875, 0.207903703704
CYS, 7, 26.042, 0.876198, -79654.312500, 0.307162962963
GLN, 2, 26.556, 0.856599, -80257.585938, 0.290562962963
GLU, 6, 25.006, 0.806908, -80058.078125, 0.207940740741
GLY, 6, 23.726, 0.794193, -80716.023438, 0.230159259259
HIS, 4, 28.075, 0.906707, -79475.125000, 0.336788888889
ILE, 7, 29.214, 0.849328, -79939.015625, 0.278788888889
LEU, 7, 28.921, 0.929234, -79818.375000, 0.349325925926
LYS, 9, 24.970, 0.795034, -80536.679688, 0.242707407407
MET, 7, 26.184, 0.824389, -79843.375000, 0.221622222222
PHE, 6, 27.065, 0.884264, -79080.078125, 0.339081481481
PRO, 10, 28.136, 0.842479, -79713.273438, 0.268974074074
SER, 8, 25.884, 0.83977, -80378.484375, 0.234703703704
THR, 8, 26.122, 0.842262, -80610.000000, 0.375159259259
TRP, 2, 28.972, 0.869668, -79400.640625, 0.314955555556
TYR, 9, 27.012, 0.840199, -81021.710938, 0.270355555556
VAL, 4, 26.243, 0.839288, -80091.640625, 0.221659259259
