AMINO ACID, DSSP, SASA, GYRATE, ENERGY, RMSF
ALA, 13, 25.122, 0.796575, -79550.562500, 0.251659259259
ARG, 2, 28.770, 0.867807, -80564.375000, 0.298462962963
ASN, 8, 24.708, 0.783182, -79218.484375, 0.210481481481
ASP, 8, 25.799, 0.807444, -80522.796875, 0.207903703704
CYS, 7, 27.520, 0.900425, -80194.296875, 0.307162962963
GLN, 9, 27.099, 0.862666, -80104.828125, 0.290562962963
GLU, 8, 26.039, 0.817334, -80663.562500, 0.207940740741
GLY, 7, 24.096, 0.788774, -79056.234375, 0.230159259259
HIS, 4, 27.952, 0.922532, -80578.343750, 0.336788888889
ILE, 7, 27.354, 0.822755, -80639.015625, 0.278788888889
LEU, 6, 28.255, 0.932356, -79744.351562, 0.349325925926
LYS, 5, 25.930, 0.806454, -81197.062500, 0.242707407407
MET, 7, 26.673, 0.837513, -80239.781250, 0.221622222222
PHE, 8, 28.390, 0.893418, -80770.171875, 0.339081481481
PRO, 10, 27.400, 0.830979, -80563.062500, 0.268974074074
SER, 6, 24.937, 0.8346, -80304.937500, 0.234703703704
THR, 8, 29.131, 0.869018, -79927.929688, 0.375159259259
TRP, 2, 27.680, 0.864266, -79570.078125, 0.314955555556
TYR, 10, 27.019, 0.844725, -79129.046875, 0.270355555556
VAL, 6, 26.688, 0.833718, -80362.320312, 0.221659259259
