AMINO ACID, DSSP, SASA, GYRATE, ENERGY, RMSF
ALA, 11, 25.471, 0.804637, -80982.406250, 0.251659259259
ARG, 7, 28.613, 0.866565, -81048.773438, 0.298462962963
ASN, 8, 25.026, 0.791698, -81281.703125, 0.210481481481
ASP, 10, 27.110, 0.825526, -80224.437500, 0.207903703704
CYS, 7, 26.577, 0.885066, -79920.546875, 0.307162962963
GLN, 5, 25.418, 0.854201, -79930.835938, 0.290562962963
GLU, 8, 25.476, 0.811773, -80461.531250, 0.207940740741
GLY, 7, 25.495, 0.804901, -79639.156250, 0.230159259259
HIS, 6, 27.845, 0.915956, -79315.398438, 0.336788888889
ILE, 7, 26.794, 0.815794, -79826.953125, 0.278788888889
LEU, 4, 29.556, 0.924185, -80612.812500, 0.349325925926
LYS, 9, 25.823, 0.79934, -80172.546875, 0.242707407407
MET, 7, 28.175, 0.847269, -80364.664062, 0.221622222222
PHE, 4, 25.829, 0.887572, -79744.109375, 0.339081481481
PRO, 8, 27.108, 0.83414, -79792.687500, 0.268974074074
SER, 6, 25.400, 0.830405, -79947.062500, 0.234703703704
THR, 6, 28.778, 0.879613, -80418.820312, 0.375159259259
TRP, 4, 27.630, 0.864885, -79357.101562, 0.314955555556
TYR, 9, 28.140, 0.849843, -80635.070312, 0.270355555556
VAL, 4, 25.809, 0.825954, -80771.703125, 0.221659259259
