AMINO ACID, DSSP, SASA, GYRATE, ENERGY, RMSF
ALA, 11, 24.250, 0.802144, -80706.632812, 0.251659259259
ARG, 4, 28.547, 0.868877, -80654.335938, 0.298462962963
ASN, 8, 25.499, 0.782828, -81011.679688, 0.210481481481
ASP, 10, 26.106, 0.817493, -80484.679688, 0.207903703704
CYS, 7, 27.239, 0.870571, -80034.390625, 0.307162962963
GLN, 5, 24.402, 0.83831, -79837.937500, 0.290562962963
GLU, 8, 25.799, 0.812284, -79482.906250, 0.207940740741
GLY, 7, 23.274, 0.787442, -79560.984375, 0.230159259259
HIS, 4, 28.707, 0.929502, -79916.281250, 0.336788888889
ILE, 4, 25.715, 0.828892, -79996.421875, 0.278788888889
LEU, 7, 27.427, 0.924766, -79250.054688, 0.349325925926
LYS, 5, 25.968, 0.79752, -80014.296875, 0.242707407407
MET, 7, 26.676, 0.839834, -80433.796875, 0.221622222222
PHE, 4, 26.586, 0.857134, -79121.343750, 0.339081481481
PRO, 10, 26.340, 0.807859, -80792.273438, 0.268974074074
SER, 8, 25.441, 0.840976, -79774.093750, 0.234703703704
THR, 8, 27.546, 0.856918, -80647.265625, 0.375159259259
TRP, 4, 28.867, 0.873507, -80097.851562, 0.314955555556
TYR, 10, 27.540, 0.836176, -80004.921875, 0.270355555556
VAL, 4, 27.193, 0.829469, -80478.546875, 0.221659259259
