AMINO ACID, DSSP, SASA, GYRATE, ENERGY, RMSF
ALA, 11, 24.642, 0.808585, -80135.273438, 0.251659259259
ARG, 6, 28.976, 0.873934, -81210.828125, 0.298462962963
ASN, 8, 24.767, 0.794483, -80901.804688, 0.210481481481
ASP, 10, 26.382, 0.810601, -80644.687500, 0.207903703704
CYS, 5, 27.794, 0.882626, -79678.078125, 0.307162962963
GLN, 7, 25.942, 0.831296, -80773.648438, 0.290562962963
GLU, 8, 25.408, 0.818201, -80417.562500, 0.207940740741
GLY, 7, 23.251, 0.780674, -81183.031250, 0.230159259259
HIS, 0, 28.919, 0.929829, -79724.820312, 0.336788888889
ILE, 9, 26.692, 0.821408, -79574.507812, 0.278788888889
LEU, 7, 28.798, 0.931702, -79669.843750, 0.349325925926
LYS, 7, 24.622, 0.791667, -81063.703125, 0.242707407407
MET, 7, 28.680, 0.856308, -80142.703125, 0.221622222222
PHE, 6, 26.697, 0.869469, -79753.781250, 0.339081481481
PRO, 7, 28.160, 0.810174, -79855.218750, 0.268974074074
SER, 6, 24.845, 0.827457, -79995.265625, 0.234703703704
THR, 8, 27.416, 0.868773, -80216.187500, 0.375159259259
TRP, 2, 28.068, 0.868644, -80525.359375, 0.314955555556
TYR, 8, 27.180, 0.849677, -79171.265625, 0.270355555556
VAL, 4, 27.169, 0.836896, -79954.218750, 0.221659259259
