AMINO ACID, DSSP, SASA, GYRATE, ENERGY, RMSF
ALA, 9, 24.595, 0.795394, -80012.875000, 0.251659259259
ARG, 7, 27.586, 0.869901, -81444.210938, 0.298462962963
ASN, 8, 25.802, 0.80383, -81929.242188, 0.210481481481
ASP, 12, 25.579, 0.820513, -80997.250000, 0.207903703704
CYS, 7, 26.031, 0.874622, -80679.375000, 0.307162962963
GLN, 5, 26.308, 0.846951, -80344.140625, 0.290562962963
GLU, 6, 24.619, 0.818145, -80284.968750, 0.207940740741
GLY, 7, 23.263, 0.788197, -81213.031250, 0.230159259259
HIS, 8, 28.276, 0.908365, -80359.539062, 0.336788888889
ILE, 7, 26.569, 0.835338, -79144.945312, 0.278788888889
LEU, 2, 28.314, 0.925417, -80045.765625, 0.349325925926
LYS, 9, 24.710, 0.794879, -80728.218750, 0.242707407407
MET, 11, 27.068, 0.842466, -80940.906250, 0.221622222222
PHE, 8, 27.401, 0.870675, -80234.804688, 0.339081481481
PRO, 8, 26.390, 0.811964, -80307.140625, 0.268974074074
SER, 6, 25.545, 0.833012, -80274.562500, 0.234703703704
THR, 6, 26.914, 0.864812, -80414.812500, 0.375159259259
TRP, 4, 28.022, 0.843097, -79371.546875, 0.314955555556
TYR, 9, 26.701, 0.838847, -80967.671875, 0.270355555556
VAL, 4, 25.551, 0.822272, -80371.750000, 0.221659259259
