AMINO ACID, DSSP, SASA, GYRATE, ENERGY, RMSF
ALA, 13, 24.175, 0.778474, -80911.593750, 0.251659259259
ARG, 4, 28.476, 0.86304, -80424.453125, 0.298462962963
ASN, 6, 25.388, 0.795917, -79909.359375, 0.210481481481
ASP, 10, 26.369, 0.820572, -80485.117188, 0.207903703704
CYS, 7, 26.486, 0.881119, -80579.242188, 0.307162962963
GLN, 5, 26.685, 0.868846, -79658.718750, 0.290562962963
GLU, 6, 26.183, 0.832991, -80545.390625, 0.207940740741
GLY, 7, 24.095, 0.79234, -80406.710938, 0.230159259259
HIS, 6, 29.144, 0.901145, -80235.453125, 0.336788888889
ILE, 7, 26.889, 0.836067, -79736.546875, 0.278788888889
LEU, 4, 28.195, 0.916216, -79607.281250, 0.349325925926
LYS, 7, 26.929, 0.806737, -80833.039062, 0.242707407407
MET, 11, 26.759, 0.840972, -80872.937500, 0.221622222222
PHE, 6, 26.737, 0.902721, -79839.929688, 0.339081481481
PRO, 7, 27.024, 0.830803, -80366.468750, 0.268974074074
SER, 2, 26.263, 0.844479, -81175.695312, 0.234703703704
THR, 6, 26.205, 0.836844, -80124.203125, 0.375159259259
TRP, 2, 27.463, 0.837593, -80331.664062, 0.314955555556
TYR, 9, 28.070, 0.847802, -80715.828125, 0.270355555556
VAL, 6, 27.023, 0.835853, -79972.320312, 0.221659259259
