AMINO ACID, DSSP, SASA, GYRATE, ENERGY, RMSF
ALA, 11, 23.925, 0.797435, -80464.070312, 0.251659259259
ARG, 4, 27.588, 0.851765, -80391.109375, 0.298462962963
ASN, 4, 24.509, 0.780989, -81311.757812, 0.210481481481
ASP, 10, 27.917, 0.840739, -79383.937500, 0.207903703704
CYS, 7, 26.279, 0.88921, -80747.148438, 0.307162962963
GLN, 5, 25.038, 0.859767, -79964.750000, 0.290562962963
GLU, 6, 26.421, 0.826183, -80583.734375, 0.207940740741
GLY, 7, 23.474, 0.783478, -80677.859375, 0.230159259259
HIS, 4, 30.878, 0.942089, -79642.187500, 0.336788888889
ILE, 9, 26.636, 0.832179, -80028.914062, 0.278788888889
LEU, 4, 28.490, 0.939388, -80880.156250, 0.349325925926
LYS, 9, 24.591, 0.796421, -79186.359375, 0.242707407407
MET, 7, 27.638, 0.850219, -80313.203125, 0.221622222222
PHE, 10, 27.096, 0.87764, -79521.000000, 0.339081481481
PRO, 8, 27.700, 0.846949, -80137.484375, 0.268974074074
SER, 6, 25.954, 0.835146, -79840.593750, 0.234703703704
THR, 6, 27.150, 0.859739, -80657.726562, 0.375159259259
TRP, 2, 27.901, 0.845849, -80733.578125, 0.314955555556
TYR, 7, 27.496, 0.852629, -80296.703125, 0.270355555556
VAL, 4, 24.925, 0.823561, -80213.898438, 0.221659259259
