AMINO ACID, DSSP, SASA, GYRATE, ENERGY, RMSF
ALA, 11, 23.593, 0.783675, -80280.203125, 0.251659259259
ARG, 4, 28.679, 0.883214, -81398.101562, 0.298462962963
ASN, 10, 24.144, 0.788259, -79954.664062, 0.210481481481
ASP, 8, 26.779, 0.8174, -80573.156250, 0.207903703704
CYS, 9, 26.280, 0.902151, -80753.140625, 0.307162962963
GLN, 5, 28.567, 0.859528, -80493.968750, 0.290562962963
GLU, 6, 26.926, 0.827978, -79931.507812, 0.207940740741
GLY, 10, 23.180, 0.780519, -80282.226562, 0.230159259259
HIS, 6, 30.737, 0.938414, -81056.820312, 0.336788888889
ILE, 7, 25.279, 0.824047, -79546.929688, 0.278788888889
LEU, 4, 29.064, 0.926208, -80314.593750, 0.349325925926
LYS, 7, 26.618, 0.805798, -81118.562500, 0.242707407407
MET, 7, 27.808, 0.845941, -80632.046875, 0.221622222222
PHE, 6, 26.790, 0.870994, -79752.875000, 0.339081481481
PRO, 7, 26.785, 0.8325, -80306.289062, 0.268974074074
SER, 6, 26.214, 0.84203, -80378.375000, 0.234703703704
THR, 8, 25.668, 0.825832, -80325.914062, 0.375159259259
TRP, 2, 27.790, 0.858337, -80925.773438, 0.314955555556
TYR, 10, 28.211, 0.863306, -79165.617188, 0.270355555556
VAL, 8, 26.029, 0.824667, -81291.359375, 0.221659259259
