AMINO ACID, DSSP, SASA, GYRATE, ENERGY, RMSF
ALA, 10, 27.371, 0.852305, -80564.937500, 0.251659259259
ARG, 8, 28.806, 0.85175, -79919.101562, 0.298462962963
ASN, 8, 25.637, 0.814883, -80644.703125, 0.210481481481
ASP, 11, 25.853, 0.810652, -80390.742188, 0.207903703704
CYS, 6, 26.461, 0.830324, -79759.000000, 0.307162962963
GLN, 11, 25.538, 0.790571, -80263.585938, 0.290562962963
GLU, 15, 25.214, 0.808084, -80109.656250, 0.207940740741
GLY, 8, 24.568, 0.843001, -79891.328125, 0.230159259259
HIS, 12, 29.873, 0.863045, -80841.765625, 0.336788888889
ILE, 6, 27.812, 0.860736, -80623.445312, 0.278788888889
LEU, 10, 25.509, 0.803765, -78928.578125, 0.349325925926
LYS, 7, 26.961, 0.826092, -79546.789062, 0.242707407407
MET, 6, 25.821, 0.824347, -80020.234375, 0.221622222222
PHE, 12, 26.041, 0.811563, -79985.781250, 0.339081481481
PRO, 4, 24.741, 0.81932, -80899.234375, 0.268974074074
SER, 8, 26.059, 0.803885, -79912.890625, 0.234703703704
THR, 6, 27.440, 0.82258, -79213.218750, 0.375159259259
TRP, 4, 26.785, 0.845888, -81074.906250, 0.314955555556
TYR, 7, 27.810, 0.863899, -81167.656250, 0.270355555556
VAL, 12, 26.471, 0.825213, -80578.531250, 0.221659259259
