AMINO ACID, DSSP, SASA, GYRATE, ENERGY, RMSF
ALA, 11, 24.719, 0.797633, -80875.734375, 0.251659259259
ARG, 7, 27.792, 0.872698, -80055.421875, 0.298462962963
ASN, 6, 25.848, 0.800461, -80841.890625, 0.210481481481
ASP, 8, 26.163, 0.838322, -79752.562500, 0.207903703704
CYS, 7, 28.495, 0.929485, -79406.320312, 0.307162962963
GLN, 5, 26.038, 0.84162, -80193.171875, 0.290562962963
GLU, 6, 26.621, 0.833588, -79577.617188, 0.207940740741
GLY, 7, 22.586, 0.782575, -81077.242188, 0.230159259259
HIS, 6, 29.973, 0.966353, -79695.437500, 0.336788888889
ILE, 7, 25.911, 0.816274, -81044.390625, 0.278788888889
LEU, 4, 30.415, 0.926502, -79233.171875, 0.349325925926
LYS, 5, 25.457, 0.795323, -80789.640625, 0.242707407407
MET, 9, 28.384, 0.853892, -80224.453125, 0.221622222222
PHE, 10, 26.132, 0.878051, -79614.125000, 0.339081481481
PRO, 10, 24.233, 0.814594, -80463.765625, 0.268974074074
SER, 2, 28.239, 0.84216, -81197.632812, 0.234703703704
THR, 8, 26.577, 0.841612, -79665.460938, 0.375159259259
TRP, 2, 29.035, 0.864796, -79313.539062, 0.314955555556
TYR, 9, 27.374, 0.843257, -80581.296875, 0.270355555556
VAL, 4, 26.339, 0.827496, -80111.515625, 0.221659259259
