AMINO ACID, DSSP, SASA, GYRATE, ENERGY, RMSF
ALA, 11, 24.071, 0.798448, -80390.375000, 0.251659259259
ARG, 5, 28.247, 0.877442, -80940.812500, 0.298462962963
ASN, 6, 24.838, 0.789958, -80660.015625, 0.210481481481
ASP, 10, 27.735, 0.827885, -79851.335938, 0.207903703704
CYS, 7, 27.764, 0.896601, -79998.351562, 0.307162962963
GLN, 7, 25.624, 0.847006, -80823.828125, 0.290562962963
GLU, 6, 26.047, 0.824488, -79970.000000, 0.207940740741
GLY, 8, 23.221, 0.778014, -81313.312500, 0.230159259259
HIS, 4, 30.483, 0.967467, -80095.781250, 0.336788888889
ILE, 7, 25.579, 0.825975, -80064.210938, 0.278788888889
LEU, 4, 29.667, 0.931643, -79705.609375, 0.349325925926
LYS, 5, 26.104, 0.799357, -80423.273438, 0.242707407407
MET, 7, 29.455, 0.850296, -80260.390625, 0.221622222222
PHE, 8, 27.095, 0.870926, -80828.171875, 0.339081481481
PRO, 7, 25.807, 0.807735, -80057.382812, 0.268974074074
SER, 6, 27.358, 0.842862, -79732.359375, 0.234703703704
THR, 6, 25.974, 0.847471, -79521.078125, 0.375159259259
TRP, 0, 27.850, 0.851877, -79902.171875, 0.314955555556
TYR, 10, 26.852, 0.835008, -80301.343750, 0.270355555556
VAL, 4, 27.076, 0.823327, -80624.250000, 0.221659259259
