AMINO ACID, DSSP, SASA, GYRATE, ENERGY, RMSF
ALA, 13, 24.252, 0.789105, -80140.101562, 0.251659259259
ARG, 7, 28.137, 0.868178, -80022.882812, 0.298462962963
ASN, 4, 24.969, 0.789487, -80550.257812, 0.210481481481
ASP, 10, 25.889, 0.824977, -81133.757812, 0.207903703704
CYS, 6, 27.762, 0.927108, -80406.734375, 0.307162962963
GLN, 5, 25.007, 0.849737, -81068.984375, 0.290562962963
GLU, 6, 26.534, 0.821293, -80505.179688, 0.207940740741
GLY, 10, 23.341, 0.778598, -80489.625000, 0.230159259259
HIS, 6, 30.481, 0.937782, -80090.601562, 0.336788888889
ILE, 7, 27.207, 0.83936, -80226.968750, 0.278788888889
LEU, 2, 27.733, 0.923657, -80302.796875, 0.349325925926
LYS, 3, 24.534, 0.799755, -80894.750000, 0.242707407407
MET, 9, 27.888, 0.839627, -79747.140625, 0.221622222222
PHE, 6, 26.299, 0.871216, -79670.859375, 0.339081481481
PRO, 12, 24.464, 0.810211, -80309.289062, 0.268974074074
SER, 6, 26.565, 0.839745, -80652.640625, 0.234703703704
THR, 6, 27.450, 0.857006, -79872.875000, 0.375159259259
TRP, 0, 29.067, 0.871003, -79858.281250, 0.314955555556
TYR, 9, 27.981, 0.858452, -79814.742188, 0.270355555556
VAL, 4, 26.193, 0.812504, -79838.796875, 0.221659259259
