AMINO ACID, DSSP, SASA, GYRATE, ENERGY, RMSF
ALA, 10, 29.164, 0.871936, -79718.656250, 0.251659259259
ARG, 8, 28.007, 0.852628, -80050.679688, 0.298462962963
ASN, 8, 26.134, 0.816327, -80491.109375, 0.210481481481
ASP, 9, 25.868, 0.816639, -79979.718750, 0.207903703704
CYS, 10, 25.531, 0.820994, -80307.492188, 0.307162962963
GLN, 15, 25.623, 0.781439, -79532.046875, 0.290562962963
GLU, 9, 25.518, 0.816339, -80505.171875, 0.207940740741
GLY, 14, 24.941, 0.840403, -80831.445312, 0.230159259259
HIS, 10, 27.504, 0.838696, -80218.851562, 0.336788888889
ILE, 6, 28.328, 0.867111, -80078.804688, 0.278788888889
LEU, 10, 26.743, 0.806267, -79939.593750, 0.349325925926
LYS, 7, 28.561, 0.828926, -79837.578125, 0.242707407407
MET, 6, 25.967, 0.825606, -80710.171875, 0.221622222222
PHE, 8, 25.932, 0.815223, -80577.429688, 0.339081481481
PRO, 4, 25.442, 0.82342, -79988.203125, 0.268974074074
SER, 8, 25.037, 0.81296, -80958.671875, 0.234703703704
THR, 6, 25.957, 0.81203, -80204.531250, 0.375159259259
TRP, 4, 26.791, 0.847383, -79642.007812, 0.314955555556
TYR, 9, 28.472, 0.868495, -79634.078125, 0.270355555556
VAL, 12, 26.437, 0.837361, -80667.914062, 0.221659259259
