AMINO ACID, DSSP, SASA, GYRATE, ENERGY, RMSF
ALA, 6, 27.205, 0.834291, -81132.492188, 0.251659259259
ARG, 8, 27.513, 0.856386, -80056.867188, 0.298462962963
ASN, 12, 26.417, 0.81428, -80147.593750, 0.210481481481
ASP, 9, 27.015, 0.825132, -80234.750000, 0.207903703704
CYS, 12, 26.423, 0.844233, -79945.125000, 0.307162962963
GLN, 5, 24.682, 0.785032, -79382.179688, 0.290562962963
GLU, 13, 25.672, 0.799136, -79991.710938, 0.207940740741
GLY, 6, 25.928, 0.866453, -81076.273438, 0.230159259259
HIS, 8, 28.449, 0.84822, -79963.968750, 0.336788888889
ILE, 6, 29.371, 0.867304, -80300.140625, 0.278788888889
LEU, 10, 26.293, 0.799111, -80042.531250, 0.349325925926
LYS, 7, 27.679, 0.841051, -80477.132812, 0.242707407407
MET, 6, 25.399, 0.832217, -81346.171875, 0.221622222222
PHE, 9, 24.522, 0.802026, -80442.328125, 0.339081481481
PRO, 4, 26.323, 0.829796, -80638.031250, 0.268974074074
SER, 2, 25.195, 0.812459, -80615.789062, 0.234703703704
THR, 4, 28.117, 0.809556, -79782.468750, 0.375159259259
TRP, 6, 28.150, 0.848494, -80027.476562, 0.314955555556
TYR, 9, 28.572, 0.861626, -80066.929688, 0.270355555556
VAL, 10, 25.046, 0.815359, -80132.460938, 0.221659259259
