AMINO ACID, DSSP, SASA, GYRATE, ENERGY, RMSF
ALA, 6, 27.562, 0.850273, -80379.351562, 0.251659259259
ARG, 4, 29.345, 0.872264, -80821.695312, 0.298462962963
ASN, 10, 25.370, 0.814662, -79964.765625, 0.210481481481
ASP, 9, 24.698, 0.807634, -80989.078125, 0.207903703704
CYS, 10, 27.890, 0.847995, -80510.453125, 0.307162962963
GLN, 16, 25.099, 0.795943, -79902.914062, 0.290562962963
GLU, 9, 25.209, 0.811951, -80060.257812, 0.207940740741
GLY, 10, 25.922, 0.862681, -80410.421875, 0.230159259259
HIS, 6, 28.272, 0.857353, -80131.312500, 0.336788888889
ILE, 6, 27.463, 0.859568, -80508.546875, 0.278788888889
LEU, 10, 27.025, 0.825043, -80107.453125, 0.349325925926
LYS, 7, 28.993, 0.840369, -80657.953125, 0.242707407407
MET, 6, 24.465, 0.809097, -80030.953125, 0.221622222222
PHE, 9, 26.803, 0.822677, -80175.304688, 0.339081481481
PRO, 6, 26.399, 0.825795, -79988.671875, 0.268974074074
SER, 6, 26.159, 0.818173, -80874.656250, 0.234703703704
THR, 11, 24.722, 0.795083, -81927.445312, 0.375159259259
TRP, 6, 26.002, 0.834616, -79389.625000, 0.314955555556
TYR, 9, 28.962, 0.863885, -80401.390625, 0.270355555556
VAL, 10, 25.554, 0.83042, -79987.906250, 0.221659259259
