AMINO ACID, DSSP, SASA, GYRATE, ENERGY, RMSF
ALA, 6, 27.558, 0.853087, -79510.578125, 0.251659259259
ARG, 8, 28.201, 0.862718, -81028.640625, 0.298462962963
ASN, 8, 27.531, 0.832136, -79994.156250, 0.210481481481
ASP, 9, 26.010, 0.811665, -80824.695312, 0.207903703704
CYS, 8, 28.504, 0.850068, -80006.328125, 0.307162962963
GLN, 13, 25.375, 0.788443, -79957.468750, 0.290562962963
GLU, 13, 25.174, 0.818814, -79905.023438, 0.207940740741
GLY, 9, 26.092, 0.860633, -80927.226562, 0.230159259259
HIS, 6, 27.936, 0.853911, -79667.304688, 0.336788888889
ILE, 6, 28.093, 0.861838, -80166.367188, 0.278788888889
LEU, 9, 26.647, 0.810009, -80936.781250, 0.349325925926
LYS, 7, 28.946, 0.84115, -80554.781250, 0.242707407407
MET, 6, 24.376, 0.808894, -80432.304688, 0.221622222222
PHE, 9, 25.775, 0.809883, -80770.140625, 0.339081481481
PRO, 6, 26.180, 0.82985, -80400.289062, 0.268974074074
SER, 6, 26.574, 0.820144, -80837.648438, 0.234703703704
THR, 8, 25.225, 0.794485, -80553.265625, 0.375159259259
TRP, 6, 26.764, 0.838785, -79253.695312, 0.314955555556
TYR, 10, 27.756, 0.873794, -80233.406250, 0.270355555556
VAL, 10, 25.826, 0.829515, -79495.640625, 0.221659259259
