AMINO ACID, DSSP, SASA, GYRATE, ENERGY, RMSF
ALA, 6, 28.357, 0.845581, -79849.843750, 0.251659259259
ARG, 6, 29.509, 0.853545, -81620.593750, 0.298462962963
ASN, 10, 25.540, 0.81061, -79256.812500, 0.210481481481
ASP, 9, 26.119, 0.813318, -80138.812500, 0.207903703704
CYS, 13, 26.454, 0.82178, -80151.421875, 0.307162962963
GLN, 11, 24.722, 0.788422, -81403.312500, 0.290562962963
GLU, 13, 26.534, 0.824626, -81121.390625, 0.207940740741
GLY, 9, 27.542, 0.850933, -80219.531250, 0.230159259259
HIS, 4, 30.044, 0.863285, -80139.515625, 0.336788888889
ILE, 4, 29.389, 0.869456, -79520.437500, 0.278788888889
LEU, 11, 25.689, 0.80072, -79692.007812, 0.349325925926
LYS, 7, 27.106, 0.822093, -79816.414062, 0.242707407407
MET, 4, 25.265, 0.814109, -80385.968750, 0.221622222222
PHE, 9, 26.431, 0.822922, -80137.859375, 0.339081481481
PRO, 6, 24.934, 0.811968, -80019.218750, 0.268974074074
SER, 4, 25.819, 0.829728, -80217.890625, 0.234703703704
THR, 11, 25.656, 0.795216, -80112.507812, 0.375159259259
TRP, 4, 28.910, 0.851253, -80271.062500, 0.314955555556
TYR, 9, 26.959, 0.864407, -79537.390625, 0.270355555556
VAL, 10, 25.688, 0.825473, -80345.898438, 0.221659259259
