AMINO ACID, DSSP, SASA, GYRATE, ENERGY, RMSF
ALA, 8, 27.152, 0.856093, -79651.898438, 0.251659259259
ARG, 6, 27.585, 0.824918, -80626.187500, 0.298462962963
ASN, 10, 26.087, 0.807464, -80412.828125, 0.210481481481
ASP, 9, 25.164, 0.80761, -80136.390625, 0.207903703704
CYS, 8, 26.029, 0.823195, -80837.460938, 0.307162962963
GLN, 10, 24.574, 0.785193, -80933.625000, 0.290562962963
GLU, 7, 26.549, 0.824625, -80203.429688, 0.207940740741
GLY, 9, 26.675, 0.854531, -80623.875000, 0.230159259259
HIS, 2, 31.047, 0.898903, -80877.148438, 0.336788888889
ILE, 6, 27.432, 0.847499, -79769.437500, 0.278788888889
LEU, 11, 24.288, 0.800333, -80412.132812, 0.349325925926
LYS, 9, 28.181, 0.83812, -80505.187500, 0.242707407407
MET, 6, 25.319, 0.821777, -80163.703125, 0.221622222222
PHE, 6, 25.011, 0.804291, -80789.039062, 0.339081481481
PRO, 6, 24.941, 0.840172, -79854.296875, 0.268974074074
SER, 6, 26.959, 0.81485, -80134.773438, 0.234703703704
THR, 6, 26.535, 0.820231, -80842.117188, 0.375159259259
TRP, 4, 29.204, 0.86492, -79975.156250, 0.314955555556
TYR, 7, 26.994, 0.856966, -79877.406250, 0.270355555556
VAL, 10, 27.132, 0.8303, -80854.218750, 0.221659259259
