AMINO ACID, DSSP, SASA, GYRATE, ENERGY, RMSF
ALA, 12, 27.086, 0.831541, -80294.257812, 0.251659259259
ARG, 4, 28.373, 0.84444, -80441.492188, 0.298462962963
ASN, 10, 26.202, 0.808425, -79824.179688, 0.210481481481
ASP, 11, 26.116, 0.816287, -79413.578125, 0.207903703704
CYS, 6, 26.019, 0.83119, -80728.671875, 0.307162962963
GLN, 16, 23.180, 0.769143, -79725.250000, 0.290562962963
GLU, 7, 25.771, 0.821203, -80662.796875, 0.207940740741
GLY, 2, 27.287, 0.873145, -81183.148438, 0.230159259259
HIS, 0, 30.916, 0.877656, -80835.968750, 0.336788888889
ILE, 0, 27.490, 0.837733, -79687.671875, 0.278788888889
LEU, 10, 24.018, 0.786019, -79939.640625, 0.349325925926
LYS, 7, 28.048, 0.832596, -80322.281250, 0.242707407407
MET, 6, 25.487, 0.824624, -79985.796875, 0.221622222222
PHE, 8, 25.026, 0.808832, -79372.226562, 0.339081481481
PRO, 6, 25.113, 0.834661, -79997.625000, 0.268974074074
SER, 6, 27.730, 0.824277, -80201.109375, 0.234703703704
THR, 8, 25.707, 0.797686, -80587.382812, 0.375159259259
TRP, 7, 29.035, 0.858805, -79608.085938, 0.314955555556
TYR, 7, 27.835, 0.869048, -79770.453125, 0.270355555556
VAL, 8, 26.967, 0.838754, -79717.875000, 0.221659259259
