AMINO ACID, DSSP, SASA, GYRATE, ENERGY, RMSF
ALA, 8, 27.217, 0.841318, -80587.375000, 0.251659259259
ARG, 8, 27.844, 0.828099, -80882.875000, 0.298462962963
ASN, 14, 26.642, 0.807803, -80716.109375, 0.210481481481
ASP, 9, 25.451, 0.810465, -80632.460938, 0.207903703704
CYS, 10, 27.320, 0.840155, -79690.632812, 0.307162962963
GLN, 9, 23.152, 0.771036, -79237.429688, 0.290562962963
GLU, 15, 25.225, 0.811202, -80363.750000, 0.207940740741
GLY, 7, 25.998, 0.860072, -80840.843750, 0.230159259259
HIS, 2, 30.620, 0.890151, -80066.156250, 0.336788888889
ILE, 6, 27.398, 0.838462, -79974.546875, 0.278788888889
LEU, 10, 23.538, 0.786384, -79616.593750, 0.349325925926
LYS, 12, 28.229, 0.831499, -81316.914062, 0.242707407407
MET, 4, 23.982, 0.812015, -79036.992188, 0.221622222222
PHE, 6, 25.226, 0.810995, -79290.960938, 0.339081481481
PRO, 6, 25.972, 0.847314, -79802.671875, 0.268974074074
SER, 8, 27.832, 0.841463, -79909.523438, 0.234703703704
THR, 11, 26.649, 0.803229, -80851.890625, 0.375159259259
TRP, 4, 28.679, 0.856639, -80350.421875, 0.314955555556
TYR, 11, 27.888, 0.862727, -80686.718750, 0.270355555556
VAL, 10, 25.965, 0.824385, -80483.078125, 0.221659259259
