AMINO ACID, DSSP, SASA, GYRATE, ENERGY, RMSF
ALA, 8, 26.386, 0.835504, -80641.062500, 0.251659259259
ARG, 8, 28.719, 0.859286, -80726.781250, 0.298462962963
ASN, 12, 26.496, 0.825819, -80598.992188, 0.210481481481
ASP, 11, 25.758, 0.810218, -81645.296875, 0.207903703704
CYS, 12, 25.817, 0.831089, -80123.664062, 0.307162962963
GLN, 11, 23.629, 0.775494, -81175.140625, 0.290562962963
GLU, 13, 25.234, 0.815402, -79845.343750, 0.207940740741
GLY, 7, 26.975, 0.858047, -79542.757812, 0.230159259259
HIS, 2, 31.015, 0.893846, -79734.117188, 0.336788888889
ILE, 4, 28.402, 0.838536, -79813.578125, 0.278788888889
LEU, 10, 24.984, 0.800337, -78757.968750, 0.349325925926
LYS, 7, 28.112, 0.825802, -79952.648438, 0.242707407407
MET, 6, 24.080, 0.807065, -80498.664062, 0.221622222222
PHE, 3, 27.099, 0.831181, -81144.828125, 0.339081481481
PRO, 6, 24.914, 0.827612, -79493.781250, 0.268974074074
SER, 4, 25.054, 0.815322, -79290.039062, 0.234703703704
THR, 10, 26.340, 0.811112, -80684.828125, 0.375159259259
TRP, 6, 27.857, 0.847959, -79768.726562, 0.314955555556
TYR, 11, 28.930, 0.859504, -79551.078125, 0.270355555556
VAL, 10, 27.724, 0.850516, -79157.351562, 0.221659259259
