AMINO ACID, DSSP, SASA, GYRATE, ENERGY, RMSF
ALA, 2, 26.911, 0.836646, -80764.054688, 0.251659259259
ARG, 10, 28.158, 0.848735, -80098.875000, 0.298462962963
ASN, 8, 24.810, 0.8135, -79904.093750, 0.210481481481
ASP, 11, 25.380, 0.799765, -80443.445312, 0.207903703704
CYS, 14, 27.582, 0.841093, -79307.789062, 0.307162962963
GLN, 11, 24.936, 0.782408, -80635.726562, 0.290562962963
GLU, 7, 25.916, 0.815314, -79504.515625, 0.207940740741
GLY, 11, 26.532, 0.86108, -80296.742188, 0.230159259259
HIS, 5, 30.494, 0.885423, -80706.218750, 0.336788888889
ILE, 4, 28.042, 0.836912, -80432.632812, 0.278788888889
LEU, 8, 26.225, 0.810828, -80051.023438, 0.349325925926
LYS, 9, 27.205, 0.835523, -80450.562500, 0.242707407407
MET, 6, 26.379, 0.830072, -81006.718750, 0.221622222222
PHE, 11, 25.582, 0.803679, -80100.187500, 0.339081481481
PRO, 6, 26.575, 0.814059, -80414.750000, 0.268974074074
SER, 4, 27.079, 0.83124, -80526.937500, 0.234703703704
THR, 10, 26.362, 0.811109, -80126.015625, 0.375159259259
TRP, 4, 25.233, 0.833342, -79746.304688, 0.314955555556
TYR, 7, 28.012, 0.867766, -80574.093750, 0.270355555556
VAL, 10, 24.215, 0.817092, -80138.218750, 0.221659259259
