AMINO ACID, DSSP, SASA, GYRATE, ENERGY, RMSF
ALA, 6, 27.344, 0.838485, -80170.789062, 0.251659259259
ARG, 6, 28.240, 0.849491, -81041.375000, 0.298462962963
ASN, 12, 24.604, 0.816945, -80134.359375, 0.210481481481
ASP, 9, 24.717, 0.800961, -79607.640625, 0.207903703704
CYS, 12, 26.212, 0.8313, -79725.078125, 0.307162962963
GLN, 9, 25.032, 0.775952, -80229.257812, 0.290562962963
GLU, 9, 26.054, 0.811765, -80100.992188, 0.207940740741
GLY, 4, 25.821, 0.854522, -80640.492188, 0.230159259259
HIS, 2, 29.887, 0.885704, -80436.875000, 0.336788888889
ILE, 6, 27.352, 0.836996, -80168.484375, 0.278788888889
LEU, 10, 27.647, 0.811831, -80832.148438, 0.349325925926
LYS, 7, 27.857, 0.831233, -80709.585938, 0.242707407407
MET, 6, 25.534, 0.827171, -79711.468750, 0.221622222222
PHE, 4, 25.955, 0.821755, -80605.953125, 0.339081481481
PRO, 6, 25.426, 0.819442, -80421.859375, 0.268974074074
SER, 4, 25.343, 0.820805, -79654.429688, 0.234703703704
THR, 8, 24.881, 0.788176, -80112.765625, 0.375159259259
TRP, 8, 27.711, 0.841933, -79402.312500, 0.314955555556
TYR, 8, 29.122, 0.888433, -79576.718750, 0.270355555556
VAL, 10, 26.478, 0.839074, -80070.171875, 0.221659259259
