AMINO ACID, DSSP, SASA, GYRATE, ENERGY, RMSF
ALA, 6, 28.386, 0.851838, -79836.898438, 0.251659259259
ARG, 10, 28.148, 0.854662, -79713.609375, 0.298462962963
ASN, 12, 25.790, 0.803717, -79976.015625, 0.210481481481
ASP, 7, 24.995, 0.796416, -80693.992188, 0.207903703704
CYS, 6, 26.228, 0.833372, -80514.406250, 0.307162962963
GLN, 16, 24.338, 0.779488, -79704.695312, 0.290562962963
GLU, 13, 25.776, 0.812118, -79965.640625, 0.207940740741
GLY, 4, 26.598, 0.872232, -79278.921875, 0.230159259259
HIS, 4, 27.785, 0.874025, -79236.031250, 0.336788888889
ILE, 6, 27.882, 0.861025, -79452.429688, 0.278788888889
LEU, 8, 26.433, 0.829852, -79114.390625, 0.349325925926
LYS, 7, 27.552, 0.811632, -80982.140625, 0.242707407407
MET, 6, 26.318, 0.841375, -80713.414062, 0.221622222222
PHE, 8, 26.634, 0.813964, -79753.921875, 0.339081481481
PRO, 6, 27.162, 0.842836, -80540.000000, 0.268974074074
SER, 4, 24.898, 0.808377, -80365.429688, 0.234703703704
THR, 10, 25.534, 0.79581, -81388.750000, 0.375159259259
TRP, 6, 28.160, 0.842412, -79563.593750, 0.314955555556
TYR, 5, 28.653, 0.876244, -79991.242188, 0.270355555556
VAL, 8, 25.991, 0.83959, -80200.468750, 0.221659259259
