AMINO ACID, DSSP, SASA, GYRATE, ENERGY, RMSF
ALA, 8, 27.282, 0.858205, -79791.218750, 0.251659259259
ARG, 8, 26.091, 0.826256, -81699.117188, 0.298462962963
ASN, 10, 27.322, 0.832356, -79905.351562, 0.210481481481
ASP, 9, 26.344, 0.815479, -79796.687500, 0.207903703704
CYS, 4, 27.842, 0.841656, -80479.296875, 0.307162962963
GLN, 11, 24.956, 0.789156, -81029.109375, 0.290562962963
GLU, 11, 25.852, 0.800744, -79732.070312, 0.207940740741
GLY, 4, 27.083, 0.867434, -80094.500000, 0.230159259259
HIS, 2, 28.662, 0.846883, -81029.367188, 0.336788888889
ILE, 6, 26.032, 0.821762, -80632.679688, 0.278788888889
LEU, 11, 24.055, 0.80194, -80647.656250, 0.349325925926
LYS, 9, 26.365, 0.815064, -80073.640625, 0.242707407407
MET, 4, 26.366, 0.842612, -80241.312500, 0.221622222222
PHE, 6, 25.515, 0.796081, -80016.101562, 0.339081481481
PRO, 6, 25.887, 0.838814, -79760.648438, 0.268974074074
SER, 4, 26.242, 0.818207, -80523.976562, 0.234703703704
THR, 10, 24.176, 0.788191, -79982.335938, 0.375159259259
TRP, 8, 27.772, 0.83442, -79300.203125, 0.314955555556
TYR, 7, 27.843, 0.870966, -80001.750000, 0.270355555556
VAL, 11, 25.369, 0.821727, -79693.156250, 0.221659259259
