AMINO ACID, DSSP, SASA, GYRATE, ENERGY, RMSF
ALA, 6, 27.238, 0.853382, -80075.812500, 0.251659259259
ARG, 8, 26.181, 0.830583, -80949.437500, 0.298462962963
ASN, 6, 26.786, 0.828015, -80746.687500, 0.210481481481
ASP, 10, 24.181, 0.806154, -79998.023438, 0.207903703704
CYS, 14, 27.605, 0.834297, -79061.562500, 0.307162962963
GLN, 16, 24.525, 0.775485, -79074.953125, 0.290562962963
GLU, 15, 24.306, 0.803521, -79571.867188, 0.207940740741
GLY, 4, 26.666, 0.84708, -80762.585938, 0.230159259259
HIS, 2, 26.506, 0.841333, -79387.203125, 0.336788888889
ILE, 6, 26.820, 0.817999, -80125.531250, 0.278788888889
LEU, 11, 25.282, 0.820997, -80050.007812, 0.349325925926
LYS, 6, 25.912, 0.818075, -80668.421875, 0.242707407407
MET, 6, 25.859, 0.828983, -79446.703125, 0.221622222222
PHE, 6, 24.667, 0.799301, -80298.890625, 0.339081481481
PRO, 9, 25.855, 0.832507, -79931.953125, 0.268974074074
SER, 6, 26.425, 0.805998, -80737.796875, 0.234703703704
THR, 6, 25.349, 0.81412, -80286.546875, 0.375159259259
TRP, 11, 26.203, 0.827128, -79211.835938, 0.314955555556
TYR, 9, 28.196, 0.865297, -80115.640625, 0.270355555556
VAL, 8, 25.773, 0.818414, -80662.929688, 0.221659259259
