AMINO ACID, DSSP, SASA, GYRATE, ENERGY, RMSF
ALA, 6, 27.433, 0.847389, -79858.234375, 0.251659259259
ARG, 12, 28.033, 0.831487, -80795.765625, 0.298462962963
ASN, 6, 29.742, 0.834002, -79797.476562, 0.210481481481
ASP, 11, 24.821, 0.799671, -79084.656250, 0.207903703704
CYS, 8, 27.902, 0.842439, -80377.671875, 0.307162962963
GLN, 11, 25.535, 0.791665, -79590.125000, 0.290562962963
GLU, 7, 25.613, 0.808534, -80631.859375, 0.207940740741
GLY, 4, 26.436, 0.855306, -80750.718750, 0.230159259259
HIS, 0, 27.578, 0.837217, -79621.898438, 0.336788888889
ILE, 8, 27.626, 0.833245, -80324.273438, 0.278788888889
LEU, 10, 24.787, 0.80605, -80518.828125, 0.349325925926
LYS, 7, 25.869, 0.804021, -80263.695312, 0.242707407407
MET, 6, 26.036, 0.825748, -80380.328125, 0.221622222222
PHE, 8, 24.207, 0.785812, -80151.187500, 0.339081481481
PRO, 6, 24.737, 0.818068, -80373.000000, 0.268974074074
SER, 4, 25.998, 0.802068, -81470.726562, 0.234703703704
THR, 6, 26.293, 0.81536, -80426.664062, 0.375159259259
TRP, 13, 28.008, 0.844463, -80531.882812, 0.314955555556
TYR, 7, 28.228, 0.886866, -80260.234375, 0.270355555556
VAL, 6, 25.986, 0.806633, -79329.257812, 0.221659259259
