AMINO ACID, DSSP, SASA, GYRATE, ENERGY, RMSF
ALA, 4, 28.187, 0.84265, -80201.812500, 0.251659259259
ARG, 10, 27.455, 0.821365, -81009.500000, 0.298462962963
ASN, 6, 27.096, 0.825575, -80685.117188, 0.210481481481
ASP, 9, 24.166, 0.801692, -80730.242188, 0.207903703704
CYS, 12, 25.814, 0.827244, -81142.968750, 0.307162962963
GLN, 16, 25.165, 0.789972, -80971.343750, 0.290562962963
GLU, 9, 25.573, 0.816826, -80470.195312, 0.207940740741
GLY, 6, 26.534, 0.848766, -79137.484375, 0.230159259259
HIS, 4, 26.358, 0.839331, -79179.453125, 0.336788888889
ILE, 8, 25.906, 0.825111, -79399.007812, 0.278788888889
LEU, 11, 23.568, 0.795417, -79894.031250, 0.349325925926
LYS, 7, 25.405, 0.8002, -81494.062500, 0.242707407407
MET, 6, 26.078, 0.826171, -80146.062500, 0.221622222222
PHE, 8, 25.613, 0.814561, -80088.898438, 0.339081481481
PRO, 6, 25.835, 0.821208, -79658.429688, 0.268974074074
SER, 4, 25.846, 0.806738, -80312.476562, 0.234703703704
THR, 8, 26.203, 0.797331, -80009.843750, 0.375159259259
TRP, 11, 26.335, 0.834014, -79880.703125, 0.314955555556
TYR, 7, 27.488, 0.875803, -80744.406250, 0.270355555556
VAL, 8, 25.210, 0.808523, -80327.632812, 0.221659259259
