AMINO ACID, DSSP, SASA, GYRATE, ENERGY, RMSF
ALA, 8, 26.323, 0.834434, -80148.140625, 0.251659259259
ARG, 6, 28.913, 0.862818, -81062.320312, 0.298462962963
ASN, 8, 28.996, 0.83393, -80861.859375, 0.210481481481
ASP, 6, 24.017, 0.790957, -79290.906250, 0.207903703704
CYS, 6, 29.394, 0.902221, -79847.429688, 0.307162962963
GLN, 8, 28.344, 0.841875, -80389.632812, 0.290562962963
GLU, 8, 26.120, 0.842355, -80851.578125, 0.207940740741
GLY, 10, 26.030, 0.849619, -80152.765625, 0.230159259259
HIS, 10, 28.722, 0.870234, -80657.101562, 0.336788888889
ILE, 8, 29.050, 0.858074, -80586.984375, 0.278788888889
LEU, 8, 26.451, 0.80771, -81200.593750, 0.349325925926
LYS, 9, 27.682, 0.820114, -81401.343750, 0.242707407407
MET, 4, 29.789, 0.84442, -80453.781250, 0.221622222222
PHE, 8, 25.434, 0.802644, -80257.429688, 0.339081481481
PRO, 6, 26.437, 0.841102, -79597.085938, 0.268974074074
SER, 12, 26.022, 0.821335, -80283.500000, 0.234703703704
THR, 6, 26.256, 0.815679, -80348.359375, 0.375159259259
TRP, 8, 27.807, 0.837244, -80501.609375, 0.314955555556
TYR, 13, 28.525, 0.850697, -79926.664062, 0.270355555556
VAL, 6, 25.469, 0.824323, -79219.632812, 0.221659259259
