AMINO ACID, DSSP, SASA, GYRATE, ENERGY, RMSF
ALA, 6, 28.604, 0.856477, -80047.250000, 0.251659259259
ARG, 10, 28.071, 0.845015, -80724.406250, 0.298462962963
ASN, 6, 27.015, 0.819427, -79986.203125, 0.210481481481
ASP, 7, 26.231, 0.814389, -79450.265625, 0.207903703704
CYS, 10, 29.024, 0.843164, -80683.132812, 0.307162962963
GLN, 13, 23.393, 0.787658, -80816.539062, 0.290562962963
GLU, 11, 26.171, 0.819065, -79901.445312, 0.207940740741
GLY, 4, 26.904, 0.859625, -80582.281250, 0.230159259259
HIS, 2, 27.817, 0.843868, -80768.453125, 0.336788888889
ILE, 8, 25.153, 0.807029, -79855.453125, 0.278788888889
LEU, 10, 25.128, 0.801257, -79664.390625, 0.349325925926
LYS, 7, 26.859, 0.821962, -79458.453125, 0.242707407407
MET, 8, 27.268, 0.82733, -80054.609375, 0.221622222222
PHE, 4, 24.243, 0.788943, -80577.359375, 0.339081481481
PRO, 6, 25.584, 0.826272, -79772.796875, 0.268974074074
SER, 6, 24.404, 0.799993, -79982.875000, 0.234703703704
THR, 6, 26.925, 0.820587, -80331.781250, 0.375159259259
TRP, 10, 26.022, 0.821896, -79819.250000, 0.314955555556
TYR, 7, 28.381, 0.861999, -79360.140625, 0.270355555556
VAL, 8, 25.603, 0.829422, -80409.484375, 0.221659259259
