AMINO ACID, DSSP, SASA, GYRATE, ENERGY, RMSF
ALA, 6, 29.104, 0.852507, -80781.109375, 0.251659259259
ARG, 10, 27.748, 0.842393, -80280.031250, 0.298462962963
ASN, 10, 26.190, 0.80468, -80789.789062, 0.210481481481
ASP, 9, 27.977, 0.828883, -80097.132812, 0.207903703704
CYS, 8, 27.367, 0.846516, -80067.828125, 0.307162962963
GLN, 7, 24.347, 0.780143, -80491.296875, 0.290562962963
GLU, 13, 25.394, 0.808014, -80321.625000, 0.207940740741
GLY, 4, 26.229, 0.856055, -80158.468750, 0.230159259259
HIS, 2, 27.234, 0.850482, -80138.757812, 0.336788888889
ILE, 6, 26.032, 0.815898, -80296.148438, 0.278788888889
LEU, 10, 25.477, 0.794546, -79090.570312, 0.349325925926
LYS, 9, 25.796, 0.818433, -81446.335938, 0.242707407407
MET, 6, 26.573, 0.836014, -80279.132812, 0.221622222222
PHE, 4, 25.184, 0.796776, -79716.218750, 0.339081481481
PRO, 6, 26.938, 0.838998, -81000.390625, 0.268974074074
SER, 8, 26.905, 0.804285, -80293.726562, 0.234703703704
THR, 8, 25.668, 0.813456, -80512.593750, 0.375159259259
TRP, 10, 26.464, 0.82414, -80413.437500, 0.314955555556
TYR, 10, 27.149, 0.856341, -80579.140625, 0.270355555556
VAL, 8, 26.005, 0.823029, -80332.531250, 0.221659259259
