AMINO ACID, DSSP, SASA, GYRATE, ENERGY, RMSF
ALA, 8, 26.449, 0.85151, -79839.648438, 0.251659259259
ARG, 8, 28.130, 0.847687, -80075.023438, 0.298462962963
ASN, 10, 26.364, 0.811497, -80143.187500, 0.210481481481
ASP, 7, 25.300, 0.825651, -80537.460938, 0.207903703704
CYS, 10, 28.021, 0.835521, -81002.984375, 0.307162962963
GLN, 16, 25.608, 0.790968, -80262.000000, 0.290562962963
GLU, 9, 25.663, 0.819246, -80438.828125, 0.207940740741
GLY, 4, 26.893, 0.87563, -81183.601562, 0.230159259259
HIS, 4, 27.135, 0.850373, -80156.460938, 0.336788888889
ILE, 6, 25.837, 0.806008, -80250.757812, 0.278788888889
LEU, 8, 24.410, 0.792653, -79886.421875, 0.349325925926
LYS, 5, 26.777, 0.827258, -80037.242188, 0.242707407407
MET, 6, 27.349, 0.834385, -80362.796875, 0.221622222222
PHE, 8, 24.308, 0.786442, -80370.687500, 0.339081481481
PRO, 6, 24.846, 0.806796, -80223.234375, 0.268974074074
SER, 6, 26.623, 0.810385, -80407.906250, 0.234703703704
THR, 6, 26.158, 0.818392, -80485.250000, 0.375159259259
TRP, 10, 26.457, 0.817985, -79607.203125, 0.314955555556
TYR, 9, 28.672, 0.873569, -80499.906250, 0.270355555556
VAL, 10, 25.335, 0.82988, -79415.812500, 0.221659259259
