AMINO ACID, DSSP, SASA, GYRATE, ENERGY, RMSF
ALA, 10, 28.244, 0.848809, -81035.617188, 0.251659259259
ARG, 6, 28.240, 0.830924, -80302.906250, 0.298462962963
ASN, 10, 27.549, 0.824518, -79331.687500, 0.210481481481
ASP, 7, 24.809, 0.804846, -80284.421875, 0.207903703704
CYS, 10, 26.372, 0.833028, -79734.882812, 0.307162962963
GLN, 15, 23.471, 0.778252, -80071.898438, 0.290562962963
GLU, 13, 24.829, 0.814768, -80378.203125, 0.207940740741
GLY, 4, 26.359, 0.878027, -80670.210938, 0.230159259259
HIS, 2, 27.672, 0.8529, -79759.539062, 0.336788888889
ILE, 4, 24.616, 0.809609, -79746.718750, 0.278788888889
LEU, 12, 23.761, 0.791537, -79448.273438, 0.349325925926
LYS, 7, 26.699, 0.823462, -81384.320312, 0.242707407407
MET, 6, 25.353, 0.826009, -80515.515625, 0.221622222222
PHE, 11, 25.096, 0.798217, -80391.109375, 0.339081481481
PRO, 6, 25.121, 0.817082, -79692.718750, 0.268974074074
SER, 6, 26.226, 0.810967, -80054.664062, 0.234703703704
THR, 8, 25.571, 0.812282, -80473.718750, 0.375159259259
TRP, 13, 25.440, 0.821067, -80138.562500, 0.314955555556
TYR, 9, 28.973, 0.867712, -79858.531250, 0.270355555556
VAL, 10, 25.520, 0.82651, -79555.851562, 0.221659259259
