AMINO ACID, DSSP, SASA, GYRATE, ENERGY, RMSF
ALA, 6, 27.826, 0.851683, -79733.546875, 0.251659259259
ARG, 8, 29.889, 0.851927, -81321.515625, 0.298462962963
ASN, 11, 26.647, 0.816876, -79834.187500, 0.210481481481
ASP, 7, 24.151, 0.802164, -80140.421875, 0.207903703704
CYS, 12, 28.442, 0.850301, -80395.375000, 0.307162962963
GLN, 9, 24.603, 0.773628, -81013.039062, 0.290562962963
GLU, 7, 26.445, 0.818676, -80669.765625, 0.207940740741
GLY, 9, 27.776, 0.8617, -78254.250000, 0.230159259259
HIS, 2, 31.112, 0.873808, -79783.359375, 0.336788888889
ILE, 6, 24.278, 0.80425, -81191.625000, 0.278788888889
LEU, 10, 25.349, 0.794347, -80350.484375, 0.349325925926
LYS, 4, 27.740, 0.838569, -79844.203125, 0.242707407407
MET, 6, 26.780, 0.836591, -80578.820312, 0.221622222222
PHE, 6, 26.059, 0.808878, -79893.328125, 0.339081481481
PRO, 6, 25.143, 0.817481, -79860.093750, 0.268974074074
SER, 2, 25.920, 0.811648, -79722.515625, 0.234703703704
THR, 8, 25.607, 0.81106, -80379.937500, 0.375159259259
TRP, 12, 26.301, 0.820651, -79119.031250, 0.314955555556
TYR, 5, 28.307, 0.865179, -79356.718750, 0.270355555556
VAL, 12, 25.766, 0.820605, -79617.164062, 0.221659259259
