AMINO ACID, DSSP, SASA, GYRATE, ENERGY, RMSF
ALA, 10, 29.575, 0.849541, -79138.500000, 0.251659259259
ARG, 6, 30.674, 0.854217, -80880.546875, 0.298462962963
ASN, 10, 26.816, 0.804056, -80983.859375, 0.210481481481
ASP, 9, 25.785, 0.819686, -80352.210938, 0.207903703704
CYS, 6, 26.875, 0.839732, -81043.320312, 0.307162962963
GLN, 9, 22.468, 0.764889, -79843.812500, 0.290562962963
GLU, 7, 25.436, 0.814865, -79794.539062, 0.207940740741
GLY, 6, 25.252, 0.857906, -80227.632812, 0.230159259259
HIS, 0, 31.342, 0.885977, -80668.890625, 0.336788888889
ILE, 4, 25.423, 0.800348, -81166.750000, 0.278788888889
LEU, 10, 26.021, 0.801824, -80041.718750, 0.349325925926
LYS, 6, 28.376, 0.844008, -80799.343750, 0.242707407407
MET, 6, 25.851, 0.833354, -80084.796875, 0.221622222222
PHE, 6, 25.248, 0.799495, -80626.156250, 0.339081481481
PRO, 6, 25.197, 0.828292, -80350.156250, 0.268974074074
SER, 4, 25.119, 0.807912, -80823.937500, 0.234703703704
THR, 6, 26.161, 0.817935, -80579.000000, 0.375159259259
TRP, 10, 24.986, 0.809105, -78876.250000, 0.314955555556
TYR, 11, 28.758, 0.862212, -80518.843750, 0.270355555556
VAL, 8, 26.133, 0.817139, -80124.515625, 0.221659259259
