AMINO ACID, DSSP, SASA, GYRATE, ENERGY, RMSF
ALA, 6, 29.375, 0.870351, -80504.265625, 0.251659259259
ARG, 8, 28.985, 0.844777, -80935.726562, 0.298462962963
ASN, 8, 27.522, 0.820852, -80782.125000, 0.210481481481
ASP, 7, 25.576, 0.810839, -80146.023438, 0.207903703704
CYS, 12, 26.628, 0.848319, -80563.046875, 0.307162962963
GLN, 9, 22.643, 0.76026, -81120.203125, 0.290562962963
GLU, 9, 25.631, 0.819249, -79727.164062, 0.207940740741
GLY, 9, 26.955, 0.873409, -81263.906250, 0.230159259259
HIS, 2, 31.229, 0.886981, -80176.601562, 0.336788888889
ILE, 4, 25.500, 0.805937, -80373.148438, 0.278788888889
LEU, 10, 27.525, 0.818772, -79895.976562, 0.349325925926
LYS, 6, 27.903, 0.834683, -80693.101562, 0.242707407407
MET, 4, 25.869, 0.826561, -80568.476562, 0.221622222222
PHE, 10, 25.406, 0.810147, -79579.453125, 0.339081481481
PRO, 6, 25.577, 0.829578, -80513.203125, 0.268974074074
SER, 6, 26.173, 0.806613, -79854.718750, 0.234703703704
THR, 10, 26.568, 0.813135, -79599.195312, 0.375159259259
TRP, 10, 25.861, 0.807025, -79645.281250, 0.314955555556
TYR, 11, 28.708, 0.861264, -79727.203125, 0.270355555556
VAL, 6, 26.442, 0.828895, -79776.195312, 0.221659259259
