AMINO ACID, DSSP, SASA, GYRATE, ENERGY, RMSF
ALA, 10, 28.992, 0.854803, -80133.125000, 0.251659259259
ARG, 4, 29.423, 0.859718, -80792.250000, 0.298462962963
ASN, 8, 25.989, 0.812739, -80165.781250, 0.210481481481
ASP, 7, 25.658, 0.819693, -79920.421875, 0.207903703704
CYS, 10, 25.851, 0.831182, -80593.617188, 0.307162962963
GLN, 9, 24.595, 0.776432, -80514.195312, 0.290562962963
GLU, 9, 25.982, 0.828403, -79366.570312, 0.207940740741
GLY, 6, 26.138, 0.863523, -81361.796875, 0.230159259259
HIS, 2, 30.852, 0.894909, -81082.679688, 0.336788888889
ILE, 4, 26.220, 0.808001, -80054.312500, 0.278788888889
LEU, 12, 25.979, 0.803235, -78992.468750, 0.349325925926
LYS, 4, 31.219, 0.856254, -80402.640625, 0.242707407407
MET, 6, 25.953, 0.836884, -79906.906250, 0.221622222222
PHE, 10, 25.066, 0.805165, -80210.656250, 0.339081481481
PRO, 4, 25.485, 0.822508, -79504.890625, 0.268974074074
SER, 4, 25.096, 0.80818, -79352.687500, 0.234703703704
THR, 6, 24.235, 0.794475, -79447.242188, 0.375159259259
TRP, 12, 25.842, 0.810474, -79298.984375, 0.314955555556
TYR, 9, 27.027, 0.853437, -79428.742188, 0.270355555556
VAL, 12, 26.627, 0.810592, -81109.625000, 0.221659259259
