AMINO ACID, DSSP, SASA, GYRATE, ENERGY, RMSF
ALA, 6, 27.760, 0.852233, -80852.156250, 0.251659259259
ARG, 4, 29.094, 0.861279, -80443.625000, 0.298462962963
ASN, 8, 27.188, 0.824504, -80384.835938, 0.210481481481
ASP, 7, 25.755, 0.812505, -79435.554688, 0.207903703704
CYS, 10, 25.404, 0.817013, -80251.507812, 0.307162962963
GLN, 9, 23.637, 0.78183, -80049.773438, 0.290562962963
GLU, 9, 23.617, 0.800465, -79659.445312, 0.207940740741
GLY, 6, 26.271, 0.854597, -81102.687500, 0.230159259259
HIS, 0, 31.409, 0.920119, -80241.765625, 0.336788888889
ILE, 4, 26.529, 0.818738, -80864.406250, 0.278788888889
LEU, 5, 25.374, 0.822693, -80036.179688, 0.349325925926
LYS, 4, 29.427, 0.839621, -80202.250000, 0.242707407407
MET, 6, 25.301, 0.824416, -80233.460938, 0.221622222222
PHE, 10, 24.712, 0.80443, -80252.203125, 0.339081481481
PRO, 8, 25.357, 0.816984, -80126.960938, 0.268974074074
SER, 6, 25.743, 0.815623, -80042.828125, 0.234703703704
THR, 6, 25.645, 0.806488, -79651.398438, 0.375159259259
TRP, 12, 24.821, 0.798341, -79407.367188, 0.314955555556
TYR, 10, 28.105, 0.861852, -80713.140625, 0.270355555556
VAL, 10, 24.015, 0.812335, -79453.109375, 0.221659259259
