AMINO ACID, DSSP, SASA, GYRATE, ENERGY, RMSF
ALA, 8, 26.986, 0.840918, -81387.945312, 0.251659259259
ARG, 6, 28.527, 0.842099, -80911.796875, 0.298462962963
ASN, 11, 26.271, 0.816336, -79744.710938, 0.210481481481
ASP, 9, 25.794, 0.811063, -79950.539062, 0.207903703704
CYS, 8, 25.557, 0.846976, -79953.406250, 0.307162962963
GLN, 9, 25.242, 0.786871, -79170.273438, 0.290562962963
GLU, 13, 24.568, 0.807512, -79197.242188, 0.207940740741
GLY, 4, 27.685, 0.845118, -80476.187500, 0.230159259259
HIS, 0, 30.609, 0.885843, -79191.101562, 0.336788888889
ILE, 8, 26.246, 0.802955, -79671.531250, 0.278788888889
LEU, 10, 26.955, 0.83728, -80377.937500, 0.349325925926
LYS, 5, 28.355, 0.830395, -79755.359375, 0.242707407407
MET, 6, 27.169, 0.834997, -80002.429688, 0.221622222222
PHE, 8, 24.923, 0.807512, -79558.890625, 0.339081481481
PRO, 6, 24.977, 0.820346, -81160.296875, 0.268974074074
SER, 8, 27.153, 0.812448, -80578.125000, 0.234703703704
THR, 6, 26.632, 0.80455, -81020.367188, 0.375159259259
TRP, 12, 24.186, 0.803166, -80770.164062, 0.314955555556
TYR, 9, 29.118, 0.882927, -80391.250000, 0.270355555556
VAL, 8, 24.819, 0.809882, -80452.468750, 0.221659259259
