AMINO ACID, DSSP, SASA, GYRATE, ENERGY, RMSF
ALA, 6, 26.201, 0.838731, -79510.132812, 0.251659259259
ARG, 10, 29.412, 0.847038, -81026.093750, 0.298462962963
ASN, 8, 29.156, 0.846533, -78872.328125, 0.210481481481
ASP, 6, 25.745, 0.796664, -80024.343750, 0.207903703704
CYS, 8, 28.296, 0.900973, -79919.367188, 0.307162962963
GLN, 6, 26.643, 0.843795, -80076.898438, 0.290562962963
GLU, 6, 27.552, 0.855141, -80707.984375, 0.207940740741
GLY, 11, 26.321, 0.846831, -80536.218750, 0.230159259259
HIS, 6, 29.484, 0.859846, -80321.984375, 0.336788888889
ILE, 10, 27.932, 0.836273, -80366.546875, 0.278788888889
LEU, 10, 25.434, 0.809859, -80224.250000, 0.349325925926
LYS, 8, 28.001, 0.846057, -81339.664062, 0.242707407407
MET, 5, 28.064, 0.83421, -80851.750000, 0.221622222222
PHE, 10, 24.768, 0.798023, -80219.679688, 0.339081481481
PRO, 5, 28.181, 0.848846, -79982.257812, 0.268974074074
SER, 12, 25.928, 0.813851, -80073.382812, 0.234703703704
THR, 6, 24.683, 0.814, -79905.359375, 0.375159259259
TRP, 6, 29.767, 0.859441, -79190.515625, 0.314955555556
TYR, 7, 28.036, 0.849416, -79913.640625, 0.270355555556
VAL, 10, 26.698, 0.830865, -79735.703125, 0.221659259259
