AMINO ACID, DSSP, SASA, GYRATE, ENERGY, RMSF
ALA, 10, 28.170, 0.857613, -80342.203125, 0.251659259259
ARG, 6, 27.623, 0.838542, -80775.070312, 0.298462962963
ASN, 8, 26.180, 0.802183, -80638.187500, 0.210481481481
ASP, 11, 24.419, 0.789652, -80463.492188, 0.207903703704
CYS, 8, 28.118, 0.848053, -80503.078125, 0.307162962963
GLN, 13, 26.014, 0.804692, -81586.406250, 0.290562962963
GLU, 7, 26.343, 0.819657, -80950.562500, 0.207940740741
GLY, 6, 26.458, 0.842921, -80439.859375, 0.230159259259
HIS, 0, 30.298, 0.884657, -79995.062500, 0.336788888889
ILE, 4, 26.976, 0.829387, -79726.921875, 0.278788888889
LEU, 9, 27.381, 0.834131, -80037.289062, 0.349325925926
LYS, 7, 27.982, 0.825683, -80217.320312, 0.242707407407
MET, 6, 25.399, 0.82961, -79715.500000, 0.221622222222
PHE, 10, 25.709, 0.816631, -79934.796875, 0.339081481481
PRO, 6, 26.326, 0.844049, -79878.812500, 0.268974074074
SER, 2, 26.959, 0.82111, -80549.328125, 0.234703703704
THR, 10, 25.967, 0.810811, -80481.992188, 0.375159259259
TRP, 10, 26.762, 0.809686, -79595.304688, 0.314955555556
TYR, 13, 27.305, 0.855146, -80093.226562, 0.270355555556
VAL, 8, 24.708, 0.81727, -79343.148438, 0.221659259259
