AMINO ACID, DSSP, SASA, GYRATE, ENERGY, RMSF
ALA, 8, 27.982, 0.838399, -79892.031250, 0.251659259259
ARG, 4, 29.084, 0.85312, -81432.460938, 0.298462962963
ASN, 4, 28.989, 0.858746, -80552.578125, 0.210481481481
ASP, 4, 26.594, 0.818737, -79904.828125, 0.207903703704
CYS, 10, 27.284, 0.84551, -79656.476562, 0.307162962963
GLN, 8, 24.533, 0.793306, -80599.000000, 0.290562962963
GLU, 9, 27.460, 0.812719, -80235.031250, 0.207940740741
GLY, 4, 25.785, 0.839898, -79460.507812, 0.230159259259
HIS, 0, 29.181, 0.859149, -79687.078125, 0.336788888889
ILE, 6, 26.218, 0.816663, -81163.125000, 0.278788888889
LEU, 3, 28.694, 0.843343, -79904.281250, 0.349325925926
LYS, 11, 26.495, 0.817588, -80484.460938, 0.242707407407
MET, 8, 27.113, 0.858945, -80357.015625, 0.221622222222
PHE, 10, 25.142, 0.802793, -81654.578125, 0.339081481481
PRO, 6, 25.565, 0.840039, -80659.625000, 0.268974074074
SER, 2, 24.997, 0.814837, -79983.070312, 0.234703703704
THR, 10, 27.191, 0.81611, -80473.289062, 0.375159259259
TRP, 12, 28.308, 0.827168, -79389.023438, 0.314955555556
TYR, 9, 27.807, 0.846454, -80568.281250, 0.270355555556
VAL, 8, 26.258, 0.820542, -80063.203125, 0.221659259259
