AMINO ACID, DSSP, SASA, GYRATE, ENERGY, RMSF
ALA, 8, 27.313, 0.851606, -80195.125000, 0.251659259259
ARG, 4, 29.501, 0.856315, -80815.640625, 0.298462962963
ASN, 6, 26.911, 0.853147, -80893.867188, 0.210481481481
ASP, 4, 26.727, 0.812334, -79534.773438, 0.207903703704
CYS, 8, 26.951, 0.8338, -80501.296875, 0.307162962963
GLN, 11, 23.939, 0.792281, -79368.796875, 0.290562962963
GLU, 9, 26.465, 0.814243, -79994.585938, 0.207940740741
GLY, 4, 24.570, 0.83904, -79734.414062, 0.230159259259
HIS, 5, 28.245, 0.850278, -80214.765625, 0.336788888889
ILE, 2, 26.582, 0.822006, -79786.359375, 0.278788888889
LEU, 6, 27.103, 0.824833, -79069.546875, 0.349325925926
LYS, 8, 25.565, 0.814728, -80926.343750, 0.242707407407
MET, 8, 26.191, 0.842395, -80556.296875, 0.221622222222
PHE, 10, 24.159, 0.796107, -79169.718750, 0.339081481481
PRO, 8, 25.670, 0.83887, -80337.117188, 0.268974074074
SER, 4, 26.200, 0.814054, -80511.359375, 0.234703703704
THR, 10, 27.005, 0.817692, -80001.312500, 0.375159259259
TRP, 10, 28.756, 0.839604, -80030.023438, 0.314955555556
TYR, 9, 28.033, 0.86762, -80637.609375, 0.270355555556
VAL, 8, 25.535, 0.820516, -80137.242188, 0.221659259259
