AMINO ACID, DSSP, SASA, GYRATE, ENERGY, RMSF
ALA, 6, 26.177, 0.855075, -80747.828125, 0.251659259259
ARG, 10, 28.150, 0.843657, -80924.828125, 0.298462962963
ASN, 6, 27.041, 0.833867, -80176.375000, 0.210481481481
ASP, 6, 25.904, 0.812072, -80385.078125, 0.207903703704
CYS, 4, 29.786, 0.88704, -81169.562500, 0.307162962963
GLN, 10, 26.993, 0.829216, -80122.406250, 0.290562962963
GLU, 10, 25.647, 0.836692, -80784.078125, 0.207940740741
GLY, 9, 28.074, 0.842322, -80648.507812, 0.230159259259
HIS, 6, 28.942, 0.866593, -80815.265625, 0.336788888889
ILE, 8, 28.730, 0.858243, -80187.078125, 0.278788888889
LEU, 8, 25.978, 0.809593, -80392.812500, 0.349325925926
LYS, 6, 27.150, 0.819642, -80207.781250, 0.242707407407
MET, 2, 26.558, 0.826574, -79335.468750, 0.221622222222
PHE, 7, 25.917, 0.808737, -78994.703125, 0.339081481481
PRO, 7, 26.513, 0.848253, -80202.843750, 0.268974074074
SER, 8, 25.851, 0.807471, -80419.570312, 0.234703703704
THR, 6, 26.696, 0.82692, -79834.218750, 0.375159259259
TRP, 8, 29.251, 0.866017, -79427.375000, 0.314955555556
TYR, 11, 28.899, 0.836018, -80069.835938, 0.270355555556
VAL, 8, 26.274, 0.825831, -79905.125000, 0.221659259259
