AMINO ACID, DSSP, SASA, GYRATE, ENERGY, RMSF
ALA, 10, 27.680, 0.835616, -80458.773438, 0.251659259259
ARG, 8, 28.982, 0.849545, -81195.546875, 0.298462962963
ASN, 8, 27.510, 0.84101, -80771.945312, 0.210481481481
ASP, 4, 26.064, 0.822983, -79647.812500, 0.207903703704
CYS, 10, 28.646, 0.840315, -80894.687500, 0.307162962963
GLN, 11, 25.285, 0.797137, -80968.820312, 0.290562962963
GLU, 13, 25.272, 0.801929, -79566.312500, 0.207940740741
GLY, 4, 25.268, 0.83073, -80383.601562, 0.230159259259
HIS, 4, 31.121, 0.893277, -80523.382812, 0.336788888889
ILE, 4, 26.971, 0.815964, -80168.835938, 0.278788888889
LEU, 8, 28.508, 0.832016, -79343.023438, 0.349325925926
LYS, 13, 25.200, 0.792264, -80773.585938, 0.242707407407
MET, 8, 26.330, 0.82937, -79441.726562, 0.221622222222
PHE, 10, 26.737, 0.816785, -79761.414062, 0.339081481481
PRO, 6, 26.037, 0.826122, -80548.703125, 0.268974074074
SER, 4, 24.278, 0.794759, -79327.000000, 0.234703703704
THR, 10, 26.657, 0.827208, -80951.750000, 0.375159259259
TRP, 10, 26.964, 0.832404, -79574.187500, 0.314955555556
TYR, 7, 25.954, 0.850512, -80322.242188, 0.270355555556
VAL, 10, 26.864, 0.821122, -79998.187500, 0.221659259259
