AMINO ACID, DSSP, SASA, GYRATE, ENERGY, RMSF
ALA, 8, 27.493, 0.846122, -80275.828125, 0.251659259259
ARG, 6, 29.582, 0.855568, -81478.734375, 0.298462962963
ASN, 8, 27.478, 0.837637, -80536.937500, 0.210481481481
ASP, 7, 26.161, 0.828299, -79219.500000, 0.207903703704
CYS, 7, 27.331, 0.820953, -80288.070312, 0.307162962963
GLN, 7, 23.572, 0.790351, -80001.820312, 0.290562962963
GLU, 9, 25.433, 0.801454, -80827.492188, 0.207940740741
GLY, 6, 24.857, 0.825325, -80715.773438, 0.230159259259
HIS, 2, 29.008, 0.876008, -79014.390625, 0.336788888889
ILE, 4, 26.621, 0.829923, -80218.195312, 0.278788888889
LEU, 8, 27.248, 0.826372, -80437.171875, 0.349325925926
LYS, 11, 25.856, 0.807839, -80341.523438, 0.242707407407
MET, 4, 26.843, 0.855241, -80069.351562, 0.221622222222
PHE, 10, 25.330, 0.808853, -79919.015625, 0.339081481481
PRO, 6, 25.364, 0.812113, -80262.171875, 0.268974074074
SER, 2, 26.765, 0.811865, -80256.765625, 0.234703703704
THR, 10, 26.665, 0.820633, -80463.312500, 0.375159259259
TRP, 13, 26.719, 0.827182, -79575.765625, 0.314955555556
TYR, 8, 27.068, 0.862772, -79501.406250, 0.270355555556
VAL, 12, 25.525, 0.804561, -81259.625000, 0.221659259259
