AMINO ACID, DSSP, SASA, GYRATE, ENERGY, RMSF
ALA, 8, 26.756, 0.84205, -79390.164062, 0.251659259259
ARG, 8, 28.685, 0.856556, -79995.898438, 0.298462962963
ASN, 8, 27.087, 0.83817, -80562.023438, 0.210481481481
ASP, 11, 27.566, 0.831059, -79286.429688, 0.207903703704
CYS, 8, 27.874, 0.833131, -80791.351562, 0.307162962963
GLN, 11, 24.579, 0.799683, -80904.500000, 0.290562962963
GLU, 7, 25.494, 0.796403, -80319.781250, 0.207940740741
GLY, 6, 26.656, 0.845941, -80658.171875, 0.230159259259
HIS, 0, 28.189, 0.874715, -79755.554688, 0.336788888889
ILE, 6, 27.732, 0.856847, -80241.429688, 0.278788888889
LEU, 8, 27.627, 0.83361, -80135.601562, 0.349325925926
LYS, 7, 25.443, 0.798867, -80491.031250, 0.242707407407
MET, 6, 27.013, 0.83765, -80136.101562, 0.221622222222
PHE, 12, 25.868, 0.809424, -79589.492188, 0.339081481481
PRO, 7, 25.214, 0.832127, -79709.445312, 0.268974074074
SER, 2, 24.979, 0.806981, -81366.492188, 0.234703703704
THR, 8, 26.888, 0.820297, -80000.210938, 0.375159259259
TRP, 16, 26.560, 0.811224, -80727.492188, 0.314955555556
TYR, 7, 26.920, 0.870508, -80141.484375, 0.270355555556
VAL, 12, 24.823, 0.807973, -80824.343750, 0.221659259259
