AMINO ACID, DSSP, SASA, GYRATE, ENERGY, RMSF
ALA, 8, 27.113, 0.856554, -79869.601562, 0.251659259259
ARG, 6, 29.336, 0.869758, -80460.296875, 0.298462962963
ASN, 10, 27.634, 0.848634, -79420.406250, 0.210481481481
ASP, 11, 26.256, 0.813355, -80287.007812, 0.207903703704
CYS, 9, 26.426, 0.838486, -80536.585938, 0.307162962963
GLN, 9, 25.027, 0.80235, -81420.187500, 0.290562962963
GLU, 7, 23.247, 0.791859, -79722.703125, 0.207940740741
GLY, 9, 26.101, 0.84812, -79979.164062, 0.230159259259
HIS, 0, 29.487, 0.87883, -79936.015625, 0.336788888889
ILE, 8, 25.998, 0.850609, -80521.875000, 0.278788888889
LEU, 8, 27.751, 0.834384, -80669.671875, 0.349325925926
LYS, 7, 26.253, 0.809721, -80983.625000, 0.242707407407
MET, 4, 26.110, 0.837735, -80281.546875, 0.221622222222
PHE, 12, 25.225, 0.809165, -79363.671875, 0.339081481481
PRO, 8, 24.144, 0.811539, -79891.656250, 0.268974074074
SER, 4, 25.587, 0.805214, -79853.906250, 0.234703703704
THR, 10, 26.333, 0.815491, -80857.226562, 0.375159259259
TRP, 14, 26.436, 0.827602, -80832.140625, 0.314955555556
TYR, 9, 28.046, 0.861233, -80346.703125, 0.270355555556
VAL, 10, 26.525, 0.806395, -81055.093750, 0.221659259259
