AMINO ACID, DSSP, SASA, GYRATE, ENERGY, RMSF
ALA, 8, 26.872, 0.845584, -79987.734375, 0.251659259259
ARG, 6, 28.375, 0.860068, -80775.750000, 0.298462962963
ASN, 4, 27.654, 0.844554, -80251.421875, 0.210481481481
ASP, 10, 25.768, 0.82127, -80800.671875, 0.207903703704
CYS, 8, 28.579, 0.843311, -81139.453125, 0.307162962963
GLN, 6, 24.277, 0.793921, -80323.078125, 0.290562962963
GLU, 7, 25.605, 0.80538, -80433.570312, 0.207940740741
GLY, 10, 25.894, 0.841991, -81045.718750, 0.230159259259
HIS, 0, 28.754, 0.869442, -80004.218750, 0.336788888889
ILE, 6, 25.892, 0.855615, -80874.757812, 0.278788888889
LEU, 8, 28.025, 0.842937, -79166.257812, 0.349325925926
LYS, 11, 25.652, 0.8021, -80485.078125, 0.242707407407
MET, 4, 25.252, 0.837498, -80491.546875, 0.221622222222
PHE, 10, 25.910, 0.803714, -80122.875000, 0.339081481481
PRO, 6, 25.125, 0.825807, -79782.648438, 0.268974074074
SER, 6, 25.464, 0.817041, -79261.773438, 0.234703703704
THR, 10, 26.645, 0.814041, -80486.164062, 0.375159259259
TRP, 14, 25.988, 0.814659, -80872.875000, 0.314955555556
TYR, 9, 29.132, 0.877167, -80448.320312, 0.270355555556
VAL, 9, 25.649, 0.817084, -79175.609375, 0.221659259259
