AMINO ACID, DSSP, SASA, GYRATE, ENERGY, RMSF
ALA, 8, 25.640, 0.831533, -80130.906250, 0.251659259259
ARG, 6, 28.564, 0.86525, -81408.953125, 0.298462962963
ASN, 8, 28.123, 0.861043, -80170.093750, 0.210481481481
ASP, 4, 26.446, 0.821395, -80017.421875, 0.207903703704
CYS, 8, 26.342, 0.822046, -80727.523438, 0.307162962963
GLN, 9, 26.480, 0.80284, -80763.796875, 0.290562962963
GLU, 7, 25.656, 0.800626, -80370.390625, 0.207940740741
GLY, 7, 26.425, 0.853498, -80992.898438, 0.230159259259
HIS, 0, 26.196, 0.849314, -80619.992188, 0.336788888889
ILE, 6, 26.841, 0.855258, -80359.796875, 0.278788888889
LEU, 6, 27.581, 0.821509, -80639.398438, 0.349325925926
LYS, 11, 26.131, 0.808863, -80103.531250, 0.242707407407
MET, 6, 25.884, 0.833278, -79809.156250, 0.221622222222
PHE, 7, 26.097, 0.806599, -80427.179688, 0.339081481481
PRO, 4, 25.400, 0.830321, -80314.414062, 0.268974074074
SER, 6, 27.686, 0.816186, -79620.031250, 0.234703703704
THR, 10, 28.708, 0.823011, -81122.890625, 0.375159259259
TRP, 10, 25.527, 0.81349, -79951.390625, 0.314955555556
TYR, 11, 29.306, 0.875147, -79408.992188, 0.270355555556
VAL, 8, 25.531, 0.823994, -80678.367188, 0.221659259259
