AMINO ACID, DSSP, SASA, GYRATE, ENERGY, RMSF
ALA, 6, 27.261, 0.843942, -80229.085938, 0.251659259259
ARG, 12, 28.757, 0.857418, -81500.328125, 0.298462962963
ASN, 9, 28.139, 0.848326, -79337.007812, 0.210481481481
ASP, 7, 26.914, 0.83371, -80226.320312, 0.207903703704
CYS, 12, 26.960, 0.815066, -80059.531250, 0.307162962963
GLN, 13, 25.945, 0.815704, -79386.359375, 0.290562962963
GLU, 7, 24.879, 0.803107, -80639.109375, 0.207940740741
GLY, 4, 25.548, 0.840752, -80094.703125, 0.230159259259
HIS, 2, 27.874, 0.862728, -79964.750000, 0.336788888889
ILE, 6, 27.271, 0.859153, -79662.718750, 0.278788888889
LEU, 8, 27.201, 0.825811, -80276.031250, 0.349325925926
LYS, 11, 25.719, 0.80328, -80844.625000, 0.242707407407
MET, 4, 26.281, 0.83284, -81028.015625, 0.221622222222
PHE, 10, 26.434, 0.800913, -80344.906250, 0.339081481481
PRO, 6, 24.321, 0.819667, -80688.179688, 0.268974074074
SER, 4, 27.414, 0.819974, -80399.460938, 0.234703703704
THR, 10, 26.227, 0.820343, -80671.031250, 0.375159259259
TRP, 14, 25.232, 0.809749, -80033.640625, 0.314955555556
TYR, 7, 28.671, 0.870889, -81205.640625, 0.270355555556
VAL, 8, 25.075, 0.81872, -79681.007812, 0.221659259259
