AMINO ACID, DSSP, SASA, GYRATE, ENERGY, RMSF
ALA, 6, 25.663, 0.839836, -79637.906250, 0.251659259259
ARG, 8, 28.820, 0.849911, -81083.484375, 0.298462962963
ASN, 8, 27.872, 0.840278, -80053.171875, 0.210481481481
ASP, 6, 26.105, 0.80265, -79491.601562, 0.207903703704
CYS, 6, 28.619, 0.872831, -80308.453125, 0.307162962963
GLN, 8, 27.709, 0.838836, -79952.625000, 0.290562962963
GLU, 6, 27.349, 0.844246, -79684.031250, 0.207940740741
GLY, 8, 28.693, 0.843017, -79870.023438, 0.230159259259
HIS, 4, 29.974, 0.872706, -80896.968750, 0.336788888889
ILE, 6, 27.772, 0.836728, -80468.781250, 0.278788888889
LEU, 12, 24.692, 0.802389, -80217.593750, 0.349325925926
LYS, 7, 27.562, 0.833871, -80503.164062, 0.242707407407
MET, 5, 27.932, 0.834199, -79225.179688, 0.221622222222
PHE, 8, 25.674, 0.815666, -80437.367188, 0.339081481481
PRO, 6, 27.510, 0.850871, -80823.031250, 0.268974074074
SER, 8, 25.946, 0.80719, -80099.843750, 0.234703703704
THR, 8, 27.816, 0.826547, -80649.625000, 0.375159259259
TRP, 8, 28.375, 0.843507, -79503.656250, 0.314955555556
TYR, 9, 27.938, 0.838753, -79853.726562, 0.270355555556
VAL, 10, 25.619, 0.821237, -79546.562500, 0.221659259259
