AMINO ACID, DSSP, SASA, GYRATE, ENERGY, RMSF
ALA, 6, 27.402, 0.852358, -79987.953125, 0.251659259259
ARG, 5, 27.481, 0.859914, -79795.601562, 0.298462962963
ASN, 6, 27.789, 0.842088, -80803.742188, 0.210481481481
ASP, 6, 24.542, 0.795246, -80131.406250, 0.207903703704
CYS, 6, 28.515, 0.840279, -79648.070312, 0.307162962963
GLN, 9, 25.850, 0.818988, -80513.468750, 0.290562962963
GLU, 7, 26.836, 0.828355, -79613.546875, 0.207940740741
GLY, 4, 24.073, 0.837409, -80119.687500, 0.230159259259
HIS, 0, 29.209, 0.887508, -80250.781250, 0.336788888889
ILE, 6, 25.869, 0.800726, -80451.046875, 0.278788888889
LEU, 8, 25.941, 0.821325, -79418.304688, 0.349325925926
LYS, 11, 26.061, 0.815404, -80351.078125, 0.242707407407
MET, 2, 27.683, 0.854584, -80075.281250, 0.221622222222
PHE, 10, 24.955, 0.81393, -80867.304688, 0.339081481481
PRO, 6, 27.244, 0.842414, -80709.554688, 0.268974074074
SER, 9, 26.705, 0.810164, -79839.671875, 0.234703703704
THR, 4, 27.966, 0.839315, -80864.468750, 0.375159259259
TRP, 10, 26.159, 0.824206, -81518.453125, 0.314955555556
TYR, 11, 26.927, 0.846314, -79509.851562, 0.270355555556
VAL, 12, 25.275, 0.810239, -80616.554688, 0.221659259259
