AMINO ACID, DSSP, SASA, GYRATE, ENERGY, RMSF
ALA, 6, 27.340, 0.860406, -80253.656250, 0.251659259259
ARG, 8, 27.518, 0.844526, -80311.093750, 0.298462962963
ASN, 6, 27.646, 0.850506, -79773.398438, 0.210481481481
ASP, 6, 24.934, 0.800764, -79564.250000, 0.207903703704
CYS, 6, 28.053, 0.839941, -80438.757812, 0.307162962963
GLN, 5, 25.876, 0.810336, -80911.218750, 0.290562962963
GLU, 7, 27.001, 0.828272, -79685.390625, 0.207940740741
GLY, 13, 25.374, 0.838518, -79744.320312, 0.230159259259
HIS, 0, 29.691, 0.891755, -80424.085938, 0.336788888889
ILE, 6, 25.632, 0.807696, -80724.406250, 0.278788888889
LEU, 8, 26.576, 0.818447, -80645.804688, 0.349325925926
LYS, 13, 26.029, 0.81469, -81609.757812, 0.242707407407
MET, 0, 28.215, 0.857095, -79469.546875, 0.221622222222
PHE, 8, 25.440, 0.800353, -80307.937500, 0.339081481481
PRO, 6, 27.673, 0.844181, -80500.515625, 0.268974074074
SER, 4, 26.934, 0.816067, -80002.859375, 0.234703703704
THR, 4, 27.840, 0.838536, -79396.757812, 0.375159259259
TRP, 10, 26.176, 0.818394, -79945.289062, 0.314955555556
TYR, 7, 26.880, 0.843202, -80296.625000, 0.270355555556
VAL, 10, 25.402, 0.812003, -80900.671875, 0.221659259259
