AMINO ACID, DSSP, SASA, GYRATE, ENERGY, RMSF
ALA, 6, 28.680, 0.858648, -80592.671875, 0.251659259259
ARG, 8, 26.922, 0.848768, -80228.765625, 0.298462962963
ASN, 8, 28.559, 0.848251, -80152.593750, 0.210481481481
ASP, 4, 25.334, 0.803107, -79709.390625, 0.207903703704
CYS, 10, 28.397, 0.826847, -81341.656250, 0.307162962963
GLN, 9, 25.349, 0.81118, -80240.632812, 0.290562962963
GLU, 9, 26.325, 0.816904, -79655.718750, 0.207940740741
GLY, 6, 25.319, 0.845397, -80933.828125, 0.230159259259
HIS, 2, 29.369, 0.8815, -80662.398438, 0.336788888889
ILE, 6, 26.472, 0.817252, -79438.796875, 0.278788888889
LEU, 8, 25.535, 0.810152, -80207.492188, 0.349325925926
LYS, 13, 26.599, 0.82374, -80524.148438, 0.242707407407
MET, 2, 27.058, 0.859245, -80073.390625, 0.221622222222
PHE, 8, 25.938, 0.809477, -79390.195312, 0.339081481481
PRO, 8, 27.723, 0.843651, -80336.500000, 0.268974074074
SER, 6, 25.668, 0.808451, -80826.148438, 0.234703703704
THR, 8, 28.037, 0.829619, -80467.656250, 0.375159259259
TRP, 10, 26.425, 0.818506, -80475.781250, 0.314955555556
TYR, 10, 27.354, 0.850031, -81405.390625, 0.270355555556
VAL, 10, 26.301, 0.821832, -80447.859375, 0.221659259259
