AMINO ACID, DSSP, SASA, GYRATE, ENERGY, RMSF
ALA, 4, 28.449, 0.863547, -79659.562500, 0.251659259259
ARG, 8, 27.553, 0.847383, -80430.351562, 0.298462962963
ASN, 10, 28.057, 0.836172, -80270.984375, 0.210481481481
ASP, 8, 25.736, 0.819143, -80899.210938, 0.207903703704
CYS, 12, 28.759, 0.834222, -80377.250000, 0.307162962963
GLN, 9, 26.101, 0.807461, -80490.578125, 0.290562962963
GLU, 9, 26.788, 0.818007, -80606.960938, 0.207940740741
GLY, 8, 25.428, 0.835536, -79634.234375, 0.230159259259
HIS, 0, 28.930, 0.868455, -80321.695312, 0.336788888889
ILE, 6, 27.126, 0.83339, -80382.085938, 0.278788888889
LEU, 8, 25.860, 0.806101, -80299.195312, 0.349325925926
LYS, 11, 26.127, 0.820477, -80182.718750, 0.242707407407
MET, 4, 27.894, 0.855383, -80251.218750, 0.221622222222
PHE, 8, 24.730, 0.796514, -80478.671875, 0.339081481481
PRO, 6, 26.196, 0.827766, -80355.281250, 0.268974074074
SER, 7, 26.702, 0.820438, -79728.179688, 0.234703703704
THR, 6, 27.607, 0.842299, -79577.484375, 0.375159259259
TRP, 12, 25.435, 0.822691, -79260.539062, 0.314955555556
TYR, 7, 27.953, 0.851098, -80485.570312, 0.270355555556
VAL, 10, 25.256, 0.814158, -79100.000000, 0.221659259259
