AMINO ACID, DSSP, SASA, GYRATE, ENERGY, RMSF
ALA, 4, 26.907, 0.845701, -80155.898438, 0.251659259259
ARG, 12, 27.943, 0.852657, -80246.671875, 0.298462962963
ASN, 6, 27.062, 0.822417, -80469.546875, 0.210481481481
ASP, 4, 25.905, 0.826194, -80844.531250, 0.207903703704
CYS, 14, 25.928, 0.828435, -79910.765625, 0.307162962963
GLN, 9, 26.128, 0.810735, -79352.937500, 0.290562962963
GLU, 13, 25.775, 0.808072, -80111.226562, 0.207940740741
GLY, 4, 25.917, 0.83952, -80803.304688, 0.230159259259
HIS, 0, 28.044, 0.874632, -80020.695312, 0.336788888889
ILE, 6, 26.245, 0.823795, -80517.906250, 0.278788888889
LEU, 8, 26.527, 0.812191, -80122.765625, 0.349325925926
LYS, 7, 26.142, 0.809113, -81458.179688, 0.242707407407
MET, 2, 27.564, 0.846814, -79731.281250, 0.221622222222
PHE, 10, 26.083, 0.80186, -80902.742188, 0.339081481481
PRO, 4, 26.613, 0.848717, -80236.875000, 0.268974074074
SER, 9, 24.667, 0.804003, -80287.296875, 0.234703703704
THR, 6, 26.897, 0.836662, -81154.250000, 0.375159259259
TRP, 10, 25.948, 0.820355, -80508.078125, 0.314955555556
TYR, 11, 26.813, 0.842738, -80042.929688, 0.270355555556
VAL, 12, 24.549, 0.812923, -80292.875000, 0.221659259259
