AMINO ACID, DSSP, SASA, GYRATE, ENERGY, RMSF
ALA, 10, 26.107, 0.84593, -80713.406250, 0.251659259259
ARG, 8, 27.730, 0.855591, -80272.789062, 0.298462962963
ASN, 9, 25.334, 0.7971, -79988.218750, 0.210481481481
ASP, 6, 26.196, 0.833171, -79953.046875, 0.207903703704
CYS, 12, 25.949, 0.802964, -80152.609375, 0.307162962963
GLN, 11, 25.386, 0.813201, -80042.281250, 0.290562962963
GLU, 11, 26.432, 0.815301, -80459.335938, 0.207940740741
GLY, 4, 26.697, 0.860573, -80318.156250, 0.230159259259
HIS, 2, 29.790, 0.898044, -79890.992188, 0.336788888889
ILE, 4, 25.165, 0.813987, -79921.960938, 0.278788888889
LEU, 9, 26.712, 0.816184, -79817.226562, 0.349325925926
LYS, 11, 25.672, 0.818076, -81149.257812, 0.242707407407
MET, 4, 26.649, 0.859851, -80344.187500, 0.221622222222
PHE, 8, 25.621, 0.804517, -80321.390625, 0.339081481481
PRO, 6, 26.056, 0.813719, -80071.046875, 0.268974074074
SER, 3, 26.710, 0.818348, -80711.750000, 0.234703703704
THR, 8, 25.955, 0.815315, -80167.867188, 0.375159259259
TRP, 12, 25.382, 0.809681, -79880.382812, 0.314955555556
TYR, 9, 28.066, 0.85473, -80467.937500, 0.270355555556
VAL, 10, 24.784, 0.815621, -79808.250000, 0.221659259259
