AMINO ACID, DSSP, SASA, GYRATE, ENERGY, RMSF
ALA, 9, 26.993, 0.848855, -80087.421875, 0.251659259259
ARG, 10, 28.937, 0.853545, -80877.312500, 0.298462962963
ASN, 12, 26.911, 0.812842, -80078.882812, 0.210481481481
ASP, 6, 26.162, 0.823543, -79887.789062, 0.207903703704
CYS, 12, 26.010, 0.810398, -81077.078125, 0.307162962963
GLN, 13, 26.210, 0.809815, -79877.992188, 0.290562962963
GLU, 11, 26.038, 0.817955, -80019.656250, 0.207940740741
GLY, 9, 25.600, 0.838547, -80505.312500, 0.230159259259
HIS, 2, 28.115, 0.899055, -79912.679688, 0.336788888889
ILE, 4, 27.616, 0.827478, -80539.062500, 0.278788888889
LEU, 8, 27.092, 0.812202, -79516.375000, 0.349325925926
LYS, 11, 27.355, 0.822384, -80983.937500, 0.242707407407
MET, 6, 28.003, 0.85962, -80346.585938, 0.221622222222
PHE, 8, 25.288, 0.80514, -80727.914062, 0.339081481481
PRO, 2, 26.241, 0.832948, -80559.156250, 0.268974074074
SER, 6, 25.941, 0.81276, -80574.296875, 0.234703703704
THR, 4, 26.520, 0.827995, -80472.015625, 0.375159259259
TRP, 8, 26.662, 0.822457, -80501.921875, 0.314955555556
TYR, 9, 26.597, 0.863989, -78648.929688, 0.270355555556
VAL, 8, 25.176, 0.816994, -80345.562500, 0.221659259259
