AMINO ACID, DSSP, SASA, GYRATE, ENERGY, RMSF
ALA, 4, 27.560, 0.864961, -80029.515625, 0.251659259259
ARG, 6, 28.246, 0.855341, -81428.015625, 0.298462962963
ASN, 14, 25.541, 0.806843, -80269.296875, 0.210481481481
ASP, 6, 25.349, 0.812783, -80185.406250, 0.207903703704
CYS, 8, 26.495, 0.82385, -79698.085938, 0.307162962963
GLN, 11, 23.669, 0.801239, -81405.804688, 0.290562962963
GLU, 13, 26.737, 0.823511, -80714.843750, 0.207940740741
GLY, 4, 24.135, 0.843973, -79612.554688, 0.230159259259
HIS, 2, 29.401, 0.905927, -80550.640625, 0.336788888889
ILE, 2, 24.771, 0.817392, -80413.281250, 0.278788888889
LEU, 8, 25.993, 0.820655, -80106.140625, 0.349325925926
LYS, 9, 26.068, 0.826962, -80559.132812, 0.242707407407
MET, 4, 28.293, 0.860876, -79793.304688, 0.221622222222
PHE, 8, 25.096, 0.805158, -80460.328125, 0.339081481481
PRO, 7, 26.698, 0.82102, -80506.562500, 0.268974074074
SER, 9, 26.203, 0.811645, -79424.281250, 0.234703703704
THR, 8, 27.610, 0.834966, -80041.632812, 0.375159259259
TRP, 8, 25.917, 0.830445, -78789.015625, 0.314955555556
TYR, 5, 26.916, 0.854853, -80129.476562, 0.270355555556
VAL, 8, 25.745, 0.812169, -79410.015625, 0.221659259259
