AMINO ACID, DSSP, SASA, GYRATE, ENERGY, RMSF
ALA, 8, 27.602, 0.863952, -80232.164062, 0.251659259259
ARG, 6, 26.535, 0.843861, -80643.710938, 0.298462962963
ASN, 9, 27.215, 0.827805, -80684.140625, 0.210481481481
ASP, 4, 27.865, 0.83089, -79762.492188, 0.207903703704
CYS, 8, 24.765, 0.810053, -80159.125000, 0.307162962963
GLN, 9, 24.350, 0.797389, -80117.031250, 0.290562962963
GLU, 9, 25.356, 0.802773, -80349.093750, 0.207940740741
GLY, 8, 25.562, 0.834055, -80784.296875, 0.230159259259
HIS, 2, 28.726, 0.898156, -79950.984375, 0.336788888889
ILE, 6, 25.840, 0.820162, -79955.296875, 0.278788888889
LEU, 8, 25.602, 0.816744, -79645.562500, 0.349325925926
LYS, 10, 25.004, 0.814069, -80588.328125, 0.242707407407
MET, 2, 27.281, 0.853869, -80056.921875, 0.221622222222
PHE, 10, 24.914, 0.808167, -79956.843750, 0.339081481481
PRO, 8, 26.095, 0.835805, -80244.710938, 0.268974074074
SER, 4, 25.094, 0.802859, -81514.281250, 0.234703703704
THR, 11, 26.318, 0.827863, -80538.601562, 0.375159259259
TRP, 8, 27.572, 0.830164, -79959.539062, 0.314955555556
TYR, 7, 27.151, 0.842596, -80791.617188, 0.270355555556
VAL, 8, 25.133, 0.819347, -79795.867188, 0.221659259259
