AMINO ACID, DSSP, SASA, GYRATE, ENERGY, RMSF
ALA, 8, 28.179, 0.85664, -81136.117188, 0.251659259259
ARG, 8, 28.143, 0.832074, -80556.085938, 0.298462962963
ASN, 8, 26.016, 0.818788, -80110.976562, 0.210481481481
ASP, 4, 26.119, 0.829032, -79736.867188, 0.207903703704
CYS, 12, 26.664, 0.826869, -80966.546875, 0.307162962963
GLN, 11, 25.589, 0.799489, -80617.312500, 0.290562962963
GLU, 9, 26.207, 0.821196, -81548.664062, 0.207940740741
GLY, 4, 25.566, 0.843565, -80147.578125, 0.230159259259
HIS, 2, 30.046, 0.896035, -81204.531250, 0.336788888889
ILE, 4, 25.872, 0.826266, -80748.578125, 0.278788888889
LEU, 8, 26.480, 0.833618, -79825.515625, 0.349325925926
LYS, 6, 27.352, 0.836673, -79045.273438, 0.242707407407
MET, 4, 26.278, 0.852713, -80785.937500, 0.221622222222
PHE, 7, 25.680, 0.811084, -79943.000000, 0.339081481481
PRO, 6, 26.282, 0.824293, -81504.273438, 0.268974074074
SER, 7, 26.687, 0.827256, -81024.375000, 0.234703703704
THR, 4, 25.871, 0.815199, -80576.062500, 0.375159259259
TRP, 9, 25.635, 0.824867, -80526.578125, 0.314955555556
TYR, 9, 27.901, 0.860269, -79483.554688, 0.270355555556
VAL, 8, 23.630, 0.82027, -79981.164062, 0.221659259259
