AMINO ACID, DSSP, SASA, GYRATE, ENERGY, RMSF
ALA, 4, 27.871, 0.840097, -80445.351562, 0.251659259259
ARG, 8, 28.699, 0.850457, -80546.421875, 0.298462962963
ASN, 6, 26.504, 0.820405, -79626.093750, 0.210481481481
ASP, 4, 24.886, 0.785707, -80512.250000, 0.207903703704
CYS, 8, 27.410, 0.837682, -80276.625000, 0.307162962963
GLN, 17, 25.154, 0.804404, -80509.210938, 0.290562962963
GLU, 7, 25.306, 0.80649, -79933.867188, 0.207940740741
GLY, 10, 25.560, 0.837076, -80735.031250, 0.230159259259
HIS, 2, 28.331, 0.875175, -80681.789062, 0.336788888889
ILE, 4, 25.932, 0.817251, -78998.648438, 0.278788888889
LEU, 8, 26.290, 0.816425, -81108.875000, 0.349325925926
LYS, 8, 28.078, 0.837464, -80212.500000, 0.242707407407
MET, 8, 26.519, 0.837806, -80320.687500, 0.221622222222
PHE, 8, 26.042, 0.811746, -80337.109375, 0.339081481481
PRO, 6, 27.117, 0.824088, -79725.765625, 0.268974074074
SER, 7, 24.707, 0.804542, -80833.546875, 0.234703703704
THR, 6, 26.509, 0.818288, -80759.304688, 0.375159259259
TRP, 8, 26.676, 0.832856, -80562.992188, 0.314955555556
TYR, 11, 27.035, 0.841639, -80508.953125, 0.270355555556
VAL, 14, 24.588, 0.80917, -80142.296875, 0.221659259259
