AMINO ACID, DSSP, SASA, GYRATE, ENERGY, RMSF
ALA, 6, 28.546, 0.856898, -79594.500000, 0.251659259259
ARG, 6, 28.952, 0.852305, -80856.101562, 0.298462962963
ASN, 12, 26.044, 0.814242, -80240.054688, 0.210481481481
ASP, 4, 26.143, 0.804399, -80016.171875, 0.207903703704
CYS, 8, 28.175, 0.839796, -80712.468750, 0.307162962963
GLN, 5, 26.229, 0.805359, -81186.085938, 0.290562962963
GLU, 11, 27.598, 0.81546, -79643.539062, 0.207940740741
GLY, 10, 26.179, 0.839522, -79692.687500, 0.230159259259
HIS, 4, 28.248, 0.84855, -79753.906250, 0.336788888889
ILE, 2, 27.404, 0.829629, -80464.546875, 0.278788888889
LEU, 8, 26.351, 0.819033, -80869.414062, 0.349325925926
LYS, 12, 28.086, 0.84051, -80146.531250, 0.242707407407
MET, 7, 26.185, 0.831958, -79824.859375, 0.221622222222
PHE, 8, 27.212, 0.810712, -80043.859375, 0.339081481481
PRO, 4, 25.575, 0.810972, -79052.507812, 0.268974074074
SER, 4, 24.516, 0.793263, -79791.093750, 0.234703703704
THR, 4, 27.401, 0.821533, -79934.421875, 0.375159259259
TRP, 4, 26.047, 0.828651, -81256.484375, 0.314955555556
TYR, 11, 27.778, 0.849625, -79780.648438, 0.270355555556
VAL, 10, 25.141, 0.818735, -80572.750000, 0.221659259259
