AMINO ACID, DSSP, SASA, GYRATE, ENERGY, RMSF
ALA, 4, 27.641, 0.861748, -80723.250000, 0.251659259259
ARG, 8, 29.097, 0.863012, -80724.640625, 0.298462962963
ASN, 8, 27.921, 0.842575, -80268.046875, 0.210481481481
ASP, 9, 26.033, 0.818928, -79958.632812, 0.207903703704
CYS, 2, 28.197, 0.851389, -80190.484375, 0.307162962963
GLN, 10, 28.426, 0.845598, -80495.914062, 0.290562962963
GLU, 12, 27.023, 0.846227, -79669.562500, 0.207940740741
GLY, 4, 26.826, 0.836976, -79800.164062, 0.230159259259
HIS, 10, 28.622, 0.873228, -80522.515625, 0.336788888889
ILE, 8, 27.910, 0.850391, -80478.812500, 0.278788888889
LEU, 6, 27.094, 0.822031, -79867.718750, 0.349325925926
LYS, 9, 26.417, 0.82077, -81132.882812, 0.242707407407
MET, 7, 26.201, 0.815036, -80521.390625, 0.221622222222
PHE, 6, 24.154, 0.804664, -79869.921875, 0.339081481481
PRO, 4, 26.851, 0.833314, -80221.476562, 0.268974074074
SER, 6, 24.947, 0.811041, -80555.335938, 0.234703703704
THR, 8, 28.299, 0.840525, -79730.015625, 0.375159259259
TRP, 10, 27.955, 0.845041, -80126.718750, 0.314955555556
TYR, 7, 28.186, 0.867796, -79435.843750, 0.270355555556
VAL, 8, 25.369, 0.831169, -79979.234375, 0.221659259259
