AMINO ACID, DSSP, SASA, GYRATE, ENERGY, RMSF
ALA, 14, 28.250, 0.85644, -80360.140625, 0.251659259259
ARG, 8, 29.075, 0.847692, -80552.320312, 0.298462962963
ASN, 8, 27.000, 0.822471, -80187.554688, 0.210481481481
ASP, 6, 27.128, 0.826359, -80700.171875, 0.207903703704
CYS, 9, 26.561, 0.819223, -80413.671875, 0.307162962963
GLN, 12, 26.133, 0.822196, -80769.226562, 0.290562962963
GLU, 11, 26.274, 0.804228, -80322.179688, 0.207940740741
GLY, 13, 24.196, 0.815121, -80266.281250, 0.230159259259
HIS, 0, 27.499, 0.871666, -80458.156250, 0.336788888889
ILE, 4, 24.339, 0.801703, -80835.851562, 0.278788888889
LEU, 8, 26.418, 0.81343, -81054.945312, 0.349325925926
LYS, 8, 24.669, 0.828838, -80546.890625, 0.242707407407
MET, 4, 26.606, 0.848213, -80848.578125, 0.221622222222
PHE, 6, 24.935, 0.802537, -79656.078125, 0.339081481481
PRO, 8, 25.221, 0.828054, -80218.867188, 0.268974074074
SER, 7, 24.193, 0.80286, -80808.742188, 0.234703703704
THR, 8, 27.122, 0.833389, -80056.125000, 0.375159259259
TRP, 6, 27.551, 0.845381, -79576.531250, 0.314955555556
TYR, 7, 26.544, 0.871415, -79012.234375, 0.270355555556
VAL, 10, 23.504, 0.800854, -81131.359375, 0.221659259259
