AMINO ACID, DSSP, SASA, GYRATE, ENERGY, RMSF
ALA, 12, 28.656, 0.85059, -80138.203125, 0.251659259259
ARG, 8, 29.855, 0.864828, -81411.546875, 0.298462962963
ASN, 8, 28.036, 0.827885, -80030.640625, 0.210481481481
ASP, 8, 27.692, 0.816365, -79799.187500, 0.207903703704
CYS, 8, 28.096, 0.831297, -79896.281250, 0.307162962963
GLN, 14, 25.905, 0.817359, -79534.984375, 0.290562962963
GLU, 9, 26.922, 0.805459, -80003.765625, 0.207940740741
GLY, 9, 25.546, 0.828722, -80491.125000, 0.230159259259
HIS, 2, 26.867, 0.862793, -80764.820312, 0.336788888889
ILE, 4, 25.452, 0.802757, -79965.757812, 0.278788888889
LEU, 8, 25.056, 0.815236, -80026.796875, 0.349325925926
LYS, 8, 25.486, 0.819555, -81091.695312, 0.242707407407
MET, 4, 26.868, 0.847043, -79620.250000, 0.221622222222
PHE, 7, 23.865, 0.797789, -79184.882812, 0.339081481481
PRO, 8, 25.401, 0.828771, -80502.984375, 0.268974074074
SER, 2, 26.075, 0.809033, -80981.460938, 0.234703703704
THR, 6, 25.935, 0.822086, -80101.156250, 0.375159259259
TRP, 6, 27.536, 0.843614, -80718.968750, 0.314955555556
TYR, 7, 27.620, 0.866355, -80241.289062, 0.270355555556
VAL, 12, 24.701, 0.808816, -80576.132812, 0.221659259259
