AMINO ACID, DSSP, SASA, GYRATE, ENERGY, RMSF
ALA, 6, 29.406, 0.867033, -80730.015625, 0.251659259259
ARG, 14, 29.057, 0.86231, -81302.140625, 0.298462962963
ASN, 8, 27.388, 0.825164, -80597.132812, 0.210481481481
ASP, 6, 27.452, 0.823961, -79706.781250, 0.207903703704
CYS, 8, 27.148, 0.827241, -80149.609375, 0.307162962963
GLN, 12, 25.203, 0.807377, -79564.031250, 0.290562962963
GLU, 13, 24.940, 0.792233, -80120.210938, 0.207940740741
GLY, 11, 24.488, 0.821139, -80581.335938, 0.230159259259
HIS, 2, 27.286, 0.867764, -80564.062500, 0.336788888889
ILE, 4, 26.798, 0.805849, -79862.031250, 0.278788888889
LEU, 8, 26.376, 0.805905, -79419.281250, 0.349325925926
LYS, 8, 25.419, 0.825513, -80121.546875, 0.242707407407
MET, 4, 24.915, 0.836233, -79590.937500, 0.221622222222
PHE, 12, 24.538, 0.80189, -79583.156250, 0.339081481481
PRO, 6, 26.169, 0.820205, -81191.062500, 0.268974074074
SER, 7, 25.847, 0.798955, -80113.742188, 0.234703703704
THR, 11, 26.107, 0.801496, -80396.687500, 0.375159259259
TRP, 9, 26.004, 0.810427, -80828.296875, 0.314955555556
TYR, 7, 26.690, 0.865715, -79407.367188, 0.270355555556
VAL, 12, 24.590, 0.806212, -80579.898438, 0.221659259259
