AMINO ACID, DSSP, SASA, GYRATE, ENERGY, RMSF
ALA, 8, 29.230, 0.863972, -79706.679688, 0.251659259259
ARG, 12, 28.407, 0.870007, -80711.476562, 0.298462962963
ASN, 8, 27.051, 0.847039, -80823.039062, 0.210481481481
ASP, 6, 26.208, 0.816072, -79710.335938, 0.207903703704
CYS, 6, 28.071, 0.84302, -80869.328125, 0.307162962963
GLN, 8, 26.185, 0.821454, -80252.328125, 0.290562962963
GLU, 11, 24.800, 0.80384, -80131.500000, 0.207940740741
GLY, 10, 24.506, 0.827967, -80126.601562, 0.230159259259
HIS, 4, 26.629, 0.85628, -80199.296875, 0.336788888889
ILE, 4, 25.684, 0.804542, -79619.046875, 0.278788888889
LEU, 8, 26.000, 0.819786, -79596.218750, 0.349325925926
LYS, 9, 25.774, 0.816412, -81104.468750, 0.242707407407
MET, 6, 25.388, 0.840836, -80118.617188, 0.221622222222
PHE, 7, 25.247, 0.801309, -79824.984375, 0.339081481481
PRO, 6, 24.831, 0.813019, -79898.062500, 0.268974074074
SER, 8, 25.219, 0.805878, -80586.984375, 0.234703703704
THR, 7, 26.285, 0.812222, -81568.085938, 0.375159259259
TRP, 12, 28.055, 0.824121, -79864.718750, 0.314955555556
TYR, 7, 27.694, 0.858171, -80581.765625, 0.270355555556
VAL, 10, 25.486, 0.800654, -80048.968750, 0.221659259259
