AMINO ACID, DSSP, SASA, GYRATE, ENERGY, RMSF
ALA, 6, 27.131, 0.84528, -79862.765625, 0.251659259259
ARG, 10, 27.865, 0.839082, -80390.554688, 0.298462962963
ASN, 4, 26.557, 0.832254, -79669.632812, 0.210481481481
ASP, 7, 25.175, 0.816707, -80217.015625, 0.207903703704
CYS, 8, 28.336, 0.85495, -80271.765625, 0.307162962963
GLN, 10, 28.531, 0.855034, -80813.078125, 0.290562962963
GLU, 12, 28.282, 0.855986, -80037.953125, 0.207940740741
GLY, 8, 27.729, 0.844103, -80225.421875, 0.230159259259
HIS, 6, 28.294, 0.864215, -80386.531250, 0.336788888889
ILE, 6, 28.122, 0.832494, -80167.187500, 0.278788888889
LEU, 8, 26.322, 0.815789, -80167.671875, 0.349325925926
LYS, 4, 28.952, 0.850555, -80341.093750, 0.242707407407
MET, 10, 26.627, 0.81697, -80391.671875, 0.221622222222
PHE, 12, 24.527, 0.809666, -80195.953125, 0.339081481481
PRO, 6, 26.102, 0.820248, -79840.390625, 0.268974074074
SER, 4, 26.293, 0.810221, -80760.906250, 0.234703703704
THR, 6, 27.928, 0.843952, -80200.718750, 0.375159259259
TRP, 8, 29.134, 0.853098, -79965.828125, 0.314955555556
TYR, 6, 27.216, 0.860079, -80522.734375, 0.270355555556
VAL, 10, 26.777, 0.837611, -79597.718750, 0.221659259259
