AMINO ACID, DSSP, SASA, GYRATE, ENERGY, RMSF
ALA, 7, 28.301, 0.846397, -80312.039062, 0.251659259259
ARG, 4, 29.078, 0.86192, -80923.648438, 0.298462962963
ASN, 8, 27.378, 0.844692, -79928.609375, 0.210481481481
ASP, 6, 26.841, 0.838115, -80237.156250, 0.207903703704
CYS, 6, 28.657, 0.857202, -79943.281250, 0.307162962963
GLN, 13, 26.687, 0.819422, -80129.273438, 0.290562962963
GLU, 13, 26.797, 0.813227, -80531.843750, 0.207940740741
GLY, 6, 26.948, 0.820307, -80038.468750, 0.230159259259
HIS, 4, 27.798, 0.853004, -79852.750000, 0.336788888889
ILE, 6, 23.709, 0.789218, -81013.703125, 0.278788888889
LEU, 8, 25.255, 0.827415, -80442.976562, 0.349325925926
LYS, 11, 26.340, 0.821681, -80681.453125, 0.242707407407
MET, 6, 26.302, 0.846597, -81030.632812, 0.221622222222
PHE, 8, 26.145, 0.813268, -79919.164062, 0.339081481481
PRO, 4, 26.023, 0.80871, -81486.679688, 0.268974074074
SER, 4, 25.457, 0.795502, -81077.906250, 0.234703703704
THR, 10, 27.740, 0.82405, -80109.226562, 0.375159259259
TRP, 10, 26.176, 0.813982, -80345.773438, 0.314955555556
TYR, 8, 27.199, 0.845911, -79273.031250, 0.270355555556
VAL, 12, 25.672, 0.806639, -80400.976562, 0.221659259259
