AMINO ACID, DSSP, SASA, GYRATE, ENERGY, RMSF
ALA, 11, 27.717, 0.843553, -81086.343750, 0.251659259259
ARG, 15, 28.404, 0.854169, -80457.445312, 0.298462962963
ASN, 12, 26.136, 0.827607, -80143.062500, 0.210481481481
ASP, 4, 28.193, 0.837243, -79697.656250, 0.207903703704
CYS, 4, 27.111, 0.828971, -80292.312500, 0.307162962963
GLN, 10, 25.331, 0.822298, -80434.546875, 0.290562962963
GLU, 7, 26.061, 0.815803, -80599.390625, 0.207940740741
GLY, 4, 25.357, 0.829609, -80096.867188, 0.230159259259
HIS, 2, 27.208, 0.849326, -79681.148438, 0.336788888889
ILE, 4, 26.506, 0.809113, -80102.484375, 0.278788888889
LEU, 8, 26.437, 0.822486, -80117.398438, 0.349325925926
LYS, 12, 25.835, 0.821104, -79974.789062, 0.242707407407
MET, 4, 27.270, 0.842207, -80607.085938, 0.221622222222
PHE, 5, 26.037, 0.817584, -80669.187500, 0.339081481481
PRO, 4, 25.708, 0.824004, -79879.062500, 0.268974074074
SER, 5, 25.016, 0.786287, -79765.976562, 0.234703703704
THR, 10, 26.690, 0.819097, -80046.468750, 0.375159259259
TRP, 12, 24.872, 0.802518, -80166.640625, 0.314955555556
TYR, 6, 28.697, 0.859424, -79707.335938, 0.270355555556
VAL, 6, 26.058, 0.808468, -79838.539062, 0.221659259259
