AMINO ACID, DSSP, SASA, GYRATE, ENERGY, RMSF
ALA, 9, 28.608, 0.846691, -79674.601562, 0.251659259259
ARG, 10, 27.829, 0.848384, -81779.578125, 0.298462962963
ASN, 8, 27.150, 0.835707, -79938.109375, 0.210481481481
ASP, 2, 29.055, 0.868906, -80402.390625, 0.207903703704
CYS, 6, 27.322, 0.829286, -80544.890625, 0.307162962963
GLN, 12, 27.810, 0.818266, -80335.843750, 0.290562962963
GLU, 13, 26.227, 0.816074, -79187.140625, 0.207940740741
GLY, 4, 24.976, 0.834421, -80235.625000, 0.230159259259
HIS, 4, 27.676, 0.8518, -80064.851562, 0.336788888889
ILE, 4, 26.339, 0.816839, -80237.687500, 0.278788888889
LEU, 8, 27.008, 0.840263, -80096.164062, 0.349325925926
LYS, 9, 28.101, 0.83441, -80563.406250, 0.242707407407
MET, 4, 26.444, 0.851786, -79775.375000, 0.221622222222
PHE, 8, 26.550, 0.811422, -79946.171875, 0.339081481481
PRO, 8, 24.758, 0.824971, -80020.445312, 0.268974074074
SER, 9, 23.484, 0.790598, -81453.796875, 0.234703703704
THR, 9, 25.666, 0.814239, -80281.609375, 0.375159259259
TRP, 12, 25.028, 0.804892, -79342.515625, 0.314955555556
TYR, 11, 28.473, 0.859429, -80247.000000, 0.270355555556
VAL, 8, 25.208, 0.811628, -79728.093750, 0.221659259259
