AMINO ACID, DSSP, SASA, GYRATE, ENERGY, RMSF
ALA, 13, 27.981, 0.836236, -80045.562500, 0.251659259259
ARG, 8, 28.473, 0.860233, -79814.046875, 0.298462962963
ASN, 10, 28.246, 0.846979, -80289.304688, 0.210481481481
ASP, 2, 28.053, 0.839068, -79890.968750, 0.207903703704
CYS, 6, 27.029, 0.833385, -80723.953125, 0.307162962963
GLN, 8, 25.664, 0.818732, -80280.203125, 0.290562962963
GLU, 9, 26.232, 0.814608, -79532.914062, 0.207940740741
GLY, 6, 24.559, 0.836392, -80632.421875, 0.230159259259
HIS, 2, 28.180, 0.88776, -79944.921875, 0.336788888889
ILE, 4, 24.998, 0.81889, -80638.789062, 0.278788888889
LEU, 8, 26.776, 0.814139, -80236.578125, 0.349325925926
LYS, 11, 24.529, 0.809095, -80845.812500, 0.242707407407
MET, 4, 26.927, 0.865795, -80478.125000, 0.221622222222
PHE, 8, 26.015, 0.809095, -80377.101562, 0.339081481481
PRO, 6, 26.378, 0.821835, -80090.406250, 0.268974074074
SER, 6, 24.919, 0.796331, -80863.125000, 0.234703703704
THR, 10, 24.600, 0.80902, -79918.296875, 0.375159259259
TRP, 10, 26.593, 0.815743, -80155.812500, 0.314955555556
TYR, 11, 25.210, 0.819435, -80410.921875, 0.270355555556
VAL, 14, 26.226, 0.812609, -79859.476562, 0.221659259259
