AMINO ACID, DSSP, SASA, GYRATE, ENERGY, RMSF
ALA, 6, 26.711, 0.851001, -80654.687500, 0.251659259259
ARG, 12, 27.927, 0.841577, -80000.210938, 0.298462962963
ASN, 9, 28.093, 0.843011, -80228.453125, 0.210481481481
ASP, 11, 25.469, 0.812521, -80083.859375, 0.207903703704
CYS, 10, 27.238, 0.832138, -80027.546875, 0.307162962963
GLN, 10, 26.736, 0.846274, -79450.710938, 0.290562962963
GLU, 12, 27.229, 0.84868, -80589.945312, 0.207940740741
GLY, 4, 27.287, 0.849165, -80106.132812, 0.230159259259
HIS, 8, 26.929, 0.840373, -80011.976562, 0.336788888889
ILE, 16, 27.355, 0.839467, -80908.250000, 0.278788888889
LEU, 6, 26.506, 0.819186, -80113.289062, 0.349325925926
LYS, 9, 27.263, 0.828838, -80232.804688, 0.242707407407
MET, 10, 27.522, 0.819659, -80694.125000, 0.221622222222
PHE, 11, 25.336, 0.814532, -80349.328125, 0.339081481481
PRO, 9, 26.792, 0.842563, -80745.148438, 0.268974074074
SER, 11, 25.390, 0.797087, -81325.523438, 0.234703703704
THR, 8, 30.003, 0.85598, -79565.656250, 0.375159259259
TRP, 6, 28.198, 0.857803, -79905.125000, 0.314955555556
TYR, 7, 26.980, 0.853864, -79926.835938, 0.270355555556
VAL, 12, 25.606, 0.824804, -79629.312500, 0.221659259259
