AMINO ACID, DSSP, SASA, GYRATE, ENERGY, RMSF
ALA, 11, 28.229, 0.826619, -80153.468750, 0.251659259259
ARG, 8, 29.287, 0.853764, -81065.828125, 0.298462962963
ASN, 6, 29.418, 0.866176, -80187.882812, 0.210481481481
ASP, 2, 26.983, 0.834809, -80335.296875, 0.207903703704
CYS, 6, 27.532, 0.847554, -81070.203125, 0.307162962963
GLN, 10, 24.274, 0.80512, -80621.218750, 0.290562962963
GLU, 9, 26.031, 0.817105, -80309.835938, 0.207940740741
GLY, 4, 25.822, 0.837197, -80269.515625, 0.230159259259
HIS, 0, 29.419, 0.888259, -80089.328125, 0.336788888889
ILE, 4, 25.951, 0.803206, -79762.429688, 0.278788888889
LEU, 8, 26.909, 0.813545, -79857.359375, 0.349325925926
LYS, 9, 27.672, 0.809068, -80933.390625, 0.242707407407
MET, 4, 27.886, 0.856698, -79897.882812, 0.221622222222
PHE, 10, 24.812, 0.806813, -80123.765625, 0.339081481481
PRO, 6, 26.485, 0.832919, -80206.859375, 0.268974074074
SER, 8, 24.899, 0.797985, -81220.875000, 0.234703703704
THR, 10, 27.287, 0.817435, -79734.515625, 0.375159259259
TRP, 12, 26.072, 0.814467, -80195.515625, 0.314955555556
TYR, 7, 27.964, 0.853196, -80378.250000, 0.270355555556
VAL, 10, 24.730, 0.815702, -80458.562500, 0.221659259259
