AMINO ACID, DSSP, SASA, GYRATE, ENERGY, RMSF
ALA, 15, 28.836, 0.838289, -80228.500000, 0.251659259259
ARG, 5, 29.370, 0.865352, -81013.804688, 0.298462962963
ASN, 8, 27.989, 0.862288, -81104.343750, 0.210481481481
ASP, 2, 26.797, 0.821907, -79047.781250, 0.207903703704
CYS, 6, 28.715, 0.853421, -80905.453125, 0.307162962963
GLN, 12, 25.491, 0.809945, -80153.570312, 0.290562962963
GLU, 13, 26.609, 0.817858, -80225.984375, 0.207940740741
GLY, 6, 24.904, 0.839112, -80699.335938, 0.230159259259
HIS, 4, 28.466, 0.881584, -79268.210938, 0.336788888889
ILE, 6, 25.733, 0.811585, -80255.593750, 0.278788888889
LEU, 8, 26.146, 0.819958, -79659.812500, 0.349325925926
LYS, 9, 25.676, 0.818238, -80876.140625, 0.242707407407
MET, 4, 27.866, 0.854499, -79346.968750, 0.221622222222
PHE, 10, 26.837, 0.820736, -80432.890625, 0.339081481481
PRO, 6, 25.421, 0.819421, -80127.328125, 0.268974074074
SER, 5, 25.348, 0.801248, -79861.367188, 0.234703703704
THR, 6, 26.850, 0.814786, -80186.585938, 0.375159259259
TRP, 15, 25.054, 0.794113, -80182.359375, 0.314955555556
TYR, 12, 26.881, 0.841915, -80166.273438, 0.270355555556
VAL, 8, 26.501, 0.818638, -79819.757812, 0.221659259259
