AMINO ACID, DSSP, SASA, GYRATE, ENERGY, RMSF
ALA, 13, 26.869, 0.83445, -80093.679688, 0.251659259259
ARG, 6, 29.615, 0.859775, -81088.710938, 0.298462962963
ASN, 10, 28.376, 0.860444, -81163.195312, 0.210481481481
ASP, 2, 26.000, 0.828033, -79674.859375, 0.207903703704
CYS, 8, 28.559, 0.848539, -79583.593750, 0.307162962963
GLN, 12, 25.233, 0.810795, -80598.062500, 0.290562962963
GLU, 11, 27.584, 0.817862, -80631.437500, 0.207940740741
GLY, 0, 25.274, 0.841161, -80453.906250, 0.230159259259
HIS, 2, 27.766, 0.888993, -80250.304688, 0.336788888889
ILE, 6, 25.033, 0.814332, -80339.281250, 0.278788888889
LEU, 9, 26.262, 0.824377, -79816.562500, 0.349325925926
LYS, 8, 25.535, 0.81719, -80662.539062, 0.242707407407
MET, 4, 26.808, 0.838828, -80403.500000, 0.221622222222
PHE, 10, 26.656, 0.813936, -79603.593750, 0.339081481481
PRO, 7, 25.706, 0.816467, -80311.578125, 0.268974074074
SER, 8, 24.857, 0.797327, -79748.101562, 0.234703703704
THR, 8, 25.266, 0.812309, -80671.828125, 0.375159259259
TRP, 8, 25.009, 0.816019, -80167.085938, 0.314955555556
TYR, 6, 27.142, 0.840018, -80068.562500, 0.270355555556
VAL, 8, 27.023, 0.826515, -80600.093750, 0.221659259259
