AMINO ACID, DSSP, SASA, GYRATE, ENERGY, RMSF
ALA, 11, 28.841, 0.840791, -80193.726562, 0.251659259259
ARG, 5, 29.681, 0.861381, -80193.000000, 0.298462962963
ASN, 8, 27.872, 0.846024, -81695.234375, 0.210481481481
ASP, 4, 26.598, 0.827377, -81112.828125, 0.207903703704
CYS, 6, 27.996, 0.830316, -80326.562500, 0.307162962963
GLN, 14, 24.769, 0.793502, -80779.187500, 0.290562962963
GLU, 11, 25.768, 0.819945, -81025.453125, 0.207940740741
GLY, 4, 23.987, 0.813545, -81765.656250, 0.230159259259
HIS, 6, 27.563, 0.900014, -80561.742188, 0.336788888889
ILE, 4, 26.493, 0.827912, -79212.054688, 0.278788888889
LEU, 8, 25.097, 0.814586, -79894.867188, 0.349325925926
LYS, 8, 25.277, 0.802964, -80444.484375, 0.242707407407
MET, 4, 27.426, 0.85497, -80426.437500, 0.221622222222
PHE, 8, 27.793, 0.825527, -79931.804688, 0.339081481481
PRO, 4, 25.139, 0.838935, -80076.671875, 0.268974074074
SER, 4, 24.531, 0.796862, -80711.164062, 0.234703703704
THR, 6, 27.098, 0.817921, -80582.414062, 0.375159259259
TRP, 6, 24.998, 0.819913, -80610.703125, 0.314955555556
TYR, 5, 27.428, 0.838558, -80338.992188, 0.270355555556
VAL, 8, 23.433, 0.813412, -81031.789062, 0.221659259259
