AMINO ACID, DSSP, SASA, GYRATE, ENERGY, RMSF
ALA, 11, 29.195, 0.848403, -80380.625000, 0.251659259259
ARG, 4, 29.794, 0.855054, -79612.234375, 0.298462962963
ASN, 8, 28.913, 0.864836, -79632.421875, 0.210481481481
ASP, 4, 26.397, 0.810142, -79885.390625, 0.207903703704
CYS, 7, 26.090, 0.810419, -80591.296875, 0.307162962963
GLN, 13, 26.136, 0.822633, -80572.851562, 0.290562962963
GLU, 7, 27.783, 0.819587, -80344.484375, 0.207940740741
GLY, 4, 26.019, 0.842744, -79481.664062, 0.230159259259
HIS, 7, 30.640, 0.899738, -79991.437500, 0.336788888889
ILE, 6, 26.349, 0.812527, -79801.625000, 0.278788888889
LEU, 11, 26.709, 0.82296, -80646.304688, 0.349325925926
LYS, 10, 25.038, 0.807792, -80993.046875, 0.242707407407
MET, 4, 27.667, 0.870961, -80816.156250, 0.221622222222
PHE, 8, 25.961, 0.808212, -79964.562500, 0.339081481481
PRO, 6, 26.440, 0.834087, -80081.914062, 0.268974074074
SER, 4, 24.093, 0.798257, -80653.570312, 0.234703703704
THR, 4, 26.986, 0.826816, -80503.382812, 0.375159259259
TRP, 8, 25.343, 0.813395, -79542.320312, 0.314955555556
TYR, 11, 27.418, 0.84893, -80128.656250, 0.270355555556
VAL, 10, 24.962, 0.799158, -80026.359375, 0.221659259259
