AMINO ACID, DSSP, SASA, GYRATE, ENERGY, RMSF
ALA, 6, 28.217, 0.849317, -79983.593750, 0.251659259259
ARG, 8, 28.974, 0.858002, -80901.195312, 0.298462962963
ASN, 8, 27.462, 0.845518, -80061.625000, 0.210481481481
ASP, 4, 25.318, 0.808617, -81140.015625, 0.207903703704
CYS, 8, 26.019, 0.827558, -80355.953125, 0.307162962963
GLN, 14, 27.598, 0.834787, -80336.960938, 0.290562962963
GLU, 7, 26.194, 0.828272, -79964.984375, 0.207940740741
GLY, 6, 24.356, 0.829603, -80312.617188, 0.230159259259
HIS, 10, 27.944, 0.878597, -80486.296875, 0.336788888889
ILE, 4, 26.949, 0.825994, -80912.984375, 0.278788888889
LEU, 8, 27.149, 0.829939, -80360.164062, 0.349325925926
LYS, 10, 26.149, 0.818132, -80508.054688, 0.242707407407
MET, 4, 27.215, 0.872445, -79831.703125, 0.221622222222
PHE, 10, 26.117, 0.803542, -80278.203125, 0.339081481481
PRO, 6, 26.608, 0.839137, -79786.578125, 0.268974074074
SER, 4, 24.354, 0.790177, -80056.453125, 0.234703703704
THR, 6, 27.019, 0.817731, -80482.453125, 0.375159259259
TRP, 10, 24.088, 0.799772, -79949.898438, 0.314955555556
TYR, 12, 26.684, 0.846406, -80174.468750, 0.270355555556
VAL, 12, 24.226, 0.799271, -80264.039062, 0.221659259259
