AMINO ACID, DSSP, SASA, GYRATE, ENERGY, RMSF
ALA, 8, 27.165, 0.849886, -80200.593750, 0.251659259259
ARG, 10, 28.752, 0.841683, -80439.828125, 0.298462962963
ASN, 7, 29.312, 0.854152, -80322.265625, 0.210481481481
ASP, 4, 26.443, 0.823159, -80609.796875, 0.207903703704
CYS, 8, 25.161, 0.82231, -80769.046875, 0.307162962963
GLN, 6, 25.151, 0.81296, -80916.265625, 0.290562962963
GLU, 13, 25.803, 0.807823, -80484.367188, 0.207940740741
GLY, 4, 24.894, 0.835892, -81410.156250, 0.230159259259
HIS, 12, 30.062, 0.903069, -80787.570312, 0.336788888889
ILE, 6, 25.493, 0.813741, -79385.015625, 0.278788888889
LEU, 8, 26.491, 0.817953, -80727.843750, 0.349325925926
LYS, 11, 27.740, 0.825987, -80261.664062, 0.242707407407
MET, 2, 28.505, 0.856204, -79114.546875, 0.221622222222
PHE, 10, 29.056, 0.837517, -79926.187500, 0.339081481481
PRO, 6, 26.646, 0.819947, -79912.664062, 0.268974074074
SER, 4, 25.190, 0.791605, -79874.703125, 0.234703703704
THR, 4, 25.862, 0.825063, -80167.171875, 0.375159259259
TRP, 9, 25.636, 0.820682, -79785.851562, 0.314955555556
TYR, 11, 27.758, 0.866938, -81156.015625, 0.270355555556
VAL, 8, 25.477, 0.811823, -79391.093750, 0.221659259259
