AMINO ACID, DSSP, SASA, GYRATE, ENERGY, RMSF
ALA, 8, 29.008, 0.846142, -79757.671875, 0.251659259259
ARG, 6, 28.330, 0.850994, -80217.953125, 0.298462962963
ASN, 10, 29.042, 0.869693, -80729.437500, 0.210481481481
ASP, 8, 27.930, 0.84305, -80342.164062, 0.207903703704
CYS, 14, 26.342, 0.825326, -80164.539062, 0.307162962963
GLN, 6, 27.078, 0.833634, -80997.554688, 0.290562962963
GLU, 13, 24.517, 0.805294, -80192.453125, 0.207940740741
GLY, 8, 25.759, 0.838198, -79996.937500, 0.230159259259
HIS, 8, 29.432, 0.930161, -80529.234375, 0.336788888889
ILE, 4, 25.735, 0.816242, -80308.250000, 0.278788888889
LEU, 9, 27.211, 0.82568, -80845.531250, 0.349325925926
LYS, 11, 28.673, 0.833196, -80456.640625, 0.242707407407
MET, 4, 26.669, 0.849021, -79765.664062, 0.221622222222
PHE, 9, 28.757, 0.835081, -79336.070312, 0.339081481481
PRO, 6, 26.212, 0.825273, -80420.562500, 0.268974074074
SER, 6, 24.869, 0.796551, -79629.945312, 0.234703703704
THR, 9, 26.620, 0.818544, -80281.421875, 0.375159259259
TRP, 9, 25.520, 0.81551, -79855.453125, 0.314955555556
TYR, 10, 26.688, 0.875305, -79837.617188, 0.270355555556
VAL, 8, 25.436, 0.821567, -80290.265625, 0.221659259259
