AMINO ACID, DSSP, SASA, GYRATE, ENERGY, RMSF
ALA, 10, 29.331, 0.849218, -80383.000000, 0.251659259259
ARG, 6, 27.946, 0.845712, -80692.726562, 0.298462962963
ASN, 10, 28.496, 0.864585, -80007.093750, 0.210481481481
ASP, 7, 26.957, 0.82446, -79205.750000, 0.207903703704
CYS, 10, 27.498, 0.821305, -80677.593750, 0.307162962963
GLN, 6, 27.513, 0.831279, -80122.593750, 0.290562962963
GLU, 13, 26.725, 0.806793, -79919.937500, 0.207940740741
GLY, 8, 24.274, 0.84194, -79702.703125, 0.230159259259
HIS, 15, 27.816, 0.907113, -79926.757812, 0.336788888889
ILE, 4, 27.130, 0.815027, -79834.851562, 0.278788888889
LEU, 8, 27.022, 0.819642, -80152.539062, 0.349325925926
LYS, 9, 27.258, 0.816692, -81010.195312, 0.242707407407
MET, 2, 25.942, 0.850417, -80136.625000, 0.221622222222
PHE, 8, 26.821, 0.823387, -79370.734375, 0.339081481481
PRO, 6, 24.590, 0.829987, -80400.765625, 0.268974074074
SER, 6, 25.469, 0.803987, -80168.460938, 0.234703703704
THR, 8, 26.455, 0.803896, -80197.710938, 0.375159259259
TRP, 9, 25.046, 0.813634, -79727.406250, 0.314955555556
TYR, 7, 27.331, 0.856901, -79965.406250, 0.270355555556
VAL, 8, 26.317, 0.827532, -80419.085938, 0.221659259259
