AMINO ACID, DSSP, SASA, GYRATE, ENERGY, RMSF
ALA, 14, 27.635, 0.83581, -80751.265625, 0.251659259259
ARG, 6, 29.040, 0.865509, -80915.078125, 0.298462962963
ASN, 8, 27.248, 0.846788, -80525.656250, 0.210481481481
ASP, 4, 26.451, 0.840168, -80222.906250, 0.207903703704
CYS, 8, 25.893, 0.826718, -80015.500000, 0.307162962963
GLN, 4, 27.068, 0.83735, -80081.046875, 0.290562962963
GLU, 7, 25.556, 0.815492, -80267.789062, 0.207940740741
GLY, 4, 26.836, 0.842486, -80240.890625, 0.230159259259
HIS, 15, 30.635, 0.93258, -80222.250000, 0.336788888889
ILE, 4, 25.923, 0.809893, -79795.085938, 0.278788888889
LEU, 9, 27.358, 0.826446, -79341.179688, 0.349325925926
LYS, 7, 26.766, 0.818473, -79374.757812, 0.242707407407
MET, 2, 26.336, 0.854378, -79964.359375, 0.221622222222
PHE, 10, 27.409, 0.834811, -79872.265625, 0.339081481481
PRO, 4, 27.273, 0.856103, -80673.203125, 0.268974074074
SER, 8, 25.885, 0.805288, -79968.890625, 0.234703703704
THR, 4, 26.811, 0.824044, -80570.242188, 0.375159259259
TRP, 9, 25.721, 0.825596, -79461.453125, 0.314955555556
TYR, 7, 27.655, 0.867947, -79585.640625, 0.270355555556
VAL, 10, 25.763, 0.824225, -80136.429688, 0.221659259259
