AMINO ACID, DSSP, SASA, GYRATE, ENERGY, RMSF
ALA, 10, 28.249, 0.845716, -80562.109375, 0.251659259259
ARG, 6, 28.945, 0.851086, -81525.031250, 0.298462962963
ASN, 8, 27.471, 0.849874, -80201.000000, 0.210481481481
ASP, 4, 26.742, 0.832391, -81148.773438, 0.207903703704
CYS, 8, 25.022, 0.822629, -80093.242188, 0.307162962963
GLN, 4, 26.570, 0.839457, -81165.468750, 0.290562962963
GLU, 7, 26.351, 0.813097, -80553.617188, 0.207940740741
GLY, 6, 26.755, 0.837971, -80706.921875, 0.230159259259
HIS, 2, 32.364, 0.938487, -80938.406250, 0.336788888889
ILE, 4, 27.022, 0.817044, -80338.648438, 0.278788888889
LEU, 8, 27.659, 0.848946, -79422.984375, 0.349325925926
LYS, 9, 26.748, 0.821103, -80305.281250, 0.242707407407
MET, 4, 28.242, 0.863191, -80549.976562, 0.221622222222
PHE, 10, 27.245, 0.829079, -80062.000000, 0.339081481481
PRO, 6, 26.627, 0.844144, -80507.187500, 0.268974074074
SER, 4, 25.418, 0.794159, -80141.562500, 0.234703703704
THR, 4, 26.805, 0.820318, -80274.468750, 0.375159259259
TRP, 7, 27.241, 0.834372, -80225.937500, 0.314955555556
TYR, 8, 27.016, 0.860483, -80255.242188, 0.270355555556
VAL, 6, 27.401, 0.83266, -80532.835938, 0.221659259259
