AMINO ACID, DSSP, SASA, GYRATE, ENERGY, RMSF
ALA, 10, 26.674, 0.844453, -78953.562500, 0.251659259259
ARG, 8, 29.201, 0.858326, -80743.406250, 0.298462962963
ASN, 6, 26.226, 0.845445, -81064.421875, 0.210481481481
ASP, 6, 25.763, 0.820529, -80498.343750, 0.207903703704
CYS, 6, 26.212, 0.83358, -79996.726562, 0.307162962963
GLN, 11, 27.790, 0.853865, -80531.781250, 0.290562962963
GLU, 9, 25.576, 0.808838, -80445.859375, 0.207940740741
GLY, 2, 27.072, 0.847459, -79706.468750, 0.230159259259
HIS, 15, 30.189, 0.916587, -80348.273438, 0.336788888889
ILE, 2, 25.659, 0.801744, -80092.875000, 0.278788888889
LEU, 8, 28.142, 0.850087, -79975.085938, 0.349325925926
LYS, 9, 26.594, 0.820843, -80190.187500, 0.242707407407
MET, 2, 27.220, 0.84822, -79921.750000, 0.221622222222
PHE, 6, 28.475, 0.845799, -80199.546875, 0.339081481481
PRO, 6, 26.095, 0.829208, -80045.007812, 0.268974074074
SER, 2, 24.626, 0.799561, -80152.835938, 0.234703703704
THR, 4, 28.231, 0.828672, -79845.171875, 0.375159259259
TRP, 7, 26.108, 0.834213, -79733.914062, 0.314955555556
TYR, 8, 27.344, 0.861647, -79857.390625, 0.270355555556
VAL, 10, 26.835, 0.828578, -79850.484375, 0.221659259259
