AMINO ACID, DSSP, SASA, GYRATE, ENERGY, RMSF
ALA, 8, 27.800, 0.841975, -80887.421875, 0.251659259259
ARG, 8, 28.311, 0.853361, -81184.656250, 0.298462962963
ASN, 8, 27.008, 0.843519, -80289.351562, 0.210481481481
ASP, 6, 27.342, 0.834927, -79748.453125, 0.207903703704
CYS, 11, 26.128, 0.81721, -80521.109375, 0.307162962963
GLN, 6, 28.216, 0.837231, -79541.328125, 0.290562962963
GLU, 7, 26.421, 0.818304, -79053.875000, 0.207940740741
GLY, 4, 25.541, 0.838985, -80534.875000, 0.230159259259
HIS, 6, 30.203, 0.929737, -80920.656250, 0.336788888889
ILE, 4, 25.272, 0.816, -79926.734375, 0.278788888889
LEU, 8, 27.731, 0.849322, -79371.101562, 0.349325925926
LYS, 9, 26.527, 0.818961, -80442.812500, 0.242707407407
MET, 4, 26.613, 0.843412, -79573.015625, 0.221622222222
PHE, 8, 28.362, 0.842466, -80271.859375, 0.339081481481
PRO, 4, 25.798, 0.843715, -79904.015625, 0.268974074074
SER, 4, 25.313, 0.807944, -80192.179688, 0.234703703704
THR, 7, 24.828, 0.803793, -80942.171875, 0.375159259259
TRP, 6, 24.944, 0.805306, -80299.625000, 0.314955555556
TYR, 11, 27.820, 0.857357, -80950.929688, 0.270355555556
VAL, 4, 29.046, 0.865174, -80108.070312, 0.221659259259
