AMINO ACID, DSSP, SASA, GYRATE, ENERGY, RMSF
ALA, 8, 28.605, 0.850551, -80100.250000, 0.251659259259
ARG, 5, 30.116, 0.870531, -81071.875000, 0.298462962963
ASN, 6, 28.501, 0.862642, -79585.375000, 0.210481481481
ASP, 6, 26.178, 0.825727, -79847.828125, 0.207903703704
CYS, 9, 27.453, 0.826795, -80487.320312, 0.307162962963
GLN, 9, 25.996, 0.814948, -80249.687500, 0.290562962963
GLU, 10, 26.649, 0.816043, -79037.593750, 0.207940740741
GLY, 6, 26.050, 0.837264, -80690.265625, 0.230159259259
HIS, 12, 30.667, 0.931507, -79553.468750, 0.336788888889
ILE, 4, 26.466, 0.807473, -81025.421875, 0.278788888889
LEU, 8, 26.447, 0.801803, -80226.421875, 0.349325925926
LYS, 12, 26.001, 0.819002, -80588.484375, 0.242707407407
MET, 4, 27.748, 0.849054, -80738.546875, 0.221622222222
PHE, 8, 25.413, 0.807436, -79893.796875, 0.339081481481
PRO, 6, 25.555, 0.828814, -80380.109375, 0.268974074074
SER, 4, 25.889, 0.801657, -80540.140625, 0.234703703704
THR, 9, 24.997, 0.80412, -80845.578125, 0.375159259259
TRP, 10, 27.148, 0.831207, -79984.218750, 0.314955555556
TYR, 9, 25.179, 0.847052, -79586.593750, 0.270355555556
VAL, 4, 28.806, 0.852589, -80035.234375, 0.221659259259
